ST_CASE,VEH_NO,PER_NO,YEAR,P1,P2,P3,P4,P5,P6,P7,P8,P9,P10
10878,1,1,1995,0,0,0,0,0,0,0,0,0,0
10879,0,1,1995,0,0,0,0,0,0,0,0,0,0
10879,1,1,1995,0,0,0,0,0,0,0,0,0,0
10880,1,1,1995,0,0,0,0,0,0,0,0,0,0
10880,2,1,1995,0,0,0,0,0,0,0,0,0,0
10881,1,1,1995,0,0,0,0,0,0,0,0,0,0
10881,2,1,1995,0,0,0,0,0,0,0,0,0,0
10882,0,1,1995,0,0,0,31,0,0,0,0,0,0
10882,1,1,1995,0,0,0,0,0,0,0,0,0,0
10883,1,1,1995,0,0,0,0,0,0,0,0,0,0
10883,2,1,1995,0,0,0,0,0,0,0,0,0,0
10884,1,1,1995,0,0,0,0,0,0,0,0,0,0
10884,2,1,1995,0,0,0,0,0,0,0,0,0,11
10885,1,1,1995,0,0,0,0,0,0,0,0,0,0
10885,2,1,1995,0,0,0,0,0,0,0,0,0,0
10886,1,1,1995,12,14,21,7,25,22,26,19,7,20
10887,1,1,1995,0,18,0,0,0,0,0,0,0,0
10887,2,1,1995,0,0,0,0,0,0,0,0,0,0
10888,1,1,1995,18,21,0,0,6,13,15,10,10,43
10889,1,1,1995,0,0,0,0,0,0,0,0,0,0
10889,2,1,1995,0,0,0,0,0,0,0,0,0,0
10890,1,1,1995,0,0,0,0,0,0,0,0,0,0
10890,2,1,1995,0,0,0,0,0,0,0,0,0,0
10891,1,1,1995,25,0,0,0,0,13,0,0,0,0
10892,1,1,1995,0,0,0,0,0,0,0,0,9,0
10893,1,1,1995,0,24,0,0,0,0,0,13,0,0
10894,1,1,1995,0,0,0,0,0,0,0,0,0,0
10895,1,1,1995,22,22,22,22,22,22,22,22,22,22
10895,2,1,1995,10,10,10,10,10,10,10,10,10,10
10896,1,1,1995,0,0,0,0,0,0,0,0,0,0
10896,2,1,1995,0,0,0,0,0,0,0,0,0,0
10897,0,1,1995,0,0,32,0,0,0,0,6,0,12
10897,1,1,1995,0,0,0,0,0,0,0,8,0,0
10898,1,1,1995,0,0,0,0,0,0,0,0,0,0
10898,2,1,1995,5,5,5,5,5,5,5,5,5,5
10899,1,1,1995,26,25,23,23,16,0,12,43,22,29
10900,1,1,1995,0,0,0,0,0,0,0,0,0,0
10901,1,1,1995,0,0,0,0,0,0,0,0,0,25
10902,0,1,1995,33,0,0,0,29,0,0,0,0,0
10902,1,1,1995,0,0,0,0,0,0,0,0,0,0
10903,1,1,1995,0,0,0,0,0,0,0,0,0,0
10903,2,1,1995,0,0,0,0,0,0,0,0,10,0
10904,0,1,1995,0,0,0,0,0,0,0,0,0,0
10904,1,1,1995,0,0,0,0,0,0,0,0,0,0
10905,1,1,1995,31,31,31,31,31,31,31,31,31,31
10906,1,1,1995,0,0,19,0,0,0,0,0,0,0
10907,1,1,1995,0,0,0,0,0,0,0,0,0,0
10907,2,1,1995,37,37,37,37,37,37,37,37,37,37
10908,1,1,1995,0,0,0,0,0,0,0,0,0,0
10909,1,1,1995,0,0,0,0,0,0,0,0,0,0
10909,2,1,1995,0,0,0,0,0,0,0,0,0,0
10910,1,1,1995,23,23,23,23,23,23,23,23,23,23
10911,1,1,1995,0,0,0,0,0,0,0,0,8,0
10911,2,1,1995,0,0,0,0,0,0,0,0,0,0
10912,1,1,1995,0,0,0,0,0,0,0,0,0,0
10913,1,1,1995,0,0,0,0,0,0,0,0,0,0
10913,2,1,1995,0,0,0,0,0,0,0,0,0,0
10914,1,1,1995,0,0,0,0,0,0,0,0,0,0
10914,2,1,1995,3,0,0,0,0,0,0,0,0,0
10915,1,1,1995,0,0,0,0,0,0,0,17,0,0
10915,2,1,1995,35,35,35,35,35,35,35,35,35,35
10916,1,1,1995,24,24,4,22,10,13,22,15,26,15
10917,1,1,1995,0,0,0,0,0,0,0,0,0,27
10917,2,1,1995,0,0,0,0,0,0,0,0,0,0
10918,1,1,1995,0,0,15,0,0,13,7,0,0,0
10919,1,1,1995,0,13,0,0,0,0,0,21,28,0
10920,1,1,1995,17,12,22,17,21,14,26,29,18,16
10921,1,1,1995,0,0,0,0,0,0,0,0,0,0
10921,2,1,1995,0,0,0,0,0,0,0,0,0,0
10922,1,1,1995,0,0,0,0,0,0,0,0,0,0
10922,2,1,1995,0,0,0,0,0,0,0,0,0,0
10923,1,1,1995,0,0,0,0,0,0,0,0,0,0
10923,2,1,1995,0,16,0,0,0,0,0,0,0,0
10924,1,1,1995,0,11,0,0,0,0,0,0,0,0
10925,1,1,1995,0,0,0,0,0,0,0,0,0,0
10925,2,1,1995,0,0,0,0,0,0,0,0,0,0
10927,1,1,1995,16,26,0,10,0,14,21,18,15,0
10928,0,1,1995,0,0,0,0,0,0,0,0,0,0
10928,1,1,1995,0,0,0,0,0,0,0,0,10,0
10929,1,1,1995,0,0,0,0,0,20,0,0,0,0
10929,2,1,1995,0,0,0,0,0,0,0,0,0,0
10930,1,1,1995,0,0,0,0,0,0,0,0,0,0
10930,2,1,1995,0,0,0,0,0,0,0,0,0,0
10930,3,1,1995,0,0,20,0,0,0,0,0,0,0
10931,1,1,1995,13,7,14,17,7,11,22,10,10,22
10931,2,1,1995,0,0,0,0,0,0,0,0,0,0
10932,1,1,1995,0,12,0,5,0,0,20,0,0,0
10933,0,1,1995,17,17,17,17,17,17,17,17,17,17
10933,1,1,1995,0,0,14,16,0,16,15,0,23,9
10934,1,1,1995,18,18,18,18,18,18,18,18,18,18
10935,1,1,1995,0,0,0,0,0,0,0,0,0,0
10935,2,1,1995,0,0,0,0,0,0,0,0,0,0
10936,1,1,1995,0,0,0,0,0,0,0,0,0,0
10936,2,1,1995,0,0,16,23,5,25,0,0,0,0
10937,1,1,1995,0,0,0,0,0,0,0,0,0,0
10937,2,1,1995,16,16,24,12,9,21,28,21,0,38
10938,0,1,1995,0,0,0,0,0,0,0,7,12,0
10938,1,1,1995,12,13,0,37,0,0,4,0,0,28
10939,1,1,1995,0,0,0,0,0,0,0,0,0,0
10939,2,1,1995,0,0,0,0,0,0,0,0,0,0
10940,1,1,1995,22,13,32,14,18,36,27,32,37,15
10941,1,1,1995,10,0,0,0,0,0,0,0,0,3
10942,1,1,1995,0,0,0,0,0,0,0,0,0,0
10942,2,1,1995,0,0,0,0,0,0,0,0,0,0
10943,1,1,1995,0,0,0,0,0,0,0,0,0,0
10943,2,1,1995,0,0,0,0,0,0,0,0,0,0
10944,1,1,1995,34,34,34,34,34,34,34,34,34,34
10945,1,1,1995,0,0,0,0,0,0,0,0,0,0
10945,2,1,1995,0,0,0,0,0,0,0,0,0,0
10946,1,1,1995,0,0,0,0,0,13,0,0,0,0
10947,1,1,1995,0,0,0,0,0,0,0,21,0,0
10947,2,1,1995,0,0,0,0,0,0,0,0,0,0
10948,1,1,1995,19,19,19,19,19,19,19,19,19,19
10949,1,1,1995,0,0,0,0,0,0,24,0,18,0
10949,2,1,1995,0,0,0,0,0,0,0,0,0,0
10949,3,1,1995,0,0,0,0,0,0,0,0,0,0
10950,1,1,1995,11,0,9,0,0,0,0,5,21,0
10951,1,1,1995,27,9,21,19,28,34,22,29,33,26
10952,1,1,1995,14,15,0,13,20,13,0,22,0,12
10953,1,1,1995,0,15,8,0,7,0,0,5,0,0
10953,2,1,1995,0,0,0,0,0,0,7,0,0,0
10953,3,1,1995,0,0,0,0,0,0,0,0,0,0
10953,4,1,1995,0,0,0,0,0,0,0,0,0,0
10953,5,1,1995,0,0,0,0,0,0,0,0,0,0
10953,6,1,1995,0,0,0,0,0,0,0,0,0,0
10953,7,1,1995,0,0,0,0,0,0,0,0,0,0
10953,8,1,1995,0,0,0,0,0,0,0,0,0,0
10954,1,1,1995,13,18,15,28,18,28,15,13,35,20
10955,0,1,1995,0,0,0,0,0,0,0,0,0,0
10955,1,1,1995,14,0,0,0,22,0,0,25,0,11
10956,0,1,1995,0,0,0,23,0,0,0,0,0,0
10956,1,1,1995,0,0,0,0,0,0,0,0,0,0
10957,1,1,1995,0,0,0,0,0,0,0,0,0,0
10957,2,1,1995,0,0,0,0,19,0,14,0,0,0
10958,1,1,1995,0,0,0,0,0,0,0,0,0,0
10959,1,1,1995,0,0,0,0,0,0,0,0,0,0
10959,2,1,1995,0,0,0,0,0,0,0,0,0,0
10960,1,1,1995,0,0,0,0,6,0,0,6,0,0
10960,2,1,1995,0,0,0,0,0,0,0,0,0,0
10961,1,1,1995,0,0,0,0,0,0,0,0,0,0
10962,1,1,1995,0,30,0,24,33,0,21,15,34,23
10963,1,1,1995,0,0,0,20,0,0,0,0,0,0
10964,1,1,1995,20,21,13,11,9,11,11,14,0,11
10964,2,1,1995,0,0,0,0,0,0,0,0,0,0
10965,1,1,1995,0,0,0,0,0,0,0,0,0,0
10965,2,1,1995,0,0,0,0,0,0,0,0,0,0
10966,1,1,1995,0,0,0,0,0,0,0,0,0,0
10967,1,1,1995,24,24,24,24,24,24,24,24,24,24
10968,1,1,1995,0,21,0,0,8,10,9,8,12,10
10969,1,1,1995,0,0,0,0,0,0,0,0,0,0
10970,1,1,1995,0,0,0,0,0,0,0,0,0,0
10970,2,1,1995,0,0,0,0,0,0,0,0,0,0
10971,1,1,1995,0,0,0,10,0,0,0,0,0,0
10971,2,1,1995,0,0,0,0,0,0,0,0,0,0
10972,0,1,1995,27,27,27,27,27,27,27,27,27,27
10972,1,1,1995,0,0,0,0,0,0,0,0,0,0
10973,1,1,1995,12,8,17,15,6,8,17,7,19,14
10973,2,1,1995,17,0,0,0,0,0,0,0,0,0
10974,1,1,1995,0,0,0,7,0,0,0,0,19,0
10975,1,1,1995,0,0,0,0,0,0,0,0,0,0
10975,2,1,1995,0,0,0,0,0,0,0,0,0,0
10976,1,1,1995,0,0,0,0,16,0,0,0,0,0
10976,2,1,1995,11,0,0,13,0,7,14,0,0,0
10977,1,1,1995,0,0,0,0,0,0,0,0,0,0
10977,2,1,1995,0,0,0,0,0,0,0,0,0,0
10978,1,1,1995,0,0,0,0,0,0,0,0,0,0
10978,2,1,1995,0,0,0,0,0,0,0,0,0,0
10979,1,1,1995,0,17,35,9,18,14,18,22,22,11
10980,1,1,1995,24,24,24,24,24,24,24,24,24,24
10981,1,1,1995,0,0,0,0,0,0,0,0,0,0
10981,2,1,1995,11,0,0,0,0,0,0,0,0,0
10982,1,1,1995,0,0,0,0,0,0,15,0,0,0
10983,0,1,1995,0,0,0,0,0,0,0,0,0,0
10983,1,1,1995,0,0,0,0,0,0,0,0,0,0
10984,1,1,1995,0,0,0,0,0,0,11,0,0,0
10984,2,1,1995,0,0,0,0,0,0,0,0,0,0
10985,1,1,1995,13,13,13,13,13,13,13,13,13,13
10986,1,1,1995,0,0,0,0,0,0,0,0,0,0
10986,2,1,1995,0,0,0,0,0,0,0,0,0,0
10987,1,1,1995,11,11,11,11,11,11,11,11,11,11
10988,1,1,1995,0,0,0,0,0,0,0,0,0,0
10988,2,1,1995,0,0,0,0,0,0,0,0,0,0
10989,1,1,1995,0,0,0,12,0,28,0,0,0,0
10989,2,1,1995,0,0,0,0,0,0,0,0,0,0
10990,1,1,1995,13,5,8,17,25,0,0,0,4,0
10991,1,1,1995,0,17,0,0,22,15,28,0,0,0
10992,1,1,1995,0,0,0,0,0,0,0,0,0,0
10993,1,1,1995,15,15,15,15,15,15,15,15,15,15
10994,1,1,1995,28,28,28,28,28,28,28,28,28,28
10994,2,1,1995,0,8,0,0,0,0,0,0,0,0
10994,3,1,1995,0,0,0,0,0,5,0,0,0,0
10994,4,1,1995,0,0,0,0,0,0,0,0,0,0
10995,1,1,1995,22,6,17,23,14,19,13,9,22,4
10996,0,1,1995,0,0,0,0,0,0,0,0,0,0
10996,1,1,1995,18,11,0,9,0,0,0,14,0,32
10996,2,1,1995,0,20,0,0,0,0,0,0,0,0
10997,1,1,1995,7,0,0,0,0,0,0,20,0,14
10998,0,1,1995,0,0,37,0,15,15,26,25,29,19
10998,1,1,1995,18,20,17,0,0,0,0,18,0,0
10999,1,1,1995,0,0,0,0,0,0,0,0,0,0
10999,2,1,1995,0,0,0,0,0,0,0,0,0,0
11000,0,1,1995,10,0,9,0,0,19,13,12,18,22
11000,1,1,1995,0,0,0,0,15,0,0,15,19,0
11001,1,1,1995,0,0,0,0,0,0,0,0,0,9
11001,2,1,1995,0,0,32,0,0,0,0,0,0,0
11002,1,1,1995,0,15,19,16,24,21,30,25,20,18
20001,1,1,1995,17,17,17,17,17,17,17,17,17,17
20001,2,1,1995,0,0,0,0,0,5,0,17,0,0
20002,1,1,1995,15,15,15,15,15,15,15,15,15,15
20002,2,1,1995,0,0,0,0,0,0,0,0,0,0
20003,1,1,1995,0,0,0,0,0,0,0,0,0,0
20003,2,1,1995,0,0,0,0,0,0,0,0,0,0
20004,0,1,1995,29,5,0,19,9,17,0,0,0,0
20004,1,1,1995,18,18,18,18,18,18,18,18,18,18
20005,1,1,1995,30,30,30,30,30,30,30,30,30,30
20006,1,1,1995,10,10,10,10,10,10,10,10,10,10
20007,1,1,1995,21,21,21,21,21,21,21,21,21,21
20007,2,1,1995,0,0,0,0,0,0,0,0,0,0
20008,0,1,1995,0,0,0,0,0,0,0,0,0,0
20008,1,1,1995,0,0,0,0,0,0,0,0,0,0
20009,1,1,1995,0,0,0,0,0,0,0,0,0,0
20010,1,1,1995,30,30,30,30,30,30,30,30,30,30
20011,1,1,1995,22,22,22,22,22,22,22,22,22,22
20011,2,1,1995,0,0,0,0,0,0,0,0,0,0
20012,1,1,1995,0,0,0,0,0,0,0,0,0,0
20012,2,1,1995,0,0,0,0,0,0,0,0,0,0
20013,1,1,1995,0,0,0,0,0,0,0,0,0,0
20014,1,1,1995,21,21,21,21,21,21,21,21,21,21
20014,2,1,1995,0,0,0,0,0,0,0,0,0,0
20015,1,1,1995,0,0,0,0,0,0,0,0,0,0
20016,1,1,1995,23,23,23,23,23,23,23,23,23,23
20017,1,1,1995,0,0,7,0,0,0,0,0,0,0
20018,0,1,1995,0,0,14,0,0,0,0,0,0,28
20019,1,1,1995,0,12,16,15,32,0,0,0,0,23
20019,2,1,1995,0,5,25,0,12,0,0,17,6,0
20020,1,1,1995,12,12,12,12,12,12,12,12,12,12
20021,1,1,1995,0,0,0,0,0,0,0,0,0,0
20021,2,1,1995,0,0,0,0,0,0,0,0,0,0
20021,3,1,1995,0,0,0,0,0,0,0,0,0,0
20021,4,1,1995,0,0,0,0,0,0,0,0,0,0
20022,1,1,1995,27,27,27,27,27,27,27,27,27,27
20023,1,1,1995,0,0,0,0,0,0,0,0,0,0
20023,2,1,1995,0,0,20,21,11,0,0,0,24,0
20024,1,1,1995,0,0,0,0,0,0,0,0,0,0
20025,1,1,1995,9,6,20,12,18,10,26,9,33,0
20025,2,1,1995,0,0,0,0,0,0,0,0,0,0
20026,1,1,1995,0,0,0,0,0,0,0,0,0,0
20027,1,1,1995,0,0,0,0,0,0,0,0,0,0
20027,2,1,1995,0,17,0,0,0,0,0,9,0,0
20028,1,1,1995,26,26,26,26,26,26,26,26,26,26
20029,1,1,1995,0,0,0,0,0,0,0,0,0,0
20030,1,1,1995,4,4,4,4,4,4,4,4,4,4
20031,1,1,1995,25,21,18,14,0,30,8,18,22,4
20032,1,1,1995,16,20,32,36,20,18,0,0,10,34
20033,1,1,1995,23,0,0,0,0,0,0,0,0,0
20034,1,1,1995,0,0,0,0,0,0,0,0,0,0
20034,2,1,1995,0,0,0,0,0,0,0,0,0,0
20035,1,1,1995,6,6,6,6,6,6,6,6,6,6
20036,1,1,1995,19,11,16,35,7,24,14,30,26,17
20038,1,1,1995,0,0,0,0,0,0,0,0,0,0
20039,1,1,1995,0,0,0,0,0,0,0,0,12,0
20040,1,1,1995,0,0,0,0,0,0,0,0,0,12
20040,2,1,1995,0,0,8,0,0,0,0,0,0,0
20041,1,1,1995,30,30,30,30,30,30,30,30,30,30
20042,1,1,1995,15,15,15,15,15,15,15,15,15,15
20043,1,1,1995,0,0,0,0,0,0,0,0,0,0
20044,1,1,1995,0,0,0,0,0,0,0,0,0,0
20044,2,1,1995,0,0,0,0,0,0,0,0,0,0
20045,1,1,1995,13,13,13,13,13,13,13,13,13,13
20046,1,1,1995,15,15,15,15,15,15,15,15,15,15
20047,1,1,1995,26,21,26,24,15,20,16,14,19,22
20047,2,1,1995,0,0,0,0,0,0,0,0,0,0
20047,3,1,1995,15,24,0,8,0,0,0,0,9,20
20048,1,1,1995,29,29,29,29,29,29,29,29,29,29
20048,2,1,1995,0,0,0,0,0,0,0,0,0,0
20049,1,1,1995,0,0,0,0,0,0,0,0,0,0
20050,1,1,1995,17,0,10,11,30,9,20,9,12,15
20051,1,1,1995,0,0,0,0,0,0,0,0,0,0
20051,2,1,1995,0,0,0,0,0,0,0,0,0,0
20052,0,1,1995,0,0,0,0,19,25,0,0,0,0
20052,1,1,1995,0,0,0,0,0,0,0,0,0,0
20053,1,1,1995,0,0,0,0,0,0,0,0,0,0
20053,2,1,1995,24,24,24,24,24,24,24,24,24,24
20053,3,1,1995,14,0,0,0,16,0,0,0,0,0
20054,1,1,1995,0,0,0,0,0,0,0,0,0,0
20055,1,1,1995,13,13,13,13,13,13,13,13,13,13
20056,1,1,1995,0,0,0,0,0,0,0,0,0,0
20056,2,1,1995,0,0,0,0,0,0,0,0,0,0
20057,1,1,1995,0,0,0,0,0,0,0,0,0,0
20058,1,1,1995,20,0,0,0,0,5,0,0,0,0
20060,1,1,1995,0,0,0,0,0,0,13,0,0,0
20062,1,1,1995,0,0,0,0,25,0,0,0,0,6
20063,0,1,1995,21,21,21,21,21,21,21,21,21,21
20063,1,1,1995,3,3,3,3,3,3,3,3,3,3
20064,1,1,1995,0,0,0,0,0,0,0,0,0,0
20064,2,1,1995,0,0,0,0,0,0,0,0,0,0
20065,1,1,1995,0,0,0,0,0,0,0,0,0,0
20065,2,1,1995,2,2,2,2,2,2,2,2,2,2
20066,1,1,1995,0,0,0,0,0,14,0,21,0,31
20067,1,1,1995,13,13,13,13,13,13,13,13,13,13
20067,2,1,1995,0,0,0,0,0,0,0,0,0,0
20068,1,1,1995,0,0,0,0,0,0,0,0,0,0
20068,2,1,1995,0,17,0,0,9,6,0,0,0,0
20070,1,1,1995,20,20,20,20,20,20,20,20,20,20
20071,0,1,1995,0,0,0,0,0,0,0,0,0,0
20071,1,1,1995,0,0,0,0,0,0,0,0,0,0
20072,1,1,1995,0,0,0,0,0,0,13,6,0,0
20073,1,1,1995,4,4,4,4,4,4,4,4,4,4
20073,2,1,1995,0,0,0,0,26,0,0,0,0,0
20073,3,1,1995,0,0,0,0,0,0,0,0,0,0
20074,1,1,1995,21,21,21,21,21,21,21,21,21,21
20074,2,1,1995,1,1,1,1,1,1,1,1,1,1
20075,1,1,1995,27,27,27,27,27,27,27,27,27,27
20076,1,1,1995,3,3,3,3,3,3,3,3,3,3
20077,1,1,1995,0,0,0,0,0,0,0,0,0,0
20077,2,1,1995,0,0,0,0,0,0,0,0,0,0
20077,3,1,1995,0,0,0,0,0,0,0,0,0,0
20077,4,1,1995,0,0,0,0,0,0,0,0,0,0
20078,1,1,1995,13,16,6,13,15,18,12,34,28,8
20079,0,1,1995,24,24,24,24,24,24,24,24,24,24
20079,1,1,1995,4,4,4,4,4,4,4,4,4,4
40001,1,1,1995,0,0,0,0,0,0,0,0,0,0
40001,2,1,1995,0,0,0,0,0,0,2,0,0,0
40001,3,1,1995,0,2,1,0,0,11,0,2,0,47
40001,4,1,1995,0,0,0,0,0,0,0,0,0,0
40001,5,1,1995,0,0,0,0,0,0,0,0,0,0
40001,6,1,1995,7,0,20,4,0,0,0,0,0,0
40001,7,1,1995,0,0,13,0,0,0,0,0,0,0
40001,8,1,1995,0,0,0,0,0,0,0,0,0,0
40001,9,1,1995,0,0,0,0,0,0,0,0,0,0
40001,10,1,1995,0,0,0,0,0,0,0,0,0,0
40001,11,1,1995,0,0,0,0,0,0,0,0,0,0
40001,12,1,1995,0,0,0,0,0,0,0,0,0,0
40001,13,1,1995,0,0,0,0,0,0,0,0,0,0
40001,14,1,1995,0,0,0,0,0,0,0,0,0,0
40001,15,1,1995,0,0,0,0,0,0,0,0,0,0
40001,16,1,1995,0,0,0,0,0,0,0,0,0,0
40003,1,1,1995,0,0,0,0,0,0,0,0,0,0
40004,1,1,1995,0,0,0,0,0,0,0,0,0,0
40004,2,1,1995,0,0,0,0,0,0,0,0,0,0
40004,3,1,1995,0,0,0,0,0,0,0,0,0,0
40005,1,1,1995,30,3,17,12,13,27,24,34,0,13
40006,1,1,1995,0,0,0,0,0,0,0,0,0,0
40007,1,1,1995,0,0,0,0,0,10,0,32,13,10
40007,2,1,1995,0,0,0,0,0,0,0,0,0,0
40008,1,1,1995,0,0,0,0,0,0,0,0,10,0
40009,1,1,1995,23,23,23,23,23,23,23,23,23,23
40009,2,1,1995,0,0,0,0,0,0,0,0,0,0
40010,1,1,1995,0,0,0,19,0,4,0,23,0,27
40010,2,1,1995,0,0,0,21,11,0,0,0,0,0
40011,1,1,1995,0,0,0,0,0,0,0,0,0,0
40012,1,1,1995,0,0,0,0,0,0,0,0,0,0
40012,2,1,1995,17,25,15,0,17,5,16,16,0,26
40013,1,1,1995,26,26,26,26,26,26,26,26,26,26
40013,2,1,1995,0,0,0,0,0,0,0,0,0,0
40013,3,1,1995,0,0,19,23,0,0,0,10,6,0
40014,1,1,1995,12,25,15,0,0,14,24,6,0,12
40014,2,1,1995,0,0,0,0,0,0,0,0,0,0
40015,1,1,1995,10,5,21,11,14,4,7,14,9,5
40015,2,1,1995,0,10,0,7,0,15,0,0,0,0
40015,3,1,1995,0,0,43,0,0,0,0,0,0,0
40016,1,1,1995,0,0,0,0,0,0,0,0,0,0
40017,1,1,1995,0,0,23,0,0,0,21,0,0,0
40017,2,1,1995,0,0,0,0,0,0,0,0,0,0
40017,3,1,1995,0,0,0,0,0,0,0,0,0,0
40018,1,1,1995,0,0,0,0,0,0,0,0,0,0
40018,2,1,1995,0,0,0,0,0,0,0,0,0,0
40019,1,1,1995,0,0,0,0,0,0,0,0,0,0
40020,1,1,1995,0,0,0,0,0,0,0,0,0,0
40020,2,1,1995,0,0,0,0,0,0,0,0,0,0
40021,1,1,1995,2,2,2,2,2,2,2,2,2,2
40022,1,1,1995,0,0,0,0,0,0,0,0,0,0
40023,1,1,1995,0,0,0,0,0,0,0,0,0,0
40024,0,1,1995,4,4,4,4,4,4,4,4,4,4
40024,1,1,1995,0,0,15,0,0,0,0,0,0,0
40025,0,1,1995,0,0,0,0,0,0,0,0,0,0
40025,1,1,1995,0,7,25,6,8,0,25,14,19,17
40026,0,1,1995,20,20,20,20,20,20,20,20,20,20
40026,1,1,1995,52,13,0,12,14,9,20,15,11,0
40027,1,1,1995,0,0,0,0,0,0,0,0,0,0
40027,2,1,1995,0,0,0,0,0,0,0,0,0,0
40028,0,1,1995,0,0,0,0,0,0,0,0,0,0
40028,1,1,1995,0,0,0,0,0,0,0,0,0,0
40029,0,1,1995,0,0,0,0,0,0,0,0,0,0
40029,1,1,1995,0,0,0,0,0,0,0,0,0,0
40030,0,1,1995,29,29,29,29,29,29,29,29,29,29
40030,1,1,1995,0,0,0,0,0,0,0,0,0,1
40031,1,1,1995,21,18,7,14,8,33,20,0,0,18
40032,1,1,1995,25,19,18,25,19,9,18,22,21,0
40032,2,1,1995,0,0,0,0,0,0,4,0,0,0
40032,3,1,1995,18,18,37,15,26,11,17,16,9,15
40033,1,1,1995,24,24,24,24,24,24,24,24,24,24
40034,1,1,1995,0,0,0,0,0,0,0,0,0,0
40034,2,1,1995,11,11,11,11,11,11,11,11,11,11
40035,0,1,1995,0,0,0,0,0,0,0,0,0,0
40035,1,1,1995,0,12,0,0,19,0,0,0,0,0
40036,1,1,1995,0,0,0,0,0,0,0,0,0,0
40037,1,1,1995,0,0,0,0,0,0,0,0,0,0
40037,2,1,1995,0,0,0,0,0,0,0,0,0,0
40038,1,1,1995,0,0,0,0,0,0,0,0,0,0
40038,2,1,1995,0,0,0,0,0,6,0,0,0,0
40039,1,1,1995,6,21,6,15,5,18,22,14,4,7
40040,1,1,1995,8,23,17,8,11,17,16,5,20,36
40041,1,1,1995,8,15,8,17,29,5,5,11,13,14
40042,1,1,1995,5,5,5,5,5,5,5,5,5,5
40043,1,1,1995,0,0,0,0,0,0,0,16,0,7
40043,2,1,1995,0,0,0,0,0,0,0,0,0,0
40044,0,1,1995,0,0,0,0,0,0,0,0,0,0
40044,1,1,1995,0,0,0,0,0,0,0,0,0,0
40045,0,1,1995,0,0,0,0,0,11,0,0,0,0
40045,1,1,1995,0,0,0,0,0,0,0,0,0,0
40046,1,1,1995,0,0,0,0,0,0,0,0,6,20
40047,1,1,1995,9,9,9,9,9,9,9,9,9,9
40047,2,1,1995,0,0,0,0,0,0,0,0,0,0
40047,3,1,1995,0,0,0,0,0,0,0,0,0,0
40048,1,1,1995,0,0,0,0,0,0,0,0,0,0
40048,2,1,1995,0,0,0,0,0,0,0,0,0,0
40049,0,1,1995,0,0,0,0,0,0,0,0,0,0
40049,1,1,1995,0,0,0,0,0,0,0,0,0,0
40050,1,1,1995,0,0,0,0,0,0,0,0,0,0
40051,1,1,1995,0,0,0,0,0,0,0,0,0,0
40051,2,1,1995,0,0,0,0,0,0,0,0,0,0
40052,1,1,1995,0,0,0,0,0,0,0,0,0,0
40052,2,1,1995,0,0,0,0,0,0,20,0,0,0
40053,1,1,1995,0,0,0,0,0,0,0,0,0,0
40053,2,1,1995,0,0,0,11,0,12,0,0,0,0
40054,1,1,1995,0,0,0,0,0,0,0,0,0,0
40054,2,1,1995,0,0,15,0,0,0,0,0,0,0
40055,1,1,1995,0,0,0,0,0,0,0,0,0,0
40055,2,1,1995,0,0,0,0,0,0,0,0,0,0
40056,0,1,1995,0,0,0,0,0,0,0,0,0,0
40056,1,1,1995,0,0,0,0,0,0,0,0,0,0
40057,1,1,1995,0,0,0,0,0,0,0,0,0,0
40058,1,1,1995,31,34,18,24,20,12,20,22,20,15
40059,1,1,1995,21,21,21,21,21,21,21,21,21,21
40060,1,1,1995,0,0,0,10,0,0,0,0,0,0
40060,2,1,1995,0,0,0,0,0,0,0,0,0,0
40060,3,1,1995,0,0,0,0,0,0,0,0,0,0
40061,1,1,1995,0,0,28,0,0,0,13,0,26,0
40062,0,1,1995,3,18,0,0,0,9,15,17,9,0
40062,1,1,1995,0,0,0,0,0,0,0,0,0,0
40063,1,1,1995,0,22,5,16,0,14,0,15,21,9
40063,2,1,1995,0,0,0,0,0,0,0,0,0,0
40064,1,1,1995,0,0,0,0,0,0,0,0,0,0
40064,2,1,1995,0,0,0,10,0,0,0,0,0,0
40065,1,1,1995,0,0,0,0,0,0,0,0,0,0
40065,2,1,1995,0,0,0,0,0,0,0,0,0,0
40066,1,1,1995,0,0,0,0,0,0,0,0,0,0
40066,2,1,1995,0,0,0,0,0,0,0,0,0,0
40066,3,1,1995,0,0,0,0,0,0,0,0,0,0
40067,1,1,1995,0,0,0,0,0,0,0,0,0,0
40067,2,1,1995,0,0,0,0,0,0,0,0,0,0
40067,3,1,1995,0,0,0,0,0,0,0,0,0,0
40068,0,1,1995,0,0,0,0,0,0,0,0,0,0
40068,1,1,1995,0,0,0,0,0,0,0,0,0,0
40069,1,1,1995,0,0,0,0,0,0,0,0,0,0
40069,2,1,1995,0,0,0,0,0,0,0,0,0,0
40070,0,1,1995,0,0,0,0,0,0,0,0,0,0
40070,0,2,1995,0,0,43,0,0,21,26,0,0,0
40070,1,1,1995,23,22,28,9,11,27,19,18,10,21
40071,1,1,1995,0,7,0,0,18,0,28,0,0,0
40071,2,1,1995,0,0,0,0,0,0,0,0,0,0
40072,1,1,1995,12,12,12,12,12,12,12,12,12,12
40072,2,1,1995,18,24,5,19,18,0,12,9,14,11
40073,1,1,1995,0,0,27,24,0,0,0,0,0,19
40073,2,1,1995,0,17,11,14,9,12,9,10,11,9
40074,0,1,1995,0,0,0,0,0,0,0,0,0,0
40074,1,1,1995,0,0,0,0,0,0,0,0,0,0
40075,1,1,1995,7,7,7,7,7,7,7,7,7,7
40076,1,1,1995,15,0,7,27,34,14,14,19,13,21
40077,1,1,1995,0,0,0,0,0,0,0,0,0,0
40078,1,1,1995,0,0,0,0,0,0,0,0,0,0