ST_CASE,VEH_NO,PER_NO,YEAR,P1,P2,P3,P4,P5,P6,P7,P8,P9,P10
40079,0,1,1995,27,27,27,27,27,27,27,27,27,27
40079,1,1,1995,0,0,0,0,0,0,0,0,0,0
40080,0,1,1995,18,18,18,18,18,18,18,18,18,18
40080,1,1,1995,0,0,11,14,8,0,0,0,12,4
40081,1,1,1995,21,0,0,0,13,0,0,0,0,0
40082,1,1,1995,0,0,0,0,0,0,0,0,0,0
40083,1,1,1995,0,0,0,0,0,0,0,0,0,0
40084,1,1,1995,0,0,0,0,0,0,0,0,0,0
40084,2,1,1995,0,0,0,0,0,0,0,0,0,0
40085,0,1,1995,21,21,21,21,21,21,21,21,21,21
40085,1,1,1995,19,19,19,19,19,19,19,19,19,19
40086,1,1,1995,0,0,0,0,0,0,0,0,0,0
40086,2,1,1995,0,0,0,0,0,0,0,0,0,0
40087,1,1,1995,0,0,0,0,0,0,0,0,0,0
40088,1,1,1995,17,17,17,17,17,17,17,17,17,17
40089,1,1,1995,0,0,0,0,0,0,0,0,26,0
40090,0,1,1995,9,21,24,11,0,3,24,23,14,18
40090,1,1,1995,0,0,0,0,0,0,0,14,0,0
40091,1,1,1995,4,4,4,4,4,4,4,4,4,4
40092,1,1,1995,0,0,0,0,0,0,0,0,0,0
40092,2,1,1995,24,17,14,16,5,10,26,27,25,22
40093,0,1,1995,21,18,0,12,16,16,7,30,14,26
40093,1,1,1995,36,13,0,31,6,0,28,0,33,0
40094,1,1,1995,18,0,0,21,0,0,0,0,0,23
40095,0,1,1995,0,0,0,0,0,0,0,0,0,0
40095,0,2,1995,0,47,15,0,0,0,0,8,0,0
40095,1,1,1995,0,0,0,0,0,0,0,0,0,0
40096,0,1,1995,4,4,4,4,4,4,4,4,4,4
40096,1,1,1995,0,0,0,0,0,0,0,0,0,18
40097,1,1,1995,0,20,26,14,26,19,21,28,24,30
40098,1,1,1995,0,0,11,0,0,14,14,11,13,10
40098,2,1,1995,0,0,0,0,0,0,0,0,0,0
40099,1,1,1995,0,0,0,0,0,0,0,0,0,0
40099,2,1,1995,0,0,9,0,0,0,0,0,0,0
40099,3,1,1995,0,0,0,0,0,0,0,0,0,0
40100,0,1,1995,0,0,0,0,0,0,0,0,0,0
40100,0,2,1995,0,0,0,0,0,0,0,24,19,0
40100,1,1,1995,0,0,0,0,0,0,0,0,0,0
40101,1,1,1995,1,1,1,1,1,1,1,1,1,1
40102,1,1,1995,3,3,3,3,3,3,3,3,3,3
40103,1,1,1995,0,0,0,0,0,0,0,0,0,0
40104,1,1,1995,0,0,0,0,0,0,0,0,0,0
40105,1,1,1995,7,7,7,7,7,7,7,7,7,7
40107,1,1,1995,0,0,0,0,0,0,0,0,0,0
40107,2,1,1995,0,0,0,0,0,0,0,0,0,0
40108,0,1,1995,0,0,0,0,0,0,0,0,0,0
40108,1,1,1995,0,0,0,0,0,0,0,0,0,0
40109,1,1,1995,0,0,0,0,0,0,0,0,0,0
40109,2,1,1995,0,0,0,0,0,0,0,0,0,0
40110,1,1,1995,28,28,28,28,28,28,28,28,28,28
40110,2,1,1995,0,0,0,0,0,0,0,0,0,0
40111,0,1,1995,34,26,26,20,25,17,27,14,20,14
40111,1,1,1995,0,0,0,0,0,0,0,0,0,0
40112,0,1,1995,0,0,0,0,23,0,0,18,20,0
40112,1,1,1995,0,0,0,0,0,0,0,0,0,0
40113,1,1,1995,17,0,16,0,0,0,19,0,10,0
40114,0,1,1995,0,0,0,0,0,0,0,0,0,0
40114,1,1,1995,0,0,0,0,0,0,0,0,0,0
40115,1,1,1995,0,0,0,0,0,0,0,0,15,0
40116,1,1,1995,0,0,0,0,0,0,0,0,0,0
40116,2,1,1995,17,0,0,0,0,0,0,0,0,0
40116,3,1,1995,0,0,0,0,0,0,0,0,0,0
40117,1,1,1995,18,7,9,17,22,23,19,9,14,0
40117,2,1,1995,6,6,6,6,6,6,6,6,6,6
40118,1,1,1995,15,0,0,9,0,0,11,0,0,0
40118,2,1,1995,0,0,0,0,0,0,0,0,0,0
40119,1,1,1995,0,0,0,0,0,0,0,0,0,0
40119,2,1,1995,0,0,0,0,0,0,0,0,0,0
40121,1,1,1995,10,18,7,14,11,11,14,12,26,15
40121,2,1,1995,0,0,0,0,0,0,0,0,0,0
40121,3,1,1995,16,6,15,0,0,0,8,0,0,5
40122,1,1,1995,0,0,0,0,0,0,0,0,0,0
40122,2,1,1995,0,0,0,0,0,0,0,0,0,0
40123,0,1,1995,8,8,8,8,8,8,8,8,8,8
40123,1,1,1995,17,20,25,16,4,8,12,20,14,7
40124,1,1,1995,0,0,0,0,0,0,0,0,0,0
40124,2,1,1995,0,0,0,0,0,0,0,0,0,0
40124,3,1,1995,0,0,0,0,0,0,0,0,0,0
40125,1,1,1995,25,38,28,21,16,18,23,25,22,14
40126,0,1,1995,22,22,22,22,22,22,22,22,22,22
40126,1,1,1995,0,0,0,0,0,0,0,0,0,0
40127,1,1,1995,0,0,0,0,0,0,0,0,0,0
40127,2,1,1995,14,10,12,14,13,2,9,6,0,6
40128,0,1,1995,3,3,3,3,3,3,3,3,3,3
40128,1,1,1995,11,25,25,0,12,5,16,14,11,22
40129,0,1,1995,19,19,19,19,19,19,19,19,19,19
40129,1,1,1995,3,29,0,0,0,0,6,0,0,0
40130,1,1,1995,21,21,21,21,21,21,21,21,21,21
40131,1,1,1995,0,0,0,0,0,0,0,0,0,0
40131,2,1,1995,0,0,0,0,0,0,0,0,0,0
40132,1,1,1995,0,0,0,0,15,0,6,22,0,0
40133,1,1,1995,14,15,17,26,4,21,16,13,11,9
40133,2,1,1995,9,0,0,0,0,0,0,0,0,0
40134,0,1,1995,33,33,33,33,33,33,33,33,33,33
40134,1,1,1995,0,0,0,0,0,0,0,0,0,0
40135,1,1,1995,16,16,16,16,16,16,16,16,16,16
40136,1,1,1995,10,8,9,19,15,6,15,10,17,24
40137,1,1,1995,0,0,0,0,0,0,0,0,0,0
40137,2,1,1995,0,0,0,0,0,0,0,0,0,0
40137,3,1,1995,0,0,0,0,23,0,0,0,0,0
40138,0,1,1995,0,0,0,0,0,0,0,0,0,0
40138,1,1,1995,0,8,18,7,33,19,15,0,21,13
40138,2,1,1995,0,0,0,0,24,0,0,0,0,0
40139,1,2,1995,18,0,17,0,0,27,0,0,0,0
40140,0,1,1995,51,8,38,26,28,10,12,32,15,14
40140,1,1,1995,0,0,0,0,0,0,7,0,0,0
40141,0,1,1995,18,30,21,11,6,0,25,5,15,11
40141,1,1,1995,0,0,18,14,0,27,0,0,0,0
40142,1,1,1995,0,0,0,0,0,0,0,0,0,0
40142,2,1,1995,0,0,0,0,0,0,0,0,0,0
40143,1,1,1995,0,0,0,0,0,0,0,0,0,0
40144,1,1,1995,10,16,10,7,15,13,26,20,11,18
40144,2,1,1995,0,0,0,0,0,0,0,0,0,0
40144,3,1,1995,0,0,0,0,0,0,0,0,0,0
40145,1,1,1995,27,27,27,27,27,27,27,27,27,27
40148,1,1,1995,0,0,0,0,0,0,0,0,0,0
40148,2,1,1995,0,0,0,0,0,0,0,0,0,0
40149,0,1,1995,28,28,28,28,28,28,28,28,28,28
40149,1,1,1995,0,4,0,0,0,0,0,0,0,0
40150,1,1,1995,31,19,0,13,0,0,0,23,0,20
40151,1,1,1995,0,0,0,0,0,0,0,0,0,0
40151,2,1,1995,0,0,0,0,0,0,0,0,0,0
40152,1,1,1995,0,0,0,0,0,0,0,0,0,0
40152,2,1,1995,0,0,0,0,0,0,0,0,0,0
40152,3,1,1995,0,0,0,0,0,0,0,0,0,0
40153,1,1,1995,0,0,0,28,3,2,0,0,0,0
40154,1,1,1995,0,0,0,0,0,0,0,0,0,0
40154,2,1,1995,0,0,0,0,0,0,0,0,0,0
40154,3,1,1995,0,0,0,0,0,0,0,0,0,0
40155,1,1,1995,0,0,0,0,0,24,0,0,0,5
40155,2,1,1995,0,0,0,0,0,0,0,0,0,0
40156,1,1,1995,0,0,0,0,0,0,0,0,0,0
40156,2,1,1995,0,0,0,0,0,0,0,0,0,0
40156,3,1,1995,18,0,0,0,0,0,0,0,0,0
40157,1,1,1995,17,17,17,17,17,17,17,17,17,17
40157,2,1,1995,0,0,0,0,0,0,13,0,0,0
40158,0,1,1995,0,0,0,0,0,0,0,0,0,0
40158,1,1,1995,0,0,0,0,0,0,0,0,0,0
40159,1,1,1995,0,0,0,0,0,0,0,0,0,0
40159,2,1,1995,0,0,0,0,0,0,0,0,0,0
40160,1,1,1995,0,0,0,0,0,0,0,0,0,0
40160,2,1,1995,0,0,0,0,0,0,0,0,0,10
40161,1,1,1995,11,7,34,0,16,0,15,0,19,7
40161,2,1,1995,0,0,0,0,0,0,0,0,0,0
40162,1,1,1995,0,0,0,0,0,0,0,0,0,0
40162,2,1,1995,0,0,0,0,0,0,0,0,0,0
40163,1,1,1995,0,0,0,0,0,0,0,0,0,0
40163,2,1,1995,0,0,0,0,0,0,0,0,0,0
40164,1,1,1995,17,7,11,0,34,36,15,15,11,22
40165,0,1,1995,0,0,0,0,0,0,0,0,0,0
40165,1,1,1995,0,0,0,0,0,0,0,0,0,0
40166,1,1,1995,24,0,10,15,28,16,14,18,15,11
40167,1,1,1995,25,25,25,25,25,25,25,25,25,25
40168,1,1,1995,0,0,0,0,0,0,0,0,0,0
40168,2,1,1995,0,0,0,0,0,0,0,0,0,0
40169,0,1,1995,0,0,0,0,0,0,0,0,0,0
40169,1,1,1995,13,0,0,0,21,0,0,0,0,26
40170,1,1,1995,0,0,0,0,0,0,0,0,0,0
40170,2,1,1995,0,0,0,0,0,0,0,0,0,0
40171,1,1,1995,0,0,0,0,0,0,0,0,0,0
40171,2,1,1995,0,0,0,0,0,0,0,0,0,0
40171,3,1,1995,0,0,0,0,0,0,0,0,0,0
40172,1,1,1995,0,0,0,0,0,0,0,0,0,0
40173,1,1,1995,0,0,0,0,14,0,0,0,0,0
40174,1,1,1995,0,0,0,0,0,0,0,0,0,0
40174,2,1,1995,0,0,0,0,0,0,0,0,0,0
40175,1,1,1995,0,40,0,0,20,0,0,0,0,11
40176,1,1,1995,17,20,19,11,0,0,27,15,18,25
40176,2,1,1995,0,0,0,0,0,0,0,0,0,0
40177,1,1,1995,3,0,0,18,0,24,7,0,0,27
40178,1,1,1995,1,1,1,1,1,1,1,1,1,1
40178,2,1,1995,0,0,0,0,0,0,0,0,0,0
40179,1,1,1995,4,4,4,4,4,4,4,4,4,4
40180,0,1,1995,0,0,0,0,0,0,0,0,0,0
40180,1,1,1995,0,0,0,0,0,0,0,0,0,0
40181,1,1,1995,25,25,25,25,25,25,25,25,25,25
40181,2,1,1995,0,0,0,0,0,0,17,0,0,0
40182,1,1,1995,27,30,23,19,30,10,26,17,16,19
40183,0,1,1995,0,0,0,0,0,0,0,0,0,0
40183,1,1,1995,0,0,0,0,0,0,0,0,0,0
40184,0,1,1995,30,30,30,30,30,30,30,30,30,30
40184,1,1,1995,0,0,0,0,0,0,0,0,0,0
40185,1,1,1995,0,0,0,0,0,0,0,0,0,0
40185,2,1,1995,17,0,0,0,0,0,0,0,0,14
40186,1,1,1995,0,0,0,0,0,0,0,0,0,24
40186,2,1,1995,0,0,0,0,0,0,0,0,0,0
40187,0,1,1995,15,15,15,15,15,15,15,15,15,15
40187,1,1,1995,0,0,0,0,0,0,0,0,0,8
40188,0,1,1995,0,26,0,27,0,0,0,0,0,0
40188,1,1,1995,0,0,0,0,0,0,0,0,0,0
40189,0,1,1995,0,0,0,0,0,0,0,0,0,0
40189,0,2,1995,0,0,22,13,7,27,0,0,4,0
40189,1,1,1995,9,20,8,6,17,10,18,14,23,13
40191,1,1,1995,0,0,21,0,0,0,0,0,0,0
40191,2,1,1995,14,0,0,8,0,0,0,0,0,0
40192,1,1,1995,0,0,0,0,0,0,0,0,0,0
40192,2,1,1995,0,0,0,0,0,0,0,0,0,0
40193,0,1,1995,10,8,34,5,10,25,17,29,13,17
40193,1,1,1995,0,0,0,0,0,0,0,0,0,0
40194,1,1,1995,13,10,8,6,21,9,4,11,6,12
40194,2,1,1995,14,24,11,11,4,17,6,5,15,32
40194,3,1,1995,0,16,0,17,0,0,0,12,0,0
40195,1,1,1995,0,0,0,0,0,0,0,0,0,0
40195,2,1,1995,0,0,0,0,0,0,0,0,0,0
40195,3,1,1995,0,0,0,0,0,0,0,0,0,0
40196,0,1,1995,0,0,0,0,0,0,0,0,23,0
40196,1,1,1995,16,16,16,16,16,16,16,16,16,16
40197,0,1,1995,24,24,24,24,24,24,24,24,24,24
40197,1,1,1995,0,0,0,0,0,0,0,0,0,0
40198,1,1,1995,7,7,7,7,7,7,7,7,7,7
40199,1,1,1995,0,0,0,0,0,0,0,0,0,0
40199,2,1,1995,0,0,0,13,0,0,0,0,0,0
40200,0,1,1995,19,19,19,19,19,19,19,19,19,19
40201,1,1,1995,0,0,0,0,27,0,0,11,0,0
40202,1,1,1995,21,21,21,21,21,21,21,21,21,21
40203,1,1,1995,16,0,0,0,0,0,0,0,2,30
40204,1,1,1995,16,16,16,16,16,16,16,16,16,16
40205,0,1,1995,32,32,32,32,32,32,32,32,32,32
40205,1,1,1995,0,19,0,0,0,0,0,0,0,12
40207,1,1,1995,0,0,18,0,47,19,0,43,14,24
40208,1,1,1995,0,0,0,0,0,0,0,0,0,0
40209,1,1,1995,0,0,0,0,0,0,0,0,0,0
40210,0,1,1995,15,15,15,15,15,15,15,15,15,15
40210,1,1,1995,21,0,17,0,12,5,4,10,0,23
40211,1,1,1995,0,0,0,0,0,0,0,0,0,0
40211,2,1,1995,0,0,0,0,0,0,0,0,0,0
40211,3,1,1995,0,0,0,0,0,0,0,0,0,0
40211,4,1,1995,0,0,0,0,0,0,0,0,0,0
40211,5,1,1995,0,0,0,0,0,0,0,0,0,0
40211,6,1,1995,30,30,30,30,30,30,30,30,30,30
40211,7,1,1995,0,0,0,0,0,0,0,0,18,0
40212,1,1,1995,0,0,0,12,0,0,0,0,0,0
40213,1,1,1995,0,0,0,0,0,24,0,0,0,0
40213,2,1,1995,9,9,9,9,9,9,9,9,9,9
40214,0,1,1995,10,22,0,0,0,15,0,29,0,0
40214,2,1,1995,0,0,0,12,0,0,0,0,0,0
40215,1,1,1995,7,0,0,0,0,0,0,0,0,0
40216,1,1,1995,0,0,8,0,0,14,0,0,0,8
40216,2,1,1995,0,0,0,0,0,0,0,0,0,0
40216,3,1,1995,0,0,0,0,0,0,0,0,0,0
40217,1,1,1995,0,0,0,0,0,0,0,0,0,0
40217,2,1,1995,0,0,0,0,0,0,0,0,0,0
40218,1,1,1995,0,0,0,0,0,0,0,0,0,0
40218,2,1,1995,0,0,0,0,0,0,0,0,0,0
40218,3,1,1995,0,0,0,0,0,0,0,0,0,0
40219,1,1,1995,0,0,0,0,0,0,0,0,0,0
40220,1,1,1995,17,17,17,17,17,17,17,17,17,17
40221,1,1,1995,11,12,16,12,22,16,6,9,18,12
40221,2,1,1995,0,0,0,0,0,0,0,0,0,0
40222,1,1,1995,0,0,4,27,19,0,0,0,0,0
40223,1,1,1995,0,0,0,0,0,0,0,0,0,0
40224,1,1,1995,0,0,0,0,0,0,0,0,0,22
40224,2,1,1995,0,0,0,0,0,0,0,0,0,0
40225,0,1,1995,40,0,0,0,0,0,0,20,0,0
40225,1,1,1995,0,0,0,0,0,0,0,0,0,0
40226,1,1,1995,0,0,0,0,0,0,0,0,0,0
40226,2,1,1995,0,0,0,0,0,0,0,0,0,0
40227,1,1,1995,0,0,0,0,0,0,0,0,0,0
40227,2,1,1995,0,0,0,0,0,0,0,0,0,0
40228,1,1,1995,7,0,25,0,19,0,12,16,0,0
40228,2,1,1995,0,0,0,0,0,0,0,0,0,0
40228,3,1,1995,0,0,0,0,0,0,0,0,0,0
40228,4,1,1995,0,15,0,15,0,0,0,0,0,0
40229,1,1,1995,0,0,0,0,0,0,0,0,0,0
40229,2,1,1995,0,0,0,0,0,0,0,0,0,0
40229,3,1,1995,0,0,0,0,0,0,0,0,0,0
40230,0,1,1995,23,21,0,29,27,17,0,18,27,12
40230,1,1,1995,0,0,0,0,0,0,0,0,0,0
40231,1,1,1995,0,0,0,0,0,0,0,0,0,0
40232,1,1,1995,2,2,2,2,2,2,2,2,2,2
40234,1,1,1995,0,0,0,0,0,0,0,0,0,0
40234,2,1,1995,0,0,0,0,0,0,0,0,0,0
40235,1,1,1995,22,22,22,22,22,22,22,22,22,22
40236,1,1,1995,12,12,12,12,12,12,12,12,12,12
40236,2,1,1995,0,27,0,0,0,0,0,0,0,0
40237,0,1,1995,0,0,0,0,0,0,0,0,0,0
40237,1,1,1995,0,0,0,0,0,0,0,0,0,0
40238,1,1,1995,13,7,6,0,9,12,12,5,6,18
40238,2,1,1995,0,0,0,0,0,0,0,0,0,0
40238,3,1,1995,0,0,0,0,0,0,0,0,0,0
40238,4,1,1995,0,0,0,0,0,0,0,0,0,0
40239,0,1,1995,0,0,0,0,0,0,0,0,0,0
40239,1,1,1995,8,8,8,23,13,15,18,10,11,12
40240,0,1,1995,18,18,18,18,18,18,18,18,18,18
40240,1,1,1995,0,0,0,0,0,0,0,0,0,0
40241,1,1,1995,18,18,18,18,18,18,18,18,18,18
40242,1,1,1995,0,0,0,0,0,0,0,0,0,0
40242,2,1,1995,0,0,0,0,0,0,0,0,0,0
40243,1,1,1995,23,23,23,23,23,23,23,23,23,23
40243,2,1,1995,11,11,11,11,11,11,11,11,11,11
40244,1,1,1995,0,0,0,0,0,0,0,0,0,0
40244,2,1,1995,0,0,0,0,0,0,0,0,0,0
40245,1,1,1995,24,24,24,24,24,24,24,24,24,24
40246,1,1,1995,14,14,14,14,14,14,14,14,14,14
40247,1,1,1995,14,0,22,22,28,10,25,13,20,16
40248,0,1,1995,0,0,0,0,0,0,0,0,0,0
40248,1,1,1995,0,0,0,0,0,0,0,0,0,0
40249,0,1,1995,0,0,0,0,0,0,0,0,0,0
40249,1,1,1995,0,0,0,0,0,0,0,0,0,0
40249,2,1,1995,0,0,0,0,0,0,0,0,0,0
40249,3,1,1995,0,0,0,0,0,0,0,0,0,0
40250,0,1,1995,22,22,22,22,22,22,22,22,22,22
40250,1,1,1995,0,0,0,0,0,0,0,0,0,0
40251,1,1,1995,0,0,0,0,0,0,0,0,0,0
40251,2,1,1995,0,0,0,0,0,0,0,0,0,0
40252,1,1,1995,15,15,15,15,15,15,15,15,15,15
40253,0,1,1995,0,0,0,0,0,0,24,0,29,29
40253,1,1,1995,0,6,0,0,0,0,0,0,8,0
40255,1,1,1995,0,0,0,0,0,0,0,0,0,0
40255,2,1,1995,0,0,0,0,0,0,0,0,0,0
40256,1,1,1995,0,0,0,9,18,0,0,0,0,5
40257,0,1,1995,22,22,22,22,22,22,22,22,22,22
40257,1,1,1995,0,0,0,0,0,0,0,0,0,0
40257,2,1,1995,0,0,28,0,0,0,0,0,0,0
40258,1,1,1995,0,0,0,0,0,14,0,0,0,0
40259,1,1,1995,0,0,0,0,0,0,0,0,0,0
40260,0,1,1995,0,0,0,0,0,0,0,0,0,0
40260,1,1,1995,0,0,0,0,0,0,0,0,0,0
40261,1,1,1995,8,18,0,0,0,0,0,0,0,0
40261,2,1,1995,0,0,0,0,0,0,0,17,0,0
40262,1,1,1995,0,0,0,0,16,0,0,0,0,0
40262,2,1,1995,0,0,0,0,0,0,0,0,0,0
40263,1,1,1995,22,22,22,22,22,22,22,22,22,22
40263,2,1,1995,0,0,0,0,0,19,0,14,15,0
40264,1,1,1995,0,0,0,0,0,0,3,0,0,0
40265,0,1,1995,0,0,0,0,0,0,0,0,0,0
40265,1,1,1995,0,0,0,0,0,0,0,0,0,0
40266,1,1,1995,18,32,31,13,7,16,11,24,28,12
40266,2,1,1995,0,0,0,0,0,0,0,0,0,0
40267,1,1,1995,11,17,5,12,4,27,24,15,0,10
40269,1,1,1995,26,26,26,26,26,26,26,26,26,26
40270,1,1,1995,0,25,6,21,18,8,12,33,17,12
40271,1,1,1995,0,0,0,0,0,0,0,0,0,0
40271,2,1,1995,0,0,0,0,0,0,0,0,0,0
40272,0,1,1995,0,0,0,0,0,0,0,0,0,0
40272,1,1,1995,27,23,30,5,0,30,10,16,2,9
40273,1,1,1995,0,0,0,0,0,0,0,0,0,0
40273,2,1,1995,0,0,0,0,0,0,0,0,0,0
40274,1,1,1995,0,9,0,0,11,0,0,0,0,0
40275,1,1,1995,0,0,0,0,0,13,0,0,0,15
40276,1,1,1995,0,0,0,0,0,0,0,0,0,0
40277,1,1,1995,19,19,19,19,19,19,19,19,19,19
40278,1,1,1995,20,20,20,20,20,20,20,20,20,20
40279,1,1,1995,0,0,0,0,0,0,0,0,0,0
40279,2,1,1995,8,0,0,10,14,18,12,25,16,8
40280,0,1,1995,21,12,25,0,7,25,0,0,26,0
40280,1,1,1995,0,0,0,0,0,0,0,0,0,0
40281,1,1,1995,0,0,0,0,0,0,0,0,0,0
40282,0,1,1995,10,19,22,0,0,19,34,21,17,21
40282,1,1,1995,0,16,28,0,0,0,6,0,22,6
40283,1,1,1995,0,0,0,0,0,0,0,0,0,0
40284,1,1,1995,13,16,38,25,22,8,16,22,14,27
40284,2,1,1995,0,0,0,0,0,0,0,0,0,0
40284,3,1,1995,0,0,0,0,0,0,0,0,0,0
40285,0,1,1995,0,0,0,0,0,15,0,0,0,0
40285,1,1,1995,0,0,0,0,0,0,0,0,0,0
40286,1,1,1995,0,0,0,0,0,0,0,0,0,0
40286,2,1,1995,0,0,0,0,0,0,0,12,0,10
40286,3,1,1995,0,0,0,0,0,0,0,0,0,0
40286,4,1,1995,0,0,18,0,0,27,0,0,0,0
40287,1,1,1995,16,16,16,16,16,16,16,16,16,16
40287,2,1,1995,0,0,0,0,0,0,0,0,0,0
40288,1,1,1995,0,0,0,0,0,0,0,0,0,0
40289,1,1,1995,24,24,24,24,24,24,24,24,24,24
40290,1,1,1995,1,1,1,1,1,1,1,1,1,1
40290,2,1,1995,0,0,0,0,0,0,0,0,0,0
40291,0,1,1995,0,0,0,0,0,0,0,0,0,0
40291,1,1,1995,0,0,0,0,0,0,0,0,0,0
40292,1,1,1995,0,0,0,0,0,0,0,0,0,0
40292,2,1,1995,0,0,0,0,0,0,0,0,0,0
40293,0,1,1995,8,8,8,8,8,8,8,8,8,8
40293,1,1,1995,0,0,0,0,0,0,0,0,0,0
40294,1,1,1995,0,0,0,0,0,0,0,0,0,0
40295,0,1,1995,0,0,0,0,0,0,0,0,0,0
40295,1,1,1995,0,0,0,0,0,0,0,0,0,0
40296,0,1,1995,0,0,0,0,0,0,0,0,0,0
40296,1,1,1995,0,0,0,0,0,0,0,0,0,0
40297,1,1,1995,0,0,0,0,11,0,0,0,0,0
40297,2,1,1995,0,0,0,0,0,0,0,0,0,0
40298,1,1,1995,4,4,4,4,4,4,4,4,4,4
40299,1,1,1995,0,0,0,0,0,0,0,0,0,0
40299,2,1,1995,5,5,5,5,5,5,5,5,5,5
40300,1,1,1995,0,0,0,0,0,0,0,0,0,0
40300,2,1,1995,0,0,0,0,0,0,0,0,0,0
40300,3,1,1995,0,0,0,0,0,0,0,0,0,0
40301,1,1,1995,0,0,0,0,0,0,0,0,0,0
40301,2,1,1995,0,0,0,0,0,0,0,0,0,0
40302,0,1,1995,14,23,18,21,16,6,46,12,0,23
40302,1,1,1995,0,0,8,0,0,0,0,0,0,0
40303,1,1,1995,9,9,9,9,9,9,9,9,9,9
40303,2,1,1995,0,0,0,0,0,0,0,0,0,0
40303,3,1,1995,0,0,0,0,0,0,0,19,0,0
40304,1,1,1995,19,14,6,8,11,9,0,9,0,0
40305,0,1,1995,22,22,22,22,22,22,22,22,22,22
40305,1,1,1995,0,0,0,0,0,0,0,0,0,0
40306,1,1,1995,7,22,33,18,0,0,0,3,18,20
40307,1,1,1995,0,0,0,0,0,0,0,0,0,0
40308,1,1,1995,0,0,0,0,0,0,0,0,0,0
40308,2,1,1995,0,0,0,0,0,0,0,0,0,0
40309,1,1,1995,0,0,0,0,0,0,0,0,0,0
40309,2,1,1995,0,0,0,0,0,0,0,0,0,20
40310,0,1,1995,17,17,17,17,17,17,17,17,17,17
40310,1,1,1995,0,0,0,0,0,0,0,0,0,0
40311,0,1,1995,0,0,0,0,0,0,0,0,0,0
40311,0,2,1995,0,0,0,0,0,0,0,0,0,0
40311,1,1,1995,23,23,23,23,23,23,23,23,23,23
40312,1,1,1995,3,0,0,0,8,0,0,0,6,0
40313,1,1,1995,0,0,0,0,0,0,0,0,0,0
40313,2,1,1995,0,0,0,0,0,0,0,0,0,0
40314,1,1,1995,0,27,30,17,26,17,11,22,11,14
40315,1,1,1995,0,0,0,0,0,0,0,0,0,9
40315,2,1,1995,16,16,16,16,16,16,16,16,16,16
40316,1,1,1995,0,0,0,0,0,0,0,0,0,0
40316,2,1,1995,0,0,0,0,0,0,0,0,0,0
40317,1,1,1995,0,0,0,0,0,0,0,0,0,0
40317,2,1,1995,0,0,0,0,0,0,0,0,0,0
40318,1,1,1995,0,0,0,0,0,0,0,0,0,0
40318,2,1,1995,0,0,0,0,0,0,0,0,0,0
40319,1,1,1995,0,0,0,0,0,0,0,0,0,3
40319,2,1,1995,6,6,6,6,6,6,6,6,6,6
40319,3,1,1995,0,0,0,0,0,0,0,0,0,0
40320,1,1,1995,13,13,13,13,13,13,13,13,13,13
40320,2,1,1995,0,0,0,0,0,0,0,0,0,0
40321,1,1,1995,13,13,13,13,13,13,13,13,13,13
40322,0,1,1995,10,10,10,10,10,10,10,10,10,10
40322,1,1,1995,0,0,0,15,0,0,0,0,0,0
40323,1,1,1995,0,0,21,20,14,0,0,18,0,0
40324,1,1,1995,0,0,0,0,9,0,0,0,0,12
40324,2,1,1995,17,17,17,17,17,17,17,17,17,17
40325,1,1,1995,0,0,0,0,0,0,0,0,0,0
40325,2,1,1995,12,10,17,0,19,0,12,22,0,0
40325,3,1,1995,0,0,0,0,0,0,0,0,0,0
40326,1,1,1995,0,0,0,0,0,0,0,0,0,0
40327,1,1,1995,0,0,0,0,0,0,0,0,0,0
40328,1,1,1995,9,0,16,18,11,9,6,22,19,0
40328,2,1,1995,0,0,0,0,0,0,0,0,0,0
40329,1,1,1995,7,7,7,7,7,7,7,7,7,7
40330,0,1,1995,0,0,0,0,0,0,0,0,0,0
40330,1,1,1995,0,0,0,0,0,0,0,0,0,0
40331,1,1,1995,0,0,17,14,0,0,0,0,18,0
40331,2,1,1995,0,0,0,0,0,0,0,0,0,26
40332,1,1,1995,0,0,0,0,0,0,0,0,0,0
40332,2,1,1995,0,0,0,0,0,0,0,0,0,0
40332,3,1,1995,0,0,0,0,0,0,23,0,13,0
40333,1,1,1995,36,13,25,10,20,21,15,15,19,17
40334,1,1,1995,0,0,0,0,0,0,0,0,0,0
40334,2,1,1995,0,0,0,0,0,0,0,0,0,0
40335,1,1,1995,11,11,11,11,11,11,11,11,11,11
40335,2,1,1995,0,0,0,0,0,27,0,0,0,0
40336,1,1,1995,0,29,0,0,0,23,0,0,0,0
40337,1,1,1995,19,13,14,34,19,21,26,18,8,21
40338,0,1,1995,0,0,0,0,0,0,0,0,0,0
40338,1,1,1995,0,0,0,0,0,0,0,0,0,0
40339,1,1,1995,0,0,0,0,0,0,0,0,0,0
40339,2,1,1995,0,0,0,0,0,0,0,0,0,0
40340,0,1,1995,0,0,0,0,0,0,0,0,0,0
40340,1,1,1995,0,0,0,0,0,0,0,0,0,0
40341,1,1,1995,0,0,0,0,0,0,0,0,0,0
40341,2,1,1995,0,0,0,0,0,0,0,0,0,0
40342,0,1,1995,0,0,0,0,0,0,0,0,0,0
40342,1,1,1995,0,0,0,0,0,0,0,0,0,0
40343,1,1,1995,0,0,23,0,0,0,0,0,0,0
40344,0,1,1995,0,0,0,0,0,0,0,0,0,0
40344,1,1,1995,0,0,0,0,0,0,0,11,0,0
40345,0,1,1995,16,16,16,16,16,16,16,16,16,16
40345,1,1,1995,14,0,0,22,0,21,10,17,23,6
40346,0,1,1995,0,0,0,0,0,0,0,0,0,0
40346,1,1,1995,8,24,12,9,13,0,4,0,26,3
40347,0,1,1995,27,0,0,0,19,0,24,3,0,0
40347,1,1,1995,0,0,0,0,0,0,0,0,0,0
40347,2,1,1995,0,0,0,0,18,0,0,0,0,21
40348,1,1,1995,15,15,15,15,15,15,15,15,15,15