ST_CASE,VEH_NO,PER_NO,YEAR,P1,P2,P3,P4,P5,P6,P7,P8,P9,P10
40349,1,1,1995,0,17,6,12,10,26,27,26,27,13
40349,2,1,1995,0,0,0,0,0,0,0,0,0,0
40350,0,1,1995,0,0,0,0,0,0,0,0,0,0
40350,1,1,1995,0,0,0,0,0,0,0,0,0,0
40351,0,1,1995,33,33,33,33,33,33,33,33,33,33
40351,1,1,1995,0,0,0,0,0,0,0,0,0,0
40352,1,1,1995,0,0,0,0,0,0,0,0,0,0
40352,2,1,1995,0,0,0,0,0,0,0,0,0,0
40353,0,1,1995,11,11,11,11,11,11,11,11,11,11
40353,1,1,1995,0,0,0,0,10,0,0,0,0,0
40354,1,1,1995,0,0,0,6,0,0,0,17,0,0
40355,1,1,1995,0,0,0,0,0,0,0,0,0,0
40355,2,1,1995,0,0,0,0,0,17,0,0,0,0
40356,1,1,1995,0,0,0,0,0,0,0,0,0,0
40356,2,1,1995,0,0,0,0,0,0,0,0,0,0
40356,3,1,1995,0,0,0,0,0,0,0,0,0,0
40357,1,1,1995,18,18,18,18,18,18,18,18,18,18
40357,2,1,1995,0,0,0,0,0,0,0,0,0,0
40358,0,1,1995,4,4,4,4,4,4,4,4,4,4
40358,1,1,1995,5,16,15,10,23,13,24,20,12,0
40359,1,1,1995,0,0,0,0,0,0,0,0,0,0
40359,2,1,1995,0,0,0,0,0,0,0,0,0,0
40360,1,1,1995,0,0,0,0,0,0,0,0,0,0
40360,2,1,1995,0,0,0,0,0,0,0,0,0,0
40361,1,1,1995,23,23,23,23,23,23,23,23,23,23
40361,2,1,1995,0,0,0,0,0,0,0,0,0,0
40362,1,1,1995,12,12,12,12,12,12,12,12,12,12
40363,1,1,1995,11,15,28,0,17,8,0,35,15,0
40363,2,1,1995,13,0,3,0,15,26,8,0,10,0
40364,0,1,1995,0,9,0,0,0,0,0,0,0,0
40364,1,1,1995,0,0,0,0,0,0,0,0,0,0
40365,0,1,1995,16,14,0,18,17,23,34,34,31,0
40365,1,1,1995,0,0,0,0,0,0,0,0,0,0
40366,1,1,1995,21,27,31,16,20,31,18,12,16,27
40367,1,1,1995,0,0,0,0,0,0,0,0,0,0
40368,1,1,1995,17,15,0,17,11,8,28,19,13,4
40369,1,1,1995,0,0,0,0,0,0,0,0,0,0
40369,2,1,1995,0,0,0,0,0,0,0,0,0,0
40369,3,1,1995,0,0,0,0,0,0,0,0,0,0
40370,1,1,1995,0,0,19,0,0,0,0,0,0,0
40370,2,1,1995,0,0,0,0,0,0,0,0,0,0
40370,3,1,1995,0,0,0,0,0,0,0,7,0,0
40371,1,1,1995,0,0,0,0,0,0,0,0,0,0
40371,2,1,1995,0,0,0,0,0,0,0,0,0,0
40372,1,1,1995,0,0,4,0,0,0,0,15,0,0
40373,1,1,1995,0,0,0,0,0,0,0,0,0,0
40373,2,1,1995,0,0,0,0,0,0,0,0,0,0
40374,1,1,1995,0,0,0,0,0,0,0,0,0,0
40375,0,1,1995,13,0,18,8,20,0,0,0,14,22
40375,1,1,1995,0,0,2,0,0,0,0,0,18,0
40376,0,1,1995,4,4,4,4,4,4,4,4,4,4
40376,1,1,1995,0,0,0,0,0,0,0,0,0,0
40377,1,1,1995,0,0,0,0,0,0,0,0,0,0
40378,1,1,1995,0,0,0,0,0,0,0,0,10,0
40378,2,1,1995,0,0,0,0,0,0,0,0,0,19
40379,0,1,1995,12,0,0,0,0,0,0,0,0,0
40379,1,1,1995,0,0,0,0,0,0,0,0,0,0
40380,1,1,1995,8,12,11,16,20,9,20,21,16,5
40381,1,1,1995,0,0,0,0,0,0,0,0,0,0
40381,2,1,1995,0,0,0,0,0,0,0,0,0,0
40382,0,1,1995,0,0,0,0,0,0,0,0,0,0
40382,1,1,1995,0,0,0,0,0,0,0,0,0,18
40383,0,1,1995,0,0,0,0,0,0,0,0,0,0
40383,1,1,1995,0,0,0,0,0,0,0,0,0,0
40384,0,1,1995,18,18,18,18,18,18,18,18,18,18
40384,1,1,1995,0,13,0,0,0,0,0,0,0,0
40385,1,1,1995,0,0,0,0,0,0,0,0,0,0
40386,1,2,1995,15,17,15,6,15,19,0,15,24,8
40387,1,1,1995,16,23,15,16,7,17,29,16,6,15
40388,1,1,1995,0,0,0,0,0,0,0,0,0,0
40388,2,1,1995,0,0,0,0,0,0,0,0,0,0
40389,1,1,1995,0,0,0,0,0,0,0,11,0,0
40389,2,1,1995,0,0,0,0,0,0,11,0,0,0
40390,1,1,1995,28,48,44,25,5,27,11,16,11,20
40391,1,1,1995,11,25,10,6,19,0,18,24,13,20
40391,2,1,1995,0,0,0,0,0,0,0,0,0,0
40392,0,1,1995,0,0,0,0,0,0,12,0,17,11
40392,0,2,1995,0,0,0,0,0,0,0,0,0,0
40392,1,1,1995,0,0,6,0,0,0,0,0,0,0
40393,1,1,1995,5,0,0,4,9,3,6,15,5,7
40393,2,1,1995,0,0,0,0,0,0,0,0,0,0
40394,1,1,1995,25,0,0,0,0,0,0,0,0,0
40394,2,1,1995,0,7,0,0,0,0,0,27,0,0
40395,1,1,1995,19,0,0,0,0,0,0,0,0,0
40396,1,1,1995,0,0,0,0,0,0,0,0,0,0
40396,2,1,1995,22,23,0,0,0,0,16,11,0,13
40397,1,1,1995,0,0,0,0,0,0,0,0,0,0
40398,1,1,1995,0,0,0,0,0,0,0,0,0,0
40398,2,1,1995,9,7,15,34,6,0,0,15,17,10
40399,1,1,1995,25,25,25,25,25,25,25,25,25,25
40400,1,1,1995,0,0,0,0,0,0,0,0,0,0
40400,2,1,1995,0,0,0,0,0,0,0,0,0,0
40400,3,1,1995,0,0,0,0,0,0,12,0,0,0
40401,1,1,1995,19,19,19,19,19,19,19,19,19,19
40401,2,1,1995,0,5,0,0,0,0,0,0,0,0
40402,0,1,1995,0,0,0,0,0,0,0,0,0,0
40402,1,1,1995,0,0,0,0,0,0,0,0,0,0
40403,1,1,1995,0,18,0,0,0,0,0,0,0,0
40403,2,1,1995,0,0,0,0,0,0,0,0,0,0
40404,1,1,1995,0,0,0,0,0,0,0,0,0,0
40404,2,1,1995,0,0,0,0,0,0,0,0,0,0
40405,1,1,1995,0,0,0,0,0,0,0,0,0,0
40405,2,1,1995,0,0,0,0,0,0,0,0,0,0
40406,1,1,1995,0,0,0,0,0,0,0,0,0,0
40406,2,1,1995,9,0,0,0,0,0,0,0,0,0
40406,3,1,1995,0,0,0,0,0,0,0,0,0,0
40407,1,1,1995,18,2,21,27,21,3,18,22,6,8
40408,1,1,1995,20,19,9,17,11,6,17,11,7,11
40409,1,1,1995,0,0,0,0,0,0,0,0,0,0
40409,2,1,1995,0,0,0,0,0,0,0,0,0,0
40409,3,1,1995,0,0,0,0,0,0,0,0,0,0
40410,1,1,1995,0,0,26,0,2,8,0,18,7,0
40411,1,1,1995,23,23,23,23,23,23,23,23,23,23
40411,2,1,1995,0,0,0,0,0,0,0,0,0,0
40412,1,1,1995,0,0,0,0,0,0,0,0,0,0
40412,2,1,1995,0,0,0,10,0,0,0,0,0,0
40413,1,1,1995,0,0,0,0,0,0,0,0,0,0
40413,2,1,1995,0,0,0,0,0,0,0,0,0,0
40414,1,1,1995,26,26,26,26,26,26,26,26,26,26
40414,2,1,1995,0,0,0,0,0,0,0,0,0,0
40415,1,1,1995,0,0,0,0,0,0,0,0,0,0
40415,2,1,1995,0,0,0,0,0,0,0,0,0,0
40416,1,1,1995,0,0,0,0,0,0,0,0,0,0
40417,1,1,1995,0,0,0,0,0,0,0,0,0,0
40417,2,1,1995,0,0,0,0,0,20,0,0,0,0
40418,1,1,1995,29,29,29,29,29,29,29,29,29,29
40418,2,1,1995,0,0,0,0,0,0,0,0,0,0
40419,1,1,1995,0,0,0,0,0,0,0,0,0,0
40419,2,1,1995,0,0,6,0,0,0,0,0,0,0
40419,3,1,1995,0,0,0,0,0,0,0,0,0,0
40420,1,1,1995,13,13,13,13,13,13,13,13,13,13
40420,2,1,1995,0,0,0,0,0,0,0,0,0,0
40421,1,1,1995,16,13,21,18,19,19,16,25,10,9
40421,2,1,1995,12,24,10,15,4,21,19,24,14,6
40422,1,1,1995,0,0,0,0,0,0,13,0,0,0
40422,2,1,1995,0,0,0,0,0,0,0,0,0,0
40423,1,1,1995,17,17,17,17,17,17,17,17,17,17
40423,2,1,1995,0,0,0,0,0,0,8,0,0,0
40424,1,1,1995,0,20,0,0,0,0,0,0,0,0
40424,2,1,1995,0,0,0,0,0,0,0,17,0,0
40425,1,1,1995,0,0,0,0,0,0,0,0,0,0
40425,2,1,1995,0,0,0,0,0,0,0,0,0,0
40426,1,1,1995,0,0,0,0,0,0,0,0,0,0
40426,2,1,1995,0,0,0,0,0,0,0,0,0,0
40427,1,1,1995,8,14,21,9,23,10,13,10,26,0
40427,2,1,1995,0,0,0,0,0,0,0,0,11,0
40428,1,1,1995,0,0,0,0,0,0,0,0,0,0
40428,2,1,1995,0,0,0,0,0,0,0,0,0,0
40429,1,1,1995,0,0,0,0,0,0,0,0,0,0
40429,2,1,1995,0,0,0,0,0,0,0,0,0,0
40430,1,1,1995,30,11,13,20,39,21,13,39,14,18
40430,2,1,1995,15,5,9,18,12,7,13,15,13,22
40431,1,1,1995,0,0,0,0,0,0,0,0,0,0
40431,2,1,1995,0,0,0,0,0,0,0,0,0,0
40432,1,1,1995,0,0,0,0,0,29,0,0,0,0
40432,2,1,1995,0,0,0,0,0,0,0,0,0,0
40433,1,1,1995,0,0,0,0,0,0,0,0,0,0
40434,1,1,1995,12,0,0,0,0,0,0,18,14,11
40435,1,1,1995,0,19,22,0,11,15,28,35,18,30
40436,1,1,1995,9,22,24,5,17,29,9,9,17,16
40437,1,1,1995,0,0,0,0,0,0,0,0,0,0
40437,2,1,1995,0,0,0,0,0,0,0,0,0,0
40438,1,1,1995,21,21,21,21,21,21,21,21,21,21
40438,2,1,1995,0,0,0,0,0,0,0,0,0,0
40439,0,1,1995,21,21,21,21,21,21,21,21,21,21
40439,1,1,1995,13,13,13,13,13,13,13,13,13,13
40440,1,1,1995,0,0,0,0,14,0,0,0,0,0
40440,2,1,1995,0,0,0,0,0,0,0,0,0,0
40440,3,1,1995,0,0,0,0,0,0,0,0,0,0
40440,4,1,1995,0,0,0,0,0,0,0,0,0,0
40441,1,1,1995,0,0,0,0,0,0,0,0,0,0
40441,2,1,1995,0,0,0,0,0,0,0,0,0,0
40442,1,1,1995,22,22,22,22,22,22,22,22,22,22
40442,2,1,1995,0,0,0,0,0,0,13,0,0,0
40443,1,1,1995,0,0,13,0,0,0,0,0,0,0
40444,0,1,1995,21,11,30,28,13,26,7,25,23,11
40444,1,1,1995,14,25,7,11,18,25,23,8,8,4
40445,1,1,1995,0,0,0,0,0,0,0,0,0,0
40446,1,1,1995,24,9,37,25,18,17,23,0,14,26
40447,1,1,1995,9,9,9,9,9,9,9,9,9,9
40448,1,1,1995,0,0,0,0,0,0,0,13,0,0
40449,1,1,1995,20,20,20,20,20,20,20,20,20,20
40449,2,1,1995,0,0,0,0,0,0,0,0,0,0
40449,3,1,1995,13,0,24,8,20,21,29,18,9,25
40450,1,1,1995,26,26,26,26,26,26,26,26,26,26
40451,1,1,1995,0,0,0,0,0,0,0,0,0,0
40452,1,1,1995,0,0,0,0,0,0,0,0,0,0
40453,1,1,1995,29,4,35,21,26,25,13,17,5,26
40454,1,1,1995,22,22,22,22,22,22,22,22,22,22
40456,1,1,1995,0,0,0,0,15,0,0,0,0,0
40457,1,1,1995,0,0,0,0,0,0,0,0,0,0
40457,2,1,1995,0,0,0,0,0,0,0,0,0,0
40457,3,1,1995,0,0,0,0,0,0,0,0,0,0
40458,1,1,1995,5,17,19,0,7,4,22,16,22,8
40458,2,1,1995,0,0,0,0,0,0,0,0,0,0
40459,0,1,1995,0,0,0,0,0,0,0,0,0,0
40459,1,1,1995,0,0,0,0,0,0,0,0,0,0
40460,1,1,1995,23,23,23,23,23,23,23,23,23,23
40460,2,1,1995,0,0,0,0,0,0,0,0,0,0
40461,1,1,1995,0,0,13,18,0,0,25,27,0,0
40462,0,1,1995,0,0,0,0,0,0,0,0,0,0
40462,1,1,1995,0,0,0,0,0,0,0,0,0,0
40463,1,1,1995,0,0,0,0,0,0,0,0,0,0
40464,1,1,1995,13,0,0,0,0,26,0,0,0,0
40465,1,1,1995,29,29,29,29,29,29,29,29,29,29
40466,1,1,1995,26,26,26,26,26,26,26,26,26,26
40466,2,1,1995,0,0,0,0,0,0,0,0,0,0
40466,3,1,1995,0,0,0,0,0,0,0,19,0,0
40466,4,1,1995,0,0,0,0,0,0,0,0,0,0
40466,5,1,1995,0,0,0,0,0,0,0,0,0,0
40466,6,1,1995,0,0,0,0,0,0,0,0,0,0
40467,1,1,1995,0,0,0,0,0,0,0,0,4,0
40467,2,1,1995,0,0,0,0,0,0,0,0,11,0
40468,1,1,1995,16,23,27,18,15,27,24,28,37,18
40469,1,2,1995,8,20,0,22,24,15,22,0,15,0
40470,1,1,1995,0,0,0,0,0,0,0,0,0,0
40471,1,1,1995,0,0,0,0,0,0,0,0,0,0
40471,2,1,1995,0,0,0,0,0,0,0,0,0,0
40472,1,1,1995,2,2,2,2,2,2,2,2,2,2
40473,1,1,1995,24,24,24,24,24,24,24,24,24,24
40474,1,1,1995,7,7,7,7,7,7,7,7,7,7
40475,1,1,1995,26,26,26,26,26,26,26,26,26,26
40476,1,1,1995,0,0,0,0,0,0,0,0,0,0
40476,2,1,1995,0,0,0,0,0,0,0,0,0,0
40477,1,1,1995,0,0,0,0,16,0,0,0,0,0
40477,2,1,1995,0,0,0,0,0,0,0,0,0,0
40477,3,1,1995,0,0,0,0,0,0,0,0,10,0
40478,1,1,1995,0,0,0,0,0,0,0,0,0,0
40479,1,2,1995,0,0,0,14,2,0,0,8,0,20
40480,1,1,1995,26,0,11,0,0,0,0,0,0,0
40480,2,1,1995,0,0,0,0,0,0,0,0,0,0
40481,0,1,1995,18,16,11,15,18,26,0,14,39,21
40481,1,1,1995,0,0,0,0,0,0,0,0,0,0
40482,1,1,1995,0,0,0,0,0,0,0,0,0,0
40483,1,1,1995,0,0,0,0,0,0,0,0,0,0
40483,2,1,1995,0,0,0,0,0,0,0,0,0,0
40483,3,1,1995,0,0,0,0,0,0,0,0,0,0
40483,4,1,1995,0,0,0,0,0,0,0,0,0,0
40484,1,1,1995,0,0,0,0,0,0,0,0,0,0
40484,2,1,1995,0,0,0,0,0,0,0,0,0,0
40485,1,1,1995,0,0,0,0,0,0,0,0,0,0
40487,1,1,1995,0,0,0,0,0,0,0,0,0,8
40487,2,1,1995,19,19,19,19,19,19,19,19,19,19
40488,0,1,1995,19,19,19,19,19,19,19,19,19,19
40488,1,1,1995,0,10,10,7,12,0,4,0,15,0
40489,1,1,1995,0,0,0,0,0,0,0,0,0,0
40490,1,1,1995,0,0,0,0,0,0,0,0,0,0
40491,0,1,1995,0,0,0,0,0,0,0,0,0,0
40491,1,1,1995,0,0,0,0,0,0,0,16,0,0
40492,1,1,1995,0,0,0,0,0,0,0,0,0,0
40492,2,1,1995,0,0,0,0,0,0,0,0,0,0
40492,3,1,1995,0,0,0,0,0,0,0,0,0,0
40492,4,1,1995,0,0,0,0,0,0,0,0,0,5
40493,1,1,1995,20,20,20,20,20,20,20,20,20,20
40494,1,1,1995,0,0,0,0,0,0,0,0,0,0
40495,1,1,1995,0,0,0,0,0,0,0,0,0,0
40495,2,1,1995,0,0,0,0,0,0,0,0,0,0
40496,1,1,1995,0,0,0,0,0,0,0,0,0,0
40497,0,1,1995,8,18,10,8,33,9,23,33,13,42
40497,1,1,1995,0,0,0,0,0,0,0,7,0,0
40498,1,1,1995,0,0,0,0,0,0,0,0,0,0
40498,2,1,1995,0,0,0,0,0,0,7,0,0,0
40499,1,1,1995,0,0,0,0,0,0,0,0,0,0
40499,2,1,1995,0,0,0,0,0,0,0,0,0,0
40500,1,1,1995,0,0,0,0,0,0,0,0,0,0
40501,1,1,1995,0,2,0,0,0,0,0,0,0,16
40502,1,1,1995,0,0,0,0,0,0,0,0,0,0
40503,1,1,1995,0,0,0,0,0,0,0,0,0,0
40504,1,1,1995,21,21,21,21,21,21,21,21,21,21
40505,0,1,1995,21,21,21,21,21,21,21,21,21,21
40505,1,1,1995,11,6,15,21,7,12,11,4,24,12
40506,1,1,1995,33,10,13,16,28,28,33,18,0,21
40507,1,1,1995,0,0,0,0,0,0,0,0,0,0
40508,1,1,1995,0,0,0,30,0,0,7,0,0,0
40508,2,1,1995,0,0,0,0,0,0,0,0,0,0
40509,0,1,1995,8,0,0,0,0,0,0,14,0,0
40509,1,1,1995,0,0,0,0,0,16,0,0,0,0
40510,0,1,1995,0,0,0,0,0,0,0,0,0,0
40510,1,1,1995,0,19,22,9,0,27,25,0,20,22
40511,1,1,1995,15,15,15,15,15,15,15,15,15,15
40512,1,1,1995,0,0,0,0,0,0,0,0,0,0
40513,1,1,1995,0,0,0,0,0,0,0,0,0,0
40514,1,1,1995,0,0,0,0,0,0,0,0,21,0
40514,2,1,1995,0,0,0,0,0,0,0,0,0,0
40515,1,1,1995,11,17,14,13,0,17,25,0,8,20
40515,2,1,1995,0,0,0,0,0,0,0,0,0,0
40516,1,1,1995,0,0,0,0,0,0,0,0,0,0
40517,1,1,1995,0,0,0,0,0,0,0,0,0,0
40517,2,1,1995,0,0,0,0,0,0,0,0,0,0
40518,0,1,1995,18,0,17,0,21,18,15,0,23,0
40518,1,1,1995,0,0,0,0,0,0,0,0,0,0
40519,1,1,1995,0,0,0,0,0,0,0,0,0,0
40520,1,1,1995,0,0,0,0,0,0,0,0,0,0
40520,2,1,1995,0,0,0,0,0,0,0,0,0,0
40521,0,1,1995,0,15,16,8,22,25,39,12,19,31
40521,1,1,1995,0,0,0,0,0,0,0,0,0,0
40522,1,1,1995,20,20,20,20,20,20,20,20,20,20
40522,2,1,1995,0,0,0,0,0,0,0,0,0,0
40523,1,1,1995,0,0,0,0,0,0,0,0,0,0
40523,2,1,1995,0,0,0,0,0,0,0,0,0,0
40524,2,1,1995,0,0,10,0,0,0,0,30,0,0
40525,1,1,1995,12,12,12,12,12,12,12,12,12,12
40526,1,1,1995,0,0,0,0,0,0,0,12,0,0
40527,1,1,1995,0,17,0,0,8,0,12,0,0,0
40528,1,1,1995,0,0,0,0,0,0,0,0,0,0
40529,0,1,1995,0,0,0,0,0,0,0,0,0,0
40529,1,1,1995,0,0,0,0,0,0,0,0,0,0
40530,1,1,1995,11,13,17,6,16,12,22,21,12,6
40530,2,1,1995,0,0,0,0,0,0,0,0,0,0
40531,1,1,1995,17,11,13,13,31,0,15,7,16,5
40532,1,1,1995,0,0,0,0,0,0,0,16,0,18
40533,1,1,1995,0,1,0,5,0,0,0,0,0,18
40533,2,1,1995,0,0,0,0,0,0,0,0,0,0
40534,1,1,1995,0,0,0,0,0,0,0,0,0,0
40536,1,1,1995,27,27,27,27,27,27,27,27,27,27
40536,2,1,1995,0,0,0,0,0,0,0,0,0,0
40537,1,1,1995,16,16,16,16,16,16,16,16,16,16
40538,0,1,1995,25,12,24,29,22,30,34,10,24,27
40538,1,1,1995,0,0,0,0,0,0,0,0,0,0
40539,1,1,1995,0,17,7,0,0,5,0,34,14,0
40540,1,1,1995,0,0,0,0,0,0,0,0,0,0
40540,2,1,1995,0,0,0,0,0,0,0,0,0,0
40540,3,1,1995,0,0,0,0,0,0,0,0,0,0
40541,1,1,1995,0,0,0,0,0,0,0,0,0,0
40542,1,1,1995,23,23,23,23,23,23,23,23,23,23
40543,1,1,1995,0,0,0,0,0,0,0,0,0,0
40544,1,1,1995,5,5,5,5,5,5,5,5,5,5
40544,2,1,1995,0,0,0,0,0,0,0,0,0,0
40545,1,1,1995,0,0,0,0,0,0,0,0,0,0
40545,2,1,1995,0,0,0,0,0,0,0,0,0,0
40546,0,1,1995,31,0,0,0,0,0,0,14,0,0
40546,1,1,1995,0,0,0,0,0,0,0,0,0,0
40547,1,1,1995,0,0,0,0,0,0,0,0,0,0
40547,2,1,1995,13,18,8,10,11,11,19,14,8,7
40548,1,1,1995,12,22,12,30,18,21,17,0,14,21
40549,1,1,1995,0,0,0,0,0,0,0,0,0,0
40549,2,1,1995,0,0,0,0,0,0,0,0,0,0
40550,0,1,1995,0,0,0,0,0,0,0,0,0,0
40550,1,1,1995,14,19,17,3,7,11,16,12,14,8
40551,1,1,1995,0,0,0,0,0,0,0,0,0,0
40552,1,1,1995,0,0,0,0,0,0,0,0,0,0
40552,2,1,1995,0,0,4,0,0,0,0,0,0,0
40553,1,1,1995,19,19,19,19,19,19,19,19,19,19
40554,1,1,1995,0,0,0,0,0,12,0,0,0,0
40555,1,1,1995,0,0,0,0,0,0,0,0,0,0
40555,2,1,1995,0,0,0,0,0,0,0,0,0,0
40556,1,1,1995,0,0,7,0,0,0,0,0,0,0
40556,2,1,1995,0,0,0,0,0,0,0,0,0,0
40556,3,1,1995,0,0,0,0,0,0,0,3,0,0
40557,1,1,1995,0,0,0,0,0,0,0,0,0,0
40557,2,1,1995,21,0,0,0,0,12,0,0,0,12
40558,1,1,1995,0,0,0,0,0,0,0,0,0,0
40559,1,1,1995,0,0,0,0,0,0,24,0,0,0
40560,1,1,1995,12,12,12,12,12,12,12,12,12,12
40562,1,1,1995,18,21,18,13,16,19,24,16,16,27
40563,0,1,1995,0,0,0,0,0,0,0,0,0,0
40563,1,1,1995,7,7,7,7,7,7,7,7,7,7
40564,1,1,1995,8,8,8,8,8,8,8,8,8,8
40564,2,1,1995,0,0,0,0,0,0,0,21,29,4
40565,1,1,1995,0,0,0,0,0,0,0,0,0,0
40566,1,1,1995,15,22,12,19,28,15,15,15,4,10
40567,1,1,1995,0,0,0,0,0,0,0,0,0,0
40568,1,1,1995,9,9,9,9,9,9,9,9,9,9
40569,1,1,1995,0,0,0,0,0,0,0,0,0,0
40569,2,1,1995,0,0,0,0,0,0,0,0,0,0
40570,1,1,1995,32,32,32,32,32,32,32,32,32,32
40571,0,1,1995,0,0,0,0,0,0,0,0,0,0
40571,1,1,1995,0,0,0,0,0,0,0,0,0,0
40572,1,1,1995,0,25,15,18,28,0,12,5,7,0
40572,2,1,1995,0,0,0,0,0,0,0,0,0,0
40573,0,1,1995,0,0,0,0,0,0,0,0,0,0
40573,1,1,1995,11,14,13,13,10,18,16,10,0,18
40574,0,1,1995,25,28,8,15,18,29,36,24,4,31
40574,1,1,1995,0,0,0,0,0,0,0,0,0,0
40575,1,1,1995,0,0,0,0,0,0,0,0,0,0
40575,2,1,1995,0,0,0,0,0,0,0,0,0,0
40576,1,1,1995,25,0,26,23,9,15,25,17,30,9
40576,2,1,1995,0,0,0,0,0,0,0,0,0,0
40577,1,1,1995,0,0,0,0,0,0,0,0,0,0
40577,2,1,1995,0,0,0,0,16,10,0,0,0,0
40578,1,1,1995,0,0,0,0,0,0,0,0,0,0
40579,1,1,1995,0,0,0,0,0,0,0,0,0,0
40579,2,1,1995,0,0,0,0,0,0,0,0,0,0
40580,1,1,1995,0,0,0,0,0,0,0,0,0,0
40580,2,1,1995,6,0,0,0,0,0,0,0,0,0
40581,0,1,1995,0,0,0,0,30,0,0,0,0,25
40581,1,1,1995,0,0,0,0,0,0,0,0,0,0
40582,0,1,1995,26,26,26,26,26,26,26,26,26,26
40582,1,1,1995,0,0,0,0,16,0,0,0,0,0
40583,0,1,1995,0,0,0,0,0,0,0,0,0,0
40583,1,1,1995,0,0,0,0,0,0,0,0,0,0
40584,1,1,1995,0,0,0,0,0,0,0,0,0,0
40584,2,1,1995,7,13,13,21,12,11,11,14,0,16
40585,1,1,1995,22,35,25,17,23,0,11,3,27,15
40586,1,1,1995,24,12,6,20,18,22,27,14,8,22
40587,1,1,1995,0,0,18,0,0,14,6,12,0,0
40587,2,1,1995,0,0,0,0,8,0,0,0,0,0
40588,1,1,1995,0,0,0,0,0,0,0,0,13,0
40588,2,1,1995,0,0,0,0,0,0,0,0,0,0
40589,0,1,1995,23,23,23,23,23,23,23,23,23,23
40589,1,1,1995,0,0,0,0,0,0,0,0,0,0
40590,0,1,1995,16,0,10,10,0,14,0,0,7,0
40590,1,1,1995,24,27,23,0,15,18,18,11,27,11
40591,1,1,1995,0,0,22,0,0,12,0,0,0,0
40592,1,1,1995,0,0,0,14,0,0,0,0,0,0
40592,2,1,1995,0,0,0,0,0,0,0,0,0,0
40592,3,1,1995,0,0,0,9,0,0,0,0,0,0
40592,4,1,1995,0,0,0,0,0,0,0,0,0,0
40592,5,1,1995,0,0,0,37,0,0,0,0,29,0
40592,6,1,1995,0,0,0,0,0,0,0,0,0,0
40593,1,1,1995,5,17,13,0,14,20,7,5,10,13
40593,2,1,1995,0,0,0,0,0,0,0,0,6,0
40594,0,1,1995,0,0,0,0,0,0,0,3,0,0
40594,1,1,1995,0,0,0,0,0,0,0,0,0,0
40595,1,1,1995,0,0,0,0,0,0,0,0,0,0
40596,1,1,1995,0,0,0,0,0,0,3,0,0,0
40596,2,1,1995,0,0,0,0,0,0,0,0,0,0
40597,1,1,1995,10,29,5,0,34,39,22,27,34,30
40597,2,1,1995,0,0,0,0,0,0,15,0,0,0
40598,1,1,1995,33,33,33,33,33,33,33,33,33,33
40599,1,1,1995,21,21,21,21,21,21,21,21,21,21
40599,2,1,1995,0,0,0,0,0,0,0,0,0,0
40600,1,1,1995,0,0,0,0,0,0,0,0,0,0
40601,0,1,1995,0,0,0,0,0,0,0,0,25,0
40601,1,1,1995,0,0,0,0,0,0,0,0,0,0
40602,0,1,1995,9,9,9,9,9,9,9,9,9,9
40602,1,1,1995,34,14,0,21,0,0,11,0,27,12
40603,1,1,1995,0,0,0,0,0,12,0,0,0,0
40604,0,1,1995,0,0,0,0,0,0,0,0,0,0
40604,1,1,1995,0,0,0,0,0,0,0,0,0,0
40605,1,1,1995,10,10,10,10,10,10,10,10,10,10
40606,1,1,1995,5,18,4,15,13,16,12,8,19,19
40607,1,1,1995,0,0,0,0,0,0,0,0,0,0
40608,1,1,1995,0,0,0,0,0,0,0,0,0,0
40609,1,1,1995,5,5,5,5,5,5,5,5,5,5
40609,2,1,1995,0,0,0,0,0,0,0,0,0,0
40609,3,1,1995,0,5,0,0,0,8,0,0,0,0
40610,1,1,1995,13,13,13,13,13,13,13,13,13,13
40610,2,1,1995,0,0,0,0,0,0,0,0,0,0
40611,1,1,1995,11,14,0,11,38,0,0,0,5,16
40612,1,1,1995,0,27,0,14,0,0,0,0,0,0
40613,1,1,1995,0,0,0,0,0,0,0,0,0,0
40614,1,1,1995,0,0,0,0,0,0,0,0,0,0
40614,2,1,1995,0,0,0,0,0,0,0,0,0,0
40615,1,1,1995,0,0,0,0,0,0,0,0,0,0
40615,2,1,1995,0,0,0,0,0,0,0,0,0,0
40616,1,1,1995,0,0,0,0,0,0,0,0,0,0
40617,0,1,1995,0,0,0,0,0,0,0,0,0,0
40617,1,1,1995,0,0,0,0,0,0,0,0,0,0
40618,1,1,1995,20,20,20,20,20,20,20,20,20,20
40619,1,1,1995,4,3,10,9,4,21,0,9,21,15
40620,1,1,1995,9,9,9,9,9,9,9,9,9,9
40620,2,1,1995,0,0,0,0,0,0,0,0,0,0
40621,1,1,1995,31,31,31,31,31,31,31,31,31,31
40622,0,1,1995,0,0,0,0,0,0,0,0,0,0
40622,1,1,1995,0,10,0,0,0,0,0,0,0,0
40623,1,1,1995,0,0,0,0,0,0,0,0,0,0
40624,1,1,1995,0,0,0,0,0,0,0,18,0,20
40624,2,1,1995,0,8,14,0,0,0,0,0,0,0
40624,3,1,1995,13,9,19,10,26,12,0,16,18,10
40625,0,1,1995,9,16,16,0,12,32,18,9,27,27
40625,1,1,1995,0,17,12,0,0,25,0,9,0,7
40626,1,1,1995,0,0,0,0,0,0,0,0,0,0
40627,1,1,1995,0,0,0,0,0,0,0,0,8,0
40627,2,1,1995,0,0,0,0,0,0,0,0,0,0
40628,0,1,1995,0,0,0,0,0,0,0,0,0,0
40628,1,1,1995,0,0,0,0,0,0,0,0,0,0
40629,0,1,1995,8,21,0,0,4,21,25,32,28,12
40629,1,1,1995,0,0,0,0,0,0,0,0,14,0
40630,1,1,1995,24,16,9,18,0,18,32,13,0,26
40631,1,1,1995,0,0,0,0,0,0,0,0,0,0