ST_CASE,VEH_NO,PER_NO,YEAR,P1,P2,P3,P4,P5,P6,P7,P8,P9,P10
40631,2,1,1995,0,0,0,0,0,0,0,0,0,0
40632,1,1,1995,0,0,0,0,0,0,0,0,0,0
40632,2,1,1995,0,0,0,0,0,0,0,0,0,0
40633,0,1,1995,0,0,0,0,0,0,0,0,0,0
40633,1,1,1995,0,0,0,0,0,0,0,0,0,0
40634,1,1,1995,0,0,0,0,0,0,0,0,0,0
40634,2,1,1995,0,0,16,0,0,0,20,31,8,19
40635,1,1,1995,19,0,0,0,0,22,0,0,0,0
40635,2,1,1995,0,0,0,0,22,0,0,0,0,0
40636,1,1,1995,28,28,28,28,28,28,28,28,28,28
40637,0,1,1995,3,3,3,3,3,3,3,3,3,3
40637,1,1,1995,0,15,0,0,0,0,0,0,16,0
40638,1,1,1995,22,22,22,22,22,22,22,22,22,22
40639,0,1,1995,12,12,12,12,12,12,12,12,12,12
40639,1,1,1995,0,0,0,0,0,0,0,0,0,0
40639,2,1,1995,0,0,0,0,0,0,0,0,0,0
40640,1,1,1995,10,17,14,19,18,35,6,12,8,20
40641,1,1,1995,4,13,11,41,14,15,13,27,23,11
40642,1,1,1995,0,10,0,0,0,0,0,0,0,0
40643,0,1,1995,0,0,0,0,0,0,0,0,0,0
40643,1,1,1995,0,0,0,0,0,0,0,0,0,0
40644,1,1,1995,23,18,13,45,16,8,29,12,6,26
40645,1,1,1995,26,35,0,0,0,0,0,0,15,0
40645,2,1,1995,0,0,0,0,0,0,0,0,0,0
40645,3,1,1995,0,0,0,0,0,0,0,0,0,0
40646,1,1,1995,0,0,0,0,0,0,0,0,0,0
40646,2,1,1995,0,0,0,0,0,0,0,0,0,0
40646,3,1,1995,0,0,0,0,0,0,0,0,0,0
40646,4,1,1995,0,0,0,0,0,0,0,0,0,0
40647,1,1,1995,0,0,0,0,0,0,0,0,0,0
40647,2,1,1995,0,0,0,0,0,0,0,0,0,0
40648,0,1,1995,0,0,0,0,0,28,0,0,0,0
40648,1,1,1995,0,0,0,0,0,0,0,0,0,0
40649,1,1,1995,0,0,0,0,0,0,0,0,0,0
40649,2,1,1995,0,0,0,0,0,0,0,0,0,0
40650,0,1,1995,3,3,3,3,3,3,3,3,3,3
40650,1,1,1995,0,0,0,0,0,0,0,0,0,0
40651,1,1,1995,22,18,18,11,21,29,34,11,9,16
40652,0,1,1995,0,0,0,0,0,0,0,0,0,0
40652,1,1,1995,0,0,0,0,0,0,0,0,0,0
40653,1,1,1995,0,0,0,0,0,0,0,0,0,0
40653,2,1,1995,0,0,0,0,0,0,0,0,0,0
40654,0,1,1995,0,0,0,0,0,0,20,0,0,0
40654,1,1,1995,0,0,0,0,0,0,0,0,0,0
40655,1,1,1995,4,4,4,4,4,4,4,4,4,4
40656,1,1,1995,0,0,0,0,0,0,0,0,0,0
40657,1,1,1995,17,10,13,23,3,7,8,0,21,27
40658,0,1,1995,17,17,17,17,17,17,17,17,17,17
40658,1,1,1995,0,4,0,0,0,0,0,0,0,0
40659,1,1,1995,0,0,0,0,0,0,0,0,0,0
40659,2,1,1995,0,0,0,0,0,0,0,0,0,0
40659,3,1,1995,0,0,0,0,0,0,0,0,9,2
40660,1,1,1995,0,0,0,0,0,0,0,15,0,0
40660,2,1,1995,0,12,0,0,0,0,0,0,0,0
40661,0,1,1995,7,0,9,0,44,0,0,0,6,22
40661,1,1,1995,3,24,13,6,16,9,17,11,12,3
40662,0,1,1995,22,22,22,22,22,22,22,22,22,22
40662,1,1,1995,0,0,0,0,0,0,0,9,0,0
40663,1,1,1995,0,15,11,0,12,10,2,16,6,19
40663,2,1,1995,0,0,0,0,0,0,0,0,0,18
40664,0,1,1995,0,0,0,0,0,0,0,0,0,0
40664,1,1,1995,0,0,0,0,0,0,0,0,0,0
40665,0,1,1995,0,32,0,0,7,13,0,18,0,0
40665,1,1,1995,0,0,0,8,0,0,0,0,0,0
40665,2,1,1995,0,0,0,0,0,22,0,0,0,0
40665,3,1,1995,0,0,22,0,0,0,0,0,0,0
40666,1,1,1995,0,0,0,0,0,0,0,0,0,0
40666,2,1,1995,0,0,0,0,0,0,0,0,0,0
40667,1,1,1995,0,0,0,0,0,0,0,0,0,0
40668,1,1,1995,11,8,14,24,16,13,17,18,8,18
40668,2,1,1995,0,0,0,0,17,0,7,0,0,23
40669,1,1,1995,23,23,23,23,23,23,23,23,23,23
40670,1,1,1995,0,0,0,0,0,0,0,0,0,0
40670,2,1,1995,0,0,0,0,0,0,0,0,0,0
40671,0,1,1995,0,0,10,0,0,30,0,0,10,31
40671,1,1,1995,0,0,0,0,0,0,0,0,0,0
40672,0,1,1995,0,0,0,0,0,0,0,0,0,0
40672,1,1,1995,17,8,12,16,12,16,19,7,12,24
40673,1,1,1995,23,7,0,19,9,12,20,0,21,0
40673,2,1,1995,0,0,0,0,0,0,0,0,0,0
40674,1,1,1995,13,21,13,22,26,6,33,15,15,15
40675,0,1,1995,0,0,0,0,0,0,0,0,0,0
40675,0,2,1995,0,0,0,0,0,0,0,0,0,0
40675,1,1,1995,0,0,0,0,0,0,0,0,0,0
40676,0,1,1995,13,13,13,13,13,13,13,13,13,13
40676,1,1,1995,0,0,0,0,0,0,0,0,18,0
40677,1,1,1995,15,0,0,0,26,0,32,0,18,7
40678,1,1,1995,0,0,0,0,0,0,0,0,0,0
40678,2,1,1995,0,0,0,0,0,0,0,29,0,0
40678,3,1,1995,0,0,0,0,0,0,0,0,0,0
40679,1,1,1995,30,30,30,30,30,30,30,30,30,30
40680,0,1,1995,0,0,0,0,0,0,0,0,0,0
40680,1,1,1995,0,0,0,0,0,0,0,0,0,0
40681,1,1,1995,0,0,24,17,0,0,0,14,0,0
40681,2,1,1995,0,22,17,20,0,18,0,16,17,0
40682,1,1,1995,0,0,0,0,22,13,0,0,15,0
40683,0,1,1995,21,21,21,21,21,21,21,21,21,21
40683,1,1,1995,0,13,0,12,0,0,0,0,0,0
40684,1,1,1995,19,21,19,20,19,30,12,8,3,11
40685,1,1,1995,14,14,14,14,14,14,14,14,14,14
40685,2,1,1995,0,0,0,0,0,10,0,0,0,0
40686,1,1,1995,21,21,21,21,21,21,21,21,21,21
40686,2,1,1995,0,0,0,0,0,0,0,0,0,0
40687,1,1,1995,0,0,0,0,4,7,9,18,11,0
40687,2,1,1995,0,11,11,10,0,0,16,0,12,5
40688,0,1,1995,13,13,13,13,13,13,13,13,13,13
40688,1,1,1995,0,0,0,0,0,0,0,0,0,0
40689,1,1,1995,0,0,0,0,0,0,4,7,0,0
40690,1,1,1995,8,0,30,15,3,0,21,0,0,0
40691,1,1,1995,0,0,0,0,0,0,0,0,0,0
40691,2,1,1995,0,11,13,0,0,11,0,5,11,0
40691,3,1,1995,0,0,0,0,0,0,0,0,0,0
40692,1,1,1995,0,0,0,0,0,0,0,17,0,0
40693,1,1,1995,21,21,21,21,21,21,21,21,21,21
40693,2,1,1995,16,20,10,33,0,20,12,28,15,9
40694,0,1,1995,16,0,6,0,0,0,24,0,13,23
40694,1,1,1995,0,0,0,0,25,21,16,0,0,0
40695,1,1,1995,0,0,0,0,0,0,0,0,0,0
40696,1,1,1995,0,0,0,0,0,0,0,0,0,0
40696,2,1,1995,0,0,0,0,0,0,0,0,0,0
40697,1,1,1995,0,0,0,0,19,0,0,0,0,0
40697,2,1,1995,0,0,0,0,0,0,0,0,0,13
40697,3,1,1995,0,0,0,0,0,0,4,0,0,0
40697,4,1,1995,0,0,0,0,0,0,0,0,0,0
40698,1,1,1995,24,11,9,16,0,10,12,0,0,22
40698,2,1,1995,0,0,0,0,0,0,0,0,7,21
40699,1,1,1995,24,24,24,24,24,24,24,24,24,24
40699,2,1,1995,0,0,0,0,0,0,0,0,0,0
40700,1,1,1995,9,9,9,9,9,9,9,9,9,9
40701,1,1,1995,48,13,0,10,12,18,34,37,26,45
40701,2,1,1995,0,0,0,0,0,0,0,0,0,0
40702,1,1,1995,0,0,0,0,0,0,0,0,0,0
40703,1,1,1995,0,15,0,0,26,0,10,8,12,0
40704,1,1,1995,13,13,13,13,13,13,13,13,13,13
40705,1,1,1995,0,7,8,7,0,0,0,0,0,0
40706,1,1,1995,19,19,19,19,19,19,19,19,19,19
40707,1,1,1995,0,0,0,0,0,0,0,0,0,0
40708,1,1,1995,24,24,24,24,24,24,24,24,24,24
40708,2,1,1995,21,6,14,19,14,0,15,23,7,18
40709,1,1,1995,0,0,0,0,0,0,0,0,0,0
40710,1,1,1995,0,0,0,0,0,0,0,0,14,0
40710,2,1,1995,0,0,0,0,0,23,0,0,0,0
40711,1,1,1995,16,30,15,16,8,14,25,12,11,28
40711,2,1,1995,0,0,0,0,0,0,0,0,0,0
40713,1,1,1995,22,21,7,15,18,14,18,33,10,23
40714,0,1,1995,0,19,39,0,0,25,0,0,0,0
40714,1,1,1995,0,0,0,0,3,0,5,0,0,0
40715,1,1,1995,0,0,0,0,0,0,0,0,0,0
40715,2,1,1995,0,0,0,0,0,0,0,0,0,0
40716,1,1,1995,0,0,0,0,0,0,0,0,0,0
40716,2,1,1995,0,0,11,0,12,0,0,0,0,0
40717,0,1,1995,0,2,16,13,28,20,4,21,20,0
40717,1,1,1995,0,0,0,0,0,0,0,0,0,0
40718,1,1,1995,0,0,0,0,0,0,0,0,13,0
40718,2,1,1995,0,0,0,0,0,0,0,0,0,0
40719,1,1,1995,19,15,20,9,5,5,21,3,7,19
40719,2,1,1995,0,7,0,0,0,0,0,0,0,0
40719,3,1,1995,0,0,0,0,0,0,0,0,0,0
40720,1,1,1995,21,21,21,21,21,21,21,21,21,21
40720,2,1,1995,0,0,0,15,0,10,0,0,11,0
40721,2,1,1995,0,0,0,0,0,0,0,0,0,0
40722,1,1,1995,0,0,0,0,0,0,0,0,0,0
40722,2,1,1995,0,24,12,0,0,11,0,0,0,0
40723,0,1,1995,30,26,12,3,13,22,40,20,20,22
40723,1,1,1995,0,0,0,0,0,0,10,0,0,0
40723,2,1,1995,0,23,0,0,0,0,0,0,0,0
40724,0,1,1995,0,0,0,0,0,0,0,0,0,0
40724,1,1,1995,0,0,0,0,0,0,0,0,0,0
40725,1,1,1995,0,0,0,0,0,0,0,0,0,0
40725,2,1,1995,0,0,0,0,0,0,0,0,0,0
40726,1,1,1995,0,0,0,0,0,0,0,0,0,0
40726,2,1,1995,0,0,0,0,0,0,0,0,0,0
40727,1,1,1995,0,0,0,0,0,0,0,0,0,0
40727,2,1,1995,0,0,0,0,0,0,0,0,0,0
40728,0,1,1995,0,0,0,0,0,0,22,0,26,0
40728,1,1,1995,0,0,0,0,0,10,0,20,0,0
40729,1,1,1995,0,0,9,0,0,11,0,0,0,0
40730,1,1,1995,12,18,13,12,13,11,0,13,14,9
40730,2,1,1995,0,0,0,0,0,0,0,0,0,0
40731,0,1,1995,0,0,0,0,0,0,0,0,0,0
40731,1,1,1995,0,0,0,0,0,0,0,0,0,0
40732,1,1,1995,0,0,0,0,0,0,0,0,0,0
40732,2,1,1995,0,0,0,11,0,0,0,0,0,0
40733,0,1,1995,20,16,13,19,29,10,34,15,33,30
40733,1,1,1995,0,15,0,0,0,0,0,0,0,0
40734,1,1,1995,9,4,11,7,9,4,12,11,17,9
40734,2,1,1995,0,0,0,0,0,0,0,0,0,0
40734,3,1,1995,0,0,0,0,0,0,0,0,0,0
40735,1,1,1995,0,23,13,0,26,6,0,17,10,9
40736,1,1,1995,0,0,0,0,0,0,0,0,0,0
40736,2,1,1995,0,0,0,0,0,0,0,0,0,0
40737,0,1,1995,0,0,0,0,0,0,0,0,0,0
40737,1,1,1995,0,0,0,0,0,0,0,0,0,0
40738,0,1,1995,27,0,6,32,28,0,15,14,29,10
40738,0,2,1995,16,29,17,43,34,0,0,0,15,13
40738,1,1,1995,0,0,0,0,0,0,0,0,0,0
40739,0,1,1995,30,18,37,19,18,0,34,9,47,13
40739,1,1,1995,8,13,15,30,10,26,21,23,30,12
40740,1,1,1995,13,13,13,13,13,13,13,13,13,13
40741,0,1,1995,0,0,0,0,0,0,0,0,0,0
40741,1,1,1995,0,0,0,0,0,0,0,0,0,0
40742,1,1,1995,14,11,17,18,15,25,21,11,9,0
40742,2,1,1995,0,0,0,0,0,0,0,0,0,0
40743,1,1,1995,0,0,0,0,0,0,0,0,0,0
40743,2,1,1995,0,0,0,0,0,0,0,0,0,0
40744,1,1,1995,0,28,8,23,18,7,15,22,10,7
40744,2,1,1995,0,0,0,0,0,0,0,0,0,0
40745,1,1,1995,0,0,0,0,0,0,0,0,0,0
40745,2,1,1995,21,21,21,21,21,21,21,21,21,21
40746,1,1,1995,9,9,9,9,9,9,9,9,9,9
40747,1,1,1995,19,0,0,0,0,0,0,16,0,13
40748,1,1,1995,0,0,0,0,0,0,0,0,0,0
40748,2,1,1995,0,0,0,0,0,0,0,0,0,0
40749,0,1,1995,0,0,0,17,0,0,0,19,24,0
40749,1,1,1995,11,0,7,0,0,12,19,6,11,0
40750,1,1,1995,0,0,0,12,0,0,0,0,0,0
40750,2,1,1995,0,0,5,0,0,0,0,0,0,0
40751,1,1,1995,0,0,0,0,0,0,0,0,0,0
40752,1,1,1995,8,7,14,10,8,5,9,17,15,23
40753,1,1,1995,19,0,0,0,0,0,0,0,0,0
40753,2,1,1995,0,0,0,0,0,0,0,0,0,0
40754,1,1,1995,0,0,0,0,0,0,0,0,0,0
40754,2,1,1995,0,0,0,0,0,0,0,0,0,17
40755,1,1,1995,27,27,27,27,27,27,27,27,27,27
40755,2,1,1995,0,0,0,0,0,0,2,6,0,0
40756,1,1,1995,0,0,0,0,0,0,0,0,0,0
40756,2,1,1995,0,0,0,0,13,0,0,27,13,7
40757,1,1,1995,0,0,0,0,0,0,0,0,0,0
40757,2,1,1995,0,0,0,0,32,0,0,0,0,0
40758,0,1,1995,0,0,0,23,0,0,0,0,0,0
40758,1,1,1995,2,13,7,16,10,1,14,5,14,4
40759,0,1,1995,0,0,0,0,0,0,0,0,0,0
40759,1,1,1995,0,0,0,4,0,0,0,0,0,0
40760,1,1,1995,0,0,0,0,0,0,0,0,0,0
40761,0,1,1995,0,0,0,0,0,0,0,0,0,0
40761,0,2,1995,0,24,0,25,21,0,33,0,0,0
40761,1,1,1995,0,0,5,0,0,0,0,0,13,0
40762,1,1,1995,16,16,16,16,16,16,16,16,16,16
40763,1,1,1995,32,22,0,26,0,21,27,0,0,29
40763,2,1,1995,0,0,0,0,0,0,0,0,0,0
40764,1,1,1995,0,0,0,0,0,0,0,0,0,0
40764,2,1,1995,0,0,0,0,0,0,0,0,0,0
40764,3,1,1995,0,0,0,0,0,0,0,0,0,0
40765,1,1,1995,0,0,0,0,0,0,0,0,0,0
40765,2,1,1995,0,0,0,0,0,0,14,0,0,0
40766,1,1,1995,0,0,0,0,0,0,0,0,0,0
40767,0,1,1995,0,0,18,17,0,26,39,25,24,13
40767,1,1,1995,0,0,0,0,0,0,0,0,0,0
40768,0,1,1995,0,0,0,0,0,0,0,0,0,0
40768,0,2,1995,0,0,0,17,4,19,0,0,12,0
40768,1,1,1995,0,14,0,8,22,0,16,21,19,9
40769,1,1,1995,0,0,0,0,0,0,0,0,0,0
40769,2,1,1995,0,0,0,0,0,0,0,0,0,0
40770,1,1,1995,0,0,0,0,0,0,0,0,0,0
40770,2,1,1995,0,0,0,0,0,0,0,0,0,0
40771,0,1,1995,0,0,0,0,0,0,0,0,0,0
40771,1,1,1995,0,0,0,0,0,0,0,0,0,0
40772,1,1,1995,0,0,0,0,0,0,0,0,0,0
40772,2,1,1995,0,0,0,0,0,0,0,0,0,0
40773,1,1,1995,12,0,0,0,0,0,0,0,0,10
40773,2,1,1995,0,0,0,0,0,0,0,0,0,0
40774,1,1,1995,0,23,11,32,0,0,17,30,0,29
40775,1,1,1995,0,0,0,0,0,0,0,0,0,0
40775,2,1,1995,26,26,26,26,26,26,26,26,26,26
40776,1,1,1995,0,0,0,0,0,0,0,0,0,0
40776,2,1,1995,0,0,0,0,0,0,0,0,0,0
40777,1,2,1995,0,0,0,3,0,0,0,0,0,0
40778,0,1,1995,28,28,28,28,28,28,28,28,28,28
40778,1,1,1995,0,0,0,0,0,0,0,0,0,0
40779,1,1,1995,31,31,31,31,31,31,31,31,31,31
40780,0,1,1995,0,0,0,0,0,0,0,0,0,0
40780,1,1,1995,0,0,0,0,0,0,0,0,0,0
40781,0,1,1995,2,2,2,2,2,2,2,2,2,2
40781,0,2,1995,0,31,6,0,0,0,20,15,0,0
40781,1,1,1995,9,24,15,17,7,15,8,18,16,11
40782,1,1,1995,9,9,9,9,9,9,9,9,9,9
40782,2,1,1995,3,6,25,22,18,23,19,15,10,24
40782,3,1,1995,0,0,0,0,0,0,0,0,0,0
40783,1,1,1995,0,22,10,0,0,28,21,17,20,0
40784,0,1,1995,17,0,15,0,0,0,0,0,0,0
40784,1,1,1995,0,0,0,0,0,0,0,0,0,0
40785,0,1,1995,9,9,9,9,9,9,9,9,9,9
40785,1,1,1995,0,0,0,0,0,0,0,0,0,0
40786,1,1,1995,18,18,18,18,18,18,18,18,18,18
40787,1,1,1995,8,26,17,27,11,19,23,18,21,15
40787,2,1,1995,0,15,0,0,0,0,0,14,0,0
40788,1,1,1995,0,0,0,0,0,0,0,0,0,0
40789,0,1,1995,0,0,0,0,0,0,0,0,0,0
40789,1,1,1995,0,0,0,0,0,0,0,0,0,0
40791,1,1,1995,11,11,11,11,11,11,11,11,11,11
40791,2,1,1995,0,0,0,0,0,0,0,0,0,0
40792,0,1,1995,0,0,0,21,9,0,0,17,0,25
40792,1,1,1995,0,0,0,0,0,0,0,0,0,0
40793,1,1,1995,0,0,0,0,0,0,0,0,0,0
40793,2,1,1995,0,0,0,0,0,0,0,0,0,0
40794,1,1,1995,13,13,13,13,13,13,13,13,13,13
40795,1,1,1995,0,0,0,0,0,0,0,0,0,0
40795,2,1,1995,0,0,0,0,0,0,0,0,0,0
40796,1,1,1995,20,0,29,0,40,16,0,0,20,0
40796,2,1,1995,0,0,0,0,0,0,0,0,0,0
40797,1,1,1995,22,22,22,22,22,22,22,22,22,22
40798,1,1,1995,28,28,28,28,28,28,28,28,28,28
40798,2,1,1995,0,0,0,0,0,0,0,0,0,0
40799,1,1,1995,11,11,11,11,11,11,11,11,11,11
40799,2,1,1995,0,0,0,0,0,0,0,0,0,0
40799,3,1,1995,0,0,0,0,0,0,0,0,0,0
40799,4,1,1995,10,0,0,0,0,0,0,0,0,0
40800,1,1,1995,8,0,0,0,0,0,0,0,0,0
40800,2,1,1995,0,0,0,0,0,0,0,0,0,0
40800,3,1,1995,0,0,0,0,0,0,0,0,0,0
40801,1,1,1995,0,0,0,0,0,0,0,0,0,0
40802,1,1,1995,1,1,1,1,1,1,1,1,1,1
40803,1,1,1995,15,19,21,12,24,6,8,7,12,5
40803,2,1,1995,0,0,0,0,0,0,0,0,0,0
40804,1,1,1995,0,0,0,0,0,0,0,0,0,0
40804,2,1,1995,0,0,0,0,0,0,0,0,0,0
40805,0,1,1995,0,0,0,0,0,0,0,0,0,0
40805,1,1,1995,0,0,0,0,0,0,0,0,0,0
40806,1,1,1995,0,0,0,0,0,0,0,0,0,0
40806,2,1,1995,0,0,0,0,0,0,0,0,0,0
40806,3,1,1995,0,0,0,0,0,0,0,0,0,0
40807,1,1,1995,0,0,0,0,0,0,0,0,0,0
40807,2,1,1995,0,0,0,0,0,0,0,0,0,0
40808,1,1,1995,9,9,9,9,9,9,9,9,9,9
40809,1,1,1995,25,13,20,13,4,8,12,24,18,22
40809,2,1,1995,0,0,0,0,0,0,0,0,0,0
40810,1,1,1995,0,0,0,0,0,0,0,0,0,0
40812,1,1,1995,15,9,27,8,0,14,0,32,25,20
40813,1,1,1995,7,7,7,7,7,7,7,7,7,7
40813,2,1,1995,0,0,0,0,0,0,0,0,0,0
40813,3,1,1995,0,0,0,0,0,0,0,0,0,0
40814,1,1,1995,0,0,0,0,0,0,0,0,0,0
40814,2,1,1995,0,0,0,0,0,0,0,0,0,0
40814,3,1,1995,6,0,0,0,0,0,9,0,0,0
40815,0,1,1995,0,0,0,0,0,0,0,0,0,0
40815,1,1,1995,0,0,0,0,0,0,0,0,0,0
40816,1,1,1995,0,0,0,0,0,0,0,0,0,0
40816,2,1,1995,0,0,0,0,0,0,0,0,0,0
40817,1,1,1995,0,0,0,0,0,0,0,0,0,0
40817,2,1,1995,0,0,0,0,0,0,0,0,0,0
40818,1,1,1995,15,8,8,25,31,7,9,11,14,10
40818,2,1,1995,0,0,0,0,0,0,0,0,0,0
40818,3,1,1995,0,0,0,0,0,0,0,0,0,0
40818,4,1,1995,0,0,0,0,0,0,0,0,0,0
40819,1,1,1995,0,0,0,0,0,0,0,0,0,0
40820,0,1,1995,0,0,0,0,0,0,0,0,0,0
40820,1,1,1995,19,7,0,0,18,13,5,10,9,10
40821,1,1,1995,0,0,0,0,0,0,0,0,0,0
40821,2,1,1995,0,0,0,0,0,0,0,0,0,0
40822,1,1,1995,13,13,13,13,13,13,13,13,13,13
40822,2,1,1995,0,0,0,0,0,0,0,0,0,0
40822,3,1,1995,0,0,0,0,0,0,0,0,0,0
40823,1,1,1995,0,0,0,0,0,0,0,0,0,0
40824,1,1,1995,14,0,0,0,0,0,0,0,0,0
40824,2,1,1995,0,0,0,3,0,0,0,0,0,0
40825,1,1,1995,8,8,8,8,8,8,8,8,8,8
40826,1,1,1995,27,16,17,9,14,39,20,13,28,27
40827,1,1,1995,6,6,6,6,6,6,6,6,6,6
40828,0,1,1995,32,32,32,32,32,32,32,32,32,32
40828,1,1,1995,0,0,21,0,9,3,11,0,0,0
40829,1,1,1995,4,20,5,13,4,15,36,31,27,25
40830,1,2,1995,0,0,0,0,0,0,8,0,14,0
40831,1,1,1995,15,14,11,17,3,11,25,12,22,7
40832,0,1,1995,0,0,0,0,0,0,0,0,0,0
40832,1,1,1995,0,0,0,0,0,0,0,0,0,0
40833,1,1,1995,0,14,0,13,0,13,0,9,22,21
40834,1,1,1995,0,0,0,28,0,0,0,0,0,0
40834,2,1,1995,0,0,0,0,0,0,0,0,0,0
40835,1,1,1995,4,4,4,4,4,4,4,4,4,4
40836,1,1,1995,13,7,19,18,19,32,13,14,14,30
40836,2,1,1995,0,0,0,0,0,0,0,0,0,0
40837,0,1,1995,14,14,14,14,14,14,14,14,14,14
40837,1,1,1995,22,19,0,18,10,13,12,36,14,10
40838,1,1,1995,25,25,25,25,25,25,25,25,25,25
40839,0,1,1995,4,4,4,4,4,4,4,4,4,4
40839,1,1,1995,18,20,7,10,15,8,23,22,18,10
40839,2,1,1995,13,0,0,9,0,0,0,0,0,0
40840,1,1,1995,0,0,0,0,0,0,0,0,0,0
40841,1,1,1995,0,0,0,0,0,0,0,0,0,0
40841,2,1,1995,0,0,0,0,0,0,0,0,0,0
40842,1,1,1995,15,15,15,15,15,15,15,15,15,15
40842,2,1,1995,5,21,16,9,18,18,6,10,24,10
40842,3,1,1995,0,0,0,0,0,0,0,0,0,0
40843,1,1,1995,10,10,10,10,10,10,10,10,10,10
40844,1,1,1995,0,0,0,0,0,0,0,0,0,0
40844,2,1,1995,0,0,0,0,0,0,0,0,0,0
40845,1,1,1995,31,18,33,20,21,0,0,32,0,27
40846,1,1,1995,17,0,0,0,0,0,0,0,0,0
40846,2,1,1995,0,0,0,0,0,0,0,0,0,0
40847,0,1,1995,0,0,0,0,0,0,0,0,0,0
40847,1,1,1995,0,0,0,0,0,0,0,0,0,0
40847,2,1,1995,0,0,0,0,0,0,0,0,0,0
40848,1,1,1995,0,0,0,0,4,0,0,0,0,0
40848,2,1,1995,0,0,0,0,0,0,0,0,0,0
40849,0,1,1995,0,0,0,0,0,0,0,0,0,0
40849,1,1,1995,0,0,0,0,0,0,0,0,0,0
40850,1,1,1995,0,0,0,0,0,0,13,0,0,10
40851,1,1,1995,0,0,0,0,0,0,0,0,0,0
40851,2,1,1995,0,0,0,0,0,0,0,0,0,0
40852,1,1,1995,0,0,0,0,0,0,0,0,0,0
40853,1,1,1995,20,20,20,20,20,20,20,20,20,20
40854,0,1,1995,18,18,18,18,18,18,18,18,18,18
40854,1,1,1995,0,0,0,0,0,0,0,8,0,0
40855,1,1,1995,20,0,0,0,0,5,0,0,11,0
40856,1,1,1995,14,17,11,22,8,21,12,0,25,15
40857,1,1,1995,11,0,0,0,26,33,20,0,0,0
40858,1,1,1995,6,9,12,11,9,7,5,5,19,16
40859,0,1,1995,19,28,20,0,0,0,0,7,0,30
40859,1,1,1995,13,0,0,0,24,0,0,0,0,19
40860,1,1,1995,0,0,0,0,0,0,0,0,0,0
40860,2,1,1995,0,0,0,0,0,0,0,0,0,0
40861,1,1,1995,13,13,13,13,13,13,13,13,13,13
40862,1,1,1995,0,0,0,0,0,0,0,0,0,0
40863,1,1,1995,0,0,0,0,0,0,0,0,0,0
40864,1,1,1995,0,0,0,0,0,0,0,0,0,0
40864,2,1,1995,0,0,0,0,17,0,0,0,0,0
40864,3,1,1995,0,0,0,0,0,0,0,0,0,0
40865,1,1,1995,0,0,0,11,0,0,0,0,9,13
40866,1,1,1995,20,31,33,0,0,0,0,15,16,11
40869,1,1,1995,22,15,17,14,0,0,0,12,0,10
40870,1,2,1995,0,19,31,22,0,0,23,0,0,18
40871,1,1,1995,0,27,0,27,0,7,0,0,0,0
40872,1,1,1995,7,7,7,7,7,7,7,7,7,7
40873,1,1,1995,0,22,15,0,0,0,0,0,0,0
40874,1,2,1995,18,0,0,46,0,0,23,0,0,0
40876,2,1,1995,0,0,0,0,15,0,0,0,0,0
40877,1,1,1995,0,0,0,0,9,0,0,0,0,0
40878,1,2,1995,0,0,0,0,0,0,0,11,18,0
40879,1,2,1995,0,0,23,0,52,0,0,0,0,0
40880,2,1,1995,0,0,24,0,0,0,0,0,25,0
40881,0,1,1995,5,0,0,0,0,0,32,0,0,14
40881,1,1,1995,0,17,18,0,16,0,0,0,0,0
40882,0,1,1995,0,10,10,23,14,14,0,12,26,18
40882,1,1,1995,0,0,22,2,19,0,19,25,0,22
40883,1,2,1995,0,27,0,0,0,0,0,0,3,0
40884,1,1,1995,0,0,0,0,0,0,0,0,0,0
40885,0,1,1995,16,38,0,8,0,21,26,42,30,0
40885,1,1,1995,0,27,20,8,0,14,0,13,15,32
40886,1,2,1995,0,0,0,0,0,0,0,16,10,9
40887,0,1,1995,0,27,0,29,0,0,0,0,0,0
40887,1,1,1995,0,0,0,0,0,0,0,0,0,0
40888,1,2,1995,0,0,15,18,0,0,0,0,0,0
40892,1,1,1995,0,24,21,0,27,0,0,0,0,0
40894,2,2,1995,16,0,0,0,0,0,0,6,0,12
40897,1,1,1995,13,14,0,0,0,0,0,0,0,0
40898,1,1,1995,37,0,0,0,0,8,0,11,0,20
40900,1,2,1995,11,0,27,0,17,0,27,16,7,34
40901,0,1,1995,12,12,12,12,12,12,12,12,12,12
40901,1,1,1995,16,18,0,12,0,0,0,0,0,12
40902,1,1,1995,0,0,0,0,0,0,0,0,0,0
40902,2,1,1995,0,0,0,0,0,0,0,0,0,0
40902,3,1,1995,0,0,0,0,0,0,0,0,0,0
40903,1,1,1995,0,0,22,0,0,0,0,0,0,0
40903,2,1,1995,0,0,0,0,0,0,0,11,18,0
40903,3,1,1995,0,0,0,0,0,0,12,0,0,0
40903,4,1,1995,0,0,0,0,0,0,0,0,0,0
40903,5,1,1995,0,0,0,0,0,0,0,0,0,0
40903,6,1,1995,0,0,0,0,0,0,0,0,0,0
40903,7,1,1995,0,0,0,0,0,0,0,0,0,0
40904,1,1,1995,15,23,0,12,0,0,18,0,0,0
40904,2,1,1995,26,20,0,0,0,0,0,0,0,22
40906,1,1,1995,0,0,11,0,0,15,7,41,0,0
40908,1,1,1995,0,0,0,0,0,0,0,0,0,0
40908,2,1,1995,0,0,0,0,0,0,0,0,0,0
40909,1,1,1995,0,0,0,0,16,0,0,26,0,0
40909,2,1,1995,0,0,0,0,12,0,0,0,13,0
40910,1,2,1995,0,0,0,23,0,21,15,0,19,0
40911,1,1,1995,0,0,0,0,0,0,14,0,0,0
40913,0,1,1995,25,0,0,22,0,0,0,0,15,23
40913,1,1,1995,0,21,8,0,0,0,0,0,0,0
40915,1,1,1995,31,0,0,0,0,0,0,0,7,0