ST_CASE,VEH_NO,PER_NO,YEAR,P1,P2,P3,P4,P5,P6,P7,P8,P9,P10
40915,2,1,1995,0,18,0,0,29,26,0,0,7,27
40917,0,1,1995,32,0,7,0,0,0,0,34,0,0
40917,1,1,1995,0,0,0,0,0,0,0,0,0,0
40918,1,1,1995,8,0,27,11,18,0,23,24,0,19
40919,1,1,1995,0,0,0,0,0,0,0,0,0,0
40920,0,1,1995,7,7,7,7,7,7,7,7,7,7
40920,1,1,1995,0,9,0,0,14,14,0,14,0,0
40922,1,1,1995,12,12,12,12,12,12,12,12,12,12
40922,2,1,1995,0,0,0,0,0,0,0,0,0,0
40924,1,1,1995,21,0,0,0,0,0,0,0,8,0
40924,2,1,1995,0,0,0,0,0,0,16,0,0,0
40925,1,1,1995,19,19,28,23,29,0,25,0,28,11
40926,0,1,1995,20,20,20,20,20,20,20,20,20,20
40926,1,1,1995,0,0,0,0,13,0,0,0,0,18
40928,1,3,1995,0,0,0,38,0,0,0,10,31,14
40930,1,1,1995,0,0,0,0,0,0,0,0,0,0
40930,2,1,1995,0,0,0,0,0,0,0,0,0,0
40931,1,2,1995,7,9,4,26,19,0,0,0,32,5
40932,1,1,1995,10,20,14,23,4,12,0,11,10,0
40933,1,1,1995,8,8,8,8,8,8,8,8,8,8
40934,0,1,1995,0,0,0,0,0,0,0,0,0,0
40934,1,1,1995,0,0,0,0,0,0,0,0,0,0
40935,0,1,1995,11,11,11,11,11,11,11,11,11,11
40935,1,1,1995,0,0,0,0,0,0,0,0,0,0
40936,0,1,1995,13,20,25,0,0,16,0,22,19,0
40936,1,1,1995,4,0,0,0,0,0,0,0,0,0
40938,0,1,1995,0,24,0,0,0,0,0,0,28,23
40939,1,1,1995,0,0,0,0,0,0,0,0,0,0
40939,2,1,1995,0,19,13,19,29,13,20,22,20,12
40940,1,1,1995,0,9,6,24,21,8,18,9,12,15
40941,1,1,1995,0,0,0,0,0,0,0,0,0,0
40941,2,1,1995,0,0,0,0,0,0,0,0,0,0
40942,1,1,1995,0,0,0,0,0,0,0,0,0,0
40942,2,1,1995,0,0,0,0,0,0,0,0,0,0
40942,3,1,1995,0,0,0,0,0,0,0,0,0,0
40943,0,1,1995,0,0,0,0,0,0,0,0,0,0
40943,1,1,1995,0,0,0,0,0,0,0,0,0,0
40944,0,1,1995,0,0,0,0,0,0,0,0,0,0
40944,1,1,1995,9,9,0,0,0,0,0,0,0,0
40945,1,1,1995,0,0,0,0,0,0,0,14,0,22
40946,0,1,1995,17,17,0,0,26,0,0,0,0,0
40946,1,1,1995,24,20,0,18,0,0,4,20,22,0
40947,1,2,1995,0,7,19,17,0,0,0,0,0,0
40948,1,1,1995,32,14,0,0,22,21,4,0,0,11
40949,1,1,1995,25,25,25,25,25,25,25,25,25,25
40950,1,1,1995,0,0,0,0,0,0,0,0,0,0
40950,2,1,1995,14,11,27,26,15,32,15,32,17,11
40951,1,1,1995,16,16,16,16,16,16,16,16,16,16
40951,2,1,1995,17,17,17,17,17,17,17,17,17,17
40951,3,1,1995,0,0,0,0,0,0,0,0,0,0
40952,1,1,1995,14,22,25,29,25,0,16,0,31,0
40954,1,1,1995,0,0,0,0,15,0,0,0,0,0
40955,1,1,1995,21,7,22,5,31,14,18,4,23,28
50001,1,1,1995,0,0,0,0,0,13,0,0,0,0
50002,1,1,1995,0,0,0,0,0,0,10,0,0,0
50003,1,1,1995,0,0,0,0,0,0,0,0,0,0
50003,2,1,1995,0,0,0,0,0,0,0,0,0,0
50003,3,1,1995,0,0,0,0,0,0,0,0,0,0
50004,1,1,1995,0,0,0,0,0,0,0,0,0,14
50004,2,1,1995,0,0,0,17,0,0,0,0,0,0
50005,1,1,1995,20,20,20,20,20,20,20,20,20,20
50006,1,1,1995,18,18,18,18,18,18,18,18,18,18
50007,1,1,1995,0,0,0,0,0,0,0,0,0,0
50007,2,1,1995,0,0,0,0,0,0,0,0,0,0
50008,1,1,1995,0,0,0,0,0,0,0,0,0,0
50008,2,1,1995,0,0,0,0,0,0,0,0,0,0
50008,3,1,1995,0,0,0,0,0,0,0,0,0,0
50008,4,1,1995,0,0,0,0,0,0,0,0,0,0
50008,5,1,1995,0,0,0,0,0,0,0,0,0,0
50008,6,1,1995,0,0,0,0,0,0,0,0,0,0
50008,7,1,1995,0,0,0,0,0,0,0,0,0,0
50008,8,1,1995,0,0,0,0,0,0,0,0,0,0
50008,9,1,1995,2,2,2,2,2,2,2,2,2,2
50009,1,1,1995,0,0,0,0,0,0,0,0,0,0
50009,2,1,1995,0,0,0,0,0,0,0,0,0,0
50010,1,1,1995,0,0,0,0,0,0,0,0,0,0
50010,2,1,1995,0,0,0,0,0,0,16,0,0,0
50011,1,1,1995,28,28,28,28,28,28,28,28,28,28
50011,2,1,1995,0,0,0,0,0,0,0,0,0,0
50011,3,1,1995,0,0,0,0,0,0,0,0,0,0
50012,2,1,1995,0,0,0,0,0,0,0,0,0,0
50013,1,1,1995,0,0,0,0,0,0,0,0,19,0
50013,2,1,1995,14,14,14,14,14,14,14,14,14,14
50013,3,1,1995,0,0,0,0,0,0,0,0,0,0
50014,1,1,1995,22,22,22,22,22,22,22,22,22,22
50015,1,1,1995,0,0,0,0,0,0,0,0,0,0
50015,2,1,1995,0,0,0,0,0,0,0,0,0,0
50016,1,1,1995,0,0,0,0,0,0,0,0,0,0
50016,2,1,1995,0,12,0,0,0,17,0,9,0,0
50017,1,1,1995,0,0,0,0,0,0,0,0,0,0
50018,1,1,1995,0,0,0,0,0,0,0,0,0,0
50018,2,1,1995,0,0,0,0,0,0,0,0,0,0
50019,1,1,1995,0,0,0,0,0,0,0,0,0,0
50019,2,1,1995,0,0,0,0,0,0,0,0,0,0
50020,1,1,1995,0,0,0,0,0,0,0,0,0,0
50020,2,1,1995,0,0,0,0,0,0,0,0,0,0
50020,3,1,1995,0,0,0,0,0,0,0,0,0,0
50021,1,1,1995,0,0,0,0,0,0,0,0,0,0
50021,2,1,1995,0,0,0,0,0,0,0,0,0,0
50022,1,1,1995,0,0,0,0,0,0,0,0,0,0
50022,2,1,1995,0,0,0,0,0,0,0,0,0,0
50023,1,1,1995,0,0,0,0,6,0,0,0,0,0
50024,1,1,1995,0,0,0,0,0,0,0,0,0,17
50025,1,1,1995,0,0,0,0,0,0,0,0,0,0
50025,2,1,1995,0,0,0,0,0,0,0,0,0,0
50025,3,1,1995,0,0,0,0,0,0,0,0,0,0
50026,1,1,1995,0,0,0,0,0,0,0,0,0,0
50026,2,1,1995,0,0,0,0,0,0,0,0,0,0
50027,1,1,1995,0,0,0,0,0,0,0,0,0,0
50028,1,1,1995,0,0,0,0,0,0,26,0,0,0
50030,1,1,1995,0,0,0,0,0,0,0,0,0,0
50030,2,1,1995,1,1,1,1,1,1,1,1,1,1
50031,1,1,1995,17,17,17,17,17,17,17,17,17,17
50031,2,1,1995,7,7,7,7,7,7,7,7,7,7
50032,1,1,1995,14,14,14,14,14,14,14,14,14,14
50033,1,1,1995,0,0,0,0,0,0,0,0,0,0
50033,2,1,1995,0,0,0,0,0,0,0,0,0,0
50034,1,1,1995,0,0,0,0,0,0,0,0,0,0
50035,1,1,1995,0,0,0,0,0,0,0,0,0,0
50035,2,1,1995,0,0,0,0,0,0,0,0,0,0
50036,1,1,1995,0,0,0,0,0,0,0,0,0,0
50036,2,1,1995,0,0,0,0,0,0,0,0,0,0
50037,1,1,1995,0,0,0,0,0,0,0,0,0,0
50038,1,1,1995,17,18,0,0,0,0,0,0,0,18
50039,1,1,1995,0,0,0,0,0,0,0,0,0,0
50039,2,1,1995,5,5,5,5,5,5,5,5,5,5
50040,1,1,1995,10,10,10,10,10,10,10,10,10,10
50041,1,1,1995,18,0,0,0,0,0,0,0,5,0
50042,1,1,1995,0,0,0,0,0,0,0,0,0,0
50042,2,1,1995,0,0,0,0,0,0,0,0,0,0
50043,1,1,1995,0,0,0,0,0,0,0,0,0,0
50043,2,1,1995,0,0,0,21,0,0,0,0,0,0
50044,1,1,1995,0,0,0,0,0,0,0,0,0,0
50045,0,1,1995,0,0,28,36,0,22,0,0,0,0
50045,1,1,1995,0,0,0,0,0,0,0,0,10,0
50046,1,1,1995,7,7,7,7,7,7,7,7,7,7
50047,1,1,1995,10,10,10,10,10,10,10,10,10,10
50047,2,1,1995,0,0,0,0,0,0,0,0,0,0
50049,1,1,1995,0,0,0,0,0,0,0,0,0,0
50050,1,1,1995,0,0,0,0,0,0,0,0,0,0
50051,1,1,1995,9,9,9,9,9,9,9,9,9,9
50052,1,1,1995,0,0,0,0,0,0,0,0,0,0
50052,2,1,1995,0,0,0,0,0,0,0,0,0,0
50053,1,1,1995,25,25,25,25,25,25,25,25,25,25
50054,1,1,1995,0,0,0,0,0,0,0,0,0,0
50055,1,1,1995,0,0,0,0,0,0,0,0,0,0
50055,2,1,1995,0,0,0,0,0,0,0,0,0,0
50056,1,1,1995,0,0,0,0,0,0,0,0,0,0
50056,2,1,1995,0,0,0,0,0,0,0,0,0,0
50057,1,1,1995,0,0,0,0,0,0,0,0,0,0
50058,1,1,1995,20,20,20,20,20,20,20,20,20,20
50058,2,1,1995,0,0,0,0,0,0,0,0,0,0
50059,1,1,1995,0,24,23,18,0,0,0,0,0,0
50061,1,1,1995,13,15,0,12,19,0,0,0,0,27
50062,1,1,1995,0,0,0,0,0,0,0,0,0,0
50063,0,1,1995,0,0,0,0,0,0,0,0,0,0
50063,1,1,1995,0,0,0,0,0,0,0,0,19,0
50064,1,1,1995,0,0,0,0,0,0,0,0,0,0
50065,1,1,1995,5,5,5,5,5,5,5,5,5,5
50065,2,1,1995,0,0,0,0,0,0,0,0,0,0
50066,1,1,1995,0,0,0,0,0,0,0,0,0,0
50067,1,1,1995,15,15,15,15,15,15,15,15,15,15
50067,2,1,1995,0,0,0,0,0,0,0,0,0,0
50067,3,1,1995,0,0,0,0,0,0,0,0,0,0
50067,4,1,1995,0,0,0,0,0,0,0,0,0,0
50068,1,1,1995,25,25,25,25,25,25,25,25,25,25
50068,2,1,1995,0,0,0,0,0,0,0,0,0,0
50069,1,1,1995,0,15,0,0,20,0,0,0,0,0
50069,2,1,1995,0,0,0,0,0,12,0,0,0,0
50070,1,1,1995,0,0,0,0,0,0,0,0,0,0
50071,1,1,1995,0,0,0,0,0,0,0,0,0,6
50071,2,1,1995,0,0,0,0,0,0,0,0,0,0
50072,1,1,1995,0,0,0,0,0,0,0,4,0,0
50072,2,1,1995,0,0,0,0,0,0,0,0,0,0
50073,1,1,1995,0,0,0,0,0,0,0,0,0,0
50074,0,1,1995,0,0,0,0,0,0,0,0,0,0
50074,1,1,1995,0,0,0,0,0,0,0,0,0,0
50075,0,1,1995,0,20,2,0,0,0,0,0,0,22
50075,1,1,1995,0,0,0,0,0,0,0,0,0,0
50077,1,1,1995,0,0,0,0,0,0,0,0,0,0
50077,2,1,1995,1,1,1,1,1,1,1,1,1,1
50078,1,1,1995,0,0,0,0,0,0,0,0,0,0
50079,1,1,1995,0,0,0,0,0,11,0,0,0,0
50079,2,1,1995,12,0,0,0,0,0,0,0,0,15
50080,1,1,1995,0,0,0,0,0,0,0,0,0,0
50080,2,1,1995,0,0,0,0,0,0,0,0,0,0
50081,1,1,1995,0,0,0,0,0,0,0,0,0,0
50081,2,1,1995,0,0,0,0,0,0,0,0,0,0
50081,3,1,1995,0,0,0,0,0,0,0,0,0,0
50082,1,1,1995,0,0,0,0,0,0,0,0,0,0
50082,2,1,1995,0,0,0,0,0,0,0,0,0,0
50083,0,1,1995,0,0,0,0,0,0,0,0,0,0
50083,1,1,1995,0,0,0,0,0,0,0,0,0,0
50084,1,1,1995,0,0,0,0,0,0,0,0,0,0
50085,0,1,1995,13,13,13,13,13,13,13,13,13,13
50085,1,1,1995,7,7,7,7,7,7,7,7,7,7
50086,1,1,1995,0,0,0,0,0,0,0,0,0,0
50087,1,1,1995,10,0,0,11,0,0,0,24,28,0
50088,1,1,1995,20,20,20,20,20,20,20,20,20,20
50089,1,1,1995,8,8,8,8,8,8,8,8,8,8
50090,1,1,1995,0,0,0,0,0,0,0,0,0,0
50090,2,1,1995,0,0,0,0,0,0,0,0,0,0
50091,0,1,1995,7,27,28,0,0,0,0,0,0,0
50091,1,1,1995,0,0,0,0,0,0,0,0,0,0
50092,1,1,1995,9,9,9,9,9,9,9,9,9,9
50093,1,1,1995,0,0,0,0,0,0,0,12,0,0
50093,2,1,1995,26,26,26,26,26,26,26,26,26,26
50094,1,1,1995,10,10,10,10,10,10,10,10,10,10
50095,1,1,1995,18,18,18,18,18,18,18,18,18,18
50096,0,1,1995,0,0,0,0,0,0,0,0,0,0
50096,1,1,1995,0,0,0,0,0,0,0,0,0,0
50097,1,1,1995,0,0,0,0,0,0,0,0,0,0
50097,2,1,1995,0,0,0,0,0,0,0,0,0,0
50098,1,1,1995,0,0,0,0,0,0,0,0,0,0
50098,2,1,1995,0,0,0,0,0,0,0,0,0,0
50099,1,1,1995,6,6,6,6,6,6,6,6,6,6
50100,1,1,1995,11,11,11,11,11,11,11,11,11,11
50101,1,1,1995,2,2,2,2,2,2,2,2,2,2
50101,2,1,1995,0,0,0,0,9,0,0,0,0,0
50102,0,1,1995,12,0,0,0,0,6,0,0,6,16
50102,1,1,1995,0,0,0,0,0,0,16,0,0,0
50103,1,1,1995,0,0,0,0,0,0,0,0,0,0
50103,2,1,1995,0,0,0,0,0,0,0,0,0,0
50104,0,1,1995,0,0,0,0,0,0,0,0,0,0
50104,1,1,1995,8,23,0,20,0,0,6,12,0,0
50105,1,1,1995,17,17,17,17,17,17,17,17,17,17
50105,2,1,1995,0,0,0,0,0,0,0,0,0,0
50106,1,1,1995,31,31,31,31,31,31,31,31,31,31
50107,1,1,1995,0,0,0,0,0,0,0,0,0,0
50107,2,1,1995,0,0,0,0,0,0,0,0,0,0
50108,1,1,1995,2,2,2,2,2,2,2,2,2,2
50108,2,1,1995,0,0,0,0,0,0,0,0,0,0
50109,1,1,1995,0,0,0,0,0,0,0,0,0,0
50110,0,1,1995,0,0,0,0,0,0,0,0,0,0
50110,1,1,1995,0,0,0,0,0,0,0,0,0,0
50111,1,1,1995,0,0,0,0,0,0,0,0,0,0
50111,2,1,1995,0,0,0,0,0,0,0,0,0,0
50112,1,1,1995,0,0,0,0,0,0,0,0,0,0
50112,2,1,1995,0,0,0,0,0,0,0,0,0,0
50113,0,1,1995,27,27,27,27,27,27,27,27,27,27
50113,1,1,1995,0,0,0,0,0,0,0,0,0,0
50114,1,1,1995,0,13,0,0,11,0,0,0,0,0
50115,1,1,1995,0,0,0,0,0,0,0,0,0,0
50115,2,1,1995,0,0,0,0,0,0,0,0,0,0
50116,1,1,1995,28,28,28,28,28,28,28,28,28,28
50116,2,1,1995,0,0,0,0,0,0,0,0,0,0
50116,3,1,1995,0,0,0,0,0,0,0,0,0,0
50117,1,1,1995,13,13,13,13,13,13,13,13,13,13
50117,2,1,1995,0,0,0,0,0,0,0,0,0,0
50118,1,1,1995,0,0,0,0,0,0,0,0,0,0
50118,2,1,1995,0,0,0,0,0,0,0,0,0,0
50119,1,1,1995,0,0,0,0,0,0,0,0,0,0
50120,1,1,1995,0,0,0,0,0,0,0,0,0,0
50121,1,1,1995,0,0,0,0,0,0,0,0,0,0
50121,2,1,1995,0,0,0,0,0,0,0,0,0,0
50121,3,1,1995,0,0,27,7,0,12,0,0,0,0
50122,1,1,1995,0,0,0,0,0,0,0,0,0,0
50122,2,1,1995,0,0,4,0,0,0,7,0,0,0
50123,1,1,1995,13,13,13,13,13,13,13,13,13,13
50123,2,1,1995,0,0,0,0,0,0,0,0,0,0
50124,1,1,1995,26,26,26,26,26,26,26,26,26,26
50125,1,1,1995,25,25,25,25,25,25,25,25,25,25
50126,1,1,1995,27,6,26,19,11,0,0,0,0,0
50127,1,1,1995,0,0,0,0,0,0,0,2,0,0
50127,2,1,1995,0,0,0,0,0,0,0,0,0,0
50128,1,1,1995,6,6,6,6,6,6,6,6,6,6
50128,2,1,1995,0,0,0,0,0,0,0,0,0,0
50129,1,1,1995,10,10,10,10,10,10,10,10,10,10
50130,1,1,1995,0,0,0,0,0,0,0,0,0,0
50131,1,1,1995,7,0,0,0,14,0,0,0,0,0
50132,0,1,1995,0,0,0,0,0,0,0,0,0,0
50132,1,1,1995,0,0,30,0,0,0,0,0,0,0
50133,1,1,1995,0,0,0,0,0,0,0,0,0,0
50133,2,1,1995,0,0,0,0,0,0,0,0,0,0
50134,1,1,1995,0,0,0,0,0,0,0,0,0,0
50135,1,1,1995,0,0,0,0,0,0,0,0,0,0
50135,2,1,1995,0,0,0,0,0,0,0,0,0,0
50136,0,1,1995,0,0,0,0,0,0,0,0,0,0
50136,1,1,1995,0,0,0,0,0,0,0,0,0,0
50137,1,1,1995,0,0,0,0,0,0,0,0,0,0
50138,0,1,1995,0,0,0,0,0,0,0,0,0,0
50138,1,1,1995,0,0,0,0,0,0,0,0,0,0
50139,0,1,1995,0,24,0,0,0,0,60,14,24,0
50139,0,2,1995,20,0,22,0,18,14,8,14,23,0
50139,2,1,1995,0,0,0,0,0,0,0,0,0,0
50140,1,1,1995,0,0,0,0,0,0,0,0,0,0
50141,1,1,1995,0,0,0,0,0,0,0,0,0,0
50142,0,1,1995,18,0,0,0,0,0,0,0,0,0
50142,1,1,1995,0,0,0,0,0,0,0,0,0,0
50143,1,1,1995,0,0,0,0,0,0,0,29,0,0
50144,1,1,1995,0,0,0,0,0,0,0,0,0,0
50145,1,1,1995,0,0,0,0,19,0,0,0,0,0
50146,1,1,1995,0,0,0,0,0,0,0,16,0,0
50147,1,1,1995,0,0,0,0,0,0,0,0,0,0
50147,2,1,1995,0,0,0,0,0,0,0,0,0,0
50148,1,1,1995,20,0,0,0,0,0,0,0,0,0
50149,0,1,1995,0,0,0,0,0,0,0,0,0,0
50149,1,1,1995,13,13,13,13,13,13,13,13,13,13
50150,0,1,1995,0,0,0,0,0,0,0,0,0,0
50150,1,1,1995,0,0,0,0,0,0,0,0,0,0
50151,1,1,1995,0,0,0,0,0,0,0,0,0,0
50151,2,1,1995,0,0,0,0,0,0,0,0,0,0
50151,3,1,1995,0,0,0,0,0,0,0,0,0,0
50152,1,1,1995,2,2,2,2,2,2,2,2,2,2
50153,1,1,1995,0,0,0,0,0,0,0,0,0,0
50153,2,1,1995,0,0,0,0,0,0,0,0,0,0
50154,1,1,1995,26,26,26,26,26,26,26,26,26,26
50155,0,1,1995,0,0,0,0,16,2,0,0,0,0
50155,1,1,1995,10,10,10,10,10,10,10,10,10,10
50156,1,1,1995,0,0,0,0,0,0,0,0,0,0
50156,2,1,1995,0,0,0,0,0,0,0,0,0,0
50157,1,1,1995,0,0,0,0,0,0,0,0,0,0
50157,2,1,1995,0,0,0,0,0,0,0,0,0,0
50158,1,1,1995,6,6,6,6,6,6,6,6,6,6
50159,1,1,1995,4,4,4,4,4,4,4,4,4,4
50159,2,1,1995,13,0,0,0,16,0,0,0,0,0
50160,1,1,1995,0,0,0,0,0,0,0,0,0,0
50160,2,1,1995,21,0,0,0,0,0,0,0,0,0
50161,1,1,1995,0,0,0,0,0,0,0,0,0,0
50161,2,1,1995,0,0,0,0,0,0,0,0,0,0
50162,1,1,1995,19,19,19,19,19,19,19,19,19,19
50163,1,1,1995,0,0,0,0,0,0,0,0,0,0
50164,1,1,1995,0,0,0,0,0,0,0,0,0,0
50164,2,1,1995,0,0,0,0,0,0,0,0,0,0
50165,1,1,1995,0,0,0,0,0,0,0,0,0,0
50165,2,1,1995,0,0,0,0,0,0,0,0,0,0
50166,1,1,1995,0,0,0,0,0,0,0,0,0,0
50166,2,1,1995,0,0,0,0,0,0,0,0,0,0
50167,1,1,1995,0,0,24,0,0,0,0,0,0,0
50167,2,1,1995,0,0,0,0,0,0,0,0,0,0
50168,1,1,1995,0,0,0,0,0,0,0,0,0,0
50169,1,1,1995,0,0,0,0,5,0,0,10,0,0
50170,1,1,1995,23,23,23,23,23,23,23,23,23,23
50171,1,1,1995,0,0,0,0,0,0,0,0,0,0
50172,1,1,1995,0,0,0,0,0,0,3,0,0,0
50173,1,1,1995,0,0,0,0,0,0,0,0,0,0
50173,2,1,1995,0,4,0,0,0,0,0,0,0,0
50174,1,1,1995,0,0,0,0,0,0,0,0,0,0
50174,2,1,1995,0,0,0,0,5,0,0,0,0,0
50175,1,1,1995,19,19,19,19,19,19,19,19,19,19
50176,1,1,1995,0,0,0,0,0,0,0,0,11,0
50176,2,1,1995,0,0,0,0,0,13,0,0,0,0
50177,1,1,1995,0,0,0,0,0,0,0,0,0,0
50178,1,1,1995,0,0,0,0,0,0,0,0,0,0
50179,0,1,1995,19,19,19,19,19,19,19,19,19,19
50179,1,1,1995,0,0,0,6,0,0,3,0,0,0
50180,1,1,1995,1,1,1,1,1,1,1,1,1,1
50180,2,1,1995,0,0,0,0,0,0,0,0,0,0
50181,1,1,1995,10,10,10,10,10,10,10,10,10,10
50182,1,1,1995,23,23,23,23,23,23,23,23,23,23
50183,1,1,1995,0,0,0,0,0,0,0,0,0,0
50183,2,1,1995,0,0,0,0,0,0,0,0,0,0
50184,1,1,1995,0,0,0,0,0,0,0,0,0,0
50184,2,1,1995,0,0,0,0,0,0,0,0,0,0
50185,1,1,1995,0,0,0,0,0,0,0,0,0,0
50185,2,1,1995,0,0,0,0,0,0,0,0,0,0
50186,1,1,1995,20,20,20,20,20,20,20,20,20,20
50187,1,1,1995,13,13,13,13,13,13,13,13,13,13
50187,2,1,1995,14,14,14,14,14,14,14,14,14,14
50188,1,1,1995,2,2,2,2,2,2,2,2,2,2
50189,1,1,1995,0,0,0,0,0,0,0,11,0,0
50189,2,1,1995,0,0,0,0,0,0,0,0,0,0
50190,1,1,1995,0,0,0,0,0,0,0,0,0,0
50191,1,1,1995,0,0,0,0,0,0,0,0,0,0
50191,2,1,1995,0,0,0,0,0,0,0,0,0,0
50192,1,1,1995,0,0,0,0,0,0,0,0,0,0
50192,2,1,1995,0,0,0,0,0,0,0,0,0,0
50192,3,1,1995,0,0,0,0,0,0,0,0,0,0
50192,4,1,1995,0,0,0,0,0,0,0,12,0,0
50193,1,1,1995,0,0,0,0,0,9,0,0,0,0
50194,1,1,1995,0,20,0,0,13,0,0,0,0,25
50195,1,1,1995,0,0,0,0,0,0,0,0,0,0
50196,1,1,1995,0,0,0,0,0,0,0,0,0,2
50197,1,1,1995,0,40,0,24,0,26,28,0,32,0
50197,2,1,1995,0,0,0,0,0,0,0,0,0,4
50198,1,1,1995,5,5,5,5,5,5,5,5,5,5
50199,1,1,1995,28,28,28,28,28,28,28,28,28,28
50200,1,1,1995,28,13,17,28,10,7,20,32,30,21
50201,1,1,1995,17,17,17,17,17,17,17,17,17,17
50202,1,1,1995,7,7,7,7,7,7,7,7,7,7
50203,1,1,1995,22,22,22,22,22,22,22,22,22,22
50204,1,1,1995,0,0,0,0,0,0,0,0,0,0
50205,1,1,1995,0,0,0,0,0,0,0,0,0,0
50205,2,1,1995,0,0,0,0,0,0,0,0,0,0
50206,1,1,1995,2,2,2,2,2,2,2,2,2,2
50206,2,1,1995,16,16,16,16,16,16,16,16,16,16
50207,1,1,1995,6,6,6,6,6,6,6,6,6,6
50207,2,1,1995,0,0,0,0,0,0,0,0,0,0
50207,3,1,1995,19,19,19,19,19,19,19,19,19,19
50208,1,1,1995,0,0,0,0,0,0,0,0,0,0
50208,2,1,1995,0,0,0,0,0,0,0,0,0,0
50209,0,1,1995,0,0,0,0,0,0,0,0,0,0
50209,1,1,1995,22,22,22,22,22,22,22,22,22,22
50210,1,1,1995,0,0,0,0,0,0,0,0,0,0
50211,1,1,1995,0,0,0,3,0,0,0,0,0,0
50212,1,1,1995,0,10,0,0,0,0,0,0,4,0
50213,1,1,1995,0,0,0,0,0,0,0,0,0,0
50214,1,1,1995,0,0,0,0,0,0,0,0,0,0
50214,2,1,1995,0,0,0,0,0,0,0,0,0,0
50215,1,1,1995,0,0,0,0,0,0,0,0,9,0
50215,2,1,1995,0,0,0,0,0,0,0,0,0,0
50216,1,1,1995,18,18,18,18,18,18,18,18,18,18
50217,1,1,1995,0,0,0,0,0,0,0,0,0,0
50217,2,1,1995,0,0,0,0,0,0,0,0,0,0
50217,3,1,1995,0,0,0,0,0,7,0,0,0,0
50218,1,1,1995,0,0,0,0,0,0,0,0,0,0
50219,1,1,1995,0,0,0,0,0,0,0,0,0,0
50219,2,1,1995,0,0,0,0,0,0,0,0,0,0
50220,0,1,1995,26,26,26,26,26,26,26,26,26,26
50220,1,1,1995,0,0,0,0,0,0,0,0,0,0
50220,2,1,1995,0,0,0,0,0,0,0,0,0,0
50220,3,1,1995,0,0,0,0,0,0,0,0,0,0
50221,1,1,1995,0,21,0,0,0,0,29,0,0,27
50222,1,1,1995,0,0,0,0,0,0,0,0,0,0
50222,2,1,1995,0,0,0,0,0,0,0,0,0,0
50223,1,1,1995,0,13,8,0,0,0,0,0,3,0
50224,1,1,1995,0,0,0,0,0,0,0,0,0,0
50225,0,1,1995,0,0,0,0,0,0,0,0,0,0
50225,1,1,1995,0,0,18,0,0,0,0,0,6,0
50226,1,1,1995,16,16,16,16,16,16,16,16,16,16
50227,1,1,1995,0,0,0,0,0,0,0,15,0,0
50228,1,1,1995,0,0,0,0,0,0,0,25,0,0
50229,1,1,1995,0,0,0,0,0,0,0,5,0,0
50229,2,1,1995,0,0,0,0,0,0,0,0,14,0
50230,1,1,1995,10,10,10,10,10,10,10,10,10,10
50230,2,1,1995,0,0,0,0,0,0,0,0,0,0
50230,3,1,1995,0,0,0,0,0,0,0,0,0,0
50231,1,1,1995,0,0,0,0,0,0,0,0,0,0
50231,2,1,1995,0,0,0,0,0,0,0,0,0,0
50231,3,1,1995,0,0,0,0,0,0,0,0,0,0
50232,1,1,1995,0,0,0,0,0,0,0,0,0,0
50233,1,1,1995,0,0,5,0,0,33,0,0,0,0
50234,1,1,1995,0,0,0,23,28,0,22,0,3,12
50235,1,1,1995,0,0,0,0,0,0,0,24,0,0
50235,2,1,1995,0,0,0,0,0,0,0,0,0,0
50236,1,1,1995,10,10,10,10,10,10,10,10,10,10
50237,1,1,1995,0,0,0,0,0,0,0,0,0,0
50237,2,1,1995,0,0,0,0,0,0,0,0,0,0
50238,0,1,1995,5,22,0,0,9,0,21,0,0,0
50238,1,1,1995,0,0,0,37,0,23,0,0,0,0
50239,1,1,1995,0,0,16,0,0,0,0,0,0,0
50239,2,1,1995,0,0,0,0,0,0,0,0,0,0
50240,1,1,1995,0,0,0,0,0,0,0,0,0,0
50240,2,1,1995,11,0,0,0,0,0,0,0,0,0
50241,1,1,1995,0,0,0,0,0,0,0,0,0,0
50241,2,1,1995,0,0,0,0,0,0,0,0,0,0
50242,1,1,1995,0,0,0,0,0,0,0,0,0,0
50243,1,1,1995,0,0,0,0,0,0,0,0,0,0
50243,2,1,1995,0,0,0,0,0,0,0,0,0,0
50243,3,1,1995,0,0,0,0,0,0,0,0,0,0
50244,1,1,1995,0,0,0,0,0,0,0,0,0,0
50245,1,1,1995,0,0,0,0,0,0,0,0,0,0
50246,1,1,1995,30,0,19,29,0,28,21,28,0,20
50247,1,1,1995,11,11,11,11,11,11,11,11,11,11
50248,1,1,1995,0,0,0,0,0,0,0,0,0,0
50249,1,1,1995,0,0,0,0,0,0,0,0,0,0
50250,1,1,1995,0,0,0,0,0,0,0,0,0,0
50251,1,1,1995,0,0,0,0,0,0,0,0,0,0
50252,1,1,1995,0,0,0,0,0,0,0,0,0,0
50252,2,1,1995,0,0,0,0,0,0,0,0,0,0
50253,0,1,1995,0,0,0,0,0,0,0,0,0,21
50253,1,1,1995,0,0,0,0,0,0,0,0,0,0
50254,1,1,1995,0,0,0,0,0,0,0,0,0,0
50254,2,1,1995,0,0,0,0,0,0,0,0,0,0
50255,0,1,1995,0,0,0,0,0,0,0,0,0,0
50255,1,1,1995,0,0,0,0,0,14,0,0,0,0
50256,1,1,1995,0,0,0,0,0,0,0,0,0,0
50257,1,1,1995,0,50,0,38,0,0,0,0,0,0
50258,1,1,1995,19,19,19,19,19,19,19,19,19,19
50259,1,1,1995,20,20,20,20,20,20,20,20,20,20
50259,2,1,1995,0,0,0,0,0,41,0,0,0,0
50260,1,1,1995,12,12,12,12,12,12,12,12,12,12
50261,1,1,1995,17,17,17,17,17,17,17,17,17,17
50261,2,1,1995,0,0,0,0,0,0,0,0,0,0
50262,1,1,1995,4,4,4,4,4,4,4,4,4,4
50263,1,1,1995,0,0,0,0,0,0,0,0,0,0
50264,1,1,1995,8,8,8,8,8,8,8,8,8,8
50265,1,1,1995,0,0,0,0,0,0,0,0,0,0