ST_CASE,VEH_NO,PER_NO,YEAR,P1,P2,P3,P4,P5,P6,P7,P8,P9,P10
80024,3,1,1995,0,0,0,0,0,0,0,8,10,43
80024,4,1,1995,0,0,0,0,0,0,9,0,0,0
80025,1,1,1995,12,12,12,12,12,12,12,12,12,12
80026,0,1,1995,0,0,0,18,19,0,0,0,16,0
80026,1,1,1995,14,14,14,14,14,14,14,14,14,14
80026,2,1,1995,0,0,0,0,0,0,0,0,0,0
80027,1,1,1995,0,0,0,0,0,0,0,0,0,0
80027,2,1,1995,0,0,0,0,0,0,0,12,0,0
80028,1,1,1995,0,0,0,0,0,0,0,0,0,0
80029,1,1,1995,0,0,0,0,0,0,0,0,0,0
80029,2,1,1995,0,0,0,0,0,0,0,0,0,0
80030,0,1,1995,20,20,20,20,20,20,20,20,20,20
80030,1,1,1995,0,0,0,0,0,0,12,0,0,0
80031,0,1,1995,22,22,22,22,22,22,22,22,22,22
80031,1,1,1995,0,0,0,0,0,0,0,0,0,0
80032,1,1,1995,24,24,24,24,24,24,24,24,24,24
80033,1,1,1995,21,21,21,21,21,21,21,21,21,21
80033,2,1,1995,0,0,0,0,0,0,6,16,0,17
80034,1,1,1995,0,0,0,0,0,0,0,0,0,0
80034,2,1,1995,0,0,0,0,0,0,0,0,0,0
80035,1,1,1995,0,0,0,0,0,0,0,0,0,0
80035,2,1,1995,0,0,0,0,0,0,0,0,0,0
80036,1,1,1995,0,0,0,21,0,0,0,0,0,0
80037,1,1,1995,26,26,26,26,26,26,26,26,26,26
80038,1,1,1995,12,12,12,12,12,12,12,12,12,12
80039,1,1,1995,13,13,13,13,13,13,13,13,13,13
80040,1,1,1995,0,0,0,0,0,0,0,0,0,0
80040,2,1,1995,0,0,0,0,0,0,0,0,0,0
80040,3,1,1995,0,0,0,0,0,0,0,0,0,0
80041,1,1,1995,0,0,0,0,0,0,0,0,0,0
80041,2,1,1995,0,0,0,0,0,0,0,0,0,0
80042,1,1,1995,0,0,0,0,0,0,0,0,0,0
80043,0,1,1995,0,0,0,0,0,0,0,0,0,0
80043,1,1,1995,0,0,10,0,0,0,0,0,0,0
80044,1,1,1995,0,0,0,0,0,0,0,0,0,0
80045,1,1,1995,0,0,0,0,0,0,0,0,0,0
80045,2,1,1995,0,0,0,0,0,0,0,0,0,0
80046,1,1,1995,35,35,35,35,35,35,35,35,35,35
80046,2,1,1995,0,0,0,0,0,0,0,0,0,0
80047,1,1,1995,10,10,10,10,10,10,10,10,10,10
80047,2,1,1995,0,0,0,0,0,0,0,0,0,0
80048,1,1,1995,13,13,13,13,13,13,13,13,13,13
80049,0,1,1995,0,0,0,0,0,0,0,0,0,0
80049,1,1,1995,0,0,0,0,0,0,0,0,0,0
80050,1,1,1995,0,0,0,0,0,0,0,0,0,0
80051,1,1,1995,0,0,0,0,0,0,0,0,0,0
80052,1,1,1995,0,0,0,0,0,0,0,0,0,0
80053,1,1,1995,0,0,0,0,0,0,0,0,0,0
80054,1,1,1995,17,17,17,17,17,17,17,17,17,17
80055,1,1,1995,0,0,0,0,0,0,0,0,0,0
80055,2,1,1995,1,1,1,1,1,1,1,1,1,1
80056,0,1,1995,13,13,13,13,13,13,13,13,13,13
80056,1,1,1995,0,0,0,0,0,0,0,0,0,0
80057,1,1,1995,19,19,19,19,19,19,19,19,19,19
80058,1,1,1995,18,18,18,18,18,18,18,18,18,18
80058,2,1,1995,0,0,0,0,0,0,0,0,0,0
80059,1,1,1995,0,0,0,0,0,0,0,0,0,0
80059,2,1,1995,0,0,0,0,0,0,0,0,0,0
80060,1,1,1995,0,0,0,0,0,0,0,0,0,0
80060,2,1,1995,0,0,0,0,0,0,0,0,0,0
80061,1,1,1995,10,10,10,10,10,10,10,10,10,10
80061,2,1,1995,0,0,0,0,0,0,0,0,0,0
80062,1,1,1995,0,0,0,0,0,0,0,0,0,0
80063,1,1,1995,12,12,12,12,12,12,12,12,12,12
80064,1,1,1995,6,6,6,6,6,6,6,6,6,6
80065,1,1,1995,17,17,17,17,17,17,17,17,17,17
80066,1,1,1995,11,11,11,11,11,11,11,11,11,11
80067,1,1,1995,0,0,0,0,0,0,0,0,0,0
80067,2,1,1995,0,0,0,0,0,0,0,0,0,0
80068,0,1,1995,0,0,0,0,0,0,0,0,0,0
80068,0,2,1995,0,0,0,0,0,0,0,0,0,0
80068,1,1,1995,0,0,0,0,0,0,0,0,0,0
80069,1,1,1995,0,0,0,0,0,0,0,0,0,0
80069,2,1,1995,0,0,0,0,0,0,0,0,0,0
80070,1,1,1995,15,15,15,15,15,15,15,15,15,15
80071,1,1,1995,12,12,12,12,12,12,12,12,12,12
80071,2,1,1995,0,0,0,0,0,0,0,0,0,0
80072,1,1,1995,0,0,0,0,0,0,0,0,0,0
80073,1,1,1995,3,3,3,3,3,3,3,3,3,3
80074,1,1,1995,10,10,10,10,10,10,10,10,10,10
80075,0,1,1995,35,35,35,35,35,35,35,35,35,35
80075,1,1,1995,0,0,0,0,0,0,0,0,0,0
80076,1,1,1995,0,0,0,0,0,0,0,0,0,0
80077,1,1,1995,8,8,8,8,8,8,8,8,8,8
80078,1,1,1995,12,12,12,12,12,12,12,12,12,12
80079,1,1,1995,0,0,0,0,0,0,0,0,0,0
80079,2,1,1995,0,13,0,0,0,0,0,0,0,0
80079,3,1,1995,0,0,0,0,0,0,0,23,0,0
80080,1,1,1995,0,0,0,0,0,0,0,0,0,0
80081,0,1,1995,0,0,0,0,0,0,0,0,0,0
80081,1,1,1995,0,0,0,0,0,0,0,0,0,0
80082,1,1,1995,25,25,25,25,25,25,25,25,25,25
80083,1,1,1995,0,0,0,0,0,0,0,0,0,0
80084,1,1,1995,24,24,24,24,24,24,24,24,24,24
80085,0,1,1995,0,0,0,0,0,0,0,0,0,0
80085,1,1,1995,0,0,0,0,0,0,0,0,0,0
80086,1,1,1995,30,30,30,30,30,30,30,30,30,30
80086,2,1,1995,0,0,0,0,0,0,0,0,0,0
80087,1,1,1995,0,0,0,0,0,0,0,0,0,0
80088,1,1,1995,0,0,0,0,0,0,0,0,0,0
80089,1,1,1995,5,9,9,32,31,16,17,20,13,14
80090,1,1,1995,22,22,22,22,22,22,22,22,22,22
80091,1,1,1995,0,0,0,0,0,0,0,0,0,0
80091,2,1,1995,0,0,0,0,0,0,0,0,0,0
80091,3,1,1995,0,0,0,0,0,0,0,0,0,0
80092,1,1,1995,0,0,0,0,0,0,0,0,0,0
80092,2,1,1995,0,0,0,0,0,0,0,0,0,0
80093,1,1,1995,0,0,0,0,0,0,0,0,0,0
80093,2,1,1995,0,0,0,0,0,0,0,0,0,0
80094,1,1,1995,0,0,0,0,0,0,0,0,0,0
80095,1,1,1995,0,0,0,0,0,0,0,0,0,0
80095,2,1,1995,0,0,0,0,0,0,0,0,0,0
80096,1,1,1995,0,0,0,0,0,0,13,0,0,0
80096,2,1,1995,0,0,0,20,0,0,0,0,0,0
80096,3,1,1995,0,0,0,0,0,0,0,0,0,0
80096,4,1,1995,0,0,0,0,0,0,0,0,0,0
80096,5,1,1995,0,0,0,0,0,0,0,0,0,0
80096,6,1,1995,0,0,0,0,0,0,0,0,0,0
80096,7,1,1995,0,0,0,0,0,0,0,0,0,0
80096,8,1,1995,0,0,0,0,0,0,0,0,0,0
80097,1,1,1995,12,12,12,12,12,12,12,12,12,12
80097,2,1,1995,7,19,20,6,0,0,8,0,0,0
80098,1,1,1995,0,0,0,0,0,0,0,0,0,0
80098,2,1,1995,0,0,0,0,0,0,0,0,0,0
80099,1,1,1995,13,13,13,13,13,13,13,13,13,13
80100,1,1,1995,13,13,13,13,13,13,13,13,13,13
80101,1,1,1995,0,0,22,0,0,0,0,0,0,0
80101,2,1,1995,0,0,0,0,0,0,0,0,0,0
80102,1,1,1995,1,1,1,1,1,1,1,1,1,1
80103,1,1,1995,0,0,0,0,0,0,0,0,0,0
80103,2,1,1995,0,0,0,0,0,0,0,0,0,0
80103,3,1,1995,0,0,0,0,0,0,0,0,0,0
80104,1,1,1995,12,12,12,12,12,12,12,12,12,12
80105,1,1,1995,14,14,14,14,14,14,14,14,14,14
80105,2,1,1995,0,0,0,0,0,0,0,0,0,0
80106,1,1,1995,18,18,18,18,18,18,18,18,18,18
80107,1,1,1995,31,31,31,31,31,31,31,31,31,31
80108,1,1,1995,0,0,0,0,0,0,0,0,0,0
80109,1,1,1995,0,0,0,0,0,0,0,0,0,0
80110,1,1,1995,26,26,26,26,26,26,26,26,26,26
80111,0,1,1995,0,0,0,0,0,0,0,0,0,0
80111,1,1,1995,0,0,0,0,0,0,0,0,0,0
80112,1,1,1995,10,10,10,10,10,10,10,10,10,10
80112,2,1,1995,0,0,0,0,0,0,0,0,0,0
80113,1,1,1995,25,25,25,25,25,25,25,25,25,25
80113,2,1,1995,0,0,0,0,0,0,0,0,0,0
80114,1,1,1995,0,0,0,0,0,0,0,0,0,0
80115,1,1,1995,2,2,2,2,2,2,2,2,2,2
80116,1,1,1995,22,22,22,22,22,22,22,22,22,22
80117,1,1,1995,0,0,0,0,0,0,0,0,0,0
80118,1,1,1995,0,0,0,0,0,0,0,0,0,0
80118,2,1,1995,0,0,0,0,0,0,0,0,0,0
80119,1,1,1995,0,0,0,0,0,0,0,0,0,0
80120,1,1,1995,0,0,0,0,0,0,0,0,0,0
80120,2,1,1995,0,0,0,0,0,0,0,0,0,0
80121,1,1,1995,0,0,0,0,0,0,0,0,0,0
80121,2,1,1995,0,0,0,0,0,0,0,0,0,0
80122,1,1,1995,0,0,0,0,0,0,0,0,0,0
80122,2,1,1995,0,0,0,0,0,0,0,0,0,0
80123,1,1,1995,8,8,8,8,8,8,8,8,8,8
80124,1,1,1995,17,17,17,17,17,17,17,17,17,17
80125,0,1,1995,0,0,0,0,0,0,0,0,0,0
80125,1,1,1995,0,0,0,0,0,0,0,0,0,0
80126,1,1,1995,6,6,6,6,6,6,6,6,6,6
80126,2,1,1995,0,0,0,0,0,0,0,0,0,0
80127,0,1,1995,0,0,0,0,0,0,0,0,0,0
80127,1,1,1995,0,0,0,0,0,0,0,0,0,0
80128,1,1,1995,0,0,0,0,0,0,0,0,0,0
80128,2,1,1995,1,1,1,1,1,1,1,1,1,1
80129,1,1,1995,0,0,0,0,0,0,0,0,0,0
80129,2,1,1995,0,0,0,0,13,0,0,0,0,0
80130,1,1,1995,11,11,11,11,11,11,11,11,11,11
80130,2,1,1995,4,4,4,4,4,4,4,4,4,4
80131,1,1,1995,0,0,0,0,0,0,0,0,0,0
80131,2,1,1995,0,0,0,0,0,0,0,0,0,0
80132,0,1,1995,0,0,0,0,0,0,0,0,0,0
80132,1,1,1995,0,0,0,0,0,0,23,0,0,0
80133,1,1,1995,18,18,18,18,18,18,18,18,18,18
80134,1,1,1995,0,0,0,0,0,0,0,0,0,0
80134,2,1,1995,0,0,0,0,0,0,0,0,0,0
80135,1,1,1995,0,0,0,12,0,0,0,0,0,0
80135,2,1,1995,0,0,0,0,0,0,0,0,0,0
80136,1,1,1995,10,10,10,10,10,10,10,10,10,10
80136,2,1,1995,0,0,0,0,0,0,0,0,0,0
80137,1,1,1995,18,18,18,18,18,18,18,18,18,18
80137,2,1,1995,24,0,0,0,0,0,0,0,0,31
80138,1,1,1995,8,0,0,9,0,22,0,0,0,0
80139,1,1,1995,0,0,0,0,0,0,0,0,0,0
80140,1,1,1995,0,0,0,0,0,0,0,0,0,0
80140,2,1,1995,0,0,0,0,0,0,0,0,0,0
80141,1,1,1995,1,1,1,1,1,1,1,1,1,1
80142,1,1,1995,16,16,16,16,16,16,16,16,16,16
80143,1,1,1995,0,0,0,0,0,0,0,0,0,0
80144,1,1,1995,0,0,0,0,0,0,0,0,0,0
80144,2,1,1995,0,0,0,0,0,0,0,0,0,0
80145,1,1,1995,0,0,0,0,0,0,0,0,0,0
80146,1,1,1995,0,0,0,0,0,0,0,0,0,0
80147,1,1,1995,0,10,0,0,0,0,0,0,0,0
80148,1,1,1995,24,24,24,24,24,24,24,24,24,24
80148,2,1,1995,0,0,9,0,0,0,0,0,0,0
80149,1,1,1995,9,9,9,9,9,9,9,9,9,9
80149,2,1,1995,0,0,0,0,0,0,0,0,0,0
80149,3,1,1995,0,0,0,0,0,0,0,0,0,0
80150,1,1,1995,0,0,0,0,0,0,0,0,0,0
80150,2,1,1995,0,0,0,0,0,0,0,0,0,0
80151,1,1,1995,0,0,0,0,0,0,0,0,0,0
80152,1,1,1995,0,0,0,0,0,0,0,0,0,0
80153,1,1,1995,0,0,0,0,0,0,0,0,0,0
80153,2,1,1995,0,0,0,0,0,0,0,0,0,0
80154,0,1,1995,0,0,0,0,0,0,0,0,0,0
80154,0,2,1995,0,0,14,19,0,0,12,0,0,14
80154,0,3,1995,22,19,0,0,8,7,12,0,0,0
80154,1,1,1995,0,0,0,0,0,0,0,0,0,0
80155,1,1,1995,0,0,0,0,14,10,0,0,0,0
80156,1,1,1995,19,19,19,19,19,19,19,19,19,19
80156,2,1,1995,0,0,0,0,0,0,0,0,0,0
80156,3,1,1995,0,0,0,0,0,0,0,0,0,0
80157,1,1,1995,0,0,0,0,0,0,0,0,0,0
80157,2,1,1995,0,0,0,0,0,0,0,0,0,0
80158,1,1,1995,0,0,0,0,0,0,0,0,0,0
80158,2,1,1995,0,0,0,0,0,0,0,0,0,0
80159,1,1,1995,6,6,6,6,6,6,6,6,6,6
80160,0,1,1995,10,10,10,10,10,10,10,10,10,10
80160,1,1,1995,0,15,13,17,19,34,25,0,22,21
80161,1,1,1995,0,0,0,0,0,0,0,0,0,0
80161,2,1,1995,0,0,0,0,0,0,0,0,0,0
80162,1,1,1995,20,20,20,20,20,20,20,20,20,20
80163,1,1,1995,0,0,0,0,0,0,0,0,0,0
80164,1,1,1995,3,3,3,3,3,3,3,3,3,3
80165,1,1,1995,0,0,0,0,0,0,0,0,0,0
80165,2,1,1995,0,0,0,0,0,0,0,0,0,0
80166,1,1,1995,10,10,10,10,10,10,10,10,10,10
80167,1,1,1995,6,6,6,6,6,6,6,6,6,6
80168,1,1,1995,20,20,20,20,20,20,20,20,20,20
80169,1,1,1995,0,0,0,0,0,0,0,0,0,0
80169,2,1,1995,0,0,0,0,0,0,0,0,0,0
80169,3,1,1995,0,0,24,0,0,0,0,0,0,0
80170,1,1,1995,20,20,20,20,20,20,20,20,20,20
80170,2,1,1995,0,0,0,0,0,0,0,0,0,0
80171,1,1,1995,0,0,0,0,0,0,0,0,0,0
80171,2,1,1995,0,0,0,0,0,0,0,0,0,0
80172,1,1,1995,0,0,0,0,0,0,0,0,0,0
80172,2,1,1995,0,0,0,0,0,0,0,0,0,0
80173,1,1,1995,7,7,7,7,7,7,7,7,7,7
80173,2,1,1995,0,0,0,0,0,0,0,0,0,0
80174,1,1,1995,0,0,0,2,0,0,0,0,8,0
80175,1,1,1995,0,0,0,0,0,0,0,0,0,0
80175,2,1,1995,0,0,0,0,0,0,0,0,0,0
80176,1,1,1995,10,10,10,10,10,10,10,10,10,10
80177,1,1,1995,0,0,0,0,0,0,0,0,5,0
80178,1,1,1995,18,18,18,18,18,18,18,18,18,18
80179,1,1,1995,0,0,0,0,0,0,0,0,0,0
80179,2,1,1995,0,0,0,0,0,0,0,0,0,0
80180,1,1,1995,0,0,0,0,0,0,0,0,0,0
80181,1,1,1995,0,0,0,0,0,0,0,0,0,0
80182,0,1,1995,0,0,0,0,0,0,0,0,0,0
80182,1,1,1995,0,0,0,0,0,0,0,0,0,0
80183,0,1,1995,0,0,0,0,0,0,0,0,0,0
80183,0,2,1995,0,0,5,0,0,10,0,0,12,33
80183,0,3,1995,0,0,0,0,0,10,0,0,21,0
80183,0,4,1995,0,0,0,0,0,0,0,0,8,0
80183,0,5,1995,0,0,18,0,0,0,0,0,0,0
80183,0,6,1995,15,0,0,0,0,0,0,0,0,0
80183,0,7,1995,0,0,0,0,0,0,15,0,0,0
80183,1,1,1995,6,6,6,6,6,6,6,6,6,6
80184,0,1,1995,0,0,0,0,0,0,0,0,0,0
80184,0,2,1995,0,0,0,0,0,0,0,0,0,0
80184,1,1,1995,0,0,0,0,0,0,0,0,0,0
80185,1,1,1995,0,0,0,0,0,0,0,0,0,0
80186,1,1,1995,43,43,43,43,43,43,43,43,43,43
80187,1,1,1995,14,14,14,14,14,14,14,14,14,14
80188,1,1,1995,0,0,0,0,0,0,0,0,0,0
80189,1,1,1995,0,0,0,0,0,0,0,0,0,0
80190,0,1,1995,0,0,0,0,0,0,0,0,0,0
80190,1,1,1995,0,0,0,0,0,0,0,0,0,0
80190,2,1,1995,0,0,0,0,0,0,0,0,0,0
80191,1,1,1995,0,0,0,0,0,0,0,0,0,0
80192,1,1,1995,18,18,18,18,18,18,18,18,18,18
80193,0,1,1995,30,30,30,30,30,30,30,30,30,30
80193,1,1,1995,0,7,0,0,0,0,0,21,0,12
80194,1,1,1995,30,30,30,30,30,30,30,30,30,30
80195,1,1,1995,18,18,18,18,18,18,18,18,18,18
80196,1,1,1995,18,18,18,18,18,18,18,18,18,18
80197,0,1,1995,0,0,0,0,0,0,0,0,0,0
80197,1,1,1995,0,0,0,0,0,0,0,0,0,0
80198,1,1,1995,0,0,0,0,0,0,0,0,0,0
80198,2,1,1995,0,0,0,0,0,0,0,0,0,0
80198,3,1,1995,0,0,0,34,0,0,0,0,0,0
80199,1,1,1995,0,0,0,0,0,0,0,0,0,0
80199,2,1,1995,15,15,15,15,15,15,15,15,15,15
80200,1,1,1995,0,0,0,0,0,0,0,0,0,0
80201,1,1,1995,0,0,0,0,0,0,0,0,0,0
80202,1,1,1995,0,0,0,0,0,0,0,0,0,0
80203,1,1,1995,0,0,0,0,0,0,0,0,0,0
80204,0,1,1995,22,22,22,22,22,22,22,22,22,22
80204,1,1,1995,0,0,0,0,0,0,0,0,0,0
80205,1,1,1995,0,0,0,0,0,0,0,0,0,0
80205,2,1,1995,0,0,0,0,0,0,0,12,15,0
80206,1,1,1995,0,0,0,0,0,0,0,0,0,0
80207,0,1,1995,0,0,0,0,0,0,0,0,0,0
80207,0,2,1995,0,0,0,0,0,0,0,0,0,0
80207,1,1,1995,0,0,0,0,0,0,0,0,0,0
80208,1,1,1995,9,9,9,9,9,9,9,9,9,9
80208,2,1,1995,0,0,0,0,0,0,0,0,0,0
80209,1,1,1995,0,0,0,0,0,0,0,0,0,0
80210,1,1,1995,0,0,0,0,0,0,0,0,0,0
80211,1,1,1995,0,0,0,0,0,0,0,0,0,0
80211,2,1,1995,0,0,0,0,0,0,0,0,0,0
80212,1,1,1995,20,20,20,20,20,20,20,20,20,20
80213,1,1,1995,0,0,0,0,0,0,0,0,0,0
80213,2,1,1995,0,0,0,0,0,0,0,0,0,0
80214,1,1,1995,9,9,9,9,9,9,9,9,9,9
80215,1,1,1995,0,0,0,0,0,0,0,0,0,0
80215,2,1,1995,0,0,0,0,0,0,0,0,0,0
80216,1,1,1995,0,0,0,0,0,0,0,0,0,0
80216,2,1,1995,0,0,0,0,0,0,0,0,0,0
80216,3,1,1995,0,0,0,0,0,0,0,0,0,0
80217,1,1,1995,0,0,0,0,0,0,0,0,0,0
80218,1,1,1995,66,6,8,19,42,0,0,10,0,0
80219,0,1,1995,20,20,20,20,20,20,20,20,20,20
80219,1,1,1995,0,9,0,0,17,0,3,0,0,0
80220,1,1,1995,23,23,23,23,23,23,23,23,23,23
80221,1,1,1995,18,18,18,18,18,18,18,18,18,18
80221,2,1,1995,0,0,0,0,0,0,0,0,0,0
80222,0,1,1995,0,0,0,0,0,0,0,0,0,0
80222,1,1,1995,0,7,0,0,0,0,0,0,0,0
80223,0,1,1995,0,0,0,0,0,0,29,0,0,24
80223,1,1,1995,0,6,0,11,0,17,0,0,26,15
80224,0,1,1995,7,7,7,7,7,7,7,7,7,7
80224,1,1,1995,0,0,0,0,0,0,0,0,0,0
80225,0,1,1995,0,0,0,0,0,0,0,0,0,0
80225,0,2,1995,0,0,0,0,0,0,6,0,0,0
80225,1,1,1995,0,0,0,0,0,0,0,0,0,0
80226,1,1,1995,0,0,0,0,0,0,0,0,0,0
80226,2,1,1995,0,0,0,0,0,0,0,0,0,0
80227,1,1,1995,22,22,22,22,22,22,22,22,22,22
80227,2,1,1995,8,8,8,8,8,8,8,8,8,8
80227,3,1,1995,0,0,0,0,0,0,0,0,0,0
80228,0,1,1995,0,0,0,0,0,0,0,0,0,0
80228,1,1,1995,0,0,0,0,0,0,0,0,0,0
80229,1,1,1995,0,0,0,0,0,0,0,0,0,0
80230,0,1,1995,0,0,0,0,0,0,0,0,0,0
80230,0,2,1995,0,0,17,17,17,0,0,40,0,22
80230,0,3,1995,0,16,0,0,0,0,0,24,7,6
80230,1,1,1995,0,0,0,0,0,0,0,0,0,0
80231,1,1,1995,24,24,24,24,24,24,24,24,24,24
80232,0,1,1995,17,17,17,17,17,17,17,17,17,17
80232,1,1,1995,0,0,0,0,0,0,0,0,0,0
80233,1,1,1995,16,16,16,16,16,16,16,16,16,16
80234,1,1,1995,0,0,0,0,0,0,0,0,0,0
80235,1,1,1995,0,0,0,0,0,0,0,0,0,0
80235,2,1,1995,0,0,0,0,0,0,0,0,0,0
80236,1,1,1995,0,0,0,0,0,0,0,0,0,36
80237,1,1,1995,12,12,12,12,12,12,12,12,12,12
80238,1,1,1995,0,0,0,0,0,0,0,0,0,0
80238,2,1,1995,0,0,0,0,0,0,0,0,0,0
80239,1,1,1995,0,0,0,0,0,0,0,0,0,0
80240,1,1,1995,0,0,0,0,0,0,0,0,0,18
80241,0,1,1995,0,0,0,0,0,0,0,0,0,0
80241,1,1,1995,0,0,0,0,0,0,0,0,0,0
80242,1,1,1995,0,0,0,0,0,0,0,0,0,0
80243,1,1,1995,0,0,0,0,0,0,0,0,0,0
80244,0,1,1995,0,0,0,0,0,0,0,0,0,0
80244,1,1,1995,5,0,0,0,0,0,0,0,0,0
80245,1,1,1995,0,0,0,0,0,0,0,0,0,0
80246,1,1,1995,0,0,0,0,0,0,0,0,0,0
80247,1,1,1995,0,0,0,0,0,0,0,0,0,0
80248,1,1,1995,25,25,25,25,25,25,25,25,25,25
80249,1,1,1995,9,0,2,0,0,0,9,0,0,0
80250,1,1,1995,16,16,16,16,16,16,16,16,16,16
80251,1,1,1995,0,0,0,0,0,0,0,0,0,0
80251,2,1,1995,0,0,0,0,0,0,0,0,0,0
80252,1,1,1995,15,15,15,15,15,15,15,15,15,15
80253,1,1,1995,0,14,0,0,0,0,0,0,4,0
80254,1,1,1995,0,0,0,0,0,0,0,0,0,0
80254,2,1,1995,0,0,0,0,0,0,0,0,0,0
80255,1,1,1995,14,14,14,14,14,14,14,14,14,14
80256,1,1,1995,26,26,26,26,26,26,26,26,26,26
80257,1,1,1995,0,0,0,0,0,0,0,0,0,0
80258,1,1,1995,5,5,5,5,5,5,5,5,5,5
80259,1,1,1995,22,22,22,22,22,22,22,22,22,22
80260,1,1,1995,4,4,4,4,4,4,4,4,4,4
80260,2,1,1995,5,5,5,5,5,5,5,5,5,5
80261,1,1,1995,0,0,0,0,0,0,0,0,0,0
80261,2,1,1995,0,0,0,0,0,0,0,0,0,0
80262,1,1,1995,0,0,0,0,0,0,0,0,0,0
80262,2,1,1995,0,0,0,0,0,0,0,0,0,0
80263,1,1,1995,22,22,22,22,22,22,22,22,22,22
80263,2,1,1995,0,0,0,0,0,0,0,0,0,0
80264,1,1,1995,7,7,7,7,7,7,7,7,7,7
80265,1,1,1995,12,12,12,12,12,12,12,12,12,12
80265,2,1,1995,0,0,0,0,0,0,0,0,0,0
80266,1,1,1995,13,13,13,13,13,13,13,13,13,13
80267,1,1,1995,0,0,0,0,0,0,0,0,0,0
80267,2,1,1995,0,0,0,0,0,0,0,0,0,0
80268,1,1,1995,0,0,0,0,0,0,0,0,0,0
80269,0,1,1995,0,0,0,0,0,0,0,0,0,0
80269,1,1,1995,0,0,0,0,0,0,0,0,0,0
80270,1,1,1995,21,21,21,21,21,21,21,21,21,21
80271,1,1,1995,0,15,0,0,0,0,0,0,0,0
80271,2,1,1995,0,0,0,0,0,0,0,0,0,0
80271,3,1,1995,0,0,0,0,0,0,0,0,0,0
80271,4,1,1995,0,0,0,0,0,0,0,0,0,0
80272,1,1,1995,10,10,10,10,10,10,10,10,10,10
80273,1,1,1995,18,18,18,18,18,18,18,18,18,18
80273,2,1,1995,0,0,0,0,0,0,0,0,0,0
80274,1,1,1995,60,60,60,60,60,60,60,60,60,60
80274,2,1,1995,13,13,13,13,13,13,13,13,13,13
80275,1,1,1995,21,21,21,21,21,21,21,21,21,21
80275,2,1,1995,0,0,0,0,0,0,0,0,0,0
80276,1,1,1995,13,13,13,13,13,13,13,13,13,13
80277,1,1,1995,30,30,30,30,30,30,30,30,30,30
80277,2,1,1995,0,0,0,0,0,0,0,0,0,0
80278,1,1,1995,14,14,14,14,14,14,14,14,14,14
80279,1,1,1995,0,0,0,0,0,0,0,0,0,0
80280,1,1,1995,5,5,5,5,5,5,5,5,5,5
80280,2,1,1995,0,0,0,0,0,0,0,0,0,0
80281,1,1,1995,21,21,21,21,21,21,21,21,21,21
80282,1,1,1995,0,0,0,0,0,0,0,0,0,0
80282,2,1,1995,0,0,0,0,0,0,0,0,0,0
80283,1,1,1995,0,0,0,0,0,0,0,0,0,0
80284,1,1,1995,8,8,8,8,8,8,8,8,8,8
80284,2,1,1995,0,0,0,0,0,0,0,0,0,0
80284,3,1,1995,0,0,18,7,0,4,15,0,6,0
80285,0,1,1995,32,32,32,32,32,32,32,32,32,32
80285,1,1,1995,0,0,0,0,0,0,0,0,0,0
80286,1,1,1995,0,0,0,0,0,0,0,0,0,0
80286,2,1,1995,0,0,0,0,0,0,0,0,0,0
80287,1,1,1995,15,15,15,15,15,15,15,15,15,15
80288,1,1,1995,23,23,23,23,23,23,23,23,23,23
80289,1,1,1995,8,8,8,8,8,8,8,8,8,8
80290,1,1,1995,0,0,0,0,0,0,0,0,0,0
80290,2,1,1995,0,0,0,0,0,0,0,0,0,0
80291,0,1,1995,13,13,13,13,13,13,13,13,13,13
80291,1,1,1995,0,0,0,0,0,0,0,0,0,0
80292,1,1,1995,0,0,0,0,0,0,0,0,0,0
80292,2,1,1995,0,0,0,0,0,0,0,0,0,24
80293,1,1,1995,0,0,0,0,0,0,0,0,0,0
80293,2,1,1995,0,0,0,0,0,0,0,0,0,0
80294,1,1,1995,22,22,22,22,22,22,22,22,22,22
80295,1,1,1995,5,5,5,5,5,5,5,5,5,5
80296,1,1,1995,0,0,0,13,0,0,0,0,0,0
80297,1,1,1995,4,4,4,4,4,4,4,4,4,4
80298,1,1,1995,16,16,16,16,16,16,16,16,16,16
80298,2,1,1995,0,0,0,0,0,0,0,0,0,0
80299,1,1,1995,9,9,9,9,9,9,9,9,9,9
80300,1,1,1995,0,0,0,0,0,0,0,0,0,0
80300,2,1,1995,0,0,0,0,0,0,0,0,0,0
80301,1,1,1995,0,0,0,0,0,0,0,0,0,0
80301,2,1,1995,0,0,0,0,0,0,0,0,0,0
80302,1,1,1995,0,0,0,0,0,0,0,0,0,0
80302,2,1,1995,0,0,0,0,0,0,0,0,0,0
80303,1,1,1995,0,0,0,0,0,0,0,0,0,0
80303,2,1,1995,0,0,0,0,0,0,0,0,0,0
80303,3,1,1995,0,0,0,0,0,0,0,0,0,0
80304,1,1,1995,17,17,17,17,17,17,17,17,17,17
80305,0,1,1995,0,0,0,0,0,0,0,0,0,0
80305,1,1,1995,0,10,0,0,0,0,0,0,0,0
80306,0,1,1995,0,0,0,0,0,0,0,0,0,0
80306,1,1,1995,0,0,0,25,0,0,0,0,0,0
80307,0,1,1995,30,30,30,30,30,30,30,30,30,30
80307,1,1,1995,0,0,0,0,0,0,0,0,0,18
80308,1,1,1995,0,0,0,0,0,0,0,0,0,0
80309,1,1,1995,0,0,0,0,0,0,0,0,0,0
80310,1,1,1995,0,0,0,0,0,0,0,0,0,0
80311,1,1,1995,8,8,8,8,8,8,8,8,8,8
80311,2,1,1995,0,0,0,0,0,0,0,0,0,0
80312,0,1,1995,0,0,0,0,0,0,0,0,0,0
80312,1,1,1995,14,14,14,14,14,14,14,14,14,14
80312,2,1,1995,0,0,0,0,0,0,0,0,4,0
80313,1,1,1995,0,0,0,0,0,0,0,0,0,0