ST_CASE,VEH_NO,PER_NO,YEAR,P1,P2,P3,P4,P5,P6,P7,P8,P9,P10
80313,2,1,1995,0,0,0,0,0,0,0,0,0,0
80313,3,1,1995,0,0,0,0,0,0,0,0,0,0
80314,1,1,1995,0,0,0,0,0,0,0,0,0,0
80315,1,1,1995,23,23,23,23,23,23,23,23,23,23
80315,2,1,1995,0,0,0,0,0,0,0,0,0,0
80316,1,1,1995,0,0,0,0,0,0,0,0,0,0
80316,2,1,1995,0,0,0,0,0,0,0,0,0,0
80317,1,1,1995,12,12,12,12,12,12,12,12,12,12
80318,1,1,1995,26,26,26,26,26,26,26,26,26,26
80318,2,1,1995,0,0,0,0,0,0,0,0,0,0
80319,1,1,1995,12,12,12,12,12,12,12,12,12,12
80320,1,1,1995,18,18,18,18,18,18,18,18,18,18
80320,2,1,1995,0,0,0,0,0,0,0,0,0,0
80321,1,1,1995,16,16,16,16,16,16,16,16,16,16
80322,1,1,1995,14,14,14,14,14,14,14,14,14,14
80322,2,1,1995,0,0,0,0,0,0,0,0,0,0
80323,1,1,1995,0,0,0,0,0,0,0,0,0,0
80324,1,1,1995,15,15,15,15,15,15,15,15,15,15
80325,1,1,1995,8,8,8,8,8,8,8,8,8,8
80326,1,1,1995,14,14,14,14,14,14,14,14,14,14
80327,1,1,1995,6,6,6,6,6,6,6,6,6,6
80328,1,1,1995,20,20,20,20,20,20,20,20,20,20
80329,1,1,1995,0,0,0,0,0,0,0,0,0,0
80330,1,1,1995,13,13,13,13,13,13,13,13,13,13
80330,2,1,1995,0,0,0,0,0,0,0,0,0,0
80331,1,1,1995,15,15,15,15,15,15,15,15,15,15
80332,1,1,1995,0,0,0,0,0,0,0,0,0,0
80333,1,1,1995,16,16,16,16,16,16,16,16,16,16
80334,1,1,1995,26,26,26,26,26,26,26,26,26,26
80335,1,1,1995,0,0,0,0,0,0,0,0,0,0
80335,2,1,1995,0,0,0,0,0,17,0,0,0,0
80336,1,1,1995,0,0,0,0,0,0,0,0,0,0
80336,2,1,1995,0,0,0,0,0,0,0,0,0,0
80336,3,1,1995,0,0,0,0,0,0,0,0,0,0
80337,1,1,1995,25,25,25,25,25,25,25,25,25,25
80338,1,1,1995,0,0,0,0,0,0,0,0,0,0
80338,2,1,1995,0,0,0,0,0,0,0,0,0,13
80339,1,1,1995,0,0,0,0,0,0,0,0,0,0
80340,1,1,1995,2,2,2,2,2,2,2,2,2,2
80340,2,1,1995,0,0,0,0,0,0,0,0,0,0
80341,1,1,1995,22,22,22,22,22,22,22,22,22,22
80342,1,1,1995,22,22,22,22,22,22,22,22,22,22
80343,1,1,1995,36,36,36,36,36,36,36,36,36,36
80344,1,1,1995,0,0,0,0,0,0,0,0,0,0
80344,2,1,1995,0,0,0,0,0,0,0,0,0,0
80345,0,1,1995,23,23,23,23,23,23,23,23,23,23
80345,1,1,1995,0,0,0,0,0,0,0,0,0,0
80346,1,1,1995,9,9,9,9,9,9,9,9,9,9
80346,2,1,1995,0,0,0,0,0,0,0,0,0,0
80347,1,1,1995,7,7,7,7,7,7,7,7,7,7
80347,2,1,1995,0,0,0,0,0,0,0,0,0,0
80347,3,1,1995,0,0,0,0,0,0,6,0,0,0
80348,1,1,1995,0,0,0,0,0,0,0,0,0,0
80348,2,1,1995,0,0,5,0,0,0,0,0,10,0
80348,3,1,1995,0,0,0,0,0,0,0,0,0,0
80349,1,1,1995,16,16,16,16,16,16,16,16,16,16
80349,2,1,1995,0,0,0,0,0,0,0,0,0,0
80350,1,1,1995,0,0,0,0,0,0,0,0,0,0
80350,2,1,1995,0,0,0,0,0,0,0,0,0,0
80351,1,1,1995,31,31,31,31,31,31,31,31,31,31
80351,2,1,1995,0,0,0,0,0,0,0,0,0,0
80352,1,1,1995,0,0,0,0,0,0,0,0,0,0
80353,1,1,1995,0,0,0,0,0,0,0,0,0,0
80353,2,1,1995,4,4,4,4,4,4,4,4,4,4
80354,1,1,1995,0,0,0,0,0,0,0,0,0,0
80354,2,1,1995,8,8,8,8,8,8,8,8,8,8
80355,0,1,1995,16,0,0,0,0,0,0,0,0,26
80355,0,2,1995,0,0,9,0,23,23,0,0,0,0
80355,1,1,1995,0,0,0,0,0,0,0,0,0,13
80356,1,1,1995,0,0,0,0,0,0,0,0,0,0
80356,2,1,1995,0,0,0,0,0,0,0,0,0,0
80357,1,1,1995,0,0,0,0,0,0,0,0,0,0
80358,1,1,1995,18,18,18,18,18,18,18,18,18,18
80359,1,1,1995,10,10,10,10,10,10,10,10,10,10
80359,2,1,1995,0,0,0,0,0,0,0,0,0,18
80359,3,1,1995,10,0,0,0,15,0,0,0,0,0
80360,1,1,1995,0,0,0,0,0,0,0,0,0,0
80361,1,1,1995,0,0,0,0,0,0,0,0,0,0
80362,1,1,1995,0,0,0,0,0,0,0,0,0,0
80362,2,1,1995,0,0,0,0,0,0,0,0,0,0
80363,1,1,1995,0,0,0,0,0,0,0,0,0,0
80364,1,1,1995,0,0,0,0,0,0,0,0,22,0
80364,2,1,1995,0,0,0,0,0,0,0,0,0,0
80364,3,1,1995,0,0,0,0,0,0,0,0,0,0
80365,1,1,1995,6,6,6,6,6,6,6,6,6,6
80366,1,1,1995,27,27,27,27,27,27,27,27,27,27
80367,1,1,1995,0,0,0,0,0,0,0,0,0,0
80368,1,1,1995,0,0,0,0,0,0,0,0,0,0
80368,2,1,1995,0,15,0,0,0,0,0,0,0,28
80369,1,1,1995,0,0,0,0,0,0,0,0,0,0
80369,2,1,1995,0,0,0,0,0,0,0,0,0,0
80370,1,1,1995,23,23,23,23,23,23,23,23,23,23
80371,1,1,1995,23,23,23,23,23,23,23,23,23,23
80371,2,1,1995,0,0,0,0,0,0,0,0,0,0
80371,3,1,1995,0,0,0,0,0,0,0,0,0,0
80372,1,1,1995,19,19,19,19,19,19,19,19,19,19
80373,0,1,1995,24,24,24,24,24,24,24,24,24,24
80373,1,1,1995,0,0,0,0,0,0,0,0,0,0
80374,1,1,1995,0,0,0,0,0,0,0,0,0,0
80374,2,1,1995,0,0,0,0,0,0,0,0,0,0
80375,1,1,1995,0,0,0,0,0,0,0,0,0,0
80376,1,1,1995,15,15,15,15,15,15,15,15,15,15
80376,2,1,1995,0,0,0,0,0,0,0,0,0,0
80377,1,1,1995,0,0,0,0,0,0,0,0,0,0
80378,1,1,1995,0,0,0,0,0,0,0,0,0,0
80378,2,1,1995,0,0,0,0,0,0,0,0,0,0
80379,1,1,1995,0,0,0,0,0,0,0,0,0,0
80380,1,1,1995,0,0,0,0,0,0,0,0,0,0
80380,2,1,1995,0,0,0,0,0,0,0,0,0,0
80381,1,1,1995,16,16,16,16,16,16,16,16,16,16
80382,1,1,1995,23,23,23,23,23,23,23,23,23,23
80383,1,1,1995,0,0,0,0,0,0,0,0,0,0
80383,2,1,1995,0,0,0,0,0,0,0,0,0,0
80384,1,1,1995,9,9,9,9,9,9,9,9,9,9
80385,1,1,1995,0,0,0,0,0,0,0,0,0,0
80385,2,1,1995,0,0,0,0,0,0,0,0,0,0
80385,3,1,1995,0,34,9,0,0,8,0,0,0,0
80386,1,1,1995,9,9,9,9,9,9,9,9,9,9
80387,1,1,1995,26,26,26,26,26,26,26,26,26,26
80388,1,1,1995,28,28,28,28,28,28,28,28,28,28
80389,1,1,1995,0,0,0,0,0,0,0,0,0,0
80389,2,1,1995,0,0,0,0,0,0,0,0,0,0
80390,1,1,1995,0,0,0,0,0,0,0,0,0,0
80390,2,1,1995,0,0,0,0,0,0,0,0,0,0
80390,3,1,1995,0,0,0,0,0,0,0,0,0,0
80391,1,1,1995,0,0,0,0,0,0,0,0,0,0
80392,1,1,1995,0,0,0,0,0,0,0,0,0,0
80393,1,1,1995,0,0,0,0,0,0,0,0,0,0
80394,1,1,1995,0,0,0,0,0,0,0,0,0,0
80394,2,1,1995,0,0,0,0,0,0,0,0,0,0
80395,1,1,1995,4,4,4,4,4,4,4,4,4,4
80396,1,1,1995,0,0,0,0,0,0,0,0,0,0
80396,2,1,1995,0,0,0,0,0,0,0,0,0,0
80397,1,1,1995,13,13,13,13,13,13,13,13,13,13
80398,0,1,1995,21,21,21,21,21,21,21,21,21,21
80398,1,1,1995,0,18,10,16,17,25,18,0,29,15
80399,1,1,1995,0,0,0,0,0,2,0,0,0,0
80400,1,1,1995,19,19,19,19,19,19,19,19,19,19
80400,2,1,1995,0,0,0,0,0,0,0,0,0,0
80401,1,1,1995,0,0,0,0,0,0,0,0,0,0
80401,2,1,1995,0,0,0,0,0,0,0,0,0,0
80402,1,1,1995,21,21,21,21,21,21,21,21,21,21
80403,1,1,1995,23,23,23,23,23,23,23,23,23,23
80403,2,1,1995,0,0,0,0,0,0,0,0,0,0
80404,1,1,1995,0,0,0,0,0,0,0,0,0,0
80404,2,1,1995,0,0,0,0,0,0,0,0,0,0
80405,1,1,1995,0,0,0,0,0,0,0,0,0,0
80405,2,1,1995,0,0,0,0,0,0,0,0,0,0
80406,1,1,1995,0,0,0,0,0,0,0,0,0,0
80406,2,1,1995,0,0,0,0,0,0,0,0,0,0
80407,1,1,1995,20,20,20,20,20,20,20,20,20,20
80407,2,1,1995,3,3,3,3,3,3,3,3,3,3
80407,3,1,1995,0,0,0,0,0,0,0,0,0,0
80408,1,1,1995,0,0,0,0,0,0,0,0,0,0
80409,1,1,1995,0,0,0,0,0,0,0,0,0,0
80410,1,1,1995,0,0,0,0,0,0,0,0,0,0
80410,2,1,1995,0,0,0,0,0,0,0,0,0,0
80411,1,1,1995,20,20,20,20,20,20,20,20,20,20
80412,1,1,1995,0,0,0,0,0,0,0,0,0,0
80413,1,1,1995,17,17,17,17,17,17,17,17,17,17
80413,2,1,1995,0,0,0,0,0,0,0,0,0,0
80414,1,1,1995,15,15,15,15,15,15,15,15,15,15
80415,1,1,1995,0,0,0,0,0,0,0,0,0,0
80416,3,1,1995,0,0,0,17,31,0,0,0,0,0
80417,0,1,1995,0,0,0,0,0,0,0,0,0,0
80417,1,1,1995,0,0,0,0,0,0,0,0,0,0
80418,1,1,1995,20,20,20,20,20,20,20,20,20,20
80419,0,1,1995,0,0,0,0,0,0,0,0,0,0
80419,0,2,1995,0,0,0,0,0,0,0,0,0,20
80419,0,3,1995,0,0,0,0,0,0,2,18,0,0
80419,0,4,1995,4,0,30,6,0,0,22,0,0,0
80419,0,5,1995,0,0,14,0,0,0,0,54,0,0
80419,1,1,1995,0,0,0,0,0,0,0,0,0,0
80420,1,1,1995,6,6,6,6,6,6,6,6,6,6
80421,1,1,1995,0,0,0,0,0,0,0,0,0,0
80422,1,1,1995,15,15,15,15,15,15,15,15,15,15
80423,1,1,1995,13,13,13,13,13,13,13,13,13,13
80424,1,1,1995,19,19,19,19,19,19,19,19,19,19
80425,1,1,1995,0,0,0,0,0,0,0,0,0,0
80426,1,1,1995,9,9,9,9,9,9,9,9,9,9
80427,1,1,1995,0,0,0,0,0,0,0,0,0,0
80427,2,1,1995,0,0,0,0,0,0,0,0,0,0
80428,1,1,1995,0,0,0,0,0,0,0,0,0,0
80428,2,1,1995,0,0,0,0,0,0,0,0,0,0
80429,1,1,1995,0,0,0,0,0,0,0,0,0,0
80429,2,1,1995,0,0,0,0,0,0,0,0,0,0
80430,1,1,1995,0,0,0,0,0,0,0,0,0,0
80430,2,1,1995,0,0,0,0,0,0,0,0,0,0
80431,1,1,1995,0,0,0,0,0,0,0,0,0,0
80432,1,1,1995,0,0,0,0,0,0,0,0,0,0
80433,1,1,1995,21,21,21,21,21,21,21,21,21,21
80433,2,1,1995,0,0,0,0,0,0,0,0,0,0
80434,1,1,1995,28,28,28,28,28,28,28,28,28,28
80435,1,1,1995,0,0,0,0,0,0,0,0,0,0
80436,0,1,1995,0,0,0,0,0,0,0,0,0,0
80436,1,1,1995,0,0,0,0,0,0,0,0,0,5
80437,1,1,1995,0,0,0,0,0,12,0,0,0,0
80438,1,1,1995,0,0,0,0,0,0,0,0,0,0
80438,2,1,1995,0,0,0,0,0,0,0,0,0,0
80439,1,1,1995,0,0,0,0,0,0,0,0,0,0
80439,2,1,1995,0,0,0,0,0,0,0,0,0,0
80439,3,1,1995,0,0,0,0,0,0,0,0,0,0
80440,1,1,1995,19,22,3,16,0,26,18,13,18,13
80441,1,1,1995,0,0,0,0,0,0,0,0,0,0
80442,1,1,1995,0,0,0,0,0,0,0,0,0,0
80442,2,1,1995,0,0,0,0,0,0,0,0,0,0
80443,1,1,1995,0,0,0,0,0,0,0,0,0,0
80444,1,1,1995,0,0,0,0,0,0,0,0,0,0
80445,1,1,1995,17,17,17,17,17,17,17,17,17,17
80446,1,1,1995,0,0,0,0,0,0,0,0,0,0
80446,2,1,1995,0,0,0,0,0,0,0,0,0,0
80447,1,1,1995,0,0,0,0,0,0,0,0,0,0
80448,1,1,1995,0,0,0,0,0,0,0,0,0,0
80448,2,1,1995,0,0,0,0,0,0,0,0,0,0
80449,1,1,1995,13,13,13,13,13,13,13,13,13,13
80450,1,1,1995,0,0,0,0,0,0,0,0,0,0
80450,2,1,1995,0,0,0,0,0,0,0,0,0,0
80451,1,1,1995,0,0,0,0,0,0,0,0,0,0
80452,1,1,1995,0,0,0,0,0,0,0,0,0,0
80453,1,1,1995,0,0,0,0,0,0,0,0,0,0
80454,1,1,1995,20,20,20,20,20,20,20,20,20,20
80455,1,1,1995,23,23,23,23,23,23,23,23,23,23
80455,2,1,1995,0,0,0,0,0,0,0,0,0,0
80455,3,1,1995,0,0,0,0,0,0,0,0,0,0
80456,0,1,1995,0,0,0,25,0,0,0,0,0,28
80456,1,1,1995,4,4,4,4,4,4,4,4,4,4
80457,1,1,1995,22,22,22,22,22,22,22,22,22,22
80457,2,1,1995,0,0,0,0,0,0,0,0,0,0
80458,1,1,1995,15,15,15,15,15,15,15,15,15,15
80459,1,1,1995,0,0,0,0,0,0,0,0,0,0
80460,1,1,1995,14,14,14,14,14,14,14,14,14,14
80461,1,1,1995,0,0,0,0,0,0,0,0,0,0
80461,2,1,1995,0,0,0,0,0,0,0,0,0,0
80462,1,1,1995,0,0,0,0,0,0,0,0,0,0
80463,1,1,1995,3,3,3,3,3,3,3,3,3,3
80464,0,1,1995,0,0,0,0,0,0,0,0,0,0
80464,1,1,1995,0,0,0,0,0,0,0,0,0,0
80465,1,1,1995,0,0,0,0,0,0,0,0,0,0
80465,2,1,1995,0,0,0,0,0,0,0,0,0,0
80465,3,1,1995,0,0,0,0,0,0,0,0,0,0
80465,4,1,1995,0,0,0,0,0,15,5,0,0,0
80466,1,1,1995,26,26,26,26,26,26,26,26,26,26
80466,2,1,1995,0,0,0,0,0,0,0,0,0,0
80467,1,1,1995,17,17,17,17,17,17,17,17,17,17
80468,0,1,1995,18,18,18,18,18,18,18,18,18,18
80468,1,1,1995,0,0,0,0,0,0,0,0,0,0
80469,0,1,1995,0,0,0,0,0,0,0,0,0,0
80469,1,1,1995,0,0,0,0,0,0,0,0,0,0
80470,1,1,1995,0,0,0,0,0,0,0,0,0,0
80470,2,1,1995,0,0,0,0,0,0,0,0,0,0
80471,1,1,1995,0,0,0,0,0,0,0,0,0,0
80472,1,1,1995,0,0,0,0,0,0,0,0,0,0
80472,2,1,1995,0,0,0,0,0,0,0,0,0,0
80472,3,1,1995,0,0,0,0,0,0,0,0,0,0
80473,1,1,1995,9,9,9,9,9,9,9,9,9,9
80474,1,1,1995,0,0,0,0,0,0,0,0,0,0
80474,2,1,1995,0,0,0,0,0,0,13,0,0,0
80475,1,1,1995,0,0,0,0,0,0,0,0,0,0
80476,0,1,1995,0,0,23,0,0,0,18,20,14,0
80476,1,1,1995,0,0,0,0,0,0,0,0,0,0
80476,2,1,1995,0,0,0,0,0,0,0,0,0,0
80477,1,1,1995,0,0,0,0,0,0,0,0,0,0
80478,1,1,1995,12,12,12,12,12,12,12,12,12,12
80479,1,1,1995,33,33,33,33,33,33,33,33,33,33
80480,1,1,1995,12,12,12,12,12,12,12,12,12,12
80481,1,1,1995,0,0,0,0,0,0,0,0,0,0
80482,1,1,1995,0,0,0,0,0,0,0,0,0,0
80482,2,1,1995,0,0,0,0,0,0,0,0,0,0
80483,1,1,1995,0,0,0,0,0,0,0,0,0,0
80483,2,1,1995,21,0,0,0,0,10,0,29,0,0
80484,1,1,1995,23,23,23,23,23,23,23,23,23,23
80484,2,1,1995,0,0,0,0,0,0,0,0,0,0
80485,1,1,1995,0,0,0,0,0,0,0,0,0,0
80485,2,1,1995,7,7,7,7,7,7,7,7,7,7
80486,1,1,1995,17,17,17,17,17,17,17,17,17,17
80487,1,1,1995,18,18,18,18,18,18,18,18,18,18
80488,1,1,1995,0,0,0,0,0,0,0,0,0,0
80489,1,1,1995,0,0,0,0,0,0,0,0,0,0
80489,2,1,1995,0,0,0,0,0,0,0,0,0,0
80490,1,1,1995,0,0,0,0,0,0,0,0,0,0
80490,2,1,1995,0,0,0,0,0,0,0,0,0,0
80491,0,1,1995,11,0,0,0,0,0,0,0,0,0
80491,1,1,1995,0,0,0,0,0,0,0,0,0,0
80492,1,1,1995,0,0,0,0,0,0,0,0,0,0
80493,1,1,1995,33,33,33,33,33,33,33,33,33,33
80493,2,1,1995,0,0,0,0,0,0,0,0,0,0
80494,1,1,1995,0,0,0,0,0,0,0,0,0,0
80495,1,1,1995,0,0,0,0,0,0,0,0,0,0
80495,2,1,1995,0,0,0,0,0,0,0,0,0,0
80496,1,1,1995,0,0,0,0,0,0,0,0,0,0
80496,2,1,1995,0,0,0,0,0,0,0,0,0,0
80497,1,1,1995,20,20,20,20,20,20,20,20,20,20
80497,2,1,1995,0,0,0,0,0,0,0,0,0,0
80498,1,1,1995,20,20,20,20,20,20,20,20,20,20
80499,1,1,1995,0,0,0,0,0,0,0,0,0,0
80499,2,1,1995,0,0,24,0,0,8,0,0,0,0
80500,1,1,1995,0,0,0,0,0,0,0,0,0,0
80501,1,1,1995,0,0,0,0,0,0,0,0,0,0
80501,2,1,1995,0,0,0,0,0,0,0,0,0,0
80502,1,1,1995,0,0,0,0,7,0,0,9,0,0
80502,2,1,1995,0,0,0,0,0,0,0,0,0,0
80503,1,1,1995,0,0,0,0,0,0,0,0,0,0
80504,0,1,1995,11,11,11,11,11,11,11,11,11,11
80504,0,2,1995,0,0,0,0,0,0,0,0,0,0
80504,1,1,1995,0,0,0,0,0,0,0,0,0,0
80505,1,1,1995,0,0,0,0,0,0,0,0,0,0
80506,1,1,1995,9,9,9,9,9,9,9,9,9,9
80507,1,1,1995,34,34,34,34,34,34,34,34,34,34
80508,1,1,1995,21,21,21,21,21,21,21,21,21,21
80508,2,1,1995,25,35,0,26,5,6,22,17,5,26
80509,1,1,1995,12,12,12,12,12,12,12,12,12,12
80510,1,1,1995,12,2,13,21,27,9,0,22,0,27
80511,1,1,1995,0,0,0,0,0,0,0,0,0,0
80511,2,1,1995,13,0,22,12,0,0,0,0,0,0
80512,0,1,1995,32,32,32,32,32,32,32,32,32,32
80512,1,1,1995,0,0,0,0,0,0,0,0,0,0
80513,1,1,1995,16,16,16,16,16,16,16,16,16,16
80514,1,1,1995,0,0,0,0,0,0,0,0,0,0
80514,2,1,1995,0,0,0,0,0,0,0,0,0,0
80515,1,1,1995,14,14,14,14,14,14,14,14,14,14
80515,2,1,1995,21,21,21,21,21,21,21,21,21,21
80516,1,1,1995,0,0,0,0,0,0,0,0,0,0
80517,1,1,1995,0,0,0,0,0,0,0,14,0,0
80518,1,1,1995,0,0,0,0,0,0,0,0,0,0
80519,1,1,1995,7,7,7,7,7,7,7,7,7,7
80520,0,1,1995,0,14,0,0,0,0,0,0,0,0
80520,1,1,1995,0,0,0,0,0,0,0,0,0,0
80521,1,1,1995,25,22,28,15,7,15,19,24,6,0
80521,2,1,1995,0,0,0,0,0,0,0,0,0,0
80522,1,1,1995,0,0,0,0,0,0,0,0,0,0
80522,2,1,1995,0,0,0,0,0,0,0,0,0,0
80523,1,1,1995,11,26,16,24,18,26,19,11,16,6
80524,1,1,1995,0,0,0,0,0,0,0,0,0,0
80525,0,1,1995,34,34,34,34,34,34,34,34,34,34
80525,1,1,1995,0,0,0,0,0,0,0,0,0,0
80526,1,1,1995,0,0,0,0,0,0,0,0,0,0
80526,2,1,1995,0,0,0,0,0,0,0,0,0,0
80527,1,1,1995,0,0,0,0,0,0,0,0,0,0
80527,2,1,1995,0,0,0,0,0,0,0,0,0,0
80528,1,1,1995,4,4,4,4,4,4,4,4,4,4
80529,1,1,1995,0,0,0,0,0,0,0,0,0,0
80530,1,1,1995,0,0,0,0,0,0,0,0,0,0
80530,2,1,1995,0,0,7,0,2,0,0,8,0,3
80531,0,1,1995,0,0,0,0,0,0,0,0,0,0
80531,0,2,1995,14,0,25,0,11,25,26,0,16,0
80531,1,1,1995,2,2,2,2,2,2,2,2,2,2
80532,1,1,1995,19,19,19,19,19,19,19,19,19,19
80532,2,1,1995,0,0,0,0,0,0,0,0,0,0
80533,1,1,1995,0,0,0,0,0,0,0,0,0,0
80533,2,1,1995,0,0,0,0,0,0,0,0,0,0
80533,3,1,1995,0,0,0,0,0,0,0,0,0,0
80533,4,1,1995,0,0,0,0,0,0,0,0,0,0
80534,1,1,1995,8,8,8,8,8,8,8,8,8,8
80534,2,1,1995,0,0,0,0,0,0,0,0,0,0
80535,1,1,1995,0,0,0,0,0,0,0,0,0,0
80535,2,1,1995,0,0,0,0,0,0,0,0,0,0
80536,1,1,1995,0,0,0,0,0,0,0,0,0,0
80536,2,1,1995,0,0,0,0,0,0,0,0,0,0
80537,1,1,1995,0,0,0,0,0,0,0,0,0,0
80537,2,1,1995,0,7,0,0,0,0,0,0,0,0
80538,1,1,1995,26,26,26,26,26,26,26,26,26,26
80539,1,1,1995,6,6,6,6,6,6,6,6,6,6
80540,1,1,1995,0,0,0,0,0,0,0,0,0,0
80541,1,1,1995,26,26,26,26,26,26,26,26,26,26
80542,0,1,1995,1,1,1,1,1,1,1,1,1,1
80542,1,1,1995,0,0,0,0,0,0,0,0,0,0
80543,0,1,1995,0,0,0,0,0,0,0,0,0,0
80543,1,1,1995,0,0,0,0,0,0,0,0,0,0
80544,1,1,1995,0,0,0,0,0,0,0,0,0,0
80545,1,1,1995,24,24,24,24,24,24,24,24,24,24
80546,1,1,1995,29,29,29,29,29,29,29,29,29,29
80546,2,1,1995,0,0,0,0,0,0,0,0,0,0
80547,1,1,1995,0,0,0,0,0,0,0,0,0,0
80548,1,1,1995,0,15,0,0,0,12,0,18,0,0
80549,1,1,1995,12,12,12,12,12,12,12,12,12,12
80550,1,1,1995,17,17,17,17,17,17,17,17,17,17
80550,2,1,1995,7,0,2,0,0,12,0,0,0,0
80550,3,1,1995,0,0,0,0,0,0,0,0,0,0
80551,0,1,1995,0,0,0,0,0,0,0,0,0,0
80551,1,1,1995,0,0,0,0,0,0,0,0,0,0
80551,2,1,1995,0,0,0,0,0,0,0,0,0,0
80552,1,1,1995,19,19,19,19,19,19,19,19,19,19
80553,1,1,1995,0,0,0,0,0,0,0,0,0,0
80554,1,1,1995,0,0,0,0,0,0,0,0,0,0
80554,2,1,1995,0,0,0,0,0,0,0,0,0,0
80555,0,1,1995,14,14,14,14,14,14,14,14,14,14
80555,1,1,1995,7,7,7,7,7,7,7,7,7,7
80556,1,1,1995,0,0,0,0,0,0,0,0,0,0
80556,2,1,1995,0,0,0,0,0,0,0,0,0,0
80557,1,1,1995,0,0,0,0,0,0,0,0,0,0
80558,1,1,1995,0,0,0,0,0,0,0,0,0,0
80558,2,1,1995,0,0,0,0,0,0,0,0,0,0
80559,1,1,1995,13,13,13,13,13,13,13,13,13,13
80559,2,1,1995,5,0,0,0,0,0,0,0,0,0
80559,3,1,1995,0,0,0,0,0,0,0,0,0,0
80560,1,1,1995,0,0,0,0,0,0,0,0,0,0
80561,1,1,1995,0,0,0,0,0,0,0,0,0,0
80562,0,1,1995,24,24,24,24,24,24,24,24,24,24
80562,1,1,1995,0,0,0,0,0,0,0,0,0,0
80563,1,1,1995,0,0,0,0,0,0,0,0,0,0
80564,1,1,1995,0,0,0,0,0,0,0,0,0,0
80564,2,1,1995,0,0,0,0,0,0,0,0,0,0
80565,1,1,1995,0,0,0,0,0,0,0,0,0,0
80565,2,1,1995,0,0,30,0,0,0,10,0,0,0
80566,1,1,1995,0,0,0,0,0,0,0,0,0,0
80566,2,1,1995,0,0,0,0,0,0,0,0,0,0
80567,1,1,1995,20,20,20,20,20,20,20,20,20,20
80568,1,1,1995,0,0,0,0,0,0,0,0,0,0
80569,1,1,1995,0,0,0,0,0,0,0,0,0,0
80569,2,1,1995,0,0,0,0,0,0,0,0,0,0
80570,1,1,1995,0,0,0,0,0,0,0,0,0,0
80570,2,1,1995,0,0,0,0,0,0,0,0,0,0
80571,1,1,1995,0,0,0,0,0,0,0,0,0,0
80571,2,1,1995,0,0,0,0,0,0,0,0,0,0
80572,1,1,1995,16,16,16,16,16,16,16,16,16,16
90001,1,1,1995,28,28,28,28,28,28,28,28,28,28
90002,1,1,1995,0,0,0,0,0,0,0,0,0,0
90003,1,1,1995,0,0,0,0,0,0,0,0,0,0
90003,2,1,1995,0,0,0,0,0,0,0,0,0,0
90004,0,1,1995,10,10,10,10,10,10,10,10,10,10
90004,1,1,1995,0,0,0,0,0,0,0,5,0,0
90005,0,1,1995,15,15,15,15,15,15,15,15,15,15
90005,1,1,1995,0,0,0,0,0,0,0,0,0,0
90005,2,1,1995,0,13,0,0,0,0,0,0,18,0
90006,1,1,1995,41,41,41,41,41,41,41,41,41,41
90006,2,1,1995,0,0,0,0,0,0,0,0,0,0
90007,0,1,1995,0,0,0,0,0,0,0,0,0,0
90007,1,1,1995,0,0,0,0,0,0,0,0,0,0
90008,1,1,1995,10,10,10,10,10,10,10,10,10,10
90008,2,1,1995,0,0,0,0,0,0,0,0,0,0
90008,3,1,1995,0,0,0,0,16,0,0,0,0,0
90008,4,1,1995,0,0,0,0,0,0,0,0,0,0
90008,5,1,1995,0,0,12,0,0,0,0,0,0,13
90009,1,1,1995,0,0,0,0,0,0,0,0,0,0
90010,1,1,1995,19,19,19,19,19,19,19,19,19,19
90011,1,1,1995,0,0,0,0,0,0,0,0,0,0
90012,1,1,1995,0,0,0,0,0,0,0,0,0,0
90013,1,1,1995,17,23,0,0,15,0,0,0,0,0
90013,2,1,1995,13,13,13,13,13,13,13,13,13,13
90014,1,1,1995,0,0,0,0,0,0,0,0,0,0
90015,0,1,1995,8,8,8,8,8,8,8,8,8,8
90015,1,1,1995,0,0,0,0,0,0,0,0,0,0
90016,1,1,1995,16,16,16,16,16,16,16,16,16,16
90017,1,1,1995,33,33,33,33,33,33,33,33,33,33
90018,1,1,1995,25,25,25,25,25,25,25,25,25,25
90018,2,1,1995,0,0,0,0,0,0,0,0,0,0
90019,1,1,1995,20,20,20,20,20,20,20,20,20,20
90020,1,1,1995,0,0,0,0,0,0,0,0,0,0
90021,1,1,1995,0,0,0,0,0,0,0,0,0,0
90021,2,1,1995,0,0,0,0,0,0,0,0,0,0
90022,0,1,1995,0,0,0,0,0,0,0,0,0,0
90022,1,1,1995,0,0,0,0,0,0,0,0,0,0
90023,1,1,1995,0,0,0,0,0,0,0,0,0,0
90024,1,1,1995,9,9,9,9,9,9,9,9,9,9
90025,1,1,1995,0,0,0,0,0,0,0,0,0,0
90025,2,1,1995,0,0,0,0,0,0,0,0,0,0
90025,3,1,1995,0,0,0,0,0,0,0,0,0,0
90026,1,1,1995,0,0,0,0,0,0,23,0,0,0
90026,2,1,1995,25,25,25,25,25,25,25,25,25,25
90027,1,1,1995,0,0,0,0,0,0,0,0,0,0
90027,2,1,1995,0,0,0,0,0,0,0,0,0,0
90028,1,1,1995,18,18,18,18,18,18,18,18,18,18
90029,1,1,1995,27,27,27,27,27,27,27,27,27,27
90030,1,1,1995,0,12,8,0,0,0,0,0,0,0
90031,0,1,1995,0,0,0,0,0,0,0,0,0,0
90031,1,1,1995,10,0,0,0,0,0,5,0,0,0
90032,0,1,1995,0,0,0,0,0,0,0,0,0,0
90032,1,1,1995,0,0,0,0,0,0,0,0,0,0
90033,1,1,1995,0,0,0,0,0,0,0,0,0,0
90033,2,1,1995,0,0,0,0,0,0,0,0,0,0