ST_CASE,VEH_NO,PER_NO,YEAR,P1,P2,P3,P4,P5,P6,P7,P8,P9,P10
90033,3,1,1995,0,0,22,0,13,0,0,0,0,10
90034,1,1,1995,11,11,11,11,11,11,11,11,11,11
90035,1,1,1995,0,0,0,23,4,11,0,0,0,11
90036,1,1,1995,0,0,0,0,0,0,0,0,0,0
90036,2,1,1995,14,0,0,0,0,0,0,0,0,0
90037,1,1,1995,26,26,26,26,26,26,26,26,26,26
90038,1,1,1995,0,0,0,0,0,0,0,0,0,17
90038,2,1,1995,0,0,0,0,0,0,0,0,0,0
90039,1,1,1995,0,0,0,0,0,0,0,0,0,0
90039,2,1,1995,0,0,0,0,0,0,0,0,0,0
90040,1,1,1995,24,24,24,24,24,24,24,24,24,24
90041,1,1,1995,0,0,0,0,0,0,0,0,0,0
90041,2,1,1995,0,0,0,0,0,4,0,0,0,0
90041,3,1,1995,0,0,0,0,0,0,0,0,0,0
90042,1,1,1995,0,0,0,0,0,0,0,0,0,0
90043,1,1,1995,23,23,23,23,23,23,23,23,23,23
90044,1,1,1995,20,20,20,20,20,20,20,20,20,20
90044,2,1,1995,0,0,0,0,0,0,0,0,0,0
90045,1,1,1995,0,0,0,0,0,0,0,0,0,0
90046,0,1,1995,0,0,0,0,0,0,0,0,0,0
90046,1,1,1995,0,0,0,0,0,0,0,0,0,0
90047,1,1,1995,0,0,0,0,0,0,0,0,0,0
90048,1,1,1995,14,14,14,14,14,14,14,14,14,14
90048,2,1,1995,0,0,0,0,0,0,0,0,0,0
90049,1,1,1995,0,0,0,0,0,0,0,0,0,0
90049,2,1,1995,0,0,0,0,0,0,0,14,0,0
90050,1,1,1995,12,12,12,12,12,12,12,12,12,12
90051,0,1,1995,0,0,0,0,0,0,0,0,0,0
90051,1,1,1995,8,0,0,0,0,0,0,0,0,0
90052,1,1,1995,22,22,22,22,22,22,22,22,22,22
90053,1,1,1995,0,0,0,0,0,0,0,0,0,0
90053,2,1,1995,14,12,10,0,0,0,0,0,0,0
90054,0,1,1995,0,0,0,0,0,0,0,0,0,0
90054,1,1,1995,37,37,37,37,37,37,37,37,37,37
90055,1,1,1995,0,0,0,0,0,0,0,0,0,0
90056,1,1,1995,0,0,0,0,0,0,0,0,0,0
90057,1,1,1995,0,0,0,0,26,0,0,0,0,0
90057,2,1,1995,0,0,0,0,0,0,0,0,0,0
90058,1,1,1995,3,3,3,3,3,3,3,3,3,3
90058,2,1,1995,10,0,0,10,25,0,0,0,31,0
90059,1,1,1995,0,0,0,0,0,0,0,0,0,0
90060,1,1,1995,22,22,22,22,22,22,22,22,22,22
90060,2,1,1995,0,0,0,0,0,0,0,0,0,0
90061,1,1,1995,0,0,0,0,0,0,11,11,0,0
90061,2,1,1995,12,12,12,12,12,12,12,12,12,12
90062,1,1,1995,28,28,28,28,28,28,28,28,28,28
90063,1,1,1995,0,0,0,0,0,0,0,0,0,0
90064,1,1,1995,0,0,0,0,0,0,0,0,0,28
90064,2,1,1995,0,0,0,0,0,0,0,0,0,0
90065,1,1,1995,0,3,0,0,0,0,0,0,0,0
90065,2,1,1995,0,21,19,27,26,0,0,0,0,0
90066,1,1,1995,17,17,17,17,17,17,17,17,17,17
90067,1,1,1995,0,0,0,0,0,0,0,0,0,0
90067,2,1,1995,23,23,23,23,23,23,23,23,23,23
90068,1,1,1995,0,0,0,0,0,0,0,0,0,0
90068,2,1,1995,36,36,36,36,36,36,36,36,36,36
90069,1,1,1995,27,27,27,27,27,27,27,27,27,27
90070,1,1,1995,0,0,0,0,0,0,0,0,0,0
90070,2,1,1995,0,0,0,0,0,0,0,0,0,0
90071,1,1,1995,21,21,21,21,21,21,21,21,21,21
90071,2,1,1995,0,0,8,0,0,0,0,0,0,0
90072,0,1,1995,0,0,0,0,0,0,0,0,0,0
90072,1,1,1995,11,20,14,15,14,18,49,25,16,5
90073,1,1,1995,0,0,0,0,0,0,0,0,0,0
90073,2,1,1995,0,24,0,0,0,0,0,0,0,0
90074,0,1,1995,0,0,0,0,0,0,0,0,0,0
90074,1,1,1995,0,0,0,19,0,0,32,20,0,0
90075,0,1,1995,0,0,0,0,0,0,0,0,0,0
90075,1,1,1995,0,0,0,0,0,0,0,0,0,0
90076,1,1,1995,0,0,0,0,0,0,0,0,0,0
90077,1,1,1995,23,23,23,23,23,23,23,23,23,23
90078,1,1,1995,0,0,0,0,0,0,0,0,0,0
90079,1,1,1995,0,0,0,0,0,0,0,0,0,0
90079,2,1,1995,25,25,25,25,25,25,25,25,25,25
90080,1,1,1995,0,0,15,0,0,0,0,13,0,0
90081,1,1,1995,8,8,8,8,8,8,8,8,8,8
90082,1,1,1995,0,0,0,0,0,0,0,0,0,0
90082,2,1,1995,0,0,0,0,0,0,0,0,0,0
90083,0,1,1995,0,0,0,0,0,0,0,0,0,0
90083,1,1,1995,0,0,0,0,0,0,0,0,10,0
90084,1,1,1995,18,18,18,18,18,18,18,18,18,18
90085,1,1,1995,0,0,0,0,0,0,0,0,0,0
90085,2,1,1995,0,0,0,0,0,0,0,0,0,0
90086,0,1,1995,0,0,0,0,0,0,0,0,0,0
90086,1,1,1995,0,0,0,0,0,0,0,0,0,0
90087,1,1,1995,6,6,6,6,6,6,6,6,6,6
90087,2,1,1995,0,0,17,3,4,0,17,0,13,0
90088,1,1,1995,20,20,20,20,20,20,20,20,20,20
90089,1,1,1995,14,14,14,14,14,14,14,14,14,14
90090,0,1,1995,21,21,21,21,21,21,21,21,21,21
90090,1,1,1995,0,0,0,0,0,0,0,0,0,0
90091,1,1,1995,0,0,0,0,0,0,0,0,0,0
90091,2,1,1995,0,0,0,0,0,0,0,0,0,0
90092,1,1,1995,21,21,21,21,21,21,21,21,21,21
90093,1,1,1995,0,0,0,0,0,0,0,0,0,0
90093,2,1,1995,0,17,0,5,0,0,0,55,0,26
90094,1,1,1995,0,0,0,0,0,0,0,0,0,0
90095,0,1,1995,0,0,0,21,0,0,0,0,0,12
90095,0,2,1995,0,7,0,0,13,41,30,23,0,0
90095,1,1,1995,0,0,0,0,0,16,0,4,0,0
90096,0,1,1995,34,34,34,34,34,34,34,34,34,34
90096,1,1,1995,0,0,11,20,12,0,0,19,0,0
90097,0,1,1995,17,17,17,17,17,17,17,17,17,17
90097,1,1,1995,0,0,0,0,0,4,11,6,10,0
90098,1,1,1995,33,33,33,33,33,33,33,33,33,33
90099,1,1,1995,0,0,0,0,0,0,0,0,0,0
90099,2,1,1995,0,0,0,0,0,0,0,0,0,0
90100,1,1,1995,0,0,0,0,0,0,0,0,0,0
90101,0,1,1995,0,0,0,0,0,0,0,0,0,0
90101,1,1,1995,0,0,0,0,0,0,0,0,0,0
90102,1,1,1995,0,0,0,0,0,0,0,0,0,0
90102,2,1,1995,0,0,0,0,0,0,0,0,0,0
90103,1,1,1995,0,0,0,0,0,0,0,0,0,0
90103,2,1,1995,0,0,0,0,0,0,0,0,0,0
90104,1,1,1995,0,0,0,0,0,0,0,0,0,0
90104,2,1,1995,11,14,0,0,12,8,11,0,0,0
90104,3,1,1995,0,0,0,27,0,0,0,0,0,0
90104,4,1,1995,7,0,0,0,0,0,0,0,0,0
90106,1,1,1995,0,0,0,0,0,0,0,0,0,0
90107,1,1,1995,0,0,0,0,0,0,0,0,0,0
90107,2,1,1995,0,0,0,0,0,0,0,0,0,0
90108,1,1,1995,22,22,22,22,22,22,22,22,22,22
90109,1,1,1995,0,0,0,0,0,0,0,0,0,0
90109,2,1,1995,0,0,0,0,0,0,0,0,0,0
90110,1,1,1995,0,0,0,0,0,0,0,0,0,0
90111,1,1,1995,20,20,20,20,20,20,20,20,20,20
90112,1,1,1995,0,0,0,0,0,11,0,0,0,0
90113,1,1,1995,0,0,0,0,0,0,0,0,0,0
90113,2,1,1995,0,0,0,0,0,0,0,0,0,0
90114,1,1,1995,17,17,17,17,17,17,17,17,17,17
90115,0,1,1995,0,0,0,25,0,9,0,0,0,0
90115,1,1,1995,0,0,0,0,0,0,0,0,0,0
90115,2,1,1995,0,0,0,0,0,21,0,0,0,0
90116,1,1,1995,25,13,0,0,0,0,0,0,0,0
90117,1,1,1995,0,0,0,0,0,0,0,0,0,0
90117,2,1,1995,0,0,0,0,0,0,0,0,0,0
90118,1,1,1995,3,3,3,3,3,3,3,3,3,3
90119,1,1,1995,27,27,27,27,27,27,27,27,27,27
90120,0,1,1995,0,0,0,0,0,0,0,0,0,0
90120,0,2,1995,0,0,0,0,0,0,0,0,0,0
90120,1,1,1995,0,0,0,0,0,0,0,0,0,0
90121,1,1,1995,0,0,0,0,0,0,0,0,0,0
90121,2,1,1995,0,0,0,0,0,0,0,0,0,0
90121,3,1,1995,0,0,0,0,0,0,0,0,0,0
90122,1,1,1995,11,11,11,11,11,11,11,11,11,11
90123,1,1,1995,18,18,18,18,18,18,18,18,18,18
90124,1,1,1995,0,0,0,0,0,0,0,0,0,0
90125,1,1,1995,0,0,0,0,0,0,0,0,0,0
90126,1,1,1995,0,0,0,0,0,0,0,0,0,0
90126,2,1,1995,0,0,0,0,0,0,0,0,0,0
90127,1,1,1995,2,2,2,2,2,2,2,2,2,2
90128,1,1,1995,0,0,0,0,0,0,0,0,0,0
90129,1,1,1995,0,0,0,10,0,0,0,15,14,0
90129,2,1,1995,0,0,0,0,0,0,0,0,0,0
90130,0,1,1995,0,0,0,0,0,0,0,0,0,0
90130,1,1,1995,0,0,0,0,0,0,0,0,0,0
90131,1,1,1995,11,11,11,11,11,11,11,11,11,11
90132,1,1,1995,0,0,0,0,0,0,0,0,0,0
90133,1,1,1995,0,0,0,0,0,0,0,0,0,0
90134,1,1,1995,0,0,0,0,0,0,0,0,19,0
90135,0,1,1995,0,0,0,0,0,0,0,0,0,0
90135,1,1,1995,0,0,0,13,0,0,0,0,8,0
90136,0,1,1995,0,0,0,0,0,0,0,0,0,0
90136,1,1,1995,0,0,0,0,0,0,0,0,0,0
90137,1,1,1995,0,0,0,0,0,0,0,0,0,0
90137,2,1,1995,0,0,0,0,0,14,0,0,0,28
90138,0,1,1995,0,0,0,0,0,0,0,0,0,0
90138,0,2,1995,0,0,0,0,0,0,0,0,0,0
90138,1,1,1995,0,0,0,0,0,0,0,0,0,0
90139,1,1,1995,0,0,0,0,0,0,0,0,0,0
90140,1,1,1995,15,15,15,15,15,15,15,15,15,15
90141,1,1,1995,21,21,21,21,21,21,21,21,21,21
90142,1,1,1995,9,9,9,9,9,9,9,9,9,9
90143,1,1,1995,15,15,15,15,15,15,15,15,15,15
90144,1,1,1995,0,0,0,0,0,0,0,0,0,0
90145,1,1,1995,27,27,27,27,27,27,27,27,27,27
90145,2,1,1995,0,0,0,5,0,0,22,13,0,0
90146,1,1,1995,0,0,0,0,0,16,14,4,0,0
90147,1,1,1995,19,19,19,19,19,19,19,19,19,19
90148,1,1,1995,25,25,25,25,25,25,25,25,25,25
90149,1,1,1995,0,0,0,0,0,0,0,0,0,0
90150,1,1,1995,15,15,15,15,15,15,15,15,15,15
90150,2,1,1995,0,0,0,0,0,0,0,0,0,0
90151,1,1,1995,0,0,0,0,0,0,0,0,0,0
90152,1,1,1995,0,0,0,0,0,0,0,0,0,0
90152,2,1,1995,0,0,0,0,0,0,0,0,0,0
90153,1,1,1995,11,11,11,11,11,11,11,11,11,11
90153,2,1,1995,0,0,0,0,0,0,0,0,0,0
90154,1,1,1995,15,14,0,0,0,0,0,0,0,0
90154,2,1,1995,0,0,0,0,0,0,0,0,0,0
90155,0,1,1995,19,19,19,19,19,19,19,19,19,19
90155,1,1,1995,12,0,16,0,8,9,6,9,10,13
90156,1,1,1995,21,21,21,21,21,21,21,21,21,21
90156,2,1,1995,6,6,6,6,6,6,6,6,6,6
90157,1,1,1995,0,0,0,0,0,0,0,0,0,0
90158,1,1,1995,15,15,15,15,15,15,15,15,15,15
90159,1,1,1995,3,3,3,3,3,3,3,3,3,3
90160,1,1,1995,10,10,10,10,10,10,10,10,10,10
90161,1,1,1995,8,8,8,8,8,8,8,8,8,8
90162,1,1,1995,23,23,23,23,23,23,23,23,23,23
90163,1,1,1995,24,24,24,24,24,24,24,24,24,24
90164,1,1,1995,0,0,0,0,0,0,0,0,0,0
90164,2,1,1995,0,0,0,0,0,0,0,0,0,0
90165,1,1,1995,0,0,0,0,0,0,0,0,0,0
90165,2,1,1995,0,0,17,0,0,0,0,0,0,0
90166,1,1,1995,0,0,0,0,0,0,0,0,0,0
90167,1,1,1995,0,0,0,0,0,0,0,17,26,5
90168,0,1,1995,0,0,0,0,0,0,0,0,0,0
90168,1,1,1995,0,0,0,0,0,0,20,0,0,0
90169,1,1,1995,21,9,4,10,25,8,19,16,15,15
90169,2,1,1995,0,0,0,0,0,0,0,0,8,12
90169,3,1,1995,22,23,0,5,23,0,0,0,9,15
90170,1,1,1995,0,0,0,0,0,0,0,0,0,0
90170,2,1,1995,0,0,0,17,0,0,0,13,0,0
90171,0,1,1995,0,0,0,0,0,0,0,0,0,0
90171,1,1,1995,0,0,13,0,0,0,0,0,0,0
90172,1,1,1995,0,0,0,0,0,0,0,0,0,0
90172,2,1,1995,0,0,0,0,0,0,0,0,0,0
90173,1,1,1995,0,17,3,10,0,11,9,0,0,0
90174,1,1,1995,0,17,0,14,0,0,27,0,0,0
90174,2,1,1995,16,35,6,11,0,16,0,0,0,0
90175,1,1,1995,0,0,0,0,0,0,0,0,0,0
90175,2,1,1995,25,25,25,25,25,25,25,25,25,25
90176,0,1,1995,0,0,0,0,0,0,0,0,0,0
90176,1,1,1995,0,0,0,0,0,0,0,3,0,0
90177,1,1,1995,0,0,0,0,0,0,0,0,0,0
90177,2,1,1995,0,0,0,0,0,0,0,0,0,0
90177,3,1,1995,0,0,0,0,0,0,7,0,0,0
90178,1,1,1995,0,0,0,0,0,0,0,0,0,0
90179,1,1,1995,30,30,30,30,30,30,30,30,30,30
90180,1,1,1995,8,8,8,8,8,8,8,8,8,8
90181,1,1,1995,0,0,0,0,0,0,0,0,0,0
90182,0,1,1995,10,0,0,0,0,23,0,21,30,0
90182,1,1,1995,0,0,0,0,0,0,0,0,0,0
90183,1,1,1995,16,16,16,16,16,16,16,16,16,16
90184,1,1,1995,0,0,0,0,0,0,0,0,0,0
90184,2,1,1995,23,23,23,23,23,23,23,23,23,23
90185,1,1,1995,0,0,0,0,0,0,0,0,0,0
90185,2,1,1995,0,0,0,0,0,0,0,0,0,0
90185,3,1,1995,0,0,0,0,0,0,0,0,0,0
90186,1,1,1995,16,16,16,16,16,16,16,16,16,16
90187,1,1,1995,0,0,0,0,0,0,0,0,0,0
90187,2,1,1995,0,0,0,0,0,11,9,0,0,0
90188,1,1,1995,0,0,0,0,0,0,0,0,0,0
90189,0,1,1995,0,0,0,0,0,0,0,0,0,0
90189,1,1,1995,0,0,0,0,0,0,0,0,0,0
90190,1,1,1995,0,0,0,0,0,0,0,0,0,0
90190,2,1,1995,0,0,0,0,0,0,0,0,0,0
90191,1,1,1995,0,0,0,0,0,0,0,0,0,0
90192,1,1,1995,0,0,0,0,0,0,0,0,0,0
90192,2,1,1995,0,0,0,0,0,0,0,0,0,0
90193,1,1,1995,0,0,0,0,0,0,0,0,0,0
90193,2,1,1995,0,0,0,0,0,0,0,0,0,0
90194,1,1,1995,0,0,0,0,0,0,0,0,0,0
90194,2,1,1995,0,0,0,0,0,0,0,0,0,0
90195,1,1,1995,16,16,16,16,16,16,16,16,16,16
90196,1,1,1995,0,0,0,0,0,0,0,0,0,0
90197,0,1,1995,16,16,16,16,16,16,16,16,16,16
90197,1,1,1995,0,0,0,0,0,0,0,0,0,0
90198,0,1,1995,0,0,0,0,0,0,0,0,0,0
90198,1,1,1995,0,0,0,0,0,0,0,0,0,0
90199,1,1,1995,24,24,24,24,24,24,24,24,24,24
90200,1,1,1995,31,13,0,34,0,0,7,0,21,0
90201,1,1,1995,0,0,0,0,0,0,0,0,0,0
90201,2,1,1995,14,14,14,14,14,14,14,14,14,14
90202,0,1,1995,0,0,0,0,0,0,0,0,0,0
90202,1,1,1995,0,0,29,0,0,0,0,0,0,0
90203,1,1,1995,3,17,0,0,0,0,0,19,14,0
90204,1,1,1995,23,23,23,23,23,23,23,23,23,23
90205,1,1,1995,16,16,16,16,16,16,16,16,16,16
90205,2,1,1995,0,18,0,0,30,9,0,11,26,0
90206,1,1,1995,4,4,4,4,4,4,4,4,4,4
90207,1,1,1995,0,0,0,0,0,0,0,0,0,0
90208,0,1,1995,0,0,0,0,0,0,0,0,0,0
90208,1,1,1995,0,0,0,0,0,0,0,0,0,0
90209,1,1,1995,14,14,14,14,14,14,14,14,14,14
90210,1,1,1995,37,37,37,37,37,37,37,37,37,37
90211,1,1,1995,0,0,0,0,0,0,0,0,0,0
90212,1,1,1995,9,9,9,9,9,9,9,9,9,9
90213,0,1,1995,0,0,0,0,0,0,0,0,0,0
90213,0,2,1995,0,14,13,4,0,0,19,20,16,11
90213,0,3,1995,3,0,0,0,0,6,0,0,0,0
90213,1,1,1995,21,21,21,21,21,21,21,21,21,21
90214,1,1,1995,8,8,8,8,8,8,8,8,8,8
90214,2,1,1995,20,20,20,20,20,20,20,20,20,20
90215,1,1,1995,15,15,15,15,15,15,15,15,15,15
90216,1,1,1995,0,8,0,0,0,0,0,0,0,0
90217,0,1,1995,0,0,0,0,0,0,0,0,0,0
90217,1,1,1995,0,0,0,0,0,0,0,0,0,22
90218,1,1,1995,0,0,0,0,0,0,5,0,0,0
90219,1,1,1995,11,11,11,11,11,11,11,11,11,11
90220,1,1,1995,11,15,0,10,0,15,13,0,11,21
90221,0,1,1995,0,0,0,0,0,0,0,0,0,0
90221,1,1,1995,0,0,0,0,0,0,0,0,0,0
90222,1,1,1995,0,0,0,0,0,0,0,0,0,0
90222,2,1,1995,0,0,0,0,0,0,0,13,0,0
90222,3,1,1995,0,0,0,0,0,0,0,0,0,0
90222,4,1,1995,0,0,0,0,0,0,0,0,0,0
90222,5,1,1995,0,0,0,0,0,0,0,0,0,0
90222,6,1,1995,0,0,0,0,0,0,0,0,0,0
90223,1,1,1995,13,13,13,13,13,13,13,13,13,13
90224,0,1,1995,0,0,0,0,0,0,0,0,0,0
90224,1,1,1995,0,44,27,0,0,13,13,13,0,0
90225,0,1,1995,0,0,0,0,0,0,0,0,0,0
90225,1,1,1995,0,0,0,0,0,0,0,0,0,0
90226,1,1,1995,0,11,0,0,0,0,0,0,0,0
90226,2,1,1995,0,0,0,0,0,0,0,0,0,0
90227,1,1,1995,0,0,0,0,0,0,0,0,0,0
90227,2,1,1995,0,0,0,0,0,0,0,0,0,0
90228,0,1,1995,0,0,0,0,0,0,0,0,0,0
90228,1,1,1995,0,0,0,0,0,0,0,0,0,0
90229,1,1,1995,0,0,0,0,0,0,0,0,0,0
90230,1,1,1995,0,0,0,0,0,0,0,0,0,0
90230,2,1,1995,0,0,0,0,0,0,0,0,0,0
90231,0,1,1995,0,0,0,0,0,0,0,0,0,28
90231,1,1,1995,9,7,0,0,6,6,5,8,0,0
90232,1,1,1995,0,0,19,17,0,0,0,0,9,20
90233,1,1,1995,20,20,20,20,20,20,20,20,20,20
90234,1,1,1995,0,0,0,0,0,0,0,0,0,0
90234,2,1,1995,0,0,0,0,0,0,0,0,0,0
90235,1,1,1995,0,27,28,7,2,0,0,0,22,0
90236,1,1,1995,0,0,0,0,0,0,0,0,0,0
90236,2,1,1995,0,0,0,0,0,0,0,0,0,0
90237,1,1,1995,0,0,0,0,0,0,0,0,0,0
90237,2,1,1995,0,6,0,0,0,0,6,0,0,12
90238,0,1,1995,0,0,0,0,0,0,0,0,0,0
90238,1,1,1995,17,17,17,17,17,17,17,17,17,17
90239,1,1,1995,12,12,12,12,12,12,12,12,12,12
90239,2,1,1995,0,0,0,0,0,0,0,0,0,0
90240,0,1,1995,0,0,0,0,0,0,0,0,0,0
90240,1,1,1995,0,0,0,0,0,0,0,0,0,0
90240,2,1,1995,0,0,0,0,0,0,0,0,0,8
90241,1,1,1995,0,0,17,0,0,0,19,30,0,0
90241,2,1,1995,0,0,0,0,0,0,0,0,0,0
90242,0,1,1995,33,33,33,33,33,33,33,33,33,33
90242,1,1,1995,0,0,15,0,0,8,0,0,0,0
90243,1,1,1995,27,27,27,27,27,27,27,27,27,27
90244,1,1,1995,0,0,0,0,0,0,0,0,0,0
90244,2,1,1995,0,15,0,0,0,0,0,0,0,0
90246,1,1,1995,0,0,0,0,0,0,0,0,0,0
90246,2,1,1995,0,0,0,0,0,0,0,0,0,0
90246,3,1,1995,0,0,0,0,0,0,0,0,0,0
90247,1,1,1995,42,42,42,42,42,42,42,42,42,42
90248,0,1,1995,0,0,0,0,0,0,0,0,0,0
90248,0,2,1995,0,0,0,0,0,0,0,0,0,0
90248,1,1,1995,0,0,0,0,0,0,0,0,0,0
90249,1,1,1995,0,0,0,0,0,0,0,0,0,0
90249,2,1,1995,0,0,0,0,0,0,0,0,0,0
90250,1,1,1995,0,0,0,0,0,0,0,0,0,0
90250,2,1,1995,0,0,0,0,0,0,0,0,0,0
90251,1,1,1995,28,28,28,28,28,28,28,28,28,28
90252,1,1,1995,0,0,0,0,0,0,0,0,0,0
90252,2,1,1995,26,0,0,0,0,0,0,0,0,0
90253,1,1,1995,19,22,11,9,14,8,8,12,3,10
90253,2,1,1995,0,0,0,0,0,0,0,0,0,0
90254,1,1,1995,26,26,26,26,26,26,26,26,26,26
90254,2,1,1995,0,0,0,0,0,0,0,0,21,0
90255,0,1,1995,0,0,0,0,0,0,0,0,0,0
90255,1,1,1995,0,0,0,0,0,0,0,0,0,0
90256,1,1,1995,0,0,0,0,0,0,0,0,0,0
90257,1,1,1995,15,15,15,15,15,15,15,15,15,15
90257,2,1,1995,0,0,0,0,0,0,0,0,0,0
90258,1,1,1995,0,0,0,0,0,0,0,0,0,0
90258,2,1,1995,0,0,0,0,0,0,0,0,0,0
90259,1,1,1995,5,5,5,5,5,5,5,5,5,5
90260,1,1,1995,0,0,0,0,0,0,0,0,0,0
90260,2,1,1995,0,0,0,0,0,0,0,0,0,0
90261,1,1,1995,30,30,30,30,30,30,30,30,30,30
90261,2,1,1995,8,0,0,0,0,20,0,0,0,0
90262,1,1,1995,21,21,21,21,21,21,21,21,21,21
90263,1,1,1995,0,0,0,0,0,0,0,0,0,0
90263,2,1,1995,0,0,0,0,0,0,0,0,0,0
90264,0,1,1995,0,0,0,0,0,0,0,0,0,0
90264,1,1,1995,18,18,18,18,18,18,18,18,18,18
90265,1,1,1995,18,18,18,18,18,18,18,18,18,18
90265,2,1,1995,0,13,0,0,0,5,0,10,0,0
90266,1,1,1995,11,11,11,11,11,11,11,11,11,11
90266,2,1,1995,0,0,0,0,0,0,0,0,0,0
90267,1,1,1995,16,16,16,16,16,16,16,16,16,16
90268,1,1,1995,13,13,13,13,13,13,13,13,13,13
90269,1,1,1995,0,0,0,0,0,0,0,0,0,0
90269,2,1,1995,0,0,0,0,0,0,0,0,0,0
90270,0,1,1995,0,0,0,0,0,0,0,0,0,0
90270,1,1,1995,0,0,0,0,0,11,0,14,28,0
90271,1,1,1995,14,14,14,14,14,14,14,14,14,14
90272,1,1,1995,23,23,23,23,23,23,23,23,23,23
90273,1,1,1995,13,13,13,13,13,13,13,13,13,13
90274,1,1,1995,0,0,0,0,0,0,0,0,0,0
90275,1,1,1995,0,0,0,0,0,0,9,0,0,0
90275,2,1,1995,14,14,14,14,14,14,14,14,14,14
90276,0,1,1995,31,31,31,31,31,31,31,31,31,31
90276,1,1,1995,0,0,0,0,0,0,0,0,0,0
90277,0,1,1995,22,0,16,15,0,13,0,4,23,14
90277,1,1,1995,0,0,12,0,0,0,0,0,0,0
90278,1,1,1995,0,0,0,0,0,0,0,0,0,0
90278,2,1,1995,0,0,0,0,0,0,0,0,0,3
90279,1,1,1995,0,0,0,0,5,0,0,0,0,0
90280,1,1,1995,13,13,13,13,13,13,13,13,13,13
90281,0,1,1995,0,0,0,0,0,0,18,0,17,0
90281,1,1,1995,0,0,0,0,0,0,0,0,0,0
90282,1,1,1995,0,0,0,0,0,0,0,0,0,0
90283,0,1,1995,28,10,20,29,29,13,31,18,19,0
90283,0,2,1995,0,13,36,0,0,0,17,18,21,11
90283,1,1,1995,24,24,24,24,24,24,24,24,24,24
90284,0,1,1995,31,31,31,31,31,31,31,31,31,31
90284,1,1,1995,0,0,0,0,0,0,0,0,0,0
90285,1,1,1995,0,7,0,0,0,0,0,0,0,0
90286,1,1,1995,13,15,0,9,0,12,0,15,0,0
90286,2,1,1995,0,0,0,0,0,0,0,0,0,0
90287,0,1,1995,0,20,0,0,0,0,10,0,0,0
90287,1,1,1995,0,0,0,13,0,0,0,0,0,0
90288,1,1,1995,0,0,0,0,0,0,0,0,0,0
90289,1,1,1995,0,0,0,0,0,0,0,0,0,0
90289,2,1,1995,0,0,0,0,0,0,0,0,0,0
100001,1,1,1995,0,0,0,0,0,0,0,0,0,0
100001,2,1,1995,0,0,0,0,0,0,0,0,0,0
100002,1,1,1995,23,23,23,23,23,23,23,23,23,23
100002,2,1,1995,0,0,0,0,0,0,0,0,0,0
100002,3,1,1995,0,0,0,0,0,0,0,0,0,0
100003,1,1,1995,0,0,0,0,0,0,0,0,0,0
100004,1,1,1995,0,0,0,0,0,0,0,0,0,0
100004,2,1,1995,0,0,0,0,0,0,0,0,0,0
100005,1,1,1995,22,22,22,22,22,22,22,22,22,22
100005,2,1,1995,0,0,0,0,0,0,0,0,0,0
100006,0,1,1995,0,0,0,0,0,0,0,0,0,0
100006,1,1,1995,0,0,0,0,0,0,0,0,0,0
100007,1,1,1995,0,0,0,0,0,0,0,0,0,0
100008,0,1,1995,0,0,0,0,0,0,0,0,0,0
100008,1,1,1995,7,7,7,7,7,7,7,7,7,7
100009,1,1,1995,0,0,0,0,0,0,0,0,0,0
100009,2,1,1995,0,0,0,0,0,0,0,0,0,0
100010,1,1,1995,20,20,20,20,20,20,20,20,20,20
100012,1,1,1995,0,0,0,0,0,0,0,0,0,0
100013,0,1,1995,13,13,13,13,13,13,13,13,13,13
100013,1,1,1995,0,0,0,0,0,0,0,0,0,0
100015,1,1,1995,15,14,0,0,14,0,0,0,16,0
100015,2,1,1995,0,0,0,0,0,0,0,0,0,0
100016,1,1,1995,0,0,0,0,0,0,0,0,0,0
100016,2,1,1995,0,0,0,0,0,0,0,11,0,0
100016,3,1,1995,0,0,19,0,0,0,0,0,0,0
100017,0,1,1995,0,0,0,0,0,0,0,0,0,0
100017,1,1,1995,0,0,0,0,0,0,0,0,0,0
100018,0,1,1995,3,3,3,3,3,3,3,3,3,3
100018,1,1,1995,0,0,0,0,0,0,0,0,0,0
100019,1,1,1995,0,0,0,0,0,0,0,0,0,0
100020,1,1,1995,13,9,14,12,9,28,19,6,18,25
100021,1,1,1995,0,0,0,10,0,0,0,0,0,0
100022,1,1,1995,21,21,21,21,21,21,21,21,21,21
100023,1,1,1995,0,0,0,0,0,0,0,0,0,0
100024,0,1,1995,0,0,0,0,0,0,0,0,0,0
100024,1,1,1995,0,0,0,0,0,0,0,0,0,0
100025,1,1,1995,25,25,25,25,25,25,25,25,25,25
100025,2,1,1995,0,0,0,0,0,0,0,0,0,0
100026,1,1,1995,0,0,0,0,0,0,0,0,0,0
100027,1,1,1995,0,0,0,11,0,0,0,0,0,0
100027,2,1,1995,22,0,0,17,17,6,18,0,0,20
100028,1,1,1995,0,0,0,0,0,0,0,0,0,0
100028,2,1,1995,0,0,0,0,0,0,0,0,0,0
100029,0,1,1995,21,21,21,21,21,21,21,21,21,21
100029,1,1,1995,10,10,10,10,10,10,10,10,10,10
100030,1,1,1995,0,0,0,0,0,0,0,0,0,0
100030,2,1,1995,0,0,0,0,0,0,0,0,0,0
100031,1,1,1995,3,3,3,3,3,3,3,3,3,3
100032,0,1,1995,7,7,7,7,7,7,7,7,7,7
100032,1,1,1995,0,0,0,0,0,0,0,0,0,0
100033,1,1,1995,0,0,0,0,0,0,0,0,0,0