ST_CASE,VEH_NO,PER_NO,YEAR,P1,P2,P3,P4,P5,P6,P7,P8,P9,P10
100033,2,1,1995,0,0,0,0,0,0,0,0,0,0
100034,1,1,1995,0,0,0,0,0,0,0,0,0,0
100034,2,1,1995,0,0,0,0,0,0,0,0,0,0
100034,3,1,1995,0,0,0,0,34,0,0,0,0,0
100036,1,1,1995,0,0,0,0,0,0,0,0,0,0
100037,1,1,1995,0,0,0,0,0,0,0,0,0,0
100038,1,1,1995,19,19,19,19,19,19,19,19,19,19
100039,0,1,1995,2,2,2,2,2,2,2,2,2,2
100039,1,1,1995,0,0,0,0,0,0,0,0,0,0
100040,1,1,1995,30,16,12,0,18,11,0,0,0,10
100041,1,1,1995,0,0,0,0,0,0,0,0,0,0
100041,2,1,1995,0,0,0,0,0,0,0,0,0,0
100042,1,1,1995,0,0,0,0,0,0,0,0,0,0
100042,2,1,1995,0,0,0,0,0,0,0,0,0,0
100043,0,1,1995,0,0,0,0,0,0,0,0,0,0
100043,1,1,1995,0,0,0,0,0,0,0,0,0,0
100044,1,1,1995,26,26,26,26,26,26,26,26,26,26
100045,0,1,1995,1,1,1,1,1,1,1,1,1,1
100045,1,2,1995,0,0,0,0,0,0,0,0,0,0
100045,2,1,1995,0,0,0,0,0,0,0,0,0,0
100045,3,1,1995,0,0,0,5,25,0,13,2,0,0
100045,4,1,1995,0,0,0,0,0,0,0,0,0,0
100046,0,1,1995,24,24,24,24,24,24,24,24,24,24
100046,1,1,1995,0,0,0,0,0,0,0,0,0,0
100047,1,1,1995,0,0,0,0,0,0,0,0,0,0
100047,2,1,1995,0,0,0,0,0,0,0,0,0,0
100048,1,1,1995,28,28,28,28,28,28,28,28,28,28
100049,1,1,1995,0,0,0,0,0,0,0,0,0,0
100050,1,1,1995,0,0,0,0,0,0,0,0,0,0
100050,2,1,1995,0,0,0,0,0,0,0,0,0,0
100051,1,1,1995,0,0,0,0,0,0,0,0,0,0
100051,2,1,1995,0,0,0,0,0,0,0,0,0,0
100052,1,1,1995,0,0,0,0,0,0,0,0,0,0
100052,2,1,1995,0,0,0,0,0,0,0,0,0,0
100053,1,1,1995,0,0,0,0,0,0,0,0,0,0
100054,1,1,1995,0,0,0,0,0,0,0,0,0,0
100054,2,1,1995,0,0,0,0,0,0,0,0,0,0
100055,1,1,1995,0,0,0,0,0,0,0,0,0,0
100056,0,1,1995,22,22,22,22,22,22,22,22,22,22
100056,1,1,1995,15,15,15,15,15,15,15,15,15,15
100057,1,1,1995,0,8,0,0,0,0,22,0,0,0
100057,2,1,1995,21,25,15,0,0,0,0,0,0,0
100058,1,1,1995,0,0,0,0,0,0,0,0,0,0
100058,2,1,1995,0,0,0,0,0,0,0,0,0,0
100059,0,1,1995,20,20,20,20,20,20,20,20,20,20
100059,1,1,1995,0,0,0,0,0,0,0,0,0,0
100060,1,1,1995,0,0,0,0,0,0,0,0,0,0
100060,2,1,1995,0,0,0,0,0,0,0,0,0,0
100061,0,1,1995,17,17,17,17,17,17,17,17,17,17
100061,1,1,1995,0,0,0,0,0,0,0,0,0,0
100062,0,1,1995,0,0,0,0,0,0,0,0,0,0
100062,1,1,1995,0,0,0,0,0,0,0,0,0,0
100063,0,1,1995,0,0,0,0,0,0,0,0,0,0
100063,1,1,1995,0,0,0,0,0,0,0,0,0,0
100064,1,1,1995,12,12,12,12,12,12,12,12,12,12
100064,2,1,1995,0,0,0,0,0,0,0,0,0,0
100066,1,1,1995,0,11,0,10,15,24,17,0,0,11
100066,2,1,1995,18,18,18,18,18,18,18,18,18,18
100067,1,1,1995,9,9,9,9,9,9,9,9,9,9
100067,2,1,1995,0,0,0,0,0,0,0,0,0,0
100068,1,1,1995,28,28,28,28,28,28,28,28,28,28
100069,1,1,1995,13,13,13,13,13,13,13,13,13,13
100069,2,1,1995,0,0,0,0,0,0,0,0,0,0
100070,1,1,1995,26,26,26,26,26,26,26,26,26,26
100070,2,1,1995,0,0,0,0,0,0,0,0,0,0
100071,1,1,1995,14,14,14,14,14,14,14,14,14,14
100071,2,1,1995,3,3,3,3,3,3,3,3,3,3
100072,1,1,1995,25,25,25,25,25,25,25,25,25,25
100073,1,1,1995,0,0,0,0,0,0,0,0,0,0
100073,2,1,1995,0,0,0,0,0,0,0,0,0,0
100074,1,1,1995,20,20,20,20,20,20,20,20,20,20
100075,1,1,1995,0,0,0,0,0,0,0,0,0,0
100075,2,1,1995,0,0,0,0,0,0,0,0,0,0
100075,3,1,1995,7,7,7,7,7,7,7,7,7,7
100077,1,1,1995,18,18,18,18,18,18,18,18,18,18
100078,1,1,1995,17,17,17,17,17,17,17,17,17,17
100079,1,1,1995,0,0,0,0,0,0,0,0,0,0
100079,2,1,1995,0,0,0,0,0,0,0,0,0,0
100080,1,1,1995,0,0,0,0,0,0,0,0,0,0
100080,2,1,1995,0,0,0,0,0,0,0,0,0,0
100081,1,1,1995,0,0,0,0,0,0,0,0,0,0
100082,0,1,1995,0,0,0,0,0,0,0,0,0,0
100082,1,1,1995,0,0,0,0,0,0,0,0,0,0
100083,1,1,1995,0,0,0,0,0,0,0,0,0,0
100083,2,1,1995,0,0,0,0,0,0,0,0,0,0
100084,1,1,1995,0,0,0,0,0,0,0,0,0,11
100084,2,1,1995,0,0,0,0,0,0,0,0,0,0
100085,1,1,1995,0,0,0,0,0,0,0,0,0,0
100085,2,1,1995,0,0,0,0,0,0,0,0,0,0
100086,1,1,1995,0,0,0,0,0,0,0,0,0,0
100086,2,1,1995,0,0,0,0,0,0,0,0,0,0
100087,1,1,1995,0,0,0,0,0,0,0,0,0,0
100087,2,1,1995,0,0,0,0,0,0,0,0,0,0
100088,1,1,1995,0,0,0,0,0,0,0,0,0,0
100088,2,1,1995,0,0,0,0,0,0,0,0,0,0
100089,0,1,1995,0,0,0,0,0,0,0,0,0,0
100089,1,1,1995,0,0,0,0,0,0,0,0,0,0
100090,0,1,1995,0,0,0,0,0,0,0,0,0,0
100090,1,1,1995,0,0,0,0,0,0,0,0,0,0
100091,0,1,1995,22,22,22,22,22,22,22,22,22,22
100091,1,1,1995,5,5,5,5,5,5,5,5,5,5
100092,1,1,1995,17,17,17,17,17,17,17,17,17,17
100093,0,1,1995,0,0,0,0,0,0,0,0,0,0
100093,1,1,1995,0,0,0,0,0,0,0,0,0,0
100094,1,1,1995,0,0,0,0,0,0,0,0,0,0
100094,2,1,1995,0,0,0,0,0,0,0,0,0,0
100095,1,1,1995,0,0,0,0,0,0,0,0,0,0
100095,2,1,1995,7,7,7,7,7,7,7,7,7,7
100096,1,1,1995,0,0,0,0,0,0,0,8,0,0
100096,2,1,1995,0,0,0,0,0,0,0,0,0,0
100096,3,1,1995,0,0,0,20,0,0,0,0,0,0
100097,0,1,1995,34,34,34,34,34,34,34,34,34,34
100097,1,1,1995,0,0,0,0,0,0,0,0,0,0
100098,1,1,1995,12,12,12,12,12,12,12,12,12,12
100099,0,1,1995,0,0,0,0,0,0,0,0,0,0
100099,1,1,1995,0,0,0,0,0,0,0,0,0,0
100099,2,1,1995,9,10,0,0,0,0,0,0,0,0
100100,0,1,1995,0,0,0,0,0,0,0,0,0,0
100100,1,1,1995,0,0,0,0,0,0,0,0,0,0
100101,0,1,1995,24,24,24,24,24,24,24,24,24,24
100101,1,1,1995,0,0,0,0,0,0,0,0,0,0
100101,2,1,1995,0,0,0,18,0,0,0,0,0,3
100101,3,1,1995,0,0,0,0,0,0,0,0,0,0
100102,1,1,1995,0,0,0,0,0,0,0,0,0,0
100103,1,1,1995,0,0,0,0,0,0,0,0,0,0
100103,2,1,1995,0,0,0,0,0,0,0,0,0,0
100104,1,1,1995,0,0,0,0,0,0,0,0,0,0
100104,2,1,1995,0,0,0,0,0,0,0,0,0,0
100105,0,1,1995,0,0,0,0,0,0,0,0,0,0
100105,1,1,1995,0,0,0,0,0,0,0,0,0,0
100105,2,1,1995,0,17,0,0,0,2,0,0,0,19
100106,1,1,1995,0,0,0,0,0,0,0,0,0,0
100107,1,1,1995,18,36,30,27,18,20,16,21,45,18
100108,1,1,1995,13,13,13,13,13,13,13,13,13,13
100109,1,1,1995,0,0,0,0,0,0,0,0,0,0
100109,2,1,1995,0,0,0,0,0,0,0,0,0,0
100110,1,1,1995,31,31,31,31,31,31,31,31,31,31
100110,2,1,1995,0,0,0,0,0,0,0,0,0,0
100111,1,1,1995,4,4,4,4,4,4,4,4,4,4
100112,0,1,1995,0,0,0,0,0,0,0,0,0,0
100112,1,1,1995,0,0,0,0,0,0,0,0,0,0
100113,1,1,1995,0,0,0,0,0,0,0,0,0,0
100113,2,1,1995,0,0,0,0,0,0,0,0,0,0
100114,0,1,1995,45,45,45,45,45,45,45,45,45,45
100114,1,1,1995,0,0,24,16,0,0,0,0,0,17
100115,0,1,1995,0,0,0,0,0,0,0,0,0,0
100115,1,1,1995,0,0,0,0,0,0,0,0,0,0
100116,1,1,1995,0,0,0,0,0,0,0,0,0,0
100117,1,1,1995,0,0,0,0,0,0,0,0,0,0
110001,1,1,1995,30,13,16,0,20,22,14,12,26,0
110004,0,1,1995,0,0,0,0,0,0,0,0,15,0
110005,1,1,1995,0,0,16,0,0,0,0,0,0,0
110005,2,1,1995,0,0,0,0,0,0,0,0,0,0
110005,3,1,1995,0,0,0,0,0,0,0,0,0,0
110006,1,1,1995,8,6,17,16,27,13,18,30,20,21
110006,2,1,1995,0,0,0,0,0,0,0,0,0,0
110006,3,1,1995,0,0,0,0,0,10,0,21,12,8
110007,1,1,1995,0,0,0,0,0,0,6,0,0,0
110008,1,1,1995,16,0,15,24,16,29,19,14,28,7
110008,2,1,1995,0,0,0,0,0,0,0,0,0,0
110009,1,1,1995,0,11,13,0,16,0,0,14,9,17
110009,2,1,1995,20,22,6,16,18,13,29,19,18,17
110009,3,1,1995,0,15,0,0,11,0,9,0,0,0
110010,0,1,1995,0,0,25,0,22,23,9,26,24,12
110010,1,1,1995,0,0,0,0,0,0,0,0,0,0
110011,1,1,1995,12,12,12,28,13,11,6,0,10,10
110011,2,1,1995,0,0,0,0,0,0,0,0,0,0
110011,3,1,1995,0,0,0,0,0,0,0,5,0,0
110011,4,1,1995,0,0,0,0,0,0,0,0,0,0
110012,1,1,1995,0,0,0,0,0,10,0,15,0,0
110013,1,1,1995,30,9,8,32,9,0,20,6,29,9
110014,1,1,1995,17,0,0,0,0,0,0,0,0,0
110014,2,1,1995,0,0,0,16,0,20,0,29,0,13
110015,0,1,1995,19,28,0,25,0,8,32,0,15,0
110015,1,1,1995,0,11,16,11,0,14,20,0,6,0
110016,1,1,1995,8,20,10,27,22,27,20,19,20,22
110017,1,1,1995,0,0,0,0,0,0,0,0,0,0
110017,2,1,1995,0,0,0,0,0,0,0,0,0,0
110018,1,1,1995,0,0,0,0,0,0,0,0,17,0
110019,0,1,1995,0,0,0,0,0,0,0,0,0,0
110019,1,1,1995,0,0,0,0,0,0,0,0,0,0
110020,1,1,1995,0,0,0,0,0,0,0,0,0,0
110021,0,1,1995,0,4,26,9,32,9,12,0,25,23
110021,1,1,1995,16,17,0,0,0,47,20,14,10,27
110022,1,1,1995,17,0,14,8,0,0,21,13,0,0
110023,1,1,1995,14,12,8,23,16,13,22,15,11,25
110025,1,1,1995,0,18,6,0,16,21,9,0,18,18
110025,2,1,1995,10,10,10,10,10,10,10,10,10,10
110025,3,1,1995,0,0,0,0,0,0,0,0,0,0
110026,1,1,1995,0,14,0,0,0,19,6,0,0,0
110026,2,1,1995,0,11,0,0,3,0,0,13,0,0
110027,1,1,1995,0,0,0,0,0,6,0,0,0,0
110028,1,1,1995,0,0,0,0,0,0,0,0,0,0
110028,2,1,1995,0,0,0,0,0,0,0,0,0,0
110029,0,1,1995,0,19,0,0,16,0,25,5,19,21
110029,1,1,1995,19,6,8,21,10,24,15,27,20,9
110030,1,1,1995,10,0,0,0,0,0,0,18,0,0
110031,1,1,1995,17,17,14,10,12,20,18,40,42,18
110032,0,1,1995,0,11,0,0,0,0,0,45,0,0
110032,1,1,1995,0,0,0,0,0,0,0,0,0,0
110033,1,1,1995,33,37,6,18,25,19,20,6,17,17
110034,1,1,1995,0,0,0,0,0,15,0,0,14,0
110034,2,1,1995,0,0,0,0,0,0,0,0,0,0
110035,0,1,1995,12,0,25,0,30,15,0,24,0,22
110035,1,1,1995,11,11,11,11,11,11,11,11,11,11
110036,1,1,1995,19,11,11,19,11,13,0,14,27,40
110037,1,1,1995,0,0,9,6,9,0,26,15,0,0
110038,0,1,1995,0,0,0,0,0,0,0,0,0,0
110038,1,1,1995,0,0,0,0,0,0,0,0,0,0
110039,1,1,1995,0,12,0,0,0,0,10,0,9,0
110039,2,1,1995,0,0,0,0,0,0,0,4,0,0
110040,1,1,1995,10,18,13,18,0,14,0,0,22,0
110041,0,1,1995,36,0,0,0,16,42,0,0,0,0
110041,1,1,1995,0,0,0,16,22,14,0,0,0,0
110042,1,1,1995,0,0,0,0,0,0,0,0,0,0
110042,2,1,1995,0,0,0,0,0,0,0,15,0,0
110042,3,1,1995,0,0,0,0,0,0,0,14,0,0
110043,1,1,1995,0,11,10,17,0,32,21,23,20,41
110044,1,1,1995,0,13,24,0,0,14,0,0,0,0
110045,1,1,1995,0,0,0,0,0,0,0,0,0,0
110046,0,1,1995,0,0,0,0,7,0,0,0,22,0
110046,1,1,1995,0,0,0,0,0,0,0,0,0,0
110047,1,1,1995,0,0,19,17,18,30,19,0,21,0
110048,1,1,1995,12,32,14,16,25,14,19,20,11,0
110048,2,1,1995,10,0,0,0,0,0,9,0,0,0
110049,1,1,1995,27,11,9,0,0,28,28,0,11,0
110050,1,1,1995,2,18,19,0,0,0,0,2,0,0
110050,2,1,1995,0,9,16,18,0,4,0,0,0,0
110051,0,1,1995,10,16,0,0,0,24,0,0,15,0
110051,1,1,1995,0,23,9,0,8,26,13,0,5,0
110052,0,1,1995,0,0,0,27,0,0,0,15,0,0
110052,1,1,1995,17,22,21,9,22,0,15,13,0,12
110053,1,1,1995,0,24,0,0,0,0,0,0,13,0
110053,2,1,1995,0,7,21,0,0,0,6,0,7,10
110054,0,1,1995,0,39,8,0,0,0,6,7,0,0
110054,1,1,1995,0,0,0,0,0,0,0,0,0,0
110055,1,1,1995,16,7,29,0,16,0,24,31,12,28
110056,0,1,1995,0,0,0,0,0,0,0,0,0,0
110056,1,1,1995,22,0,0,0,8,0,8,0,0,0
110057,0,1,1995,0,0,17,38,19,16,0,16,0,0
110057,1,1,1995,0,0,15,23,18,15,7,0,12,0
120001,1,1,1995,0,0,0,0,0,0,0,0,0,0
120001,2,1,1995,0,0,0,0,0,0,0,0,0,7
120002,0,1,1995,0,0,0,0,0,0,0,0,0,0
120002,1,1,1995,0,0,0,0,0,0,0,0,0,0
120003,1,1,1995,0,0,0,0,0,0,0,0,0,0
120003,2,1,1995,0,0,0,0,0,0,0,0,0,0
120004,1,1,1995,0,0,0,0,0,0,0,0,0,0
120005,0,1,1995,0,0,0,0,0,0,0,0,0,0
120005,1,1,1995,0,0,0,0,0,0,0,0,0,0
120006,1,1,1995,0,0,0,0,0,0,0,0,0,0
120006,2,1,1995,0,0,0,0,0,0,0,0,0,0
120007,1,1,1995,25,25,25,25,25,25,25,25,25,25
120008,0,1,1995,24,24,24,24,24,24,24,24,24,24
120008,1,1,1995,0,0,0,0,0,0,0,0,0,0
120009,1,1,1995,15,15,15,15,15,15,15,15,15,15
120010,1,1,1995,8,0,0,0,28,0,0,8,0,0
120010,2,1,1995,0,0,0,0,0,0,0,0,0,0
120011,1,1,1995,0,0,0,0,0,0,0,0,0,0
120012,1,1,1995,0,0,0,0,0,0,0,0,0,0
120012,2,1,1995,0,0,0,0,0,0,0,0,0,0
120012,3,1,1995,0,0,0,0,0,0,0,0,0,0
120013,1,1,1995,0,0,0,0,0,0,0,0,0,0
120013,2,1,1995,0,13,0,0,0,0,0,0,0,0
120013,3,1,1995,0,0,0,0,0,0,0,0,0,0
120014,1,1,1995,0,0,0,0,0,0,0,0,0,0
120015,1,1,1995,0,0,0,0,0,0,0,0,0,0
120015,2,1,1995,18,0,0,0,0,0,0,0,0,0
120015,3,1,1995,0,0,0,0,0,0,0,0,0,0
120015,4,1,1995,0,0,0,0,0,0,0,0,0,0
120015,5,1,1995,0,0,11,0,0,0,0,12,0,0
120016,1,1,1995,0,0,8,0,0,0,0,0,0,0
120016,2,1,1995,0,0,0,0,0,0,14,0,17,38
120017,0,1,1995,3,3,3,3,3,3,3,3,3,3
120017,1,1,1995,0,0,0,0,0,0,0,0,0,0
120018,1,1,1995,0,0,0,0,0,0,0,0,0,0
120019,1,1,1995,36,36,36,36,36,36,36,36,36,36
120019,2,1,1995,0,0,0,0,0,0,0,0,0,0
120020,1,1,1995,0,0,0,0,0,0,0,0,0,0
120020,2,1,1995,0,0,0,0,0,0,0,0,0,0
120021,1,1,1995,19,0,0,0,0,0,0,0,0,0
120022,1,1,1995,7,7,7,7,7,7,7,7,7,7
120023,1,1,1995,0,0,0,0,0,0,0,0,0,0
120023,2,1,1995,0,0,0,0,0,0,0,0,0,0
120024,1,1,1995,20,20,20,20,20,20,20,20,20,20
120024,2,1,1995,0,0,0,0,0,0,0,0,0,0
120025,1,1,1995,0,0,0,0,0,0,0,0,0,0
120025,2,1,1995,0,0,0,0,0,0,0,0,0,0
120026,0,1,1995,0,0,0,0,0,0,0,0,0,0
120026,1,1,1995,0,0,0,0,0,0,0,0,0,0
120027,1,1,1995,28,28,28,28,28,28,28,28,28,28
120028,1,1,1995,0,0,0,0,0,0,0,0,0,0
120028,2,1,1995,0,0,0,0,0,0,0,0,0,0
120029,1,1,1995,21,21,21,21,21,21,21,21,21,21
120029,2,1,1995,17,0,0,0,0,0,0,0,0,0
120030,0,1,1995,27,27,27,27,27,27,27,27,27,27
120030,1,1,1995,0,0,0,0,0,0,0,0,0,0
120031,1,1,1995,19,0,22,0,0,6,0,0,0,0
120032,1,1,1995,0,0,0,0,0,0,0,0,0,0
120032,2,1,1995,18,0,0,0,0,0,0,0,0,0
120033,1,1,1995,0,0,0,0,0,0,0,0,0,0
120033,2,1,1995,0,0,0,0,0,0,0,0,0,0
120033,3,1,1995,0,0,0,0,0,0,0,0,0,0
120034,0,1,1995,0,0,0,0,0,0,0,0,0,0
120034,1,1,1995,0,0,0,0,0,0,0,0,0,0
120035,1,1,1995,0,0,0,0,0,0,0,0,0,0
120035,2,1,1995,0,0,0,0,0,0,0,0,0,0
120036,1,1,1995,0,0,0,0,0,0,0,0,0,0
120036,2,1,1995,34,34,34,34,34,34,34,34,34,34
120037,0,1,1995,29,29,29,29,29,29,29,29,29,29
120037,1,1,1995,0,0,0,0,0,0,0,0,0,0
120038,1,1,1995,18,27,0,0,0,20,14,0,23,13
120038,2,1,1995,14,15,0,16,0,21,8,12,20,9
120039,1,1,1995,5,5,5,5,5,5,5,5,5,5
120039,2,1,1995,0,17,0,0,4,0,0,0,0,0
120040,1,1,1995,0,0,21,0,0,0,0,0,0,0
120040,2,1,1995,20,0,0,0,0,0,0,22,0,21
120041,0,1,1995,0,0,0,0,0,0,0,0,0,0
120041,1,1,1995,0,0,0,0,0,0,0,0,0,0
120042,1,1,1995,7,7,7,7,7,7,7,7,7,7
120042,2,1,1995,0,11,0,0,0,0,0,0,0,0
120043,0,1,1995,12,12,12,12,12,12,12,12,12,12
120043,1,1,1995,0,0,0,0,0,0,0,0,0,0
120044,1,1,1995,0,0,0,0,0,0,0,0,0,17
120044,2,1,1995,0,0,0,0,0,0,0,0,0,0
120045,0,1,1995,28,28,28,28,28,28,28,28,28,28
120045,1,1,1995,0,0,0,0,0,31,0,0,0,0
120046,0,1,1995,20,20,20,20,20,20,20,20,20,20
120046,1,1,1995,0,0,0,0,0,0,0,0,0,0
120047,1,1,1995,22,22,22,22,22,22,22,22,22,22
120047,2,1,1995,0,0,0,0,0,0,0,0,0,10
120047,3,1,1995,0,0,14,0,4,0,0,20,0,0
120047,4,1,1995,0,8,0,0,0,29,5,0,0,0
120048,0,1,1995,21,11,21,0,20,0,0,0,0,0
120048,1,1,1995,0,0,0,0,0,0,0,0,0,0
120049,1,1,1995,27,27,27,27,27,27,27,27,27,27
120050,0,1,1995,9,0,0,0,0,0,0,30,0,14
120050,1,1,1995,0,8,0,0,12,0,0,0,0,0
120051,0,1,1995,0,0,0,0,0,0,0,0,0,0
120051,1,1,1995,0,0,0,0,0,0,0,0,0,0
120051,3,1,1995,0,0,0,0,0,0,0,0,0,0
120052,1,1,1995,16,16,16,16,16,16,16,16,16,16
120052,2,1,1995,0,0,0,0,0,0,0,0,0,0
120053,1,1,1995,7,7,7,7,7,7,7,7,7,7
120054,1,1,1995,0,0,0,0,0,0,0,0,0,0
120054,2,1,1995,24,24,24,24,24,24,24,24,24,24
120055,1,1,1995,0,0,0,0,0,0,0,0,0,0
120055,2,1,1995,0,0,0,0,0,0,0,0,0,0
120056,1,1,1995,0,0,0,0,0,0,0,0,0,0
120056,2,1,1995,0,0,0,0,0,0,0,0,0,0
120057,1,1,1995,0,0,0,0,0,0,0,0,0,0
120057,2,1,1995,0,0,0,0,0,0,0,0,0,0
120058,1,1,1995,0,0,0,0,0,0,0,0,0,0
120059,1,1,1995,29,29,29,29,29,29,29,29,29,29
120059,2,1,1995,0,0,0,0,0,0,0,0,0,0
120060,1,1,1995,16,16,16,16,16,16,16,16,16,16
120061,1,1,1995,0,0,0,0,0,0,17,14,0,5
120061,2,1,1995,0,0,0,21,0,0,0,0,0,0
120062,1,1,1995,36,22,18,3,12,21,10,8,7,9
120062,2,1,1995,0,0,8,19,37,17,0,16,7,18
120063,1,1,1995,26,55,24,0,28,13,0,25,22,4
120064,0,1,1995,0,0,0,0,0,0,0,0,0,0
120064,1,1,1995,0,0,0,0,0,0,15,0,0,0
120065,1,1,1995,25,25,25,25,25,25,25,25,25,25
120065,2,1,1995,0,0,0,0,0,0,0,0,0,0
120067,1,1,1995,0,0,0,0,0,0,0,0,0,0
120067,2,1,1995,0,0,0,0,0,0,0,0,0,0
120068,1,1,1995,26,26,26,26,26,26,26,26,26,26
120068,2,1,1995,0,0,0,0,0,0,0,0,0,0
120069,0,1,1995,0,0,0,0,0,0,0,0,0,0
120069,1,1,1995,0,0,0,0,0,0,0,0,0,0
120070,0,1,1995,0,0,0,16,0,0,0,4,13,0
120070,1,1,1995,0,0,0,0,0,0,0,0,0,0
120071,0,1,1995,0,0,0,0,0,0,0,0,0,0
120071,1,1,1995,0,0,0,0,0,0,0,0,0,0
120072,0,1,1995,0,0,0,0,0,0,0,0,0,0
120072,1,1,1995,0,0,0,0,0,0,0,0,0,0
120072,2,1,1995,6,0,0,0,0,0,0,0,0,0
120073,1,1,1995,0,0,0,0,0,0,0,0,0,0
120073,2,1,1995,0,0,0,0,0,0,0,0,0,0
120074,1,1,1995,2,2,2,2,2,2,2,2,2,2
120075,0,1,1995,0,0,0,18,0,0,0,0,0,0
120075,1,1,1995,0,0,0,0,0,0,0,0,0,0
120076,0,1,1995,25,25,25,25,25,25,25,25,25,25
120076,1,1,1995,0,0,0,0,0,0,0,0,0,0
120077,1,1,1995,0,0,0,0,0,0,0,0,0,0
120078,0,1,1995,31,0,23,24,0,24,22,0,62,0
120078,1,1,1995,0,0,0,0,0,0,0,0,6,0
120079,1,1,1995,16,16,16,16,16,16,16,16,16,16
120079,2,1,1995,0,0,0,0,0,0,0,0,0,0
120080,0,1,1995,11,10,18,0,14,12,10,29,17,0
120080,1,1,1995,0,0,0,0,0,0,0,0,0,0
120081,1,1,1995,0,8,0,0,0,0,0,0,30,0
120081,2,1,1995,0,0,0,0,0,0,0,0,0,0
120082,1,1,1995,0,0,0,0,0,0,0,0,0,0
120082,2,1,1995,0,0,0,0,0,0,0,0,0,0
120083,1,1,1995,8,0,12,9,6,0,6,0,0,2
120083,2,1,1995,0,0,0,0,0,0,0,0,5,0
120084,0,1,1995,38,38,38,38,38,38,38,38,38,38
120084,1,1,1995,0,0,0,0,0,0,0,0,0,0
120085,1,1,1995,0,0,0,0,0,0,0,0,0,0
120085,2,1,1995,0,0,0,0,0,0,0,0,0,0
120086,1,1,1995,0,0,0,0,0,0,0,0,0,0
120086,2,1,1995,0,0,0,0,0,0,0,0,0,0
120086,3,1,1995,0,0,0,0,0,0,0,0,0,0
120086,4,1,1995,0,0,0,0,0,0,0,0,0,0
120087,1,1,1995,10,10,10,10,10,10,10,10,10,10
120088,0,1,1995,8,0,0,12,9,0,4,0,0,15
120088,1,1,1995,0,10,0,0,0,10,0,0,0,0
120089,0,1,1995,3,3,3,3,3,3,3,3,3,3
120089,0,2,1995,2,2,2,2,2,2,2,2,2,2
120089,1,1,1995,0,0,0,0,0,0,0,0,0,0
120090,1,1,1995,0,0,0,0,0,0,0,0,0,0
120090,2,1,1995,0,0,0,0,0,0,0,0,0,0
120091,0,1,1995,0,0,0,0,0,0,0,0,0,0
120091,1,1,1995,0,0,0,0,0,0,0,0,0,0
120092,0,1,1995,24,24,24,24,24,24,24,24,24,24
120092,1,1,1995,0,0,0,0,0,0,0,0,0,0
120093,0,1,1995,0,0,0,0,0,0,0,0,0,0
120093,1,1,1995,0,0,0,16,0,0,0,0,0,0
120094,1,1,1995,0,0,0,0,0,0,0,0,0,0
120094,2,1,1995,0,0,0,0,0,0,0,0,0,0
120095,1,1,1995,0,0,0,0,0,0,0,0,0,0
120095,2,1,1995,0,0,0,0,0,0,0,0,0,0
120096,1,1,1995,3,3,3,3,3,3,3,3,3,3
120097,0,1,1995,0,0,0,0,0,0,0,0,0,0
120097,1,1,1995,0,0,0,0,0,0,0,0,0,0
120098,0,1,1995,33,16,12,24,19,24,0,27,16,17
120098,1,1,1995,14,25,15,14,9,16,11,5,0,3
120099,1,1,1995,0,0,0,0,0,0,0,0,0,0
120099,2,1,1995,0,0,0,9,0,0,0,0,0,0
120100,1,1,1995,0,0,0,0,0,0,0,0,0,0
120100,2,1,1995,0,0,0,0,0,0,0,0,0,0
120100,3,1,1995,0,0,0,0,0,0,0,0,0,0
120100,4,1,1995,0,0,0,0,0,0,0,0,0,0
120101,1,1,1995,0,0,0,0,0,0,0,0,0,0
120102,1,1,1995,21,21,21,21,21,21,21,21,21,21
120102,2,1,1995,0,0,0,0,0,0,0,0,0,0
120103,1,1,1995,0,0,0,0,0,0,0,0,0,0
120103,2,1,1995,0,0,0,0,0,0,0,0,0,0
120104,1,1,1995,0,0,0,0,0,0,0,0,0,0
120104,2,1,1995,0,0,0,0,0,0,0,0,0,0
120105,1,1,1995,0,0,0,0,0,0,0,0,0,0
120106,0,1,1995,0,0,0,0,0,0,0,0,0,0
120106,1,1,1995,0,0,0,0,0,0,0,0,0,0
120107,1,1,1995,0,0,0,0,0,0,0,0,0,0
120107,2,1,1995,0,0,0,0,0,0,0,0,0,0
120108,0,1,1995,0,0,0,0,0,0,0,0,34,0
120108,1,1,1995,0,0,0,0,0,0,0,0,0,0
120109,0,1,1995,0,0,0,0,0,0,0,0,0,0
120109,1,1,1995,0,0,0,0,0,0,0,0,0,0
120110,1,1,1995,0,0,0,0,0,0,0,0,0,0
120110,2,1,1995,0,0,0,0,0,0,0,0,0,0
120111,0,1,1995,0,0,0,0,0,0,0,0,0,0
120111,1,1,1995,0,0,0,0,0,0,10,0,0,0
120112,0,1,1995,0,0,0,0,0,0,0,0,0,0
120112,1,1,1995,0,0,0,0,0,0,0,0,0,0
120113,1,1,1995,0,0,0,0,0,0,0,0,0,0
120113,2,1,1995,0,0,0,0,0,0,0,0,0,0
120114,1,1,1995,0,0,0,0,0,0,0,0,0,0
120114,2,1,1995,0,0,0,0,0,0,0,0,0,0
120115,1,1,1995,0,0,0,0,0,0,0,0,0,0