ST_CASE,VEH_NO,PER_NO,YEAR,P1,P2,P3,P4,P5,P6,P7,P8,P9,P10
120115,2,1,1995,0,0,0,0,0,0,0,0,0,9
120116,1,1,1995,14,14,14,14,14,14,14,14,14,14
120117,1,1,1995,0,0,0,0,0,0,0,0,0,0
120117,2,1,1995,0,0,0,0,0,0,0,0,0,0
120118,1,1,1995,0,0,0,0,0,0,0,0,0,0
120118,2,1,1995,0,0,0,0,0,0,0,0,0,0
120119,1,1,1995,0,0,0,0,0,0,0,0,0,0
120119,2,1,1995,0,0,0,0,0,0,0,0,0,0
120120,1,1,1995,0,0,0,0,0,0,0,0,0,0
120121,1,1,1995,8,18,15,0,3,0,0,9,10,14
120122,1,1,1995,0,0,0,0,0,0,0,0,0,0
120122,2,1,1995,0,0,0,0,0,0,0,0,0,0
120123,1,1,1995,0,0,0,0,0,0,0,0,0,0
120123,2,1,1995,0,0,0,0,0,0,0,0,0,0
120124,1,1,1995,13,13,13,13,13,13,13,13,13,13
120124,2,1,1995,11,0,0,9,0,0,0,0,0,0
120125,1,1,1995,0,0,0,0,0,0,0,0,0,0
120125,2,1,1995,0,0,0,0,0,0,0,0,0,0
120126,1,1,1995,0,0,0,0,0,0,0,0,0,0
120126,2,1,1995,0,0,0,0,0,0,0,0,0,0
120127,1,1,1995,0,0,0,0,0,0,0,0,0,0
120128,1,1,1995,0,0,0,0,0,0,0,0,0,0
120128,2,1,1995,0,0,0,0,0,0,0,0,0,0
120129,1,1,1995,0,0,0,0,0,0,0,0,0,0
120129,2,1,1995,0,0,0,0,0,0,0,9,0,16
120130,0,1,1995,0,0,0,0,0,0,0,0,0,0
120130,1,1,1995,0,0,0,0,0,0,0,0,0,0
120131,0,1,1995,10,10,10,10,10,10,10,10,10,10
120131,1,1,1995,17,17,17,17,17,17,17,17,17,17
120132,0,1,1995,19,14,5,0,0,0,11,0,18,0
120132,0,2,1995,0,0,0,0,0,0,24,0,21,0
120132,0,3,1995,12,0,0,0,0,0,11,35,0,0
120132,0,4,1995,0,0,0,0,0,0,0,0,0,0
120132,1,1,1995,0,0,0,0,0,0,0,0,0,0
120133,0,1,1995,0,0,0,0,0,0,0,0,0,0
120133,1,1,1995,0,0,0,0,0,0,0,0,0,0
120134,0,1,1995,0,0,0,0,0,0,0,0,0,0
120134,1,1,1995,0,0,0,0,0,0,0,18,26,0
120135,1,1,1995,2,2,2,2,2,2,2,2,2,2
120136,1,1,1995,0,0,0,0,0,0,0,0,0,0
120136,2,1,1995,0,0,0,0,0,0,0,0,0,0
120137,0,1,1995,0,0,0,0,0,20,0,0,0,0
120137,1,1,1995,0,0,0,0,0,0,0,0,0,0
120138,1,1,1995,0,0,0,0,0,0,0,0,0,0
120138,2,1,1995,0,0,0,0,0,0,0,0,0,0
120138,3,1,1995,0,0,0,0,0,0,0,0,0,0
120139,1,1,1995,0,0,0,0,0,0,0,0,4,0
120139,2,1,1995,0,0,0,0,0,0,0,0,0,0
120139,3,1,1995,0,0,0,0,0,0,0,0,0,0
120140,1,1,1995,19,19,19,19,19,19,19,19,19,19
120141,1,1,1995,13,13,13,13,13,13,13,13,13,13
120141,2,1,1995,0,0,0,0,0,0,0,0,0,0
120142,0,1,1995,27,27,27,27,27,27,27,27,27,27
120142,1,1,1995,0,0,0,0,0,0,0,0,0,0
120143,0,1,1995,3,3,3,3,3,3,3,3,3,3
120143,1,1,1995,27,0,9,7,21,13,14,11,7,14
120144,1,1,1995,28,28,28,28,28,28,28,28,28,28
120145,1,1,1995,16,16,16,16,16,16,16,16,16,16
120146,1,1,1995,0,0,0,0,0,0,0,0,0,0
120147,1,1,1995,32,32,32,32,32,32,32,32,32,32
120147,2,1,1995,0,0,0,0,0,0,16,0,0,0
120147,3,1,1995,0,0,0,0,0,0,0,0,0,0
120148,1,1,1995,0,0,0,0,0,0,0,0,0,0
120148,2,1,1995,12,0,0,0,0,0,7,0,0,0
120149,1,1,1995,0,12,0,0,23,15,16,0,26,0
120149,2,1,1995,0,0,0,0,0,0,0,0,0,0
120150,1,1,1995,0,0,0,0,0,0,0,0,0,0
120150,2,1,1995,20,20,20,20,20,20,20,20,20,20
120151,1,1,1995,0,7,0,0,0,0,0,0,0,0
120151,2,1,1995,0,0,0,0,0,0,0,0,0,0
120152,1,1,1995,0,0,0,0,0,0,0,0,0,0
120152,2,1,1995,0,0,0,0,0,0,0,0,0,0
120153,0,1,1995,0,0,0,0,0,0,0,0,0,0
120153,1,1,1995,0,0,0,0,0,0,0,0,0,0
120154,1,1,1995,13,13,13,13,13,13,13,13,13,13
120155,1,1,1995,20,0,0,0,0,0,0,0,0,0
120156,1,1,1995,0,0,0,0,0,0,0,0,0,0
120157,0,1,1995,0,0,0,0,0,0,0,0,0,0
120157,1,1,1995,0,0,0,0,0,0,0,0,0,0
120158,0,1,1995,1,1,1,1,1,1,1,1,1,1
120158,1,1,1995,17,17,17,17,17,17,17,17,17,17
120159,1,1,1995,14,14,14,14,14,14,14,14,14,14
120160,1,1,1995,0,0,0,0,0,0,0,0,0,0
120160,2,1,1995,0,0,0,0,0,0,0,0,0,0
120161,0,1,1995,0,0,0,0,0,0,0,0,0,0
120161,1,1,1995,21,21,21,21,21,21,21,21,21,21
120162,1,1,1995,18,18,18,18,18,18,18,18,18,18
120163,0,1,1995,30,30,30,30,30,30,30,30,30,30
120163,1,1,1995,0,0,0,0,0,0,0,0,0,0
120164,1,1,1995,0,0,0,0,0,0,0,0,0,0
120164,2,1,1995,28,28,28,28,28,28,28,28,28,28
120165,0,1,1995,0,0,0,0,0,0,0,13,0,17
120165,1,1,1995,0,0,0,0,0,0,0,0,0,0
120166,1,1,1995,0,0,0,0,0,0,0,0,0,0
120166,2,1,1995,0,0,0,0,0,0,0,0,0,0
120167,1,1,1995,0,0,0,0,0,0,0,0,0,0
120168,1,1,1995,0,0,0,0,0,0,0,0,0,0
120168,2,1,1995,0,0,0,0,0,0,0,0,0,0
120169,0,1,1995,0,0,0,0,0,0,0,0,0,0
120169,1,1,1995,0,0,0,0,0,0,0,0,0,0
120170,0,1,1995,0,0,0,0,0,0,0,0,0,0
120170,0,2,1995,0,0,0,0,0,0,0,0,0,0
120170,0,3,1995,0,0,0,0,0,0,0,0,0,0
120170,1,1,1995,0,0,0,0,0,0,0,0,0,0
120171,1,1,1995,21,21,21,21,21,21,21,21,21,21
120171,2,1,1995,0,0,0,0,0,0,0,0,0,0
120172,1,1,1995,0,0,0,0,0,0,0,0,0,0
120172,2,1,1995,0,0,0,0,0,0,0,0,0,0
120172,3,1,1995,0,0,0,0,0,0,0,0,0,0
120172,4,1,1995,0,0,0,0,0,0,0,0,0,0
120173,1,1,1995,22,22,22,22,22,22,22,22,22,22
120174,1,1,1995,5,5,5,5,5,5,5,5,5,5
120175,1,1,1995,0,0,0,0,0,0,0,0,0,0
120176,0,1,1995,0,0,0,0,0,0,0,0,0,0
120176,1,1,1995,6,6,6,6,6,6,6,6,6,6
120177,0,1,1995,0,21,0,0,0,0,0,0,0,0
120177,1,1,1995,0,0,0,0,0,0,0,0,0,0
120178,1,1,1995,0,0,0,0,0,0,0,0,0,0
120178,2,1,1995,0,0,0,0,0,0,0,0,0,0
120179,1,1,1995,24,24,24,24,24,24,24,24,24,24
120180,0,1,1995,22,22,22,22,22,22,22,22,22,22
120180,1,1,1995,0,0,0,0,0,6,0,0,0,0
120181,1,1,1995,27,27,27,27,27,27,27,27,27,27
120182,1,1,1995,7,0,0,0,0,0,0,0,8,0
120182,2,1,1995,0,0,0,0,0,0,9,0,0,0
120183,0,1,1995,0,0,0,0,0,0,0,0,0,0
120183,1,1,1995,0,0,0,0,0,0,0,0,0,0
120184,1,1,1995,0,0,0,0,0,0,0,0,0,0
120184,2,1,1995,18,0,0,0,0,0,0,0,0,0
120185,1,1,1995,0,0,0,0,0,0,0,0,0,0
120185,2,1,1995,0,0,0,0,0,0,0,0,0,0
120185,3,1,1995,0,0,0,0,0,0,0,0,0,0
120186,1,1,1995,31,0,25,9,22,30,30,20,15,27
120187,0,1,1995,0,0,0,0,0,0,0,0,0,0
120187,1,1,1995,0,0,0,0,0,0,0,0,0,0
120188,1,1,1995,0,0,0,0,0,0,0,0,0,0
120189,0,1,1995,0,0,39,24,12,14,0,0,30,0
120189,1,1,1995,0,17,13,0,31,0,0,0,0,0
120190,1,1,1995,0,0,0,0,0,0,0,0,0,0
120190,2,1,1995,17,0,0,0,0,0,0,0,0,0
120191,0,1,1995,26,26,26,26,26,26,26,26,26,26
120191,1,1,1995,0,0,0,0,0,0,0,0,0,0
120192,1,1,1995,15,15,15,15,15,15,15,15,15,15
120193,1,1,1995,0,0,0,0,0,0,0,0,0,0
120194,0,1,1995,0,0,0,0,0,0,0,0,0,0
120194,1,1,1995,4,4,4,4,4,4,4,4,4,4
120195,1,1,1995,0,0,0,0,0,0,0,0,0,0
120195,2,1,1995,0,0,0,0,0,0,0,0,0,0
120196,1,1,1995,0,0,0,0,0,0,0,0,0,0
120196,2,1,1995,5,0,0,0,0,10,0,0,0,0
120197,1,1,1995,0,0,0,0,0,0,0,0,0,0
120198,0,1,1995,22,22,22,22,22,22,22,22,22,22
120198,1,1,1995,0,0,0,0,0,0,12,0,0,0
120198,2,1,1995,0,0,0,0,0,0,0,0,0,0
120199,1,1,1995,0,0,0,0,0,0,0,25,6,0
120200,0,1,1995,0,0,0,0,0,0,0,0,0,0
120200,0,2,1995,23,0,0,0,0,0,0,0,0,0
120200,1,1,1995,0,0,0,0,0,0,0,0,0,0
120201,1,1,1995,0,0,0,0,0,0,0,0,0,0
120201,2,1,1995,0,0,0,0,0,0,0,0,0,0
120202,0,1,1995,0,0,0,0,0,0,0,0,0,0
120202,1,1,1995,0,0,0,0,0,0,0,16,0,14
120203,1,1,1995,0,0,0,0,0,0,0,0,0,0
120203,2,1,1995,0,0,0,0,0,0,0,0,0,0
120204,1,1,1995,18,18,18,18,18,18,18,18,18,18
120205,1,1,1995,16,16,16,16,16,16,16,16,16,16
120205,2,1,1995,0,0,0,0,0,0,0,16,0,0
120206,1,1,1995,0,0,0,0,0,0,0,0,0,0
120206,2,1,1995,0,0,11,0,0,0,0,0,0,0
120207,0,1,1995,0,0,0,0,0,0,0,0,0,0
120207,0,2,1995,0,0,26,30,0,11,0,9,0,0
120207,1,1,1995,0,0,0,0,0,17,0,0,0,0
120208,1,1,1995,0,0,0,0,0,0,0,0,0,0
120208,2,1,1995,0,0,0,0,0,0,0,0,0,0
120210,1,1,1995,18,18,18,18,18,18,18,18,18,18
120211,1,1,1995,0,0,0,0,0,0,0,0,0,0
120212,1,1,1995,0,0,0,0,0,0,0,0,0,0
120212,2,1,1995,0,0,0,0,0,0,0,0,0,0
120213,1,1,1995,8,0,15,16,14,21,0,18,28,28
120214,0,1,1995,0,13,0,0,0,0,0,0,0,0
120214,1,1,1995,0,0,0,0,0,0,0,0,0,0
120215,1,1,1995,0,0,0,0,0,0,0,0,0,0
120215,2,1,1995,0,0,0,0,0,13,0,0,0,0
120216,1,1,1995,19,19,19,19,19,19,19,19,19,19
120216,2,1,1995,0,11,0,0,0,0,11,0,0,0
120217,1,1,1995,0,0,0,0,0,0,0,0,0,0
120217,2,1,1995,0,0,0,0,0,0,0,0,0,0
120218,1,1,1995,22,22,22,22,22,22,22,22,22,22
120219,1,1,1995,26,26,26,26,26,26,26,26,26,26
120220,1,1,1995,0,0,0,0,2,0,0,0,0,0
120220,2,1,1995,0,0,0,0,0,0,0,0,0,0
120221,1,1,1995,21,21,21,21,21,21,21,21,21,21
120222,1,1,1995,17,17,17,17,17,17,17,17,17,17
120223,0,1,1995,0,0,0,0,0,0,0,0,0,0
120223,0,2,1995,0,0,0,0,0,0,0,14,0,0
120223,1,1,1995,0,0,0,0,0,0,0,0,0,0
120224,1,1,1995,0,0,23,0,0,0,0,0,0,0
120224,2,1,1995,7,7,7,7,7,7,7,7,7,7
120225,1,1,1995,0,0,0,0,0,0,0,0,0,0
120226,0,1,1995,26,26,26,26,26,26,26,26,26,26
120226,1,1,1995,0,0,0,0,0,0,0,0,0,0
120227,1,1,1995,22,22,22,22,22,22,22,22,22,22
120228,1,1,1995,24,24,24,24,24,24,24,24,24,24
120229,1,1,1995,0,0,0,0,0,0,0,0,0,0
120229,2,1,1995,0,0,0,0,0,0,0,0,0,0
120230,1,1,1995,0,0,0,0,0,0,0,0,0,0
120230,2,1,1995,8,8,8,8,8,8,8,8,8,8
120230,3,1,1995,0,0,0,0,0,0,0,0,0,0
120230,4,1,1995,0,0,0,2,0,0,0,0,0,0
120231,1,1,1995,0,0,12,0,0,0,0,0,0,0
120231,2,1,1995,0,0,0,0,0,0,0,0,0,0
120232,1,1,1995,0,0,0,0,0,0,0,0,0,0
120232,2,1,1995,0,0,0,0,0,0,0,0,0,0
120233,1,1,1995,0,0,0,0,0,0,0,0,0,0
120233,2,1,1995,15,33,17,19,10,23,20,12,11,23
120234,1,1,1995,0,0,0,0,0,0,0,0,0,0
120235,1,1,1995,0,0,0,0,0,0,14,0,0,0
120235,2,1,1995,0,0,0,0,0,0,0,0,0,0
120236,1,1,1995,0,0,0,0,0,0,0,0,0,0
120236,2,1,1995,0,0,0,0,0,0,0,0,0,8
120237,0,1,1995,0,0,0,21,0,0,0,0,0,0
120237,1,1,1995,0,0,0,0,0,0,0,0,0,0
120238,0,1,1995,0,0,0,0,0,0,0,0,0,0
120238,1,1,1995,0,0,0,0,0,0,0,0,0,0
120239,1,1,1995,0,0,0,0,0,0,0,0,0,0
120239,2,1,1995,0,0,0,0,0,0,0,0,0,0
120240,1,1,1995,0,0,0,0,0,0,0,0,0,0
120240,2,1,1995,0,0,0,0,0,0,0,0,0,0
120240,3,1,1995,0,0,0,0,0,0,0,0,0,0
120241,1,3,1995,14,0,0,0,27,0,6,0,30,18
120242,1,1,1995,0,0,0,0,0,0,0,0,0,0
120242,2,1,1995,0,0,0,0,0,0,0,0,0,0
120243,1,1,1995,11,11,11,11,11,11,11,11,11,11
120243,2,1,1995,0,0,0,0,0,0,0,0,0,0
120243,3,1,1995,0,0,0,0,0,0,0,0,0,0
120244,1,1,1995,22,22,22,22,22,22,22,22,22,22
120245,0,1,1995,0,0,0,0,0,0,0,0,0,0
120245,1,1,1995,0,0,0,0,0,0,0,0,0,0
120246,1,1,1995,26,26,26,26,26,26,26,26,26,26
120247,1,1,1995,14,14,14,14,14,14,14,14,14,14
120247,2,1,1995,0,0,0,0,0,0,0,0,0,0
120248,1,1,1995,25,25,25,25,25,25,25,25,25,25
120249,1,1,1995,7,7,7,7,7,7,7,7,7,7
120249,2,1,1995,0,0,0,0,0,0,0,0,0,0
120250,1,1,1995,0,0,0,0,0,0,0,0,0,0
120250,2,1,1995,0,0,0,0,0,0,0,0,0,0
120251,1,1,1995,0,0,0,0,0,0,0,0,0,0
120251,2,1,1995,22,0,0,0,22,0,0,0,0,0
120252,0,1,1995,0,0,0,0,0,0,0,0,0,0
120252,1,1,1995,0,0,0,0,0,0,0,0,0,0
120252,2,1,1995,0,0,0,0,0,0,0,0,0,0
120253,1,1,1995,0,0,0,0,0,0,0,0,0,0
120254,1,1,1995,0,0,0,0,0,0,0,0,0,0
120255,1,1,1995,0,0,0,0,0,0,0,0,0,0
120255,2,1,1995,0,0,15,0,0,0,0,0,0,0
120256,1,1,1995,0,0,0,0,0,0,0,0,0,0
120256,2,1,1995,0,0,11,0,0,0,0,0,0,0
120257,0,1,1995,0,0,0,0,0,0,0,0,0,0
120257,1,1,1995,0,0,0,0,23,0,0,0,0,0
120258,0,1,1995,22,22,22,22,22,22,22,22,22,22
120258,1,1,1995,0,0,0,0,0,0,0,0,0,0
120259,1,1,1995,0,24,0,0,0,16,0,0,0,0
120259,2,1,1995,0,0,0,0,0,0,0,0,0,0
120260,0,1,1995,22,0,0,0,0,0,0,0,0,0
120260,1,1,1995,0,0,0,0,0,0,0,0,0,0
120261,0,1,1995,0,0,0,0,0,0,0,0,0,0
120261,1,1,1995,0,0,0,0,0,0,0,0,0,0
120262,1,1,1995,0,0,0,0,0,0,0,0,0,0
120263,1,1,1995,2,2,2,2,2,2,2,2,2,2
120263,2,1,1995,0,0,0,0,0,0,0,0,0,0
120264,1,1,1995,0,0,0,0,0,0,0,0,0,0
120264,2,1,1995,0,0,0,0,0,0,0,0,5,0
120265,0,1,1995,0,0,0,0,0,0,0,0,0,0
120265,1,1,1995,8,8,8,8,8,8,8,8,8,8
120266,0,1,1995,22,22,22,22,22,22,22,22,22,22
120266,1,1,1995,0,0,0,0,0,0,0,0,0,0
120267,1,1,1995,28,28,28,28,28,28,28,28,28,28
120267,2,1,1995,0,0,0,0,0,0,0,0,0,0
120268,1,1,1995,30,30,30,30,30,30,30,30,30,30
120269,1,1,1995,0,0,0,0,0,0,0,0,0,0
120269,2,1,1995,0,0,0,0,0,0,0,0,0,0
120269,3,1,1995,0,0,0,0,0,0,0,0,0,0
120270,1,1,1995,0,0,0,0,0,0,0,0,0,0
120270,2,1,1995,0,0,0,0,0,0,0,0,0,0
120272,1,1,1995,0,0,0,0,0,0,0,0,0,0
120272,2,1,1995,0,0,0,0,0,0,0,0,8,0
120273,0,1,1995,0,0,0,0,0,0,0,0,0,0
120273,1,1,1995,18,18,18,18,18,18,18,18,18,18
120274,0,1,1995,0,0,0,0,0,0,0,35,0,0
120274,1,1,1995,0,0,0,0,0,0,0,0,0,0
120275,1,1,1995,22,22,22,22,22,22,22,22,22,22
120275,2,1,1995,11,11,11,11,11,11,11,11,11,11
120276,0,1,1995,19,15,0,0,0,11,0,20,7,0
120276,1,1,1995,0,0,0,0,0,0,0,0,0,0
120277,1,1,1995,0,0,0,0,0,0,0,0,0,0
120277,2,1,1995,0,0,0,0,0,0,0,0,0,0
120278,1,1,1995,18,18,18,18,18,18,18,18,18,18
120279,1,1,1995,23,23,23,23,23,23,23,23,23,23
120280,0,1,1995,25,25,25,25,25,25,25,25,25,25
120280,1,1,1995,0,0,0,0,0,0,0,0,0,0
120281,0,1,1995,31,31,31,31,31,31,31,31,31,31
120281,1,1,1995,0,0,0,11,0,0,0,0,0,0
120282,1,1,1995,21,0,0,0,0,12,7,0,0,0
120283,1,1,1995,13,13,13,13,13,13,13,13,13,13
120284,1,1,1995,24,24,24,24,24,24,24,24,24,24
120285,1,1,1995,0,0,0,0,0,0,0,0,0,0
120285,2,1,1995,0,0,0,0,0,0,0,0,0,0
120285,3,1,1995,0,0,0,0,0,0,0,0,0,0
120286,1,1,1995,0,0,0,0,0,0,0,0,0,0
120286,2,1,1995,0,0,0,0,0,0,0,0,0,0
120287,1,1,1995,12,12,12,12,12,12,12,12,12,12
120287,2,1,1995,0,0,0,0,0,0,0,0,0,0
120288,1,1,1995,0,0,0,0,0,0,0,0,0,0
120288,2,1,1995,0,0,0,0,0,0,0,0,0,0
120289,1,1,1995,0,0,0,0,0,0,0,0,0,0
120289,2,1,1995,0,0,0,0,0,11,0,0,0,0
120290,1,1,1995,0,0,0,0,0,0,0,0,0,0
120290,2,1,1995,0,0,0,0,0,0,0,0,0,0
120291,1,1,1995,0,0,0,0,0,0,0,0,0,0
120291,2,1,1995,0,0,0,0,0,0,0,0,0,0
120292,1,1,1995,0,0,0,0,0,0,0,0,0,0
120292,2,1,1995,0,0,0,0,21,0,0,0,0,0
120293,0,1,1995,0,0,0,0,0,0,0,0,0,0
120293,1,1,1995,0,0,0,0,0,0,5,0,0,0
120294,1,1,1995,24,10,9,10,9,10,28,11,26,21
120295,1,1,1995,30,30,30,30,30,30,30,30,30,30
120296,0,1,1995,0,0,0,0,0,0,0,0,0,0
120296,0,2,1995,14,0,0,0,0,0,16,45,0,0
120296,1,1,1995,0,0,0,0,0,0,0,0,0,0
120297,0,1,1995,19,34,16,0,28,22,37,4,25,13
120297,1,1,1995,0,0,0,0,0,0,0,0,0,0
120298,1,1,1995,21,21,21,21,21,21,21,21,21,21
120298,2,1,1995,0,0,0,0,0,0,0,0,0,0
120298,3,1,1995,0,0,0,0,0,0,0,0,0,0
120299,1,1,1995,0,13,4,0,13,0,11,20,0,0
120299,2,1,1995,0,0,0,0,0,0,0,0,2,0
120300,1,1,1995,22,22,22,22,22,22,22,22,22,22
120301,1,1,1995,32,32,32,32,32,32,32,32,32,32
120302,1,1,1995,0,0,0,0,0,0,0,0,0,0
120303,0,1,1995,0,0,0,19,12,36,0,9,0,0
120303,1,1,1995,0,0,0,0,0,0,0,0,0,0
120304,0,1,1995,0,0,0,0,0,0,0,0,0,0
120304,1,1,1995,0,0,0,0,0,0,0,0,0,0
120305,0,1,1995,0,0,0,0,0,0,0,0,0,0
120305,1,1,1995,18,18,18,18,18,18,18,18,18,18
120306,0,1,1995,22,22,22,22,22,22,22,22,22,22
120306,1,1,1995,0,24,0,16,26,17,0,13,25,0
120307,1,1,1995,21,21,21,21,21,21,21,21,21,21
120308,0,1,1995,0,0,30,0,0,0,0,0,0,0
120308,1,1,1995,0,0,0,0,0,0,0,0,0,0
120309,0,1,1995,18,18,18,18,18,18,18,18,18,18
120309,1,1,1995,7,7,7,7,7,7,7,7,7,7
120310,1,1,1995,0,38,16,0,24,0,24,19,10,11
120311,1,1,1995,9,7,22,0,0,9,0,25,11,0
120312,1,1,1995,22,18,15,23,11,14,14,20,17,19
120313,0,1,1995,0,0,5,0,0,0,0,0,0,0
120313,1,1,1995,0,0,0,0,0,0,0,0,0,0
120314,1,1,1995,0,0,0,0,0,0,0,0,0,0
120314,2,1,1995,0,0,0,0,0,0,0,0,0,0
120315,0,1,1995,12,12,12,12,12,12,12,12,12,12
120315,1,1,1995,7,7,7,7,7,7,7,7,7,7
120315,2,1,1995,0,0,0,0,0,0,0,0,0,0
120315,3,1,1995,0,0,0,0,0,0,0,0,0,0
120315,4,1,1995,0,0,0,0,0,0,0,0,0,0
120316,1,1,1995,0,0,0,0,0,0,0,0,0,0
120317,1,1,1995,0,0,0,0,0,0,0,0,0,0
120317,2,1,1995,0,0,0,0,0,0,0,0,0,0
120318,1,1,1995,0,0,0,0,0,0,0,0,0,0
120318,2,1,1995,0,0,0,0,0,0,0,0,0,0
120319,1,1,1995,0,0,0,0,0,0,0,0,0,0
120319,2,1,1995,0,0,0,0,0,0,0,0,0,0
120319,3,1,1995,18,0,0,0,0,0,0,0,0,0
120320,1,1,1995,0,0,0,0,0,0,0,0,0,19
120320,2,1,1995,0,0,0,0,0,0,0,0,0,0
120320,3,1,1995,0,0,0,0,0,0,0,0,0,0
120320,4,1,1995,6,0,0,0,0,0,0,0,0,0
120321,1,1,1995,10,10,10,10,10,10,10,10,10,10
120322,1,1,1995,0,0,0,0,0,0,0,0,0,0
120322,2,1,1995,0,0,0,0,0,0,0,0,0,0
120323,1,1,1995,0,0,0,0,0,0,0,0,0,0
120323,2,1,1995,4,0,0,0,0,0,0,0,11,0
120324,0,1,1995,0,0,0,0,0,0,0,0,0,0
120324,1,1,1995,0,0,0,0,0,0,0,0,0,17
120324,2,1,1995,0,0,0,0,0,0,0,0,0,0
120324,3,1,1995,0,0,0,0,0,0,0,0,0,0
120325,1,1,1995,0,19,13,0,0,0,0,0,0,19
120326,1,1,1995,0,0,0,0,0,0,0,0,0,0
120327,1,1,1995,14,14,14,14,14,14,14,14,14,14
120328,0,1,1995,6,17,0,18,12,29,0,0,56,10
120328,1,1,1995,0,0,0,0,0,5,0,0,0,0
120329,0,1,1995,29,29,29,29,29,29,29,29,29,29
120329,1,1,1995,0,0,0,0,0,0,0,0,0,0
120330,1,1,1995,0,0,0,0,0,0,0,0,0,0
120330,2,1,1995,0,0,0,0,0,0,0,0,0,0
120331,0,1,1995,0,0,0,0,0,0,0,0,0,0
120331,1,1,1995,0,0,0,0,0,0,0,0,0,0
120332,1,1,1995,0,0,0,9,0,0,0,0,0,0
120332,2,1,1995,1,1,1,1,1,1,1,1,1,1
120332,3,1,1995,0,0,0,0,0,13,0,16,11,0
120332,4,1,1995,0,10,0,0,22,14,0,8,0,0
120333,1,1,1995,24,24,24,24,24,24,24,24,24,24
120334,1,1,1995,16,16,16,16,16,16,16,16,16,16
120335,1,1,1995,0,0,0,0,0,0,0,0,0,0
120335,2,1,1995,0,0,0,0,0,0,0,0,0,0
120336,1,1,1995,20,0,19,0,25,21,0,0,0,24
120337,1,1,1995,0,0,0,0,0,0,0,0,0,0
120337,2,1,1995,0,0,0,0,0,0,0,0,11,0
120338,2,1,1995,0,0,0,0,0,0,0,0,0,0
120339,1,1,1995,10,10,10,10,10,10,10,10,10,10
120339,2,1,1995,0,0,0,0,0,0,0,0,0,0
120340,0,1,1995,29,29,29,29,29,29,29,29,29,29
120340,1,1,1995,0,0,0,0,0,0,0,0,0,32
120341,1,1,1995,0,0,0,0,0,0,0,0,0,0
120341,2,1,1995,0,0,0,0,0,0,0,0,0,0
120342,1,1,1995,0,0,0,0,0,0,15,0,0,0
120342,2,1,1995,0,0,0,0,0,0,0,0,0,0
120342,3,1,1995,0,0,0,0,0,0,0,0,0,0
120343,1,1,1995,0,0,0,0,0,0,0,0,0,0
120343,2,1,1995,0,0,0,0,0,0,0,0,0,0
120343,3,1,1995,0,0,0,0,0,0,0,0,0,0
120344,1,1,1995,22,22,22,22,22,22,22,22,22,22
120345,1,1,1995,21,28,13,25,0,0,14,20,12,0
120346,1,1,1995,0,0,0,0,0,0,0,0,0,0
120346,2,1,1995,0,0,0,0,0,0,0,0,0,0
120347,0,1,1995,0,0,0,0,0,0,0,0,0,0
120347,1,1,1995,0,0,0,0,0,0,0,0,0,0
120348,1,1,1995,22,22,22,22,22,22,22,22,22,22
120349,1,1,1995,18,14,16,25,25,15,25,19,14,12
120350,0,1,1995,23,23,23,23,23,23,23,23,23,23
120350,1,1,1995,0,0,0,0,0,0,0,0,0,0
120350,2,1,1995,0,0,0,0,0,0,0,0,0,0
120351,1,1,1995,0,0,0,0,0,0,0,0,0,0
120352,1,1,1995,0,0,0,0,0,0,0,0,0,0
120353,1,1,1995,0,0,0,0,0,0,0,0,0,0
120353,2,1,1995,0,0,0,0,0,0,0,0,0,0
120354,0,1,1995,0,33,18,0,0,24,20,9,10,12
120354,1,1,1995,0,0,0,0,6,0,0,0,0,0
120355,1,1,1995,0,0,0,0,0,0,0,0,0,0
120355,2,1,1995,11,11,11,11,11,11,11,11,11,11
120356,1,1,1995,0,0,0,0,0,0,0,0,0,0
120357,1,1,1995,0,0,0,0,0,0,0,0,0,0
120357,2,1,1995,0,0,0,0,0,0,0,11,0,0
120357,3,1,1995,0,0,14,0,12,0,0,0,0,0
120358,1,1,1995,0,24,0,16,0,0,0,9,0,0
120359,1,1,1995,0,0,0,0,0,0,0,0,0,0
120359,2,1,1995,0,0,0,0,0,0,0,0,0,0
120360,1,1,1995,0,0,0,0,0,0,0,0,0,0
120361,0,1,1995,37,37,37,37,37,37,37,37,37,37
120361,1,1,1995,0,0,0,0,0,0,0,0,0,0
120362,0,1,1995,0,0,0,0,0,0,0,0,0,0
120362,1,1,1995,0,0,0,0,0,0,0,0,0,0
120364,1,1,1995,8,8,8,8,8,8,8,8,8,8
120364,2,1,1995,0,0,0,0,0,0,0,0,0,0
120365,1,1,1995,0,0,0,0,0,0,0,0,0,0
120366,0,1,1995,0,0,0,0,0,15,0,0,0,0
120366,1,1,1995,18,0,27,33,0,0,0,0,3,0
120367,1,1,1995,27,27,27,27,27,27,27,27,27,27
120368,0,1,1995,0,0,0,0,0,0,0,0,0,0
120368,1,1,1995,0,0,0,0,0,0,0,0,0,0
120369,1,1,1995,0,0,0,0,0,0,0,0,0,0