ST_CASE,VEH_NO,PER_NO,YEAR,P1,P2,P3,P4,P5,P6,P7,P8,P9,P10
120369,2,1,1995,0,0,0,0,0,0,0,0,0,0
120370,1,1,1995,0,0,0,0,0,0,0,0,0,0
120371,0,1,1995,0,0,0,0,0,0,0,0,0,0
120371,0,2,1995,0,0,0,0,0,0,0,0,0,0
120371,1,1,1995,0,0,0,17,0,0,10,0,0,9
120372,1,1,1995,17,17,17,17,17,17,17,17,17,17
120373,1,1,1995,11,11,11,11,11,11,11,11,11,11
120374,1,1,1995,0,0,0,0,0,0,0,0,0,0
120375,1,1,1995,0,0,0,0,0,0,13,0,0,0
120375,2,1,1995,0,0,0,0,0,0,0,0,0,0
120376,1,1,1995,0,0,0,0,0,0,0,0,0,0
120376,2,1,1995,0,0,0,0,0,0,0,0,0,0
120377,0,1,1995,0,0,0,0,0,0,0,0,0,0
120377,1,1,1995,0,0,0,0,0,0,0,0,0,0
120378,0,1,1995,0,0,0,0,0,0,0,0,0,0
120378,1,1,1995,0,0,0,0,0,0,0,0,0,0
120379,1,1,1995,0,0,11,8,0,7,0,0,15,18
120379,2,1,1995,0,0,0,0,0,0,0,0,0,0
120380,1,1,1995,0,19,0,21,9,0,0,0,10,0
120380,2,1,1995,0,0,0,0,0,0,0,0,0,0
120381,1,1,1995,0,0,0,0,0,0,0,0,0,0
120382,1,1,1995,0,0,0,0,0,0,0,0,0,0
120383,0,1,1995,11,11,11,11,11,11,11,11,11,11
120383,2,1,1995,0,0,0,0,0,0,0,0,0,0
120384,0,1,1995,20,13,0,0,0,17,0,0,14,30
120384,1,1,1995,5,5,5,5,5,5,5,5,5,5
120384,2,1,1995,9,0,19,15,10,0,13,0,17,23
120384,3,1,1995,0,0,0,0,0,0,0,14,0,49
120385,1,1,1995,0,13,0,0,0,0,0,0,0,0
120385,2,1,1995,0,0,11,0,0,0,0,0,0,0
120386,1,1,1995,0,0,0,0,0,0,0,0,0,0
120386,2,1,1995,0,0,0,0,0,0,0,0,0,0
120387,1,1,1995,21,21,21,21,21,21,21,21,21,21
120388,0,1,1995,29,29,29,29,29,29,29,29,29,29
120388,1,1,1995,0,0,0,0,0,0,0,32,0,0
120389,1,1,1995,0,0,0,0,0,0,13,0,0,0
120389,2,1,1995,0,0,0,0,0,0,0,0,0,0
120390,1,1,1995,0,0,0,0,0,0,0,0,0,0
120390,2,1,1995,0,0,0,0,0,0,0,0,0,0
120390,3,1,1995,0,0,0,0,0,0,0,0,0,0
120390,4,1,1995,0,0,0,0,0,0,0,0,0,0
120391,1,1,1995,3,3,3,3,3,3,3,3,3,3
120392,1,1,1995,29,29,29,29,29,29,29,29,29,29
120393,1,1,1995,0,0,0,0,0,0,0,0,0,0
120393,2,1,1995,0,0,0,0,0,0,0,0,0,0
120394,1,1,1995,7,23,0,22,11,22,0,0,13,17
120395,1,1,1995,3,3,3,3,3,3,3,3,3,3
120396,0,1,1995,17,17,17,17,17,17,17,17,17,17
120396,1,1,1995,14,14,14,14,14,14,14,14,14,14
120397,1,1,1995,0,0,0,0,0,0,0,0,0,0
120397,2,1,1995,0,0,0,0,0,0,0,0,0,0
120397,3,1,1995,8,0,0,16,7,0,20,8,0,0
120398,0,1,1995,0,0,0,0,0,0,0,0,0,0
120398,0,2,1995,0,0,0,0,0,0,0,0,0,0
120398,1,1,1995,0,0,0,0,0,0,0,0,0,0
120399,1,1,1995,0,0,0,0,0,0,0,0,0,0
120399,2,1,1995,0,0,0,0,0,0,0,0,0,0
120400,0,1,1995,0,0,0,0,0,0,0,0,0,0
120400,1,1,1995,0,0,0,0,0,0,0,0,0,0
120401,1,1,1995,27,27,27,27,27,27,27,27,27,27
120401,2,1,1995,0,0,0,0,0,0,0,0,0,0
120402,1,1,1995,0,0,0,0,0,0,0,0,0,0
120402,2,1,1995,0,0,0,0,0,0,0,0,0,0
120403,1,1,1995,0,0,0,0,0,0,0,0,0,0
120403,2,1,1995,0,0,0,0,0,0,0,0,0,0
120404,1,1,1995,0,0,7,0,0,0,0,0,0,0
120405,1,1,1995,0,16,20,0,17,21,18,0,13,23
120406,0,1,1995,19,19,19,19,19,19,19,19,19,19
120406,1,1,1995,0,0,0,0,0,0,0,0,0,0
120407,0,1,1995,0,0,0,0,0,0,0,12,10,17
120407,1,1,1995,0,0,0,0,0,0,0,0,0,0
120408,1,1,1995,0,0,0,0,0,0,0,0,0,0
120409,1,1,1995,0,0,0,0,0,0,0,0,6,0
120409,2,1,1995,0,0,0,0,0,0,0,0,0,0
120410,0,1,1995,16,16,16,16,16,16,16,16,16,16
120410,1,1,1995,0,0,0,0,0,0,0,0,0,0
120411,0,1,1995,0,0,0,0,0,0,0,0,0,0
120411,1,1,1995,0,0,0,22,0,0,17,8,0,0
120412,1,1,1995,0,0,0,0,0,0,0,0,0,0
120412,2,1,1995,0,0,0,0,0,0,0,0,0,0
120413,0,1,1995,13,13,13,13,13,13,13,13,13,13
120413,1,1,1995,0,0,0,0,0,0,0,0,0,0
120414,0,1,1995,23,23,23,23,23,23,23,23,23,23
120414,1,1,1995,0,0,16,4,9,0,16,0,0,0
120415,1,1,1995,0,0,0,0,0,7,0,0,0,0
120415,2,1,1995,0,0,19,0,0,0,0,0,0,0
120415,3,1,1995,0,0,0,0,0,0,0,0,0,0
120416,1,1,1995,0,0,0,0,0,0,0,0,0,0
120416,2,1,1995,0,0,0,0,0,0,0,0,0,0
120417,1,1,1995,0,0,0,0,0,0,0,0,0,0
120417,2,1,1995,0,0,0,0,0,0,0,0,0,0
120417,3,1,1995,0,0,0,0,0,0,0,21,0,0
120418,1,1,1995,0,0,0,0,0,11,0,0,0,0
120419,1,1,1995,0,0,0,0,0,0,0,0,0,0
120419,2,1,1995,0,0,0,0,0,0,0,0,0,0
120420,1,1,1995,16,16,16,16,16,16,16,16,16,16
120420,2,1,1995,0,0,0,0,0,0,0,0,0,0
120421,1,1,1995,0,0,0,14,0,0,0,0,0,0
120421,2,1,1995,0,0,2,0,0,0,0,0,0,0
120422,1,1,1995,0,0,0,0,0,0,0,0,0,0
120422,2,1,1995,0,0,0,0,0,0,0,0,0,0
120422,3,1,1995,0,0,0,0,0,0,0,0,0,0
120423,1,1,1995,25,25,25,25,25,25,25,25,25,25
120423,2,1,1995,0,0,0,0,0,0,0,0,0,0
120424,1,1,1995,0,0,0,0,0,0,0,0,0,0
120424,2,1,1995,0,0,0,0,0,0,0,0,0,0
120425,0,1,1995,0,12,0,0,0,0,0,0,0,0
120425,1,1,1995,0,0,0,0,0,0,0,0,0,0
120426,0,1,1995,0,0,0,0,0,0,0,0,0,0
120426,1,1,1995,0,0,0,0,0,0,0,0,0,0
120427,1,1,1995,0,0,0,0,0,0,0,0,0,0
120427,2,1,1995,0,0,0,0,0,0,0,0,0,0
120427,3,1,1995,0,6,0,0,0,0,0,0,0,0
120428,1,1,1995,8,9,20,4,0,21,21,32,17,0
120428,2,1,1995,12,11,14,13,0,0,15,5,4,7
120429,1,1,1995,3,3,3,3,3,3,3,3,3,3
120429,2,1,1995,0,0,0,0,0,0,0,0,0,0
120430,1,1,1995,0,0,0,0,0,0,0,0,0,0
120430,2,1,1995,0,0,0,0,0,0,0,0,0,0
120431,1,1,1995,24,24,24,24,24,24,24,24,24,24
120432,1,1,1995,0,0,0,0,0,0,0,0,0,0
120432,2,1,1995,0,0,0,0,0,0,0,0,0,0
120433,0,1,1995,27,27,27,27,27,27,27,27,27,27
120433,1,1,1995,0,0,0,0,0,0,0,0,0,0
120434,1,1,1995,1,1,1,1,1,1,1,1,1,1
120435,1,1,1995,28,28,28,28,28,28,28,28,28,28
120435,2,1,1995,0,0,0,0,0,0,0,0,0,0
120436,0,1,1995,34,0,0,9,0,21,0,13,22,23
120436,1,1,1995,0,0,0,0,0,0,14,0,0,0
120437,1,1,1995,0,0,0,0,0,0,0,0,0,0
120437,2,1,1995,0,0,0,0,0,0,0,0,0,0
120438,0,1,1995,27,27,27,27,27,27,27,27,27,27
120438,1,1,1995,0,0,0,0,0,0,0,0,0,0
120439,1,1,1995,0,0,0,0,0,0,0,0,0,0
120439,2,1,1995,0,0,0,0,0,0,0,0,0,0
120440,1,1,1995,0,0,0,0,0,0,0,0,0,8
120440,2,1,1995,0,0,0,0,0,0,0,0,0,0
120441,1,1,1995,22,22,22,22,22,22,22,22,22,22
120442,1,1,1995,24,24,24,24,24,24,24,24,24,24
120442,2,1,1995,0,0,0,0,0,0,0,0,0,0
120443,1,1,1995,0,0,0,0,0,5,0,8,36,0
120444,1,1,1995,0,0,0,0,0,0,0,0,0,0
120445,0,1,1995,0,0,0,0,0,0,0,0,0,0
120445,1,1,1995,0,0,0,0,0,0,0,0,0,0
120446,0,1,1995,0,24,0,0,0,19,0,0,0,0
120446,1,1,1995,0,0,0,0,0,18,0,10,0,0
120447,1,1,1995,0,0,0,0,0,0,0,0,0,0
120447,2,1,1995,0,0,0,0,0,0,0,0,0,0
120448,1,1,1995,6,0,0,0,0,0,0,0,0,0
120449,1,1,1995,0,0,0,0,0,0,0,0,0,0
120450,1,1,1995,0,0,0,0,0,0,0,0,0,0
120450,2,1,1995,0,0,0,0,0,0,0,0,0,0
120450,3,1,1995,0,0,0,0,0,0,0,0,0,0
120450,4,1,1995,0,0,0,0,0,0,0,0,0,0
120451,1,1,1995,1,1,1,1,1,1,1,1,1,1
120451,2,1,1995,0,0,0,0,0,0,0,0,0,0
120452,0,1,1995,0,28,0,0,0,6,0,8,0,0
120452,1,1,1995,0,0,0,0,0,0,0,0,0,0
120453,0,1,1995,22,22,22,22,22,22,22,22,22,22
120453,1,1,1995,11,11,11,11,11,11,11,11,11,11
120453,2,1,1995,0,0,0,0,0,0,0,0,0,0
120454,1,1,1995,0,0,0,0,0,0,0,0,0,0
120455,0,1,1995,0,0,0,24,0,6,0,12,0,0
120455,1,1,1995,0,0,0,0,0,0,0,0,0,0
120456,1,1,1995,0,0,0,0,0,14,0,0,0,0
120456,2,1,1995,7,0,17,0,20,12,16,6,15,5
120456,3,1,1995,0,0,0,0,0,0,0,0,0,0
120457,0,1,1995,0,0,0,0,0,0,0,0,0,0
120457,1,1,1995,0,6,0,0,0,0,0,0,0,0
120458,1,1,1995,32,0,0,0,0,0,0,0,0,0
120458,2,1,1995,0,0,0,0,0,0,0,0,0,0
120459,1,1,1995,25,25,25,25,25,25,25,25,25,25
120460,1,1,1995,0,23,0,0,0,0,0,0,0,0
120461,1,1,1995,0,0,0,0,0,0,0,0,0,0
120461,2,1,1995,0,12,9,5,0,0,0,0,0,0
120462,1,1,1995,0,0,0,0,0,0,0,0,0,0
120462,2,1,1995,5,5,5,5,5,5,5,5,5,5
120462,3,1,1995,16,0,0,0,0,0,0,0,0,0
120462,4,1,1995,0,0,0,0,0,0,0,27,0,0
120463,1,1,1995,0,0,0,0,0,0,0,0,0,0
120463,2,1,1995,0,0,0,0,0,0,0,0,0,0
120464,1,1,1995,0,0,0,0,0,0,0,0,0,0
120464,2,1,1995,0,0,0,0,0,0,0,0,0,0
120465,1,1,1995,0,0,0,0,0,0,0,0,0,0
120465,2,1,1995,0,0,0,0,0,0,0,0,0,0
120465,3,1,1995,0,0,0,0,0,0,0,0,0,0
120466,1,1,1995,19,19,19,19,19,19,19,19,19,19
120467,1,1,1995,14,0,0,0,14,0,0,13,18,0
120468,1,1,1995,0,0,0,0,4,0,0,0,0,0
120468,2,1,1995,0,0,0,0,0,0,0,0,0,0
120468,3,1,1995,0,0,0,0,9,0,0,0,0,0
120469,1,1,1995,27,27,27,27,27,27,27,27,27,27
120469,2,1,1995,0,0,0,0,0,0,0,0,0,0
120470,0,1,1995,25,14,27,7,35,23,33,16,10,5
120470,1,1,1995,0,0,0,0,0,0,0,21,0,5
120471,1,1,1995,0,0,0,0,0,0,0,0,0,0
120472,0,1,1995,32,32,32,32,32,32,32,32,32,32
120472,1,1,1995,0,16,0,0,0,0,0,0,0,0
120473,1,1,1995,0,0,0,0,0,0,0,0,0,0
120473,2,1,1995,0,6,0,0,0,0,0,0,0,0
120474,1,1,1995,0,0,0,0,0,0,0,0,0,0
120474,2,1,1995,0,0,0,0,0,0,0,0,0,0
120476,1,1,1995,0,0,0,0,0,0,0,0,0,0
120476,2,1,1995,0,0,0,0,0,0,0,0,0,0
120477,1,1,1995,10,10,10,10,10,10,10,10,10,10
120477,2,1,1995,0,0,0,0,0,0,0,0,0,0
120478,1,1,1995,0,0,0,0,0,0,0,0,0,0
120478,2,1,1995,23,23,23,23,23,23,23,23,23,23
120479,0,1,1995,0,0,0,36,0,31,0,0,0,0
120479,1,1,1995,0,0,0,0,0,0,0,0,0,0
120480,1,1,1995,12,12,12,12,12,12,12,12,12,12
120481,1,1,1995,0,0,0,0,0,0,0,0,0,0
120481,2,1,1995,0,0,0,0,0,0,0,0,0,0
120481,3,1,1995,0,0,0,0,0,0,0,0,0,14
120482,1,1,1995,16,16,16,16,16,16,16,16,16,16
120483,1,1,1995,0,0,0,0,0,0,0,0,0,0
120483,2,1,1995,0,0,0,0,0,0,0,0,0,0
120484,1,1,1995,0,0,0,0,0,0,0,0,0,0
120484,2,1,1995,0,0,0,0,0,0,0,0,0,0
120485,1,1,1995,0,0,0,0,0,0,0,0,0,0
120485,2,1,1995,0,0,0,0,0,0,0,0,0,0
120486,1,1,1995,7,0,0,0,0,0,0,0,0,0
120486,2,1,1995,0,0,0,0,0,0,0,0,0,0
120487,1,1,1995,0,0,0,0,0,0,0,0,0,0
120487,2,1,1995,0,0,0,0,0,0,0,0,0,0
120488,1,1,1995,0,0,0,0,0,0,0,0,0,0
120488,2,1,1995,0,0,0,0,0,0,0,0,0,0
120489,1,1,1995,12,12,12,12,12,12,12,12,12,12
120490,1,1,1995,0,0,0,0,0,0,0,0,0,0
120490,2,1,1995,0,0,0,0,0,0,0,0,0,0
120490,3,1,1995,0,0,0,0,0,0,0,0,20,0
120491,1,1,1995,0,0,0,0,0,0,0,0,0,0
120491,2,1,1995,0,0,0,0,0,0,20,0,0,0
120492,1,1,1995,0,0,0,0,0,0,0,0,0,0
120492,2,1,1995,0,0,0,0,0,0,0,0,0,0
120493,1,1,1995,13,0,0,0,0,0,0,0,0,0
120493,2,1,1995,0,0,0,0,14,0,0,0,0,0
120494,1,1,1995,0,0,0,0,0,0,0,0,0,0
120494,2,1,1995,0,0,0,0,0,0,0,0,0,0
120494,3,1,1995,0,0,0,0,0,0,0,0,0,0
120495,1,1,1995,0,0,0,0,0,0,0,0,0,0
120495,2,1,1995,0,0,0,0,0,0,0,0,0,0
120496,1,1,1995,18,18,18,18,18,18,18,18,18,18
120496,2,1,1995,0,0,0,0,0,0,0,0,0,0
120497,1,1,1995,24,24,24,24,24,24,24,24,24,24
120497,2,1,1995,0,0,0,0,0,0,0,0,0,0
120498,1,1,1995,22,22,22,22,22,22,22,22,22,22
120498,2,1,1995,0,0,0,0,0,0,0,0,0,0
120499,0,1,1995,8,8,8,8,8,8,8,8,8,8
120499,0,2,1995,8,8,8,8,8,8,8,8,8,8
120499,1,1,1995,16,16,16,16,16,16,16,16,16,16
120500,1,1,1995,0,27,13,19,23,20,3,0,0,10
120500,2,1,1995,0,0,0,0,0,0,0,0,0,0
120501,0,1,1995,0,0,0,29,0,0,0,0,0,0
120501,1,1,1995,0,0,0,4,0,0,0,0,0,0
120502,0,1,1995,0,0,0,0,0,0,0,0,0,0
120502,1,1,1995,0,0,0,0,0,0,0,0,0,0
120503,1,1,1995,26,21,0,25,0,0,0,22,29,0
120503,2,1,1995,0,0,0,0,0,0,0,0,0,0
120503,3,1,1995,0,0,0,0,0,0,0,0,0,0
120503,4,1,1995,0,0,34,0,0,0,0,0,0,0
120504,1,1,1995,26,0,13,9,0,20,0,0,32,0
120504,2,1,1995,18,18,18,18,18,18,18,18,18,18
120505,1,1,1995,0,0,0,0,0,0,0,0,0,0
120505,2,1,1995,17,17,17,17,17,17,17,17,17,17
120506,0,1,1995,0,0,0,0,0,7,0,0,0,0
120506,1,1,1995,0,0,0,0,0,0,13,0,0,0
120507,1,1,1995,0,0,0,0,0,0,0,0,0,0
120507,2,1,1995,0,0,0,0,0,0,0,0,0,0
120508,1,1,1995,0,0,0,0,0,0,0,0,0,0
120508,2,1,1995,0,0,0,0,0,0,0,0,0,0
120509,1,1,1995,19,19,19,19,19,19,19,19,19,19
120510,1,1,1995,0,0,0,0,0,0,0,0,0,0
120510,2,1,1995,0,0,0,0,0,13,0,9,0,0
120511,1,1,1995,19,19,19,19,19,19,19,19,19,19
120511,2,1,1995,0,0,0,0,0,0,0,0,0,0
120512,1,1,1995,0,0,0,0,0,0,0,0,0,0
120512,2,1,1995,0,0,0,0,0,0,0,0,0,0
120514,1,1,1995,0,0,0,0,0,0,0,0,0,0
120514,2,1,1995,0,0,0,0,0,0,0,0,0,0
120515,1,1,1995,25,25,25,25,25,25,25,25,25,25
120516,1,1,1995,4,4,4,4,4,4,4,4,4,4
120517,1,1,1995,0,0,0,0,0,0,0,0,0,0
120517,2,1,1995,0,0,0,0,0,0,0,0,0,0
120517,3,1,1995,0,0,0,0,0,0,0,0,0,0
120518,0,1,1995,0,0,0,0,0,0,0,0,0,0
120518,1,1,1995,0,0,0,0,0,0,0,0,0,0
120519,1,1,1995,0,0,16,0,11,8,0,32,0,0
120519,2,1,1995,0,0,12,0,12,0,0,0,0,9
120520,1,1,1995,0,20,9,0,41,19,27,0,10,7
120520,2,1,1995,0,0,0,0,0,0,0,0,0,0
120521,1,1,1995,0,0,0,0,0,0,0,0,0,0
120521,2,1,1995,0,0,0,0,0,0,0,0,0,0
120521,3,1,1995,0,0,0,0,0,0,0,0,5,0
120522,0,1,1995,8,8,8,8,8,8,8,8,8,8
120522,1,1,1995,10,10,10,10,10,10,10,10,10,10
120523,1,1,1995,0,0,0,0,0,0,0,0,0,0
120523,2,1,1995,0,0,0,0,0,0,0,0,0,0
120524,0,1,1995,0,0,0,0,0,0,0,0,0,0
120524,1,1,1995,0,0,0,0,0,0,0,0,0,0
120525,1,1,1995,0,0,0,9,0,0,0,30,0,0
120525,2,1,1995,0,0,0,0,0,0,0,0,0,0
120526,1,1,1995,16,16,16,16,16,16,16,16,16,16
120527,1,1,1995,0,0,0,0,0,0,0,0,0,0
120527,2,1,1995,0,0,0,0,0,0,0,0,0,0
120528,0,1,1995,10,10,10,10,10,10,10,10,10,10
120528,1,1,1995,0,0,0,0,0,0,0,0,0,0
120529,0,1,1995,0,0,0,0,0,0,0,0,0,6
120529,1,1,1995,0,0,0,0,0,0,29,0,0,0
120529,2,1,1995,0,14,5,0,0,27,11,21,32,15
120530,1,1,1995,0,0,0,0,0,0,0,0,0,0
120530,2,1,1995,0,0,0,0,0,0,0,0,0,0
120532,0,1,1995,0,0,0,0,0,0,0,0,0,0
120532,1,1,1995,0,0,0,0,0,4,0,0,0,0
120533,1,1,1995,0,0,0,0,0,0,0,0,0,0
120534,0,1,1995,0,0,0,0,0,41,0,0,0,0
120534,1,1,1995,0,0,0,0,0,0,0,0,0,0
120535,0,1,1995,0,0,0,0,0,0,0,0,0,0
120535,0,2,1995,0,0,0,0,0,0,0,0,0,0
120535,1,1,1995,11,11,11,11,11,11,11,11,11,11
120536,1,1,1995,0,0,0,0,0,0,0,0,0,0
120536,2,1,1995,0,0,0,0,0,0,0,0,0,0
120537,1,1,1995,27,27,27,27,27,27,27,27,27,27
120538,1,1,1995,0,0,0,0,0,0,0,0,0,0
120538,2,1,1995,0,0,0,0,0,0,0,0,0,0
120539,1,1,1995,0,0,0,0,0,10,0,0,0,0
120540,1,1,1995,10,10,10,10,10,10,10,10,10,10
120541,1,1,1995,28,28,28,28,28,28,28,28,28,28
120542,1,1,1995,0,0,0,0,0,0,0,0,0,0
120542,2,1,1995,0,0,0,0,0,0,0,0,0,0
120543,0,1,1995,18,18,18,18,18,18,18,18,18,18
120543,1,1,1995,10,10,10,10,10,10,10,10,10,10
120544,1,1,1995,29,29,29,29,29,29,29,29,29,29
120545,1,1,1995,0,0,0,0,0,0,0,0,0,0
120546,1,1,1995,0,0,0,0,0,0,0,0,0,0
120546,2,1,1995,0,0,0,0,0,0,0,0,0,0
120547,0,1,1995,0,0,0,0,0,0,0,0,0,0
120547,1,1,1995,0,0,0,0,0,0,0,0,0,0
120548,1,1,1995,13,13,13,13,13,13,13,13,13,13
120549,0,1,1995,0,0,0,0,0,0,0,0,0,0
120549,1,1,1995,0,0,0,0,0,0,0,0,0,0
120550,0,1,1995,0,0,0,0,0,0,0,0,0,0
120550,1,1,1995,0,0,0,0,0,0,0,0,0,0
120551,1,1,1995,0,0,0,0,0,0,0,8,0,0
120551,2,1,1995,0,0,0,0,0,0,0,0,0,0
120552,0,1,1995,0,0,0,0,0,0,0,0,0,0
120552,1,1,1995,0,0,0,0,0,0,0,0,0,0
120553,1,1,1995,25,25,25,25,25,25,25,25,25,25
120554,1,1,1995,0,0,0,0,0,0,0,0,0,0
120554,2,1,1995,0,0,0,0,0,0,0,0,0,0
120554,3,1,1995,0,0,0,0,0,0,0,0,0,0
120554,4,1,1995,0,0,0,0,0,0,0,0,0,0
120555,1,1,1995,0,0,0,0,0,0,0,0,0,0
120556,1,1,1995,15,15,15,15,15,15,15,15,15,15
120557,1,1,1995,0,0,0,0,0,0,0,0,0,0
120557,2,1,1995,0,0,0,0,0,0,0,0,0,0
120558,1,1,1995,0,0,0,0,0,0,0,0,0,0
120558,2,1,1995,0,0,0,0,0,0,0,0,0,0
120559,1,1,1995,21,21,21,21,21,21,21,21,21,21
120560,1,1,1995,0,0,0,0,0,0,0,0,0,0
120561,0,1,1995,0,0,0,0,0,0,0,0,23,49
120561,1,1,1995,0,0,0,0,0,0,0,0,0,0
120562,1,1,1995,0,0,0,0,0,0,0,0,0,0
120562,2,1,1995,0,0,0,0,0,0,0,0,0,0
120563,1,1,1995,0,0,0,0,0,0,0,0,0,0
120563,2,1,1995,0,0,0,0,14,0,0,0,0,0
120564,1,1,1995,16,16,16,16,16,16,16,16,16,16
120565,0,1,1995,15,9,0,0,29,39,10,15,11,13
120565,1,1,1995,0,18,0,25,0,0,0,0,0,12
120566,0,1,1995,0,0,14,0,0,19,0,0,0,0
120566,1,1,1995,0,0,0,0,0,0,0,0,0,7
120567,1,1,1995,8,8,8,8,8,8,8,8,8,8
120567,2,1,1995,0,0,0,0,0,0,0,0,0,0
120568,1,1,1995,21,21,21,21,21,21,21,21,21,21
120569,1,1,1995,0,0,0,0,0,0,0,0,0,0
120570,1,1,1995,0,0,0,0,0,0,0,0,0,0
120570,2,1,1995,0,0,0,0,0,0,0,0,0,0
120571,0,1,1995,0,0,0,0,0,0,0,0,0,0
120571,1,1,1995,15,15,15,15,15,15,15,15,15,15
120572,1,1,1995,0,0,0,0,0,0,0,0,0,0
120572,2,1,1995,0,0,0,0,0,0,0,0,0,0
120573,1,1,1995,0,0,0,0,0,0,0,0,0,0
120573,2,1,1995,0,0,0,0,0,0,0,0,0,0
120574,1,1,1995,0,0,0,0,0,0,0,0,0,0
120574,2,1,1995,0,0,0,0,24,30,0,0,0,0
120575,0,1,1995,0,0,0,0,0,0,0,0,0,0
120575,1,1,1995,7,7,7,7,7,7,7,7,7,7
120576,1,1,1995,25,25,25,25,25,25,25,25,25,25
120576,2,1,1995,0,0,0,0,0,0,0,0,0,0
120577,1,1,1995,0,0,0,8,23,0,6,0,21,0
120577,2,1,1995,10,10,10,10,10,10,10,10,10,10
120578,1,1,1995,0,0,14,0,0,0,16,23,25,17
120579,0,1,1995,16,18,38,0,0,22,39,29,15,16
120579,0,2,1995,9,9,9,9,9,9,9,9,9,9
120579,1,1,1995,6,6,6,6,6,6,6,6,6,6
120580,0,1,1995,0,0,0,0,0,0,0,0,0,0
120580,1,1,1995,0,0,0,0,0,0,0,0,0,0
120581,0,1,1995,5,39,37,0,0,9,0,27,0,17
120581,0,2,1995,19,8,20,0,17,0,31,0,9,21
120581,1,1,1995,0,0,0,0,0,0,0,3,0,0
120582,1,1,1995,0,0,0,0,0,0,0,0,0,0
120583,0,1,1995,11,0,0,12,0,0,0,0,0,0
120583,1,1,1995,0,0,0,0,0,0,0,0,0,0
120583,2,1,1995,35,0,0,0,24,0,0,25,0,13
120584,0,1,1995,0,0,0,0,0,0,0,0,0,0
120584,1,1,1995,0,0,0,0,0,0,0,0,0,0
120585,0,1,1995,0,0,0,0,0,0,0,0,0,0
120585,1,1,1995,0,0,0,0,0,0,0,0,0,0
120586,1,1,1995,13,13,13,13,13,13,13,13,13,13
120587,1,1,1995,17,17,17,17,17,17,17,17,17,17
120587,2,1,1995,0,0,0,0,0,0,0,0,0,0
120587,3,1,1995,0,0,0,0,0,0,0,0,0,0
120588,1,1,1995,0,0,6,0,0,0,0,0,0,0
120588,2,1,1995,0,0,0,0,0,0,0,0,0,0
120589,1,1,1995,0,0,0,0,0,0,0,0,0,0
120590,1,1,1995,23,23,23,23,23,23,23,23,23,23
120591,1,1,1995,0,0,0,0,0,0,0,0,0,0
120591,2,1,1995,0,0,0,0,0,0,0,0,0,0
120592,1,1,1995,21,21,21,21,21,21,21,21,21,21
120592,2,1,1995,1,1,1,1,1,1,1,1,1,1
120593,1,1,1995,0,0,0,0,0,0,0,0,0,0
120593,2,1,1995,0,0,0,0,0,0,0,0,0,0
120594,0,1,1995,20,20,20,20,20,20,20,20,20,20
120594,1,1,1995,15,10,19,28,0,21,10,0,0,19
120595,1,1,1995,17,17,17,17,17,17,17,17,17,17
120595,2,1,1995,0,0,0,0,21,0,0,18,0,0
120596,1,1,1995,21,21,21,21,21,21,21,21,21,21
120597,0,1,1995,0,0,0,0,0,0,0,0,14,16
120597,1,1,1995,0,0,0,22,0,0,0,0,0,0
120598,1,1,1995,0,0,0,0,0,0,0,0,0,0
120598,2,1,1995,0,0,0,0,20,0,0,0,0,0
120599,1,1,1995,0,0,0,0,0,0,0,0,0,0
120600,1,1,1995,0,0,0,0,0,0,0,0,0,0
120600,2,1,1995,0,0,0,0,0,0,0,0,0,0
120601,1,1,1995,28,28,28,28,28,28,28,28,28,28
120602,0,1,1995,0,0,0,0,0,0,0,0,0,0
120602,1,1,1995,0,0,0,0,0,0,0,0,0,0
120603,1,1,1995,0,0,0,0,0,0,0,0,0,0
120603,2,1,1995,0,0,0,0,0,0,0,0,0,0
120604,1,1,1995,0,0,0,0,0,0,0,0,0,0
120604,2,1,1995,0,0,0,0,0,0,0,0,0,0
120604,3,1,1995,0,0,0,0,0,0,0,0,0,0
120605,1,1,1995,0,0,0,0,0,0,0,0,0,0
120605,2,1,1995,0,0,0,0,0,0,0,0,0,0
120605,3,1,1995,0,0,0,0,0,0,0,0,0,0
120605,4,1,1995,0,0,0,0,0,0,0,0,0,0
120606,1,1,1995,0,0,16,0,0,0,0,0,0,0
120606,2,1,1995,0,0,0,0,0,0,0,0,0,0
120607,1,1,1995,0,0,0,0,0,0,0,0,0,0
120607,2,1,1995,0,0,0,0,0,0,0,0,0,0
120608,1,1,1995,0,0,0,0,0,0,0,0,0,0
120608,2,1,1995,0,0,0,0,0,0,0,0,0,0
120609,1,1,1995,0,0,0,0,0,0,0,0,0,0
120609,2,1,1995,0,0,0,0,0,0,0,0,0,0
120610,1,1,1995,15,15,15,15,15,15,15,15,15,15
120610,2,1,1995,5,5,5,5,5,5,5,5,5,5
120611,1,1,1995,0,0,0,0,0,0,0,0,0,0
120612,1,1,1995,0,0,0,0,0,0,0,0,0,0
120612,2,1,1995,0,0,0,0,0,0,0,0,0,0
120613,1,1,1995,23,23,23,23,23,23,23,23,23,23
120614,0,1,1995,0,0,0,0,0,0,0,0,0,0
120614,1,1,1995,0,0,0,0,0,0,0,0,0,0
120615,0,1,1995,0,0,0,0,0,0,0,0,0,0