ST_CASE,VEH_NO,PER_NO,YEAR,P1,P2,P3,P4,P5,P6,P7,P8,P9,P10
120615,1,1,1995,0,0,0,0,0,0,0,0,0,0
120616,1,1,1995,0,0,0,0,0,0,0,0,0,0
120617,1,1,1995,0,0,0,0,0,0,0,0,0,0
120617,2,1,1995,0,0,0,0,0,0,0,0,0,0
120618,1,1,1995,13,13,13,13,13,13,13,13,13,13
120619,1,1,1995,0,0,0,0,0,0,0,0,0,0
120619,2,1,1995,0,0,0,0,0,0,0,0,0,0
120620,0,1,1995,21,21,21,21,21,21,21,21,21,21
120620,1,1,1995,0,0,0,0,0,0,0,0,14,0
120621,0,1,1995,0,0,0,0,0,0,0,0,0,0
120621,1,1,1995,0,0,0,0,0,0,0,0,0,6
120622,0,1,1995,10,10,10,10,10,10,10,10,10,10
120622,1,1,1995,0,17,0,0,0,0,0,0,0,0
120623,1,1,1995,0,0,0,0,0,0,0,0,0,0
120623,2,1,1995,0,0,0,0,0,0,0,0,0,0
120624,1,1,1995,10,0,0,0,0,0,0,0,0,0
120624,2,1,1995,0,0,0,0,0,0,0,0,0,0
120625,0,1,1995,0,0,0,0,0,0,0,0,0,0
120625,1,1,1995,0,0,0,0,0,0,0,0,0,0
120626,1,1,1995,0,0,17,0,0,4,0,0,0,0
120626,2,1,1995,0,0,0,0,0,0,0,6,0,0
120627,1,1,1995,0,0,15,0,9,0,0,0,0,0
120627,2,1,1995,0,0,0,0,0,0,0,0,0,0
120627,3,1,1995,0,0,0,0,0,0,0,0,0,0
120628,1,1,1995,0,0,0,0,0,0,0,0,0,0
120628,2,1,1995,0,0,0,0,0,0,0,0,0,0
120628,3,1,1995,0,0,0,0,0,0,0,0,0,0
120629,1,1,1995,14,0,0,11,0,0,30,0,0,8
120629,2,1,1995,4,4,4,4,4,4,4,4,4,4
120630,0,1,1995,16,27,34,15,15,17,21,15,0,27
120630,1,1,1995,14,0,20,13,0,14,4,3,0,0
120631,1,1,1995,0,0,0,0,0,0,0,0,0,0
120631,2,1,1995,0,0,0,0,0,0,5,0,0,0
120632,1,1,1995,8,0,9,11,29,20,36,0,0,19
120633,1,1,1995,19,6,0,0,0,7,0,0,0,0
120633,2,1,1995,6,2,13,9,4,13,10,8,13,0
120634,1,1,1995,0,0,0,0,0,0,0,0,0,0
120635,1,1,1995,10,10,10,10,10,10,10,10,10,10
120635,2,1,1995,0,0,0,15,0,0,12,0,0,0
120636,1,1,1995,0,0,0,0,0,0,0,0,0,0
120636,2,1,1995,0,0,0,0,0,0,0,0,0,0
120637,1,1,1995,22,22,22,22,22,22,22,22,22,22
120638,0,1,1995,0,0,0,0,0,0,0,0,0,0
120638,1,1,1995,0,0,0,0,0,0,0,0,12,0
120639,1,1,1995,0,0,0,0,0,0,0,20,0,0
120639,2,1,1995,0,0,0,0,0,0,0,0,0,0
120640,1,1,1995,0,0,0,0,0,0,0,0,0,0
120641,1,1,1995,0,0,0,0,0,0,0,0,0,0
120641,2,1,1995,0,0,0,0,0,0,0,0,0,0
120642,1,1,1995,15,15,15,15,15,15,15,15,15,15
120643,0,1,1995,0,0,0,0,0,0,0,0,0,0
120643,1,1,1995,0,0,0,0,0,0,0,0,0,0
120644,0,1,1995,14,14,14,14,14,14,14,14,14,14
120644,1,1,1995,0,0,0,0,0,0,0,0,0,0
120645,1,1,1995,22,22,22,22,22,22,22,22,22,22
120645,2,1,1995,0,0,0,0,0,0,0,0,0,0
120646,1,1,1995,0,0,0,0,0,0,0,0,0,0
120647,0,1,1995,26,26,26,26,26,26,26,26,26,26
120647,1,1,1995,0,31,0,0,0,0,0,0,0,0
120648,1,1,1995,0,8,0,11,0,0,0,14,3,0
120649,1,1,1995,0,0,0,0,0,0,0,0,0,0
120649,2,1,1995,0,0,0,0,0,0,0,0,0,0
120649,3,1,1995,0,0,0,0,0,0,0,0,0,0
120649,4,1,1995,0,0,0,0,0,0,0,0,0,0
120649,5,1,1995,0,0,0,0,0,0,0,0,0,0
120650,1,1,1995,20,20,20,20,20,20,20,20,20,20
120651,1,1,1995,15,15,15,15,15,15,15,15,15,15
120652,1,1,1995,17,17,17,17,17,17,17,17,17,17
120654,1,1,1995,3,3,3,3,3,3,3,3,3,3
120655,1,1,1995,0,0,0,0,0,0,0,0,0,0
120656,1,1,1995,0,0,0,0,0,0,0,0,0,0
120656,2,1,1995,0,0,0,0,0,0,0,0,0,0
120657,0,1,1995,31,31,31,31,31,31,31,31,31,31
120657,1,1,1995,24,0,0,0,0,0,0,25,0,20
120658,0,1,1995,0,0,0,0,0,27,0,0,0,31
120658,1,1,1995,0,0,0,0,0,0,0,0,0,0
120659,1,1,1995,0,0,0,0,0,0,0,0,0,0
120660,1,1,1995,7,7,7,7,7,7,7,7,7,7
120660,2,1,1995,0,0,0,0,0,0,0,0,10,0
120661,1,1,1995,0,0,0,0,0,0,0,0,0,0
120661,2,1,1995,0,0,0,0,0,21,17,0,0,0
120662,0,1,1995,14,14,14,14,14,14,14,14,14,14
120662,1,1,1995,23,23,23,23,23,23,23,23,23,23
120663,1,1,1995,0,0,0,0,0,0,0,0,0,0
120663,2,1,1995,0,0,0,0,0,0,0,0,0,0
120664,0,1,1995,0,0,0,20,0,0,0,0,0,0
120664,1,1,1995,9,0,0,0,11,0,0,0,0,0
120665,1,1,1995,17,5,22,0,0,0,21,0,21,0
120666,1,1,1995,24,0,0,0,0,14,0,0,0,15
120667,1,1,1995,29,29,29,29,29,29,29,29,29,29
120668,1,1,1995,0,0,0,0,35,5,13,0,7,9
120669,1,1,1995,21,21,21,21,21,21,21,21,21,21
120669,2,1,1995,0,0,0,0,0,0,0,0,0,0
120670,1,1,1995,22,22,22,22,22,22,22,22,22,22
120671,1,1,1995,22,22,22,22,22,22,22,22,22,22
120672,1,1,1995,0,0,0,0,0,0,0,0,0,0
120672,2,1,1995,17,17,17,17,17,17,17,17,17,17
120673,1,1,1995,0,0,0,19,0,0,0,0,0,0
120674,0,1,1995,0,0,0,0,0,0,0,12,0,0
120674,1,1,1995,0,0,0,0,0,0,0,0,0,0
120675,1,1,1995,0,0,0,0,0,0,0,0,0,0
120675,2,1,1995,0,0,0,0,0,0,0,0,0,0
120676,0,1,1995,27,27,27,27,27,27,27,27,27,27
120676,1,1,1995,14,16,0,0,9,0,12,0,24,0
120677,0,1,1995,0,0,0,0,0,0,0,0,0,0
120677,2,1,1995,9,0,0,0,0,0,0,0,0,0
120678,1,1,1995,0,0,0,0,0,0,0,0,0,0
120678,2,1,1995,0,0,0,0,0,0,0,0,0,0
120679,0,1,1995,0,0,0,0,0,0,0,0,0,0
120679,1,1,1995,16,16,16,16,16,16,16,16,16,16
120680,0,1,1995,0,0,0,0,0,0,0,0,0,0
120680,1,1,1995,11,0,0,0,0,0,0,33,0,7
120681,1,1,1995,0,0,0,0,0,0,5,0,0,0
120681,2,1,1995,0,0,0,0,0,0,0,0,0,0
120682,1,1,1995,27,27,27,27,27,27,27,27,27,27
120682,2,1,1995,0,0,0,0,0,0,0,0,0,0
120683,1,1,1995,19,19,19,19,19,19,19,19,19,19
120684,1,1,1995,0,0,0,0,0,0,0,0,0,0
120684,2,1,1995,0,0,0,0,0,0,0,0,0,0
120685,1,1,1995,0,0,0,0,0,0,0,0,0,0
120685,2,1,1995,0,0,0,0,0,0,0,0,0,0
120686,1,1,1995,17,17,17,17,17,17,17,17,17,17
120687,1,1,1995,22,22,22,22,22,22,22,22,22,22
120687,2,1,1995,0,0,0,0,0,0,0,0,0,0
120688,1,1,1995,9,9,9,9,9,9,9,9,9,9
120689,1,1,1995,0,0,0,0,0,0,0,0,0,0
120690,1,1,1995,0,0,0,11,18,0,0,0,18,0
120690,2,1,1995,0,0,0,0,0,0,0,0,0,0
120691,1,1,1995,0,0,0,0,0,0,0,0,0,0
120691,2,1,1995,0,0,0,0,0,0,0,0,0,0
120692,0,1,1995,0,0,0,0,0,0,0,0,0,0
120692,1,1,1995,0,0,0,0,0,0,0,0,0,0
120693,1,1,1995,0,0,0,0,0,0,0,0,0,0
120693,2,1,1995,0,0,0,0,0,0,0,0,0,0
120693,3,1,1995,0,0,0,0,0,0,0,0,0,0
120694,0,1,1995,0,0,0,0,0,0,0,0,14,6
120694,1,1,1995,0,0,0,0,0,0,0,0,0,0
120695,1,1,1995,0,0,0,0,0,0,0,0,0,0
120696,1,1,1995,0,0,0,0,0,0,0,0,0,0
120696,2,1,1995,0,0,0,0,0,0,0,0,0,0
120697,1,1,1995,0,0,0,0,0,0,0,0,0,0
120698,1,1,1995,0,0,0,0,0,8,18,18,21,19
120699,0,1,1995,0,0,0,0,0,0,0,0,0,0
120699,1,1,1995,0,0,0,0,0,0,0,0,0,0
120700,1,1,1995,0,0,0,0,0,0,0,0,0,0
120700,2,1,1995,0,0,0,0,0,0,0,0,0,0
120701,0,1,1995,10,25,0,0,0,0,0,0,0,0
120701,1,1,1995,4,0,0,0,0,0,0,0,0,0
120702,1,1,1995,25,25,25,25,25,25,25,25,25,25
120702,2,1,1995,0,0,0,0,0,0,0,0,0,0
120703,1,1,1995,0,0,0,0,0,0,0,0,0,0
120704,1,1,1995,12,12,12,12,12,12,12,12,12,12
120704,2,1,1995,0,0,0,0,0,0,0,0,0,0
120705,1,1,1995,0,0,0,0,0,0,0,0,0,0
120705,2,1,1995,0,0,0,0,0,0,0,0,7,0
120706,1,1,1995,0,0,15,0,0,0,18,15,8,0
120707,1,1,1995,17,17,17,17,17,17,17,17,17,17
120708,1,1,1995,0,0,0,0,0,0,0,0,0,13
120708,2,1,1995,5,5,5,5,5,5,5,5,5,5
120709,1,1,1995,0,0,0,0,0,0,0,0,0,0
120709,2,1,1995,0,0,0,0,0,0,0,0,0,0
120710,1,1,1995,0,0,0,0,0,0,0,0,0,0
120712,1,1,1995,2,2,2,2,2,2,2,2,2,2
120713,0,1,1995,0,0,0,0,0,0,0,0,0,0
120713,1,1,1995,0,0,23,0,0,0,0,22,0,0
120714,1,1,1995,0,0,0,0,0,0,0,0,0,0
120714,2,1,1995,0,11,0,0,12,32,7,12,14,0
120715,0,1,1995,0,27,13,0,2,0,0,7,0,0
120715,1,1,1995,0,0,12,0,0,0,0,0,0,0
120716,1,1,1995,0,0,0,0,0,0,0,0,0,0
120716,2,1,1995,0,0,0,0,0,0,0,0,0,0
120717,0,1,1995,19,19,19,19,19,19,19,19,19,19
120717,1,1,1995,13,13,13,13,13,13,13,13,13,13
120718,1,1,1995,0,0,0,0,0,0,0,0,0,0
120718,2,1,1995,0,0,0,0,0,0,0,0,0,0
120718,3,1,1995,0,0,0,0,0,0,0,0,0,0
120719,0,1,1995,12,18,0,0,0,31,0,0,0,20
120719,1,1,1995,0,0,11,0,0,0,0,0,0,16
120720,1,1,1995,0,0,0,0,0,0,0,0,0,0
120720,2,1,1995,0,0,0,0,0,0,0,0,0,0
120721,1,1,1995,0,0,0,0,0,0,0,0,0,0
120721,2,1,1995,0,17,0,0,0,0,0,0,0,0
120722,1,1,1995,0,0,0,0,0,0,0,0,0,0
120723,0,1,1995,19,19,19,19,19,19,19,19,19,19
120723,1,1,1995,0,0,0,0,0,0,0,0,0,0
120724,1,1,1995,21,21,21,21,21,21,21,21,21,21
120724,2,1,1995,0,0,0,0,0,0,0,0,0,0
120725,0,1,1995,0,0,0,0,0,0,0,0,0,0
120725,1,1,1995,0,0,0,0,0,0,0,0,0,0
120726,1,1,1995,0,0,0,0,0,0,0,0,0,0
120726,2,1,1995,0,0,0,0,0,0,0,0,0,0
120727,1,1,1995,0,0,0,0,0,0,0,0,0,0
120728,1,1,1995,0,0,0,0,0,0,0,0,0,0
120728,2,1,1995,0,0,0,0,0,14,0,0,0,0
120728,3,1,1995,0,0,0,0,0,0,0,0,0,0
120729,1,1,1995,23,0,0,0,0,0,0,0,0,0
120729,2,1,1995,0,0,0,0,0,0,0,0,0,0
120730,1,1,1995,28,28,28,28,28,28,28,28,28,28
120731,1,1,1995,0,0,0,0,0,0,0,0,0,0
120731,2,1,1995,0,0,0,0,0,0,0,0,0,0
120732,0,1,1995,23,23,23,23,23,23,23,23,23,23
120732,1,1,1995,0,0,0,0,0,0,0,0,0,0
120733,1,1,1995,1,1,1,1,1,1,1,1,1,1
120733,2,1,1995,0,0,0,0,0,0,0,0,0,0
120734,1,1,1995,33,33,33,33,33,33,33,33,33,33
120735,1,1,1995,0,0,0,0,0,0,0,0,0,7
120735,2,1,1995,0,0,0,0,0,0,0,0,0,0
120736,1,1,1995,0,0,0,0,0,0,0,0,0,0
120736,2,1,1995,0,0,0,0,0,0,0,0,0,0
120737,1,1,1995,2,2,2,2,2,2,2,2,2,2
120738,1,1,1995,0,0,0,0,0,0,0,0,0,0
120739,1,1,1995,0,0,0,0,0,0,0,0,0,0
120739,2,1,1995,0,0,0,0,0,0,0,0,0,0
120740,0,1,1995,0,0,0,0,0,0,0,0,0,0
120740,1,1,1995,0,0,0,0,0,0,0,0,0,0
120741,0,1,1995,5,42,22,24,8,16,22,29,6,16
120741,1,1,1995,8,6,16,0,4,0,13,9,0,18
120742,1,1,1995,23,23,23,23,23,23,23,23,23,23
120742,2,1,1995,16,16,16,16,16,16,16,16,16,16
120743,1,1,1995,0,0,0,0,0,0,0,0,0,0
120743,2,1,1995,0,0,0,0,0,0,0,0,0,0
120744,1,1,1995,0,0,0,0,0,0,0,0,0,0
120744,2,1,1995,0,0,0,0,0,0,0,0,0,0
120745,1,1,1995,0,0,0,0,0,0,0,0,0,0
120746,1,1,1995,30,30,30,30,30,30,30,30,30,30
120747,1,1,1995,16,16,16,16,16,16,16,16,16,16
120748,1,1,1995,16,16,16,16,16,16,16,16,16,16
120749,1,1,1995,0,0,0,0,12,0,0,0,0,0
120749,2,1,1995,0,0,0,0,0,0,0,0,0,0
120750,0,1,1995,14,14,14,14,14,14,14,14,14,14
120750,1,1,1995,0,0,0,0,0,0,0,0,0,0
120751,0,1,1995,21,0,0,0,0,0,0,0,0,0
120751,1,1,1995,0,0,0,0,0,0,0,0,0,0
120752,1,1,1995,0,0,0,0,0,0,0,0,0,0
120752,2,1,1995,0,0,0,0,0,0,0,0,0,0
120753,0,1,1995,0,0,0,0,0,0,0,0,0,0
120753,1,1,1995,0,0,0,0,0,0,0,0,0,0
120754,1,1,1995,0,0,0,25,0,16,0,0,0,0
120754,2,1,1995,0,23,0,0,0,14,0,24,0,0
120754,3,1,1995,2,2,2,2,2,2,2,2,2,2
120755,0,1,1995,30,30,30,30,30,30,30,30,30,30
120755,1,1,1995,0,11,0,0,0,0,0,0,0,0
120756,1,1,1995,12,12,12,12,12,12,12,12,12,12
120757,1,1,1995,0,0,0,0,0,0,0,3,0,0
120757,2,1,1995,8,19,8,34,5,9,26,31,11,33
120758,0,1,1995,24,0,14,17,25,29,34,26,0,0
120758,1,1,1995,0,0,0,0,0,0,0,0,26,0
120759,0,1,1995,0,0,0,0,0,0,0,0,0,0
120759,1,1,1995,0,0,0,9,0,0,0,0,0,0
120760,1,1,1995,15,15,15,15,15,15,15,15,15,15
120761,0,1,1995,0,0,5,0,0,0,0,0,0,0
120761,1,1,1995,16,0,0,0,0,0,0,0,0,0
120762,0,1,1995,10,8,0,0,0,14,32,0,0,0
120762,1,1,1995,0,0,0,0,0,0,0,0,0,0
120763,1,1,1995,2,2,2,2,2,2,2,2,2,2
120763,2,1,1995,0,0,0,0,0,0,0,0,0,0
120764,1,1,1995,0,0,0,0,0,0,0,0,0,0
120764,2,1,1995,0,0,0,0,0,0,0,0,0,0
120765,0,1,1995,0,0,0,0,0,0,0,0,0,0
120765,1,1,1995,0,0,0,0,0,0,0,0,0,0
120766,1,1,1995,0,0,0,0,0,0,0,0,0,0
120766,2,1,1995,0,0,0,0,0,0,0,0,0,0
120767,1,1,1995,0,0,0,0,0,0,0,3,0,0
120767,2,1,1995,0,0,0,0,0,0,0,0,0,0
120768,1,1,1995,14,14,14,14,14,14,14,14,14,14
120769,1,1,1995,0,0,0,0,46,0,0,0,0,0
120770,1,1,1995,0,0,0,15,0,18,0,0,0,0
120771,1,1,1995,16,16,16,16,16,16,16,16,16,16
120771,2,1,1995,0,0,0,0,0,0,0,0,0,0
120772,1,1,1995,0,0,0,0,0,0,0,0,0,0
120772,2,1,1995,0,0,0,0,0,0,0,0,0,0
120773,0,1,1995,0,0,0,0,0,0,34,0,0,22
120773,1,1,1995,7,0,0,0,0,0,28,0,0,0
120774,1,1,1995,0,0,0,11,0,0,0,0,0,24
120775,1,1,1995,25,25,25,25,25,25,25,25,25,25
120775,2,1,1995,11,11,11,11,11,11,11,11,11,11
120776,1,1,1995,15,15,15,15,15,15,15,15,15,15
120777,1,1,1995,0,0,0,0,0,0,0,0,0,0
120778,0,1,1995,0,0,0,0,0,0,0,0,0,0
120778,1,1,1995,0,35,0,0,0,0,0,0,0,10
120779,0,1,1995,0,0,0,0,0,0,0,0,0,0
120779,1,1,1995,0,0,0,0,0,0,0,0,0,0
120780,0,1,1995,0,0,0,0,0,0,0,0,0,0
120780,1,1,1995,0,0,0,0,0,0,0,0,0,0
120781,1,1,1995,0,0,0,0,0,0,0,0,0,0
120781,2,1,1995,0,0,0,0,0,0,0,0,0,0
120782,1,1,1995,0,0,0,0,0,0,0,0,0,0
120782,2,1,1995,0,0,0,0,0,0,0,0,0,0
120783,1,1,1995,14,14,14,14,14,14,14,14,14,14
120784,1,1,1995,5,0,10,0,0,0,0,0,0,15
120785,1,1,1995,6,0,0,0,0,0,0,0,0,0
120785,2,1,1995,0,0,0,0,0,0,0,0,0,0
120786,1,1,1995,26,26,26,26,26,26,26,26,26,26
120786,2,1,1995,0,0,0,0,0,0,0,0,0,0
120787,1,1,1995,0,0,0,0,0,0,0,0,0,0
120788,1,1,1995,0,0,0,0,0,0,0,0,0,0
120788,2,1,1995,0,0,0,0,0,0,0,0,0,0
120789,1,1,1995,0,0,0,0,0,0,0,0,0,0
120789,2,1,1995,0,0,0,0,0,0,0,0,0,0
120790,1,1,1995,0,0,0,0,0,0,12,0,0,0
120790,2,1,1995,0,0,0,0,0,0,0,0,0,0
120791,1,1,1995,17,17,17,17,17,17,17,17,17,17
120791,2,1,1995,0,0,0,0,0,0,0,0,0,0
120791,3,1,1995,0,0,0,0,0,0,15,0,0,0
120792,1,1,1995,0,0,0,0,0,0,0,0,0,0
120792,2,1,1995,0,0,0,0,0,0,0,0,0,0
120793,1,1,1995,0,0,0,0,0,0,0,0,0,0
120794,1,1,1995,0,0,0,0,0,0,0,29,0,0
120794,2,1,1995,0,0,0,24,0,0,0,9,0,0
120795,1,1,1995,0,0,0,0,0,0,0,0,0,0
120795,2,1,1995,0,0,0,0,0,0,0,0,0,0
120796,1,1,1995,21,21,21,21,21,21,21,21,21,21
120797,1,1,1995,0,0,0,0,0,0,0,0,0,0
120797,2,1,1995,7,7,7,7,7,7,7,7,7,7
120798,1,1,1995,0,0,0,0,0,0,0,0,0,0
120798,2,1,1995,0,0,0,0,0,0,0,0,0,0
120799,0,1,1995,0,0,0,0,0,0,0,0,0,0
120799,1,1,1995,20,0,0,0,17,0,0,5,0,0
120800,1,1,1995,0,0,0,0,0,0,0,0,0,0
120800,2,1,1995,0,0,0,0,0,0,0,0,0,0
120800,3,1,1995,0,0,0,0,0,0,0,0,0,0
120801,1,1,1995,12,0,0,0,0,0,0,0,0,0
120802,1,1,1995,0,0,0,0,0,0,0,0,0,0
120802,2,1,1995,0,0,0,0,0,0,0,0,0,0
120803,0,1,1995,0,0,0,22,0,0,14,0,0,0
120803,1,1,1995,0,0,0,0,0,0,4,0,0,0
120803,2,1,1995,0,0,0,0,0,0,0,0,0,0
120804,0,1,1995,0,0,0,0,0,0,0,0,0,0
120804,1,1,1995,27,27,27,27,27,27,27,27,27,27
120805,0,1,1995,24,24,24,24,24,24,24,24,24,24
120805,1,1,1995,0,30,0,0,0,0,0,0,21,30
120806,1,1,1995,11,11,11,11,11,11,11,11,11,11
120806,2,1,1995,0,0,0,0,0,0,0,0,0,0
120806,3,1,1995,0,21,17,15,0,0,0,13,0,16
120808,0,1,1995,0,0,0,0,0,0,0,0,0,0
120808,1,1,1995,0,0,9,0,0,0,0,0,0,0
120809,0,1,1995,0,0,0,0,0,0,0,0,0,0
120809,1,1,1995,0,0,0,0,0,0,0,0,0,0
120810,1,1,1995,0,0,0,0,0,0,0,0,0,0
120810,2,1,1995,0,0,0,0,0,0,0,0,0,0
120811,1,1,1995,19,19,19,19,19,19,19,19,19,19
120812,1,1,1995,19,19,19,19,19,19,19,19,19,19
120812,2,1,1995,0,0,0,0,0,0,0,0,0,0
120812,3,1,1995,0,0,0,0,0,0,0,0,0,0
120813,1,1,1995,0,0,0,0,0,0,0,0,0,0
120814,1,1,1995,0,0,0,0,0,0,14,0,0,10
120814,2,1,1995,0,0,0,0,0,0,0,0,0,0
120815,1,1,1995,0,0,0,0,0,0,0,0,0,0
120816,0,1,1995,0,0,0,0,0,0,0,0,0,0
120816,1,1,1995,3,3,3,3,3,3,3,3,3,3
120817,1,1,1995,0,0,0,0,0,0,0,0,0,0
120817,2,1,1995,0,0,0,0,0,0,0,0,0,0
120818,1,1,1995,0,0,0,0,0,0,0,0,0,0
120818,2,1,1995,0,0,0,0,0,0,0,0,8,0
120818,3,1,1995,0,0,0,0,0,0,0,0,0,0
120818,4,1,1995,0,0,0,0,0,0,0,0,0,0
120819,1,1,1995,19,19,19,19,19,19,19,19,19,19
120820,1,1,1995,0,0,0,0,0,0,0,0,0,0
120821,1,1,1995,0,0,0,0,0,0,0,0,0,0
120822,1,1,1995,22,22,22,22,22,22,22,22,22,22
120823,0,1,1995,0,0,0,0,0,0,0,0,0,0
120823,1,1,1995,0,0,0,0,0,0,0,0,0,0
120824,1,1,1995,0,0,0,0,0,0,0,0,0,0
120824,2,1,1995,0,0,0,0,0,0,0,0,0,0
120825,1,1,1995,18,18,18,18,18,18,18,18,18,18
120825,2,1,1995,0,0,0,0,0,0,0,0,0,0
120826,0,1,1995,0,0,0,0,0,20,0,17,22,3
120826,1,1,1995,0,0,0,0,0,0,0,0,0,0
120827,1,1,1995,24,24,24,24,24,24,24,24,24,24
120828,1,1,1995,19,19,19,19,19,19,19,19,19,19
120829,1,1,1995,0,0,0,0,0,0,0,0,0,16
120829,2,1,1995,0,0,0,0,0,0,0,0,0,0
120830,1,1,1995,17,17,17,17,17,17,17,17,17,17
120831,0,1,1995,0,0,0,0,0,0,0,0,0,0
120831,1,1,1995,0,0,0,0,0,0,0,0,0,0
120832,1,1,1995,20,20,20,20,20,20,20,20,20,20
120833,0,1,1995,23,23,23,23,23,23,23,23,23,23
120833,1,1,1995,0,0,0,0,0,0,0,0,0,0
120834,1,1,1995,17,17,17,17,17,17,17,17,17,17
120834,2,1,1995,0,0,0,0,0,0,11,9,0,0
120835,1,1,1995,0,0,0,0,0,0,0,0,0,0
120835,2,1,1995,0,0,0,0,0,0,0,0,0,0
120836,1,1,1995,15,15,15,15,15,15,15,15,15,15
120837,1,1,1995,11,11,11,11,11,11,11,11,11,11
120837,2,1,1995,7,7,7,7,7,7,7,7,7,7
120838,1,1,1995,5,5,5,5,5,5,5,5,5,5
120839,1,1,1995,0,0,0,0,0,0,0,0,0,0
120839,2,1,1995,0,0,0,0,0,0,0,0,0,0
120840,0,1,1995,17,17,17,17,17,17,17,17,17,17
120840,1,1,1995,0,0,0,0,11,0,0,0,0,0
120841,1,1,1995,0,8,0,0,0,0,0,0,0,18
120842,1,1,1995,0,0,0,0,0,0,0,0,0,0
120842,2,1,1995,0,0,0,0,0,0,0,0,0,0
120843,1,1,1995,0,0,0,0,0,0,0,0,17,0
120843,2,1,1995,0,0,0,0,0,0,0,0,0,0
120843,3,1,1995,0,0,0,0,0,0,0,0,0,0
120844,1,1,1995,0,0,0,0,0,0,0,0,0,0
120844,2,1,1995,0,0,0,0,0,0,0,0,0,0
120845,1,1,1995,0,0,0,0,0,0,0,0,0,0
120845,2,1,1995,0,0,0,0,0,0,0,0,0,0
120846,1,1,1995,0,0,0,0,0,0,0,0,0,0
120846,2,1,1995,0,0,0,0,0,0,0,0,0,0
120847,1,1,1995,0,0,0,0,0,0,0,0,0,0
120847,2,1,1995,15,0,0,0,0,0,0,0,9,0
120848,1,1,1995,21,21,21,21,21,21,21,21,21,21
120849,1,1,1995,9,9,9,9,9,9,9,9,9,9
120849,2,1,1995,0,0,0,0,0,0,0,0,0,0
120850,1,1,1995,27,27,27,27,27,27,27,27,27,27
120851,1,1,1995,0,16,0,0,0,0,0,0,0,0
120851,2,1,1995,22,0,0,0,0,0,0,0,0,0
120852,1,1,1995,0,17,10,20,21,0,20,26,25,0
120853,1,1,1995,30,30,30,30,30,30,30,30,30,30
120853,2,1,1995,0,0,0,0,0,0,0,0,0,0
120854,0,1,1995,15,15,15,15,15,15,15,15,15,15
120854,0,2,1995,23,23,23,23,23,23,23,23,23,23
120854,1,1,1995,0,0,0,13,0,0,0,0,0,0
120855,0,1,1995,0,0,0,0,0,0,0,0,0,0
120855,1,1,1995,0,0,0,0,0,0,0,0,0,0
120856,0,1,1995,22,22,22,22,22,22,22,22,22,22
120856,1,1,1995,0,0,0,12,0,0,0,0,13,22
120857,1,1,1995,23,23,23,23,23,23,23,23,23,23
120857,2,1,1995,0,0,0,0,0,0,0,0,0,0
120858,0,1,1995,0,0,0,0,0,0,0,0,0,0
120858,1,1,1995,0,0,0,0,0,0,0,0,0,0
120859,0,1,1995,0,0,0,0,0,0,0,0,0,0
120859,1,1,1995,0,0,0,0,0,0,0,0,0,0
120860,1,1,1995,0,0,0,0,0,0,0,0,0,0
120860,2,1,1995,0,0,0,0,0,0,0,0,0,0
120861,1,1,1995,0,0,0,0,0,0,0,0,0,0
120861,2,1,1995,0,0,0,0,0,0,0,0,0,0
120862,1,1,1995,19,19,19,19,19,19,19,19,19,19
120863,1,1,1995,0,0,0,0,0,0,0,0,0,0
120863,2,1,1995,0,0,0,0,0,0,0,6,0,0
120864,1,1,1995,0,0,0,0,0,0,0,0,0,0
120864,2,1,1995,0,0,0,0,0,0,0,0,0,0
120865,1,1,1995,0,0,0,0,0,0,0,0,0,0
120866,1,1,1995,8,8,8,8,8,8,8,8,8,8
120866,2,1,1995,0,0,0,0,0,0,0,0,0,0
120866,3,1,1995,2,2,2,2,2,2,2,2,2,2
120867,0,1,1995,8,8,8,8,8,8,8,8,8,8
120867,0,2,1995,18,28,2,6,0,2,11,18,4,0
120867,0,3,1995,0,11,0,21,13,26,19,0,21,14
120867,0,4,1995,0,0,17,13,0,0,0,0,0,22
120867,1,1,1995,9,9,9,9,9,9,9,9,9,9
120868,1,1,1995,0,0,0,0,0,0,0,0,0,0
120868,2,1,1995,0,0,0,0,0,0,0,0,0,0
120869,1,1,1995,0,0,0,0,0,0,0,3,0,0
120869,2,1,1995,0,0,0,0,0,0,0,0,0,0
120870,1,1,1995,0,0,0,0,0,0,0,0,0,0
120872,1,1,1995,22,22,22,22,22,22,22,22,22,22
120873,2,1,1995,0,0,0,0,0,0,0,0,0,0
120873,3,1,1995,7,0,13,0,0,5,0,40,0,0
120874,1,1,1995,10,10,10,10,10,10,10,10,10,10
120875,1,1,1995,0,0,0,0,0,0,0,0,0,0
120875,2,1,1995,0,0,0,0,0,0,0,0,0,0
120876,1,1,1995,0,0,0,0,0,0,0,0,0,0
120876,2,1,1995,0,0,0,0,0,0,0,0,0,0
120877,1,1,1995,20,20,20,20,20,20,20,20,20,20
120877,2,1,1995,15,15,15,15,15,15,15,15,15,15
120878,1,1,1995,0,0,0,0,0,0,0,0,0,0