ST_CASE,VEH_NO,PER_NO,YEAR,P1,P2,P3,P4,P5,P6,P7,P8,P9,P10
120878,2,1,1995,0,0,0,0,0,0,0,0,0,0
120878,3,1,1995,0,0,0,0,0,0,0,0,0,0
120879,1,1,1995,0,0,0,0,0,0,0,0,0,0
120879,2,1,1995,0,0,0,0,0,0,0,0,0,0
120879,3,1,1995,0,0,0,0,0,0,0,0,0,0
120880,1,1,1995,0,0,0,0,0,0,0,0,0,0
120880,2,1,1995,0,0,0,0,0,0,0,0,0,0
120881,1,1,1995,0,0,0,0,0,0,0,0,0,0
120881,2,1,1995,0,0,0,0,0,0,0,0,0,0
120882,1,1,1995,0,0,0,0,0,0,0,0,0,0
120882,2,1,1995,0,0,0,0,0,0,0,0,0,0
120882,3,1,1995,0,0,0,0,0,0,0,0,0,0
120883,1,1,1995,0,0,0,0,0,0,0,0,0,0
120883,2,1,1995,0,0,0,0,0,0,0,0,0,0
120884,1,1,1995,0,0,0,0,0,0,0,0,0,0
120884,2,1,1995,0,0,0,0,0,0,0,0,0,0
120886,1,1,1995,10,10,10,10,10,10,10,10,10,10
120886,2,1,1995,0,0,0,0,0,0,0,0,0,0
120887,1,1,1995,0,0,0,0,0,0,0,0,0,0
120887,2,1,1995,0,0,0,33,0,0,0,0,0,0
120889,0,1,1995,0,0,34,0,0,0,0,0,4,28
120889,1,1,1995,0,0,0,0,0,0,0,0,0,0
120890,1,1,1995,0,0,0,0,0,0,0,0,0,0
120890,2,1,1995,0,0,0,0,0,0,0,0,0,4
120890,3,1,1995,0,0,0,0,0,0,0,0,0,0
120890,4,1,1995,0,0,0,0,0,0,0,0,0,0
120891,1,1,1995,0,0,0,0,0,0,0,0,0,0
120891,2,1,1995,0,0,0,0,0,0,0,0,0,0
120892,1,1,1995,0,0,0,0,0,0,0,0,0,0
120892,2,1,1995,0,0,0,0,0,0,0,0,0,0
120892,3,1,1995,0,0,0,0,0,0,0,0,0,0
120893,0,1,1995,0,0,0,0,0,0,0,0,0,0
120893,1,1,1995,0,0,0,0,0,0,0,0,0,0
120894,0,1,1995,5,5,5,5,5,5,5,5,5,5
120894,1,1,1995,0,0,0,0,0,0,0,0,0,0
120895,1,1,1995,29,29,29,29,29,29,29,29,29,29
120896,0,1,1995,22,22,22,22,22,22,22,22,22,22
120896,1,1,1995,0,0,0,0,0,0,0,0,0,0
120896,2,1,1995,0,0,0,0,0,0,0,0,0,0
120898,1,1,1995,29,29,29,29,29,29,29,29,29,29
120899,1,1,1995,22,22,22,22,22,22,22,22,22,22
120900,0,1,1995,0,0,0,0,0,0,0,0,0,0
120900,1,1,1995,0,0,0,0,0,0,0,0,0,0
120901,1,1,1995,3,3,3,3,3,3,3,3,3,3
120901,2,1,1995,0,0,0,0,0,0,0,0,0,0
120901,3,1,1995,0,0,0,0,0,0,0,0,3,0
120902,0,1,1995,0,0,0,0,0,0,0,0,0,0
120902,1,1,1995,0,0,11,0,0,0,0,0,0,0
120903,1,1,1995,0,0,0,0,0,0,0,0,0,0
120903,2,1,1995,0,0,0,0,0,0,0,0,0,0
120904,0,1,1995,0,0,0,0,0,0,0,0,0,0
120904,0,2,1995,0,0,0,16,0,0,17,0,30,0
120904,1,1,1995,0,0,0,0,0,0,0,0,0,0
120905,1,1,1995,0,0,0,0,0,0,0,0,0,0
120905,2,1,1995,0,0,0,0,0,0,0,0,0,0
120906,0,1,1995,0,0,4,39,20,0,0,21,0,0
120906,1,1,1995,0,0,0,7,0,0,0,0,0,0
120907,1,1,1995,0,0,0,0,0,0,0,0,0,0
120907,2,1,1995,0,0,0,0,0,0,0,0,0,0
120908,1,1,1995,0,0,0,0,0,0,0,0,0,0
120908,2,1,1995,0,0,0,0,0,0,0,0,0,0
120909,0,1,1995,10,10,10,10,10,10,10,10,10,10
120909,1,1,1995,44,0,6,18,0,0,7,0,0,0
120910,1,1,1995,0,0,0,0,0,0,0,0,0,0
120910,2,1,1995,0,0,0,0,0,0,25,0,0,0
120911,1,1,1995,0,0,0,0,0,0,0,0,0,0
120911,2,1,1995,0,0,0,0,0,0,0,0,0,0
120912,1,1,1995,8,0,0,0,16,0,0,0,0,0
120912,2,1,1995,0,0,0,0,0,0,0,0,12,0
120912,3,1,1995,0,0,0,0,0,0,0,0,0,0
120913,1,1,1995,0,0,0,0,0,0,0,0,0,0
120913,2,1,1995,0,0,0,0,0,0,0,0,0,0
120914,0,1,1995,0,0,0,0,0,0,32,0,0,0
120914,1,1,1995,0,0,0,0,0,0,0,0,0,0
120915,1,1,1995,12,2,16,0,0,18,0,24,0,0
120915,2,1,1995,7,7,7,7,7,7,7,7,7,7
120916,0,1,1995,0,0,0,0,0,0,18,0,0,0
120916,1,1,1995,0,0,0,0,0,0,0,0,0,0
120917,0,1,1995,0,0,0,0,0,0,0,0,0,0
120917,1,1,1995,0,0,0,0,0,0,0,0,0,0
120918,0,1,1995,0,0,0,0,0,0,0,0,0,0
120918,1,1,1995,5,5,5,5,5,5,5,5,5,5
120919,1,1,1995,0,0,0,0,0,0,0,0,0,0
120919,2,1,1995,0,0,0,0,0,0,0,0,0,0
120920,1,1,1995,5,5,5,5,5,5,5,5,5,5
120920,2,1,1995,0,0,0,0,0,0,0,0,0,0
120921,1,1,1995,0,0,0,0,0,0,0,0,0,0
120922,0,1,1995,0,0,0,0,0,0,0,0,0,0
120922,1,1,1995,0,0,0,0,0,0,0,0,0,0
120923,1,1,1995,0,0,0,0,0,0,0,0,0,13
120923,2,1,1995,0,0,0,0,0,0,0,0,0,0
120924,1,1,1995,26,26,26,26,26,26,26,26,26,26
120925,0,1,1995,0,0,0,14,0,34,0,0,0,0
120925,1,1,1995,0,0,0,0,0,0,0,0,0,0
120926,1,1,1995,0,0,0,0,0,0,0,0,0,0
120926,2,1,1995,0,0,0,0,0,0,0,0,0,0
120927,1,1,1995,20,20,20,20,20,20,20,20,20,20
120928,1,1,1995,10,10,10,10,10,10,10,10,10,10
120929,1,1,1995,7,7,7,7,7,7,7,7,7,7
120929,2,1,1995,0,0,0,0,0,0,0,0,0,0
120930,1,1,1995,0,0,0,16,19,0,0,0,0,0
120931,1,1,1995,15,15,15,15,15,15,15,15,15,15
120932,1,1,1995,0,0,0,0,0,10,0,0,0,0
120932,2,1,1995,0,0,0,0,0,0,0,0,0,0
120933,1,1,1995,10,10,10,10,10,10,10,10,10,10
120934,1,1,1995,0,0,0,0,0,0,0,0,7,0
120934,2,1,1995,0,0,0,0,0,0,0,0,0,0
120934,3,1,1995,0,0,0,0,0,0,0,0,0,0
120934,4,1,1995,0,0,0,0,0,0,0,0,0,0
120935,1,1,1995,0,0,0,0,0,0,0,0,0,0
120935,2,1,1995,0,0,0,0,0,0,0,0,0,0
120935,3,1,1995,0,0,0,0,0,0,0,14,0,0
120935,4,1,1995,0,0,0,0,0,0,0,0,0,0
120936,0,1,1995,28,28,28,28,28,28,28,28,28,28
120936,0,2,1995,21,12,6,0,16,30,0,30,38,6
120936,1,1,1995,0,0,0,0,0,0,0,0,0,0
120937,1,1,1995,21,21,21,21,21,21,21,21,21,21
120938,1,1,1995,0,0,0,0,0,0,0,0,0,0
120938,2,1,1995,0,0,0,0,0,0,0,0,0,0
120939,1,1,1995,18,18,18,18,18,18,18,18,18,18
120939,2,1,1995,0,0,0,0,0,0,0,0,0,24
120940,1,1,1995,9,43,25,15,24,36,13,0,20,30
120941,1,1,1995,19,19,19,19,19,19,19,19,19,19
120941,2,1,1995,0,0,0,0,0,0,0,0,0,0
120942,1,1,1995,0,0,0,0,0,0,0,0,0,0
120942,2,1,1995,0,0,0,0,0,0,0,0,0,16
120943,1,1,1995,0,0,0,0,0,0,0,0,0,0
120943,2,1,1995,0,0,0,0,0,0,0,0,0,0
120944,0,1,1995,0,0,0,0,0,0,0,0,0,0
120944,1,1,1995,0,0,0,0,0,0,0,0,0,0
120945,1,1,1995,0,0,0,0,0,0,0,0,0,0
120946,0,1,1995,29,29,29,29,29,29,29,29,29,29
120946,1,1,1995,0,0,0,0,0,0,0,0,0,0
120947,0,1,1995,0,0,0,0,0,0,0,0,0,0
120947,1,1,1995,0,0,0,0,0,0,0,0,0,0
120948,1,1,1995,0,0,0,0,0,0,0,0,0,0
120948,2,1,1995,0,0,0,0,0,0,0,0,0,0
120950,1,1,1995,0,0,0,0,0,0,0,0,0,0
120951,0,1,1995,10,10,10,10,10,10,10,10,10,10
120951,1,1,1995,0,0,0,0,0,0,0,0,0,0
120952,0,1,1995,0,8,39,0,0,0,0,0,0,0
120952,1,1,1995,0,0,0,0,0,0,0,0,0,0
120954,0,1,1995,0,0,0,0,0,0,0,0,0,0
120954,1,1,1995,0,0,0,0,0,0,0,0,0,0
120955,0,1,1995,29,0,0,0,0,0,0,0,0,0
120955,1,1,1995,0,0,0,0,0,0,0,0,0,0
120956,0,1,1995,0,24,0,0,0,11,13,0,28,0
120956,1,1,1995,0,0,17,0,0,0,0,0,0,6
120957,1,1,1995,0,0,0,0,0,0,0,0,0,0
120957,2,1,1995,0,0,0,0,0,0,0,0,0,0
120958,1,1,1995,9,9,9,9,9,9,9,9,9,9
120959,1,1,1995,0,0,0,0,0,0,0,0,0,0
120959,2,1,1995,0,0,0,0,0,0,0,0,0,0
120960,1,1,1995,0,0,0,0,0,0,0,0,0,0
120960,2,1,1995,0,0,0,0,0,0,0,0,0,0
120961,1,1,1995,24,24,24,24,24,24,24,24,24,24
120961,2,1,1995,0,0,0,0,0,0,0,0,0,0
120962,0,1,1995,0,0,0,0,0,0,0,0,0,0
120962,1,1,1995,0,0,0,0,0,0,0,0,0,0
120962,2,1,1995,0,0,0,0,0,0,0,0,0,0
120963,0,1,1995,0,21,0,31,0,22,21,0,0,0
120963,1,1,1995,0,27,0,0,0,0,0,0,0,0
120964,1,1,1995,11,11,11,11,11,11,11,11,11,11
120964,2,1,1995,0,0,0,0,0,0,28,0,0,0
120965,1,1,1995,24,24,24,24,24,24,24,24,24,24
120966,1,1,1995,0,0,0,0,0,0,0,15,0,0
120967,1,1,1995,0,0,0,0,0,0,0,0,0,0
120967,2,1,1995,0,0,0,0,0,0,0,0,0,0
120967,3,1,1995,5,0,0,0,0,0,0,0,0,0
120967,4,1,1995,0,0,0,0,0,1,0,0,0,0
120967,5,1,1995,0,0,0,0,0,0,0,0,0,0
120967,6,1,1995,0,0,0,0,0,0,0,0,0,0
120967,7,1,1995,0,0,0,0,0,0,0,0,0,0
120967,8,1,1995,0,0,0,0,0,0,0,0,0,0
120967,9,1,1995,0,0,0,0,0,0,0,0,0,0
120967,10,1,1995,0,0,0,0,0,0,0,0,0,0
120968,0,1,1995,0,0,0,0,0,0,0,0,0,0
120968,1,1,1995,0,0,0,0,0,0,0,0,0,0
120968,2,1,1995,0,0,0,0,0,0,0,0,0,0
120969,1,1,1995,0,29,17,0,0,0,0,9,19,0
120970,0,1,1995,0,0,0,0,0,0,0,0,0,0
120970,1,1,1995,0,0,0,0,0,0,0,0,0,0
120971,1,1,1995,0,0,0,0,0,0,0,0,0,0
120971,2,1,1995,0,0,0,0,0,0,21,0,0,0
120972,1,1,1995,23,23,23,23,23,23,23,23,23,23
120973,1,1,1995,5,5,5,5,5,5,5,5,5,5
120974,1,1,1995,0,0,0,0,0,0,0,0,0,0
120975,1,1,1995,19,19,19,19,19,19,19,19,19,19
120976,1,1,1995,0,0,0,0,0,0,0,0,0,0
120976,2,1,1995,0,0,0,0,0,0,0,0,0,0
120977,1,1,1995,20,20,20,20,20,20,20,20,20,20
120978,1,1,1995,18,18,18,18,18,18,18,18,18,18
120979,1,1,1995,0,0,0,0,0,0,0,0,0,0
120980,1,1,1995,20,20,20,20,20,20,20,20,20,20
120981,1,1,1995,0,0,0,0,0,0,0,0,0,0
120981,2,1,1995,0,0,0,0,0,0,0,0,0,0
120981,3,1,1995,0,0,0,0,0,0,0,0,0,0
120982,1,1,1995,0,0,0,0,0,0,0,0,0,0
120982,2,1,1995,0,0,0,0,0,0,0,0,0,0
120983,1,1,1995,0,0,0,0,0,0,0,0,0,0
120983,2,1,1995,0,0,0,0,0,0,0,0,0,0
120984,1,1,1995,22,22,22,22,22,22,22,22,22,22
120985,1,1,1995,0,0,0,0,0,0,0,0,0,0
120985,2,1,1995,0,0,0,0,0,0,0,0,0,0
120986,1,1,1995,0,0,0,0,0,0,0,0,0,0
120986,2,1,1995,0,11,0,0,0,0,0,0,0,0
120987,1,1,1995,0,0,0,0,0,0,0,0,0,0
120987,2,1,1995,0,0,0,0,0,0,0,0,0,0
120988,1,1,1995,15,15,15,15,15,15,15,15,15,15
120989,1,1,1995,0,0,0,0,0,0,0,0,0,0
120990,1,1,1995,30,30,30,30,30,30,30,30,30,30
120990,2,1,1995,0,0,0,0,0,0,0,0,0,0
120990,3,1,1995,0,0,0,0,0,0,0,0,0,0
120991,1,1,1995,15,15,15,15,15,15,15,15,15,15
120992,1,1,1995,0,24,0,25,25,0,11,0,0,9
120992,2,1,1995,0,0,0,0,0,15,0,0,0,0
120993,1,1,1995,26,26,26,26,26,26,26,26,26,26
120994,1,1,1995,18,18,18,18,18,18,18,18,18,18
120995,0,1,1995,20,20,20,20,20,20,20,20,20,20
120995,1,1,1995,20,20,20,20,20,20,20,20,20,20
120996,1,1,1995,0,25,7,6,0,6,12,50,0,20
120997,1,1,1995,0,0,0,0,0,0,0,0,0,0
120998,0,1,1995,28,28,28,28,28,28,28,28,28,28
120998,1,1,1995,0,0,0,11,0,0,17,0,19,14
120999,1,1,1995,17,17,17,17,17,17,17,17,17,17
120999,2,1,1995,0,0,0,0,0,0,0,0,0,0
121000,1,1,1995,0,0,0,0,0,0,0,0,0,0
121000,2,1,1995,0,0,0,0,0,0,11,0,0,0
121001,1,1,1995,13,13,13,13,13,13,13,13,13,13
121002,1,1,1995,0,0,0,0,0,0,0,0,0,0
121002,2,1,1995,0,0,0,0,0,0,0,0,0,0
121003,1,1,1995,0,0,0,0,0,0,0,0,0,0
121004,1,1,1995,0,0,0,0,0,0,0,0,0,0
121004,2,1,1995,0,0,0,0,0,0,0,0,0,0
121005,1,1,1995,0,0,0,0,0,0,0,0,0,0
121005,2,1,1995,0,0,0,0,0,0,0,0,0,0
121005,3,1,1995,0,0,0,0,0,0,0,0,0,0
121005,4,1,1995,0,29,0,0,0,0,0,0,15,0
121006,0,1,1995,0,0,0,26,0,0,0,0,0,0
121006,1,1,1995,0,0,0,25,0,0,0,21,0,0
121007,1,1,1995,0,0,0,0,0,0,0,0,0,0
121008,1,1,1995,0,0,0,0,0,0,0,0,0,0
121008,2,1,1995,0,0,0,0,0,9,0,0,0,0
121009,0,1,1995,0,0,0,0,0,0,0,9,29,0
121009,0,2,1995,0,0,0,0,0,0,0,0,21,0
121009,1,1,1995,23,23,23,23,23,23,23,23,23,23
121009,2,1,1995,0,0,0,0,0,0,0,0,0,0
121010,1,1,1995,0,0,0,0,0,0,0,0,0,0
121010,2,1,1995,0,0,0,0,0,0,0,0,0,0
121011,0,1,1995,0,0,0,0,0,0,0,0,0,0
121011,0,2,1995,0,0,0,0,0,0,0,0,0,0
121011,1,1,1995,0,0,0,0,0,0,0,0,0,0
121012,1,1,1995,21,21,21,21,21,21,21,21,21,21
121012,2,1,1995,0,0,0,0,0,0,0,0,0,0
121012,3,1,1995,0,0,0,0,0,0,5,0,0,0
121013,1,1,1995,0,0,3,0,0,0,0,0,0,0
121013,2,1,1995,0,0,0,0,0,0,0,0,0,0
121014,1,1,1995,0,0,0,0,11,0,0,0,0,0
121014,2,1,1995,0,0,0,0,0,0,0,0,0,0
121015,1,1,1995,11,17,0,26,23,32,24,25,30,21
121016,1,1,1995,0,0,0,0,0,0,0,0,0,0
121016,2,1,1995,0,0,0,0,0,0,0,0,0,0
121017,1,1,1995,0,3,0,0,0,0,0,2,0,0
121017,2,1,1995,0,0,5,0,0,0,0,0,11,0
121018,1,1,1995,0,0,0,0,0,0,0,0,0,0
121019,1,1,1995,0,0,0,0,0,0,0,0,0,0
121019,2,1,1995,0,0,0,0,0,0,0,0,0,0
121019,3,1,1995,0,0,0,0,0,0,0,0,0,0
121020,0,1,1995,0,0,0,0,0,0,0,0,0,0
121020,1,1,1995,0,0,0,0,0,0,0,0,0,0
121021,0,1,1995,0,0,0,0,0,0,0,0,0,0
121021,1,1,1995,0,0,0,0,0,0,0,0,0,0
121022,1,1,1995,19,0,0,0,0,0,0,0,0,0
121023,1,1,1995,0,0,0,0,0,0,0,0,0,0
121023,2,1,1995,0,24,0,25,0,16,0,21,17,21
121024,0,1,1995,0,0,0,0,0,0,0,0,0,0
121024,1,1,1995,0,0,0,0,0,0,0,0,0,0
121025,1,1,1995,16,16,16,16,16,16,16,16,16,16
121026,1,1,1995,0,0,0,17,0,0,0,0,0,0
121026,2,1,1995,0,0,0,0,0,0,0,0,0,0
121027,1,1,1995,39,39,39,39,39,39,39,39,39,39
121028,1,1,1995,0,0,0,0,0,0,0,0,0,0
121029,1,1,1995,17,17,17,17,17,17,17,17,17,17
121030,1,1,1995,0,0,0,0,0,0,0,0,0,0
121031,1,1,1995,0,0,0,0,0,0,0,0,0,0
121031,2,1,1995,0,0,0,0,0,0,0,0,0,0
121032,1,1,1995,27,0,13,0,11,0,0,20,29,12
121033,1,1,1995,5,5,5,5,5,5,5,5,5,5
121034,1,1,1995,0,0,0,0,0,0,0,0,0,0
121035,1,1,1995,0,25,52,16,12,11,0,0,0,20
121036,1,1,1995,5,5,5,5,5,5,5,5,5,5
121036,2,1,1995,0,0,0,0,0,0,0,0,0,0
121037,1,1,1995,0,0,0,0,0,0,9,0,0,0
121038,1,1,1995,7,7,7,7,7,7,7,7,7,7
121038,2,1,1995,0,0,0,0,0,0,0,0,0,0
121039,1,1,1995,0,0,0,0,0,0,0,0,0,0
121040,1,1,1995,15,15,15,15,15,15,15,15,15,15
121041,1,1,1995,0,0,0,0,0,0,0,0,0,0
121042,1,1,1995,17,17,17,17,17,17,17,17,17,17
121043,1,1,1995,18,18,18,18,18,18,18,18,18,18
121043,2,1,1995,0,12,14,0,14,22,22,0,14,26
121044,1,1,1995,0,0,0,0,0,0,0,0,0,0
121044,2,1,1995,0,0,0,0,0,0,0,0,0,0
121045,1,1,1995,9,9,9,9,9,9,9,9,9,9
121046,1,1,1995,0,0,0,0,0,0,0,0,0,0
121046,2,1,1995,0,0,0,0,0,0,0,0,0,0
121047,1,1,1995,19,19,19,19,19,19,19,19,19,19
121048,1,1,1995,3,3,3,3,3,3,3,3,3,3
121048,2,1,1995,0,0,0,0,0,0,0,0,0,0
121049,1,1,1995,24,24,24,24,24,24,24,24,24,24
121050,1,1,1995,16,16,16,16,16,16,16,16,16,16
121051,0,1,1995,15,15,15,15,15,15,15,15,15,15
121051,1,1,1995,0,0,0,13,17,25,0,3,0,0
121052,1,1,1995,19,0,0,22,0,0,0,0,0,0
121052,2,1,1995,0,0,0,0,0,0,0,0,0,14
121052,3,1,1995,0,0,0,0,0,0,0,0,0,0
121053,1,1,1995,4,4,4,4,4,4,4,4,4,4
121054,1,1,1995,0,0,0,0,0,0,0,0,0,0
121054,2,1,1995,0,0,0,0,0,0,0,0,0,0
121055,1,1,1995,0,0,0,0,0,0,0,0,0,0
121056,1,1,1995,0,0,17,16,0,22,18,5,0,27
121057,1,1,1995,19,19,19,19,19,19,19,19,19,19
121057,2,1,1995,17,0,0,13,0,11,9,6,0,0
121058,1,1,1995,16,16,16,16,16,16,16,16,16,16
121058,2,1,1995,0,0,0,0,0,0,0,0,0,0
121059,0,1,1995,12,14,24,16,19,0,15,17,0,0
121059,1,1,1995,0,0,0,0,0,0,0,0,0,0
121060,0,1,1995,18,18,18,18,18,18,18,18,18,18
121060,1,1,1995,17,8,0,0,8,0,0,7,14,0
121061,0,1,1995,0,0,0,0,0,0,0,0,0,0
121061,1,1,1995,18,18,18,18,18,18,18,18,18,18
121062,1,1,1995,0,0,0,0,0,0,0,0,0,0
121062,2,1,1995,0,0,0,0,0,0,0,0,0,0
121063,1,1,1995,0,0,0,19,0,0,0,0,0,0
121063,2,1,1995,0,0,0,0,0,0,0,0,0,0
121064,1,1,1995,9,9,9,9,9,9,9,9,9,9
121065,0,1,1995,8,8,8,8,8,8,8,8,8,8
121065,1,1,1995,0,0,0,0,0,0,0,0,0,0
121066,1,1,1995,0,0,10,0,0,0,0,0,0,0
121066,2,1,1995,0,0,20,0,0,8,4,18,0,0
121067,0,1,1995,0,0,0,0,0,0,0,0,0,0
121067,1,1,1995,0,0,0,0,0,0,0,0,0,0
121068,1,1,1995,14,14,14,14,14,14,14,14,14,14
121069,0,1,1995,0,0,0,0,0,0,0,0,0,0
121069,1,1,1995,0,0,0,0,0,0,0,0,0,0
121070,1,1,1995,0,0,0,0,0,0,0,0,0,0
121070,2,1,1995,0,0,0,0,0,0,0,0,0,0
121071,0,1,1995,0,0,0,0,0,0,0,0,0,0
121071,1,1,1995,18,18,18,18,18,18,18,18,18,18
121072,0,1,1995,24,0,24,0,0,0,0,35,11,21
121072,1,1,1995,0,0,0,0,0,0,20,0,0,7
121073,1,1,1995,0,0,0,0,0,0,0,0,0,0
121074,1,1,1995,0,0,0,0,0,0,0,0,0,0
121075,1,1,1995,0,0,0,0,0,0,0,0,0,0
121075,2,1,1995,0,0,0,0,0,0,0,0,0,0
121076,1,1,1995,24,24,24,24,24,24,24,24,24,24
121076,2,1,1995,0,0,0,0,0,0,0,0,0,0
121076,3,1,1995,0,0,0,0,0,0,0,0,0,0
121077,1,1,1995,0,0,0,0,0,0,0,0,0,0
121077,2,1,1995,0,0,0,0,0,0,0,0,0,0
121078,1,1,1995,7,7,7,7,7,7,7,7,7,7
121079,1,1,1995,0,0,0,0,0,0,0,0,0,0
121079,2,1,1995,0,0,0,0,0,0,0,0,0,0
121080,1,1,1995,17,17,17,17,17,17,17,17,17,17
121080,2,1,1995,0,40,0,0,0,0,0,0,0,0
121080,3,1,1995,0,0,0,0,0,0,0,0,0,0
121081,1,1,1995,0,0,0,0,0,0,0,0,0,0
121081,2,1,1995,0,0,0,0,0,0,0,0,0,0
121082,0,1,1995,0,0,0,14,0,0,21,0,0,0
121082,1,1,1995,0,0,0,0,0,0,0,0,0,0
121083,1,1,1995,0,0,0,0,0,0,0,0,0,0
121083,2,1,1995,0,0,0,0,0,0,0,0,0,0
121084,1,1,1995,0,0,0,0,0,0,0,0,0,0
121084,2,1,1995,0,0,0,0,0,0,0,0,0,0
121084,3,1,1995,0,0,0,0,0,0,0,0,0,0
121085,1,1,1995,0,0,0,0,0,0,0,0,0,0
121086,0,1,1995,0,0,0,0,0,0,0,0,0,0
121086,1,1,1995,2,2,2,2,2,2,2,2,2,2
121087,1,1,1995,15,15,15,15,15,15,15,15,15,15
121087,2,1,1995,20,20,27,10,14,12,4,10,16,0
121087,3,1,1995,0,0,0,0,0,0,0,0,0,0
121088,1,1,1995,18,18,18,18,18,18,18,18,18,18
121089,0,1,1995,13,16,40,14,26,34,23,20,18,15
121089,1,1,1995,0,0,0,0,0,0,0,0,0,0
121089,2,1,1995,27,21,6,20,4,5,0,15,27,27
121090,1,1,1995,0,0,0,0,0,0,0,0,0,0
121091,1,1,1995,0,0,0,0,0,0,0,0,0,0
121091,2,1,1995,0,0,0,0,0,0,0,0,0,0
121092,1,1,1995,32,32,32,32,32,32,32,32,32,32
121093,1,1,1995,13,13,13,13,13,13,13,13,13,13
121094,1,1,1995,0,0,0,0,0,0,0,0,0,0
121094,2,1,1995,0,0,0,0,0,0,0,0,0,0
121095,1,1,1995,0,0,0,0,0,0,0,0,0,0
121095,2,1,1995,0,14,0,0,16,0,0,0,0,0
121095,3,1,1995,17,0,29,0,0,0,0,0,0,0
121096,0,1,1995,14,0,0,0,19,0,0,17,19,0
121096,1,1,1995,0,0,0,4,0,0,0,0,0,0
121097,1,1,1995,0,0,0,0,0,0,0,0,0,0
121097,2,1,1995,0,0,0,0,0,0,0,0,0,0
121098,1,1,1995,14,12,27,30,0,0,0,0,0,0
121099,1,1,1995,12,12,12,12,12,12,12,12,12,12
121099,2,1,1995,0,0,0,0,0,0,0,0,0,0
121100,1,1,1995,0,0,0,0,0,0,0,0,0,0
121101,1,1,1995,26,26,26,26,26,26,26,26,26,26
121102,0,1,1995,0,0,0,0,0,0,0,0,0,0
121102,1,1,1995,0,0,0,0,0,0,0,0,0,0
121103,0,1,1995,19,19,19,19,19,19,19,19,19,19
121103,1,1,1995,0,0,0,0,0,0,0,0,0,0
121104,1,1,1995,0,0,0,0,0,0,0,0,0,0
121104,2,1,1995,0,0,0,12,0,0,0,0,0,0
121105,1,1,1995,0,0,0,0,0,0,0,0,0,0
121105,2,1,1995,0,0,0,0,0,0,0,0,0,0
121106,0,1,1995,0,0,0,0,0,0,0,0,0,0
121106,1,1,1995,0,0,7,0,0,0,0,0,0,0
121107,1,1,1995,0,0,0,0,0,0,0,0,0,0
121107,2,1,1995,0,0,0,0,0,0,0,0,0,0
121108,1,1,1995,9,0,0,20,0,16,0,6,0,44
121108,2,1,1995,23,0,0,0,0,0,0,0,0,0
121109,0,1,1995,0,0,0,0,0,0,0,0,0,0
121109,1,1,1995,0,0,0,0,0,0,0,0,0,0
121110,1,1,1995,0,35,11,14,0,0,0,19,23,0
121110,2,1,1995,0,0,0,0,0,15,0,0,0,0
121110,3,1,1995,0,0,0,0,0,11,0,0,0,0
121110,4,1,1995,5,18,0,0,0,0,0,0,0,19
121111,1,1,1995,18,18,18,18,18,18,18,18,18,18
121112,1,1,1995,0,0,14,0,0,0,0,0,0,0
121112,2,1,1995,0,0,0,0,0,0,0,0,0,0
121113,1,1,1995,0,0,0,0,0,0,0,0,0,0
121113,2,1,1995,0,0,0,0,0,0,0,0,0,0
121114,1,1,1995,0,0,0,6,0,0,11,5,0,0
121114,2,1,1995,0,0,0,0,8,12,0,17,0,7
121115,1,1,1995,0,0,0,0,0,0,0,0,0,0
121115,2,1,1995,0,0,0,0,0,0,0,0,0,0
121116,1,1,1995,0,0,0,0,0,0,0,0,0,0
121116,2,1,1995,0,0,0,0,0,0,0,0,0,0
121116,3,1,1995,0,0,0,0,0,0,0,0,0,0
121117,1,1,1995,0,0,0,0,0,0,0,0,0,0
121117,2,1,1995,0,0,0,0,0,0,0,0,0,0
121118,0,1,1995,24,24,24,24,24,24,24,24,24,24
121118,1,1,1995,0,0,30,0,0,0,9,0,0,0
121119,1,1,1995,0,0,0,0,0,5,0,0,0,0
121120,0,1,1995,0,0,0,10,0,0,0,0,0,0
121120,1,1,1995,4,0,19,3,11,10,13,19,6,16
121121,1,1,1995,29,29,29,29,29,29,29,29,29,29
121122,1,1,1995,0,0,0,0,9,0,28,0,7,0
121122,2,1,1995,10,0,10,0,0,0,0,0,16,10
121123,0,1,1995,0,0,0,0,0,0,0,0,0,0
121123,1,1,1995,15,10,0,0,0,0,0,0,0,28
121124,1,1,1995,0,0,0,0,0,0,0,0,0,0
121124,2,1,1995,0,0,0,0,0,0,0,0,0,0
121124,3,1,1995,0,0,0,0,0,0,0,0,0,0
121124,4,1,1995,0,0,0,0,0,0,0,0,0,0
121125,1,1,1995,9,9,9,9,9,9,9,9,9,9
121126,1,1,1995,0,0,0,0,0,0,0,0,0,0
121126,2,1,1995,0,0,0,0,0,0,0,0,0,17
121127,0,1,1995,0,0,0,0,0,0,0,0,0,0
121127,1,1,1995,0,0,0,0,0,0,0,0,0,0
121128,1,1,1995,10,10,10,10,10,10,10,10,10,10
121129,1,1,1995,18,18,18,18,18,18,18,18,18,18
121129,2,1,1995,20,0,0,0,14,0,0,0,0,0
121130,1,1,1995,0,0,0,0,0,0,0,0,0,0
121131,1,1,1995,8,29,14,30,13,35,19,20,15,0
121132,1,1,1995,0,0,0,0,0,0,0,0,0,0