ST_CASE,VEH_NO,PER_NO,YEAR,P1,P2,P3,P4,P5,P6,P7,P8,P9,P10
121132,2,1,1995,0,0,0,0,0,0,0,0,0,0
121133,1,1,1995,20,20,20,20,20,20,20,20,20,20
121134,1,1,1995,4,4,4,4,4,4,4,4,4,4
121134,2,1,1995,0,0,0,0,0,0,0,0,0,0
121134,3,1,1995,0,0,0,0,0,0,0,0,0,0
121134,4,1,1995,13,0,0,0,0,0,0,0,0,0
121135,1,1,1995,0,11,0,0,0,0,13,0,0,14
121135,2,1,1995,0,0,0,0,0,0,0,0,0,0
121136,1,1,1995,0,0,0,0,0,0,0,0,0,0
121137,1,1,1995,17,17,17,17,17,17,17,17,17,17
121137,2,1,1995,12,12,12,12,12,12,12,12,12,12
121138,1,1,1995,0,0,0,0,0,0,0,0,0,0
121138,2,1,1995,0,0,0,0,0,0,0,0,0,0
121139,1,1,1995,0,0,0,0,0,0,0,0,0,0
121139,2,1,1995,0,0,0,0,0,0,0,0,0,0
121140,1,1,1995,0,0,0,0,0,0,0,0,0,0
121141,1,1,1995,0,0,0,0,0,0,0,0,0,0
121142,0,1,1995,20,20,20,20,20,20,20,20,20,20
121142,1,1,1995,0,0,0,0,0,0,0,0,0,0
121143,1,1,1995,16,16,16,16,16,16,16,16,16,16
121143,2,1,1995,0,0,0,0,0,10,0,0,0,0
121144,1,1,1995,0,0,0,0,0,0,0,0,0,0
121144,2,1,1995,0,14,21,0,0,0,0,0,0,0
121145,0,1,1995,20,20,20,20,20,20,20,20,20,20
121145,1,1,1995,0,7,0,14,13,4,13,5,11,11
121146,1,1,1995,0,0,0,0,0,0,0,0,0,0
121146,2,1,1995,0,0,0,0,0,0,0,0,0,0
121146,3,1,1995,0,0,0,0,0,0,0,0,0,0
121147,1,1,1995,0,0,0,0,0,0,0,0,0,0
121148,0,1,1995,19,0,22,11,20,0,23,26,0,5
121148,1,1,1995,0,0,0,0,0,0,0,0,0,0
121149,0,1,1995,0,0,0,0,0,0,0,0,26,0
121149,1,1,1995,0,0,0,0,0,0,0,0,0,0
121150,1,1,1995,16,16,16,16,16,16,16,16,16,16
121150,2,1,1995,4,0,0,0,0,0,0,0,0,0
121151,0,1,1995,0,0,0,0,0,0,0,0,0,0
121151,1,1,1995,0,0,4,0,0,0,0,0,0,0
121152,0,1,1995,19,26,26,42,7,21,25,12,41,34
121152,1,1,1995,0,0,0,0,0,0,0,0,0,0
121153,0,1,1995,0,0,0,0,0,0,0,0,0,0
121153,1,1,1995,0,8,0,0,0,0,0,0,0,0
121154,1,1,1995,0,0,0,0,0,0,0,0,0,0
121154,2,1,1995,0,0,0,0,0,0,0,0,0,0
121154,3,1,1995,0,0,0,0,0,0,0,0,0,0
121155,1,1,1995,0,0,0,0,0,0,0,0,0,0
121156,0,1,1995,0,0,0,0,0,0,0,0,0,0
121156,1,1,1995,5,5,5,5,5,5,5,5,5,5
121157,1,1,1995,0,0,0,0,0,0,0,0,0,0
121158,1,1,1995,0,0,0,0,0,0,0,0,0,0
121158,2,1,1995,0,0,0,0,0,0,0,0,0,0
121159,0,1,1995,29,0,0,0,28,0,0,0,0,0
121159,1,1,1995,13,0,0,0,0,0,0,0,0,0
121160,1,1,1995,7,7,7,7,7,7,7,7,7,7
121161,1,1,1995,0,0,0,0,0,0,0,0,0,0
121161,2,1,1995,0,0,9,0,0,0,0,0,0,0
121162,1,1,1995,22,22,22,22,22,22,22,22,22,22
121162,2,1,1995,0,0,0,0,0,0,0,0,0,0
121162,3,1,1995,0,0,0,0,0,0,0,0,0,0
121163,0,1,1995,23,0,0,0,14,0,0,0,21,0
121163,1,1,1995,0,0,0,0,0,0,0,0,0,0
121164,1,1,1995,9,9,9,9,9,9,9,9,9,9
121165,1,1,1995,0,0,0,0,0,0,0,0,0,0
121165,2,1,1995,0,0,0,0,0,0,0,0,0,0
121166,1,1,1995,0,0,0,0,0,0,0,0,0,0
121166,2,1,1995,0,0,0,0,0,0,0,0,0,0
121167,1,1,1995,15,15,15,15,15,15,15,15,15,15
121168,1,1,1995,0,0,0,0,0,0,0,0,4,0
121168,2,1,1995,0,17,11,0,0,6,0,0,0,7
121169,1,1,1995,0,0,0,0,0,0,0,0,0,0
121169,2,1,1995,13,13,13,13,13,13,13,13,13,13
121170,0,1,1995,0,0,0,7,0,0,14,0,0,0
121170,1,1,1995,0,0,0,0,0,0,0,0,0,0
121171,0,1,1995,0,0,0,0,0,0,0,0,0,0
121171,1,1,1995,11,0,0,0,0,0,0,0,0,0
121172,1,1,1995,14,14,14,14,14,14,14,14,14,14
121173,1,1,1995,0,0,0,0,0,0,0,0,0,0
121174,0,1,1995,0,30,20,20,14,0,0,0,33,29
121174,0,2,1995,0,0,0,0,0,0,0,0,0,0
121174,1,1,1995,18,18,18,18,18,18,18,18,18,18
121174,3,1,1995,0,0,0,0,0,0,0,0,0,0
121175,1,1,1995,2,2,2,2,2,2,2,2,2,2
121176,1,1,1995,0,4,0,10,32,0,11,9,12,0
121177,2,1,1995,0,0,0,0,0,0,0,0,23,0
121178,1,1,1995,15,15,15,15,15,15,15,15,15,15
121179,0,1,1995,35,35,35,35,35,35,35,35,35,35
121179,1,1,1995,2,2,2,2,2,2,2,2,2,2
121180,1,1,1995,0,0,0,16,0,0,0,0,0,0
121181,0,1,1995,0,0,0,0,0,0,0,0,0,0
121181,1,1,1995,0,0,0,0,0,0,0,0,0,0
121182,1,1,1995,0,0,17,0,13,0,0,0,23,0
121183,1,1,1995,0,0,0,0,0,0,0,0,0,0
121183,2,1,1995,0,0,0,0,0,0,0,0,0,0
121184,1,1,1995,0,0,0,0,0,0,0,0,0,0
121184,2,1,1995,0,0,0,0,0,0,0,0,0,0
121185,1,1,1995,0,0,0,0,0,0,0,0,0,0
121186,1,1,1995,17,17,17,17,17,17,17,17,17,17
121187,1,1,1995,0,0,0,0,0,0,0,0,0,0
121188,1,1,1995,28,28,28,28,28,28,28,28,28,28
121188,2,1,1995,8,8,8,8,8,8,8,8,8,8
121189,1,1,1995,29,29,29,29,29,29,29,29,29,29
121189,2,1,1995,0,0,0,0,0,0,0,0,0,0
121190,1,1,1995,19,19,19,19,19,19,19,19,19,19
121191,1,1,1995,0,0,0,0,0,0,0,0,0,0
121192,1,1,1995,13,0,0,22,25,0,25,0,0,0
121193,1,1,1995,0,0,0,0,0,0,0,0,0,0
121194,1,1,1995,7,7,7,7,7,7,7,7,7,7
121195,1,1,1995,0,0,0,0,0,0,0,0,0,0
121195,2,1,1995,0,0,0,0,0,0,0,0,0,0
121196,1,1,1995,0,0,0,0,0,0,0,0,0,0
121196,2,1,1995,0,0,0,0,0,0,0,0,0,0
121198,1,1,1995,0,15,7,27,27,20,0,0,0,2
121199,1,1,1995,0,0,0,24,0,0,0,0,0,0
121200,0,1,1995,17,17,17,17,17,17,17,17,17,17
121200,1,1,1995,0,0,0,11,0,0,0,0,0,0
121201,0,1,1995,0,0,0,0,0,0,0,0,0,0
121201,1,1,1995,0,0,0,0,0,0,0,0,0,0
121202,1,1,1995,2,2,2,2,2,2,2,2,2,2
121203,1,1,1995,21,21,21,21,21,21,21,21,21,21
121204,1,1,1995,24,24,24,24,24,24,24,24,24,24
121205,0,1,1995,8,8,8,8,8,8,8,8,8,8
121205,1,1,1995,0,0,0,0,0,0,0,0,0,0
121206,1,1,1995,0,0,0,0,0,0,0,0,0,0
121206,2,1,1995,0,0,0,0,0,0,0,0,0,0
121207,1,1,1995,0,0,0,0,8,0,0,0,0,0
121207,2,1,1995,0,0,0,0,0,0,0,3,0,0
121208,1,1,1995,0,0,0,0,0,0,0,0,0,0
121208,2,1,1995,0,0,0,0,0,0,0,0,0,0
121208,3,1,1995,0,0,0,0,0,0,0,0,0,0
121209,1,1,1995,0,0,0,0,0,0,0,0,0,15
121210,0,1,1995,0,21,0,0,0,0,4,0,0,0
121210,1,1,1995,0,0,0,0,0,0,0,0,0,0
121211,1,1,1995,0,0,0,0,0,0,0,0,0,0
121211,2,1,1995,0,0,0,0,0,0,0,0,0,0
121212,1,1,1995,0,0,0,0,0,0,0,0,0,0
121212,2,1,1995,0,0,0,20,0,0,0,0,0,0
121213,1,1,1995,0,0,0,0,0,0,0,0,0,0
121213,2,1,1995,0,0,0,0,0,0,0,0,0,0
121214,1,1,1995,0,0,0,0,0,0,0,0,0,0
121214,2,1,1995,0,0,0,0,0,0,0,0,0,0
121215,0,1,1995,0,0,0,0,0,0,0,0,0,0
121215,1,1,1995,0,0,0,0,0,0,0,0,0,0
121216,1,1,1995,0,0,0,0,0,0,0,0,0,0
121216,2,1,1995,0,0,0,0,0,0,0,0,0,0
121217,1,1,1995,0,0,0,0,17,0,18,20,0,8
121218,1,1,1995,0,0,0,0,0,0,0,0,0,0
121219,1,1,1995,0,0,0,0,0,0,0,0,0,0
121219,2,1,1995,0,0,0,0,0,0,0,0,0,0
121220,0,1,1995,17,17,17,17,17,17,17,17,17,17
121220,1,1,1995,0,0,0,0,0,0,0,0,0,0
121221,0,1,1995,0,0,0,0,0,0,0,0,0,0
121221,1,1,1995,6,6,6,6,6,6,6,6,6,6
121222,1,1,1995,1,1,1,1,1,1,1,1,1,1
121222,2,1,1995,0,0,0,0,0,0,0,0,0,0
121223,1,1,1995,0,0,0,0,0,0,0,0,0,0
121224,1,1,1995,0,0,0,0,0,0,0,0,0,0
121224,2,1,1995,0,0,0,0,0,0,0,0,0,0
121225,1,1,1995,0,0,0,0,0,0,0,0,0,0
121225,2,1,1995,0,0,0,0,0,0,0,0,0,0
121226,1,1,1995,0,0,0,0,0,0,0,0,0,0
121226,2,1,1995,6,6,6,6,6,6,6,6,6,6
121227,1,1,1995,0,0,0,0,0,0,0,0,0,0
121227,2,1,1995,0,0,0,0,0,0,0,0,0,0
121228,0,1,1995,22,22,18,0,0,3,12,0,29,0
121228,1,1,1995,26,0,15,0,4,0,18,15,16,0
121229,1,1,1995,24,24,24,24,24,24,24,24,24,24
121229,2,1,1995,0,0,0,0,27,0,8,0,0,0
121230,1,1,1995,13,13,13,13,13,13,13,13,13,13
121230,2,1,1995,0,7,0,0,0,0,11,14,0,7
121231,1,1,1995,0,0,0,0,0,12,10,0,0,6
121231,2,1,1995,0,0,0,17,0,0,0,0,0,0
121232,0,1,1995,15,15,15,15,15,15,15,15,15,15
121232,1,1,1995,0,0,0,0,0,0,0,0,0,0
121233,1,1,1995,0,14,0,0,0,0,0,0,0,0
121234,1,1,1995,25,25,25,25,25,25,25,25,25,25
121234,2,1,1995,0,0,0,0,0,0,0,0,0,0
121235,1,1,1995,0,0,0,11,0,0,0,0,0,17
121235,2,1,1995,0,0,0,0,0,0,0,0,0,0
121236,1,1,1995,0,0,0,0,0,0,0,0,0,0
121236,2,1,1995,0,0,0,0,0,0,0,0,0,0
121237,1,1,1995,0,0,0,0,0,0,0,0,0,0
121237,2,1,1995,0,0,0,0,0,0,0,0,0,0
121239,1,1,1995,0,0,0,0,0,0,0,0,0,0
121239,2,1,1995,0,0,16,0,0,17,0,0,0,0
121240,1,1,1995,0,0,0,0,0,0,0,0,0,0
121240,2,1,1995,0,0,0,0,8,0,0,0,0,0
121241,1,1,1995,21,21,21,21,21,21,21,21,21,21
121242,0,1,1995,14,14,14,14,14,14,14,14,14,14
121242,1,1,1995,20,0,0,0,0,0,0,0,0,0
121243,0,1,1995,0,0,24,0,0,0,0,0,0,0
121243,1,1,1995,8,0,0,0,0,0,0,0,0,0
121244,1,1,1995,1,1,1,1,1,1,1,1,1,1
121244,2,1,1995,0,0,0,0,0,0,0,0,0,0
121244,3,1,1995,0,0,0,0,0,0,0,0,0,0
121245,1,1,1995,0,0,0,0,0,0,0,0,0,0
121245,2,1,1995,0,0,0,0,0,0,0,2,0,0
121245,3,1,1995,6,0,0,0,0,0,0,0,0,0
121246,1,1,1995,0,0,0,0,0,0,0,0,0,0
121247,0,1,1995,0,0,0,0,19,0,42,16,0,0
121247,1,1,1995,0,0,0,18,0,0,0,0,0,0
121248,0,1,1995,13,13,13,13,13,13,13,13,13,13
121248,1,1,1995,0,0,0,0,0,0,0,0,0,0
121249,1,1,1995,0,0,0,0,0,0,0,0,0,0
121249,2,1,1995,0,0,0,0,0,0,0,0,0,0
121250,1,1,1995,0,0,0,0,0,0,0,0,0,0
121250,2,1,1995,0,0,0,0,0,0,0,0,0,0
121251,1,1,1995,0,0,0,0,0,0,0,0,11,0
121251,2,1,1995,0,0,0,0,0,0,0,0,0,0
121252,1,1,1995,0,0,0,0,0,0,0,0,0,0
121252,2,1,1995,0,0,0,0,0,0,0,0,0,0
121253,1,1,1995,0,11,29,0,22,0,0,0,0,22
121254,0,1,1995,20,20,20,20,20,20,20,20,20,20
121254,1,1,1995,10,10,10,10,10,10,10,10,10,10
121255,1,1,1995,0,0,0,0,0,0,0,0,0,0
121255,2,1,1995,0,0,0,0,0,0,0,0,0,0
121256,1,1,1995,0,0,0,0,0,0,0,0,0,0
121256,2,1,1995,0,0,0,0,0,0,0,19,0,0
121257,0,1,1995,0,0,0,0,0,0,0,0,0,0
121257,1,1,1995,0,0,0,0,0,0,0,0,0,0
121258,1,1,1995,0,0,0,0,0,0,0,0,0,0
121258,2,1,1995,13,13,13,13,13,13,13,13,13,13
121259,1,1,1995,0,0,0,0,0,0,0,0,0,0
121259,2,1,1995,0,0,0,0,0,0,0,0,0,0
121260,0,1,1995,0,0,0,0,0,0,0,0,0,0
121260,1,1,1995,0,0,0,0,0,0,0,0,0,0
121261,1,1,1995,0,0,0,0,0,0,0,0,0,0
121261,2,1,1995,0,0,0,0,0,0,10,0,29,28
121262,1,1,1995,34,0,20,23,0,19,22,0,25,14
121263,1,1,1995,0,0,0,0,0,0,0,0,0,0
121264,1,1,1995,0,0,0,0,0,0,0,0,0,0
121264,2,1,1995,0,0,0,0,0,0,0,0,0,0
121265,1,1,1995,0,0,0,0,0,0,0,0,0,0
121265,2,1,1995,0,0,0,0,0,0,0,0,0,0
121266,0,1,1995,0,0,0,0,0,0,0,0,0,0
121266,1,1,1995,0,0,0,0,0,0,0,0,0,0
121267,0,1,1995,0,0,0,20,0,0,0,0,0,0
121267,1,1,1995,0,0,0,0,0,0,0,0,0,0
121268,1,1,1995,0,0,0,0,0,0,13,0,0,0
121269,0,1,1995,0,31,0,0,19,0,17,0,0,0
121269,2,1,1995,0,0,0,0,0,0,0,0,0,0
121270,1,1,1995,3,3,3,3,3,3,3,3,3,3
121270,2,1,1995,0,0,0,15,0,0,0,0,0,0
121271,1,1,1995,0,0,0,0,0,0,0,0,0,0
121271,2,1,1995,0,0,0,0,0,0,0,0,0,0
121272,1,1,1995,0,0,0,0,0,0,0,0,0,0
121272,2,1,1995,0,0,0,0,0,0,0,0,0,0
121273,1,1,1995,0,0,0,0,0,0,0,0,0,0
121273,2,1,1995,0,0,0,0,0,0,0,0,0,0
121273,3,1,1995,0,0,0,0,0,0,0,0,0,0
121274,1,1,1995,0,0,0,8,0,0,15,0,0,0
121274,2,1,1995,0,0,0,0,0,0,0,0,0,0
121275,1,1,1995,0,0,0,0,0,0,0,0,0,0
121275,2,1,1995,0,0,0,0,0,0,0,0,0,0
121277,0,1,1995,32,18,8,0,17,20,0,0,41,32
121277,1,1,1995,10,0,0,0,0,0,0,0,0,0
121278,0,1,1995,4,15,17,30,0,23,0,21,0,29
121278,1,1,1995,0,0,0,0,0,0,0,0,0,0
121279,1,1,1995,39,39,39,39,39,39,39,39,39,39
121280,1,1,1995,0,0,0,0,0,0,0,0,0,0
121280,2,1,1995,0,0,0,0,0,0,0,0,0,0
121281,1,1,1995,0,0,0,0,0,0,0,0,0,0
121281,2,1,1995,0,0,0,0,0,0,0,0,0,0
121282,1,1,1995,0,0,0,0,0,0,0,0,0,0
121282,2,1,1995,0,0,0,0,0,0,0,0,0,0
121283,1,1,1995,7,7,7,7,7,7,7,7,7,7
121283,2,1,1995,0,0,0,0,0,0,0,0,0,0
121283,3,1,1995,0,0,0,0,0,0,0,0,0,0
121283,4,1,1995,0,0,0,0,0,0,0,0,0,0
121284,1,1,1995,17,17,17,17,17,17,17,17,17,17
121285,1,1,1995,0,0,0,0,0,0,0,0,0,0
121285,2,1,1995,0,0,0,0,0,0,0,0,0,0
121286,1,1,1995,0,9,0,0,0,0,0,0,0,8
121287,1,1,1995,0,0,0,0,0,0,0,0,0,0
121287,2,1,1995,0,0,0,0,0,0,0,0,0,0
121288,0,1,1995,21,12,38,18,40,0,18,0,35,6
121288,1,1,1995,0,0,0,0,0,13,0,0,18,18
121289,1,1,1995,0,0,0,0,0,0,0,0,0,0
121290,0,1,1995,0,0,0,0,0,0,0,0,0,0
121290,1,1,1995,0,0,0,0,0,0,0,0,0,0
121291,1,1,1995,0,0,0,0,0,0,0,0,0,0
121291,2,1,1995,0,0,0,0,0,0,0,0,0,0
121292,1,1,1995,0,0,0,0,0,0,0,0,0,0
121292,2,1,1995,0,0,0,0,0,0,0,0,0,0
121293,1,1,1995,0,0,0,0,0,0,0,0,0,0
121294,1,1,1995,0,0,0,0,0,0,0,0,0,0
121294,2,1,1995,0,0,0,0,0,0,0,0,0,0
121295,1,1,1995,0,0,0,0,0,0,0,0,0,0
121295,2,1,1995,0,0,0,0,0,0,0,0,0,0
121296,1,1,1995,0,0,0,0,0,0,0,0,0,0
121296,2,1,1995,0,0,0,0,0,0,0,0,0,0
121297,1,1,1995,0,0,0,0,0,0,0,0,0,0
121298,1,1,1995,24,24,24,24,24,24,24,24,24,24
121298,2,1,1995,0,0,0,0,0,0,0,0,0,0
121299,0,1,1995,7,7,7,7,7,7,7,7,7,7
121299,1,1,1995,0,0,0,0,0,16,28,0,0,0
121300,0,1,1995,0,0,0,0,0,0,0,0,18,0
121300,1,1,1995,0,0,0,0,0,0,0,0,0,0
121300,2,1,1995,0,0,0,0,0,0,0,0,0,0
121301,1,1,1995,0,0,0,0,0,0,0,0,0,0
121301,2,1,1995,0,0,0,0,0,0,0,0,0,0
121301,3,1,1995,0,0,0,0,0,0,0,0,0,0
121302,1,1,1995,0,0,0,0,0,0,0,0,0,0
121302,2,1,1995,0,0,0,0,0,0,0,0,0,0
121303,1,1,1995,0,0,0,0,0,0,0,0,5,0
121303,2,1,1995,0,0,0,0,0,11,0,0,0,0
121304,1,1,1995,0,0,0,0,0,0,0,0,0,0
121305,0,1,1995,19,19,19,19,19,19,19,19,19,19
121305,1,1,1995,0,0,0,17,0,0,0,0,0,0
121306,1,1,1995,28,28,28,28,28,28,28,28,28,28
121307,1,1,1995,15,15,15,15,15,15,15,15,15,15
121308,0,1,1995,51,51,51,51,51,51,51,51,51,51
121308,1,1,1995,0,0,0,0,0,0,0,0,0,0
121309,1,1,1995,9,9,9,9,9,9,9,9,9,9
121309,2,1,1995,6,6,6,6,6,6,6,6,6,6
121310,1,1,1995,12,12,12,12,12,12,12,12,12,12
121311,1,1,1995,0,0,0,0,0,23,0,0,0,0
121312,1,1,1995,0,0,0,24,0,0,0,0,0,0
121312,2,1,1995,0,0,0,0,0,0,0,0,0,0
121313,1,1,1995,5,5,5,5,5,5,5,5,5,5
121313,2,1,1995,0,0,0,0,0,0,0,0,0,0
121314,0,1,1995,0,0,8,12,0,0,27,0,0,0
121314,1,1,1995,6,3,14,15,17,0,13,0,9,11
121315,0,1,1995,34,34,34,34,34,34,34,34,34,34
121315,1,1,1995,0,0,21,24,36,0,12,0,5,28
121316,0,1,1995,0,0,0,0,0,17,0,0,32,0
121316,1,1,1995,0,0,0,0,0,0,0,0,0,0
121317,1,1,1995,0,0,0,0,0,0,0,0,0,0
121319,1,1,1995,11,0,0,0,0,0,0,0,0,0
121319,2,1,1995,0,0,0,0,0,0,0,0,0,16
121320,0,1,1995,0,0,0,28,0,0,0,0,0,0
121320,1,1,1995,0,0,0,0,0,0,0,0,0,0
121321,1,1,1995,0,20,0,10,0,0,0,0,0,0
121322,1,1,1995,0,0,0,0,0,0,0,0,0,0
121322,2,1,1995,0,0,0,0,0,0,0,0,0,0
121323,1,1,1995,0,0,0,0,0,0,0,0,0,0
121324,1,1,1995,29,29,29,29,29,29,29,29,29,29
121325,0,1,1995,0,0,0,0,0,0,0,0,0,0
121325,1,1,1995,0,0,0,0,0,0,0,0,0,0
121325,2,1,1995,0,0,0,0,0,0,0,0,0,0
121325,3,1,1995,0,0,0,0,0,0,0,0,0,0
121326,1,1,1995,26,6,9,20,0,0,32,0,0,0
121327,0,1,1995,0,19,0,0,0,0,0,0,0,0
121327,1,1,1995,0,0,0,0,0,0,0,0,0,0
121328,0,1,1995,0,0,0,0,0,0,0,0,0,0
121328,1,1,1995,0,0,0,0,0,0,0,0,0,0
121329,1,1,1995,13,13,13,13,13,13,13,13,13,13
121330,1,1,1995,0,0,0,0,0,0,0,0,0,0
121331,0,1,1995,0,0,0,0,22,0,28,0,12,0
121331,1,1,1995,0,0,0,0,0,0,22,0,0,0
121332,1,1,1995,0,0,0,0,0,0,0,0,0,0
121332,2,1,1995,0,0,0,0,0,0,0,0,0,0
121333,1,1,1995,0,0,0,0,0,0,0,0,0,0
121333,2,1,1995,0,0,0,0,0,0,0,0,0,0
121334,0,1,1995,0,0,0,0,0,0,0,0,0,0
121334,1,1,1995,0,0,0,0,0,0,0,0,0,0
121335,1,1,1995,0,41,0,0,0,0,0,0,0,0
121336,1,1,1995,20,0,0,0,0,0,7,0,0,0
121337,1,1,1995,0,0,0,0,0,0,0,0,0,16
121337,2,1,1995,0,0,20,0,0,0,0,0,0,0
121338,0,1,1995,0,0,0,0,0,0,0,20,0,0
121338,1,1,1995,0,0,0,0,0,0,0,0,0,0
121339,1,1,1995,0,0,0,0,0,0,0,0,0,0
121339,2,1,1995,0,0,0,0,0,0,0,0,0,0
121340,1,1,1995,5,5,5,5,5,5,5,5,5,5
121341,1,1,1995,0,0,0,0,0,0,0,0,0,0
121341,2,1,1995,0,0,0,0,0,0,0,0,0,3
121342,1,1,1995,0,0,0,0,0,0,0,0,0,0
121343,1,1,1995,0,0,0,0,0,0,0,0,0,0
121344,1,1,1995,10,10,10,10,10,10,10,10,10,10
121345,1,1,1995,0,0,0,0,0,0,0,0,0,0
121345,2,1,1995,0,0,0,0,0,0,0,0,0,10
121345,3,1,1995,0,0,0,0,0,0,0,0,0,0
121346,1,1,1995,13,0,0,0,0,0,0,30,10,17
121346,2,1,1995,0,0,22,0,24,12,19,0,0,0
121347,1,1,1995,28,28,28,28,28,28,28,28,28,28
121348,1,1,1995,0,16,5,6,0,0,0,0,25,0
121349,1,1,1995,0,0,0,0,0,0,0,0,0,0
121350,1,1,1995,16,16,16,16,16,16,16,16,16,16
121350,2,1,1995,0,0,0,0,0,0,0,0,0,0
121351,1,1,1995,0,0,0,0,0,0,0,0,0,0
121351,2,1,1995,15,15,15,15,15,15,15,15,15,15
121352,1,1,1995,0,0,0,0,0,0,0,0,0,0
121352,2,1,1995,0,0,0,0,0,0,0,0,17,18
121353,1,1,1995,22,18,0,11,0,11,17,15,0,0
121354,0,1,1995,2,2,2,2,2,2,2,2,2,2
121354,1,1,1995,2,2,2,2,2,2,2,2,2,2
121355,0,1,1995,12,12,12,12,12,12,12,12,12,12
121355,0,2,1995,0,0,9,0,17,17,23,11,9,0
121355,0,3,1995,7,0,0,0,6,0,0,0,9,0
121355,1,1,1995,10,10,10,10,10,10,10,10,10,10
121356,1,1,1995,10,10,10,10,10,10,10,10,10,10
121356,2,1,1995,0,0,0,0,0,0,0,0,0,0
121357,1,1,1995,0,0,0,0,0,0,0,0,0,0
121358,1,1,1995,28,0,0,0,0,0,0,0,0,0
121359,1,1,1995,23,23,23,23,23,23,23,23,23,23
121360,1,1,1995,0,0,0,0,0,0,0,0,0,0
121360,2,1,1995,0,0,0,0,0,0,0,0,0,0
121361,1,1,1995,0,0,0,0,0,0,0,0,0,26
121362,1,1,1995,32,32,32,32,32,32,32,32,32,32
121363,1,1,1995,22,22,22,22,22,22,22,22,22,22
121364,1,1,1995,12,12,12,12,12,12,12,12,12,12
121365,0,1,1995,41,41,41,41,41,41,41,41,41,41
121365,1,1,1995,0,0,27,0,0,0,0,0,0,0
121366,0,1,1995,26,26,26,26,26,26,26,26,26,26
121366,1,1,1995,0,0,0,14,0,0,0,0,0,0
121367,1,1,1995,0,0,0,0,0,0,0,0,0,0
121367,2,1,1995,0,0,0,0,0,0,0,0,0,0
121367,3,1,1995,0,0,0,0,0,0,0,0,0,0
121368,1,1,1995,0,0,0,0,0,0,0,0,0,0
121368,2,1,1995,0,0,0,0,0,0,0,0,0,0
121369,1,1,1995,0,0,0,0,0,0,0,0,0,0
121369,2,1,1995,0,0,0,0,0,0,0,0,0,0
121370,1,1,1995,0,0,0,0,0,0,0,0,0,0
121370,2,1,1995,0,0,0,0,0,0,0,0,0,0
121372,1,1,1995,0,0,0,0,0,0,0,0,0,0
121372,2,1,1995,0,0,0,0,0,0,0,0,0,0
121373,1,1,1995,0,0,0,0,0,0,0,0,0,0
121374,0,1,1995,21,21,21,21,21,21,21,21,21,21
121374,1,1,1995,0,0,0,0,0,0,0,0,0,0
121375,1,1,1995,8,8,8,8,8,8,8,8,8,8
121376,0,1,1995,0,0,0,17,12,0,0,19,0,0
121376,1,1,1995,0,17,9,27,0,16,19,29,18,0
121377,1,1,1995,0,0,0,0,0,0,0,0,35,0
121378,1,1,1995,13,13,13,13,13,13,13,13,13,13
121378,2,1,1995,0,0,0,0,0,0,0,0,18,0
121379,1,1,1995,0,0,0,0,0,0,0,0,0,0
121380,1,1,1995,21,21,21,21,21,21,21,21,21,21
121381,1,1,1995,0,0,0,0,0,0,0,0,0,0
121381,2,1,1995,0,0,0,0,0,10,0,0,0,0
121382,1,1,1995,0,0,0,0,0,0,0,0,0,0
121382,2,1,1995,0,0,0,0,0,0,0,0,0,0
121382,3,1,1995,0,0,0,0,0,0,0,0,0,0
121383,1,1,1995,0,16,0,0,7,22,0,0,0,0
121384,1,1,1995,27,27,27,27,27,27,27,27,27,27
121385,0,1,1995,0,0,0,0,0,0,0,0,0,0
121385,1,1,1995,0,0,0,0,0,0,0,0,0,0
121386,0,1,1995,5,0,8,14,0,18,0,21,0,11
121386,1,1,1995,14,6,0,9,0,0,6,21,12,0
121387,1,1,1995,10,10,10,10,10,10,10,10,10,10
121387,2,1,1995,10,0,0,0,0,0,25,0,0,0
121388,1,1,1995,0,0,0,0,0,0,0,0,0,0
121389,0,1,1995,21,0,0,0,6,0,0,0,0,0
121389,1,1,1995,0,13,14,45,11,37,0,10,0,19
121390,1,1,1995,0,0,0,0,0,0,0,0,0,0
121390,2,1,1995,0,0,0,21,0,0,0,0,0,0
121391,1,1,1995,40,40,40,40,40,40,40,40,40,40
121392,1,1,1995,0,0,0,0,0,0,0,0,0,0
121392,2,1,1995,0,0,0,0,0,0,8,0,0,0
121393,1,1,1995,0,0,0,0,0,0,0,0,0,0
121394,1,1,1995,0,0,0,0,0,0,0,0,0,0
121394,2,1,1995,0,0,0,0,0,0,0,0,0,0
121395,1,1,1995,0,0,0,0,0,0,0,0,0,0
121395,2,1,1995,0,0,0,7,0,0,3,0,0,0
121396,1,1,1995,0,0,0,0,0,0,0,0,0,0
121396,2,1,1995,0,0,0,0,0,0,0,0,0,0
121397,1,1,1995,29,29,29,29,29,29,29,29,29,29
121398,1,1,1995,25,25,25,25,25,25,25,25,25,25
121399,1,1,1995,11,0,0,0,0,0,0,0,0,0
121399,2,1,1995,0,0,0,0,0,0,0,0,0,0
121399,3,1,1995,0,0,0,0,0,0,0,0,20,0
121400,1,1,1995,0,0,0,0,0,0,0,0,0,0
121400,2,1,1995,0,0,0,0,0,0,0,0,0,0
121401,1,1,1995,12,12,12,12,12,12,12,12,12,12
121402,0,1,1995,0,0,0,0,0,0,0,16,7,0
121402,1,1,1995,0,0,0,0,0,0,0,0,0,0