ST_CASE,VEH_NO,PER_NO,YEAR,P1,P2,P3,P4,P5,P6,P7,P8,P9,P10
121403,0,1,1995,20,20,20,20,20,20,20,20,20,20
121403,1,1,1995,0,0,0,0,0,0,0,22,0,0
121404,0,1,1995,0,0,0,0,0,0,0,0,0,0
121404,1,1,1995,0,0,0,0,0,0,0,0,0,0
121405,0,1,1995,27,27,27,27,27,27,27,27,27,27
121405,1,1,1995,0,0,0,0,0,0,0,0,0,0
121406,1,1,1995,26,33,0,0,17,15,14,24,0,0
121407,0,1,1995,1,1,1,1,1,1,1,1,1,1
121407,1,1,1995,0,0,0,0,0,0,0,0,0,0
121408,1,1,1995,0,0,0,0,0,0,0,0,0,0
121409,1,1,1995,16,16,16,16,16,16,16,16,16,16
121410,1,1,1995,14,14,14,14,14,14,14,14,14,14
121410,2,1,1995,0,0,0,0,0,0,0,0,0,0
121410,3,1,1995,0,0,0,0,0,0,0,0,0,0
121410,4,1,1995,0,0,0,0,0,0,0,0,0,0
121411,1,1,1995,0,0,0,0,0,0,0,0,0,0
121412,0,1,1995,0,0,0,0,0,0,0,0,0,0
121412,1,1,1995,15,0,0,0,0,0,0,0,0,0
121413,1,1,1995,14,14,14,14,14,14,14,14,14,14
121414,1,1,1995,24,24,24,24,24,24,24,24,24,24
121415,1,1,1995,0,0,0,0,0,0,0,0,0,0
121416,0,1,1995,0,0,0,0,0,0,0,0,0,0
121416,1,1,1995,0,0,0,0,0,0,0,0,0,0
121417,0,1,1995,0,0,0,0,0,0,0,0,0,0
121417,1,1,1995,0,0,0,0,0,0,0,0,0,0
121418,1,1,1995,0,0,0,0,0,0,0,0,0,0
121418,2,1,1995,0,0,0,0,0,0,0,0,0,0
121420,0,1,1995,0,0,0,0,0,0,0,0,0,16
121420,1,1,1995,0,0,0,0,0,0,0,0,0,0
121421,1,1,1995,19,19,19,19,19,19,19,19,19,19
121422,0,1,1995,0,0,0,0,0,0,0,0,0,0
121422,1,1,1995,0,0,0,0,0,0,0,0,0,0
121423,0,1,1995,0,0,0,0,0,0,39,0,0,0
121423,0,2,1995,0,0,0,0,0,0,0,0,0,0
121423,1,1,1995,0,0,0,0,0,0,0,0,0,0
121424,1,1,1995,0,0,0,0,0,0,0,0,0,0
121424,2,1,1995,0,0,0,0,0,0,0,0,0,0
121424,3,1,1995,0,0,0,0,0,0,0,0,0,0
121425,1,1,1995,0,0,0,20,0,0,0,0,0,0
121425,2,1,1995,0,0,0,0,0,0,0,0,0,0
121425,3,1,1995,0,0,0,0,0,0,0,0,0,0
121425,4,1,1995,0,0,0,0,0,0,0,0,0,0
121426,1,1,1995,0,0,0,0,0,0,0,0,0,0
121426,2,1,1995,0,0,0,0,0,0,0,0,0,0
121427,1,1,1995,0,0,0,0,0,0,0,0,0,0
121427,2,1,1995,0,0,0,0,0,0,0,0,0,0
121428,1,1,1995,12,12,12,12,12,12,12,12,12,12
121429,1,1,1995,0,0,0,0,0,0,0,0,0,18
121430,0,1,1995,35,35,35,35,35,35,35,35,35,35
121430,1,1,1995,23,0,0,34,0,0,16,0,21,0
121431,1,1,1995,0,0,0,0,0,0,0,0,0,0
121431,2,1,1995,0,0,0,0,0,0,0,0,0,0
121432,1,1,1995,14,14,14,14,14,14,14,14,14,14
121434,0,1,1995,0,0,0,0,0,0,0,0,0,0
121434,1,1,1995,0,0,0,0,0,0,0,0,0,0
121435,0,1,1995,0,0,0,0,0,0,0,0,0,0
121435,1,1,1995,0,0,0,0,0,13,11,0,0,0
121435,2,1,1995,0,6,38,0,17,0,30,0,0,19
121436,1,1,1995,0,0,0,0,0,0,0,0,0,0
121437,0,1,1995,0,0,0,0,0,0,0,0,0,0
121437,1,1,1995,0,0,6,0,0,0,0,0,0,0
121438,0,1,1995,0,0,0,0,0,0,0,0,0,0
121438,1,1,1995,10,10,10,10,10,10,10,10,10,10
121439,1,1,1995,26,26,26,26,26,26,26,26,26,26
121440,1,1,1995,19,19,19,19,19,19,19,19,19,19
121440,2,1,1995,0,0,0,0,0,0,0,0,0,0
121441,1,1,1995,0,0,0,6,0,16,0,0,8,9
121441,2,1,1995,0,6,0,0,0,0,0,0,0,0
121442,1,1,1995,0,0,0,0,0,0,0,0,0,0
121442,2,1,1995,0,0,0,0,0,0,0,0,0,0
121442,3,1,1995,0,0,0,0,0,0,0,0,0,0
121443,1,1,1995,30,30,30,30,30,30,30,30,30,30
121444,1,1,1995,3,0,0,0,0,0,0,0,0,0
121445,1,1,1995,0,0,0,0,0,0,0,0,0,0
121445,2,1,1995,0,0,0,0,0,0,0,0,0,0
121445,3,1,1995,0,0,0,0,0,0,0,0,0,0
121445,4,1,1995,0,0,0,0,0,0,0,0,0,0
121445,5,1,1995,0,0,0,0,0,0,0,0,0,0
121446,1,1,1995,0,0,0,0,0,0,0,0,0,0
121446,2,1,1995,0,0,0,0,0,0,0,0,0,0
121447,1,1,1995,18,18,18,18,18,18,18,18,18,18
121448,0,1,1995,0,0,0,0,0,0,0,0,0,0
121448,1,1,1995,0,0,0,0,0,0,0,0,0,0
121449,1,1,1995,0,0,0,0,0,0,0,0,0,0
121449,2,1,1995,0,0,0,0,0,0,0,0,0,0
121449,3,1,1995,0,0,0,0,0,0,0,0,0,0
121449,4,1,1995,0,0,0,0,0,0,0,0,0,0
121450,1,1,1995,0,0,0,0,0,0,0,0,0,0
121450,2,1,1995,0,0,0,0,0,0,0,0,0,0
121451,1,1,1995,26,26,26,26,26,26,26,26,26,26
121451,2,1,1995,0,0,0,0,0,0,0,0,0,0
121452,0,1,1995,0,0,0,0,0,0,0,0,0,0
121452,1,1,1995,0,0,0,0,0,0,0,13,24,24
121453,0,1,1995,0,0,0,0,0,0,0,0,0,0
121453,1,1,1995,0,0,0,0,0,0,0,0,0,0
121454,0,1,1995,0,0,14,14,0,0,0,0,9,10
121454,0,2,1995,0,0,0,0,4,18,23,0,16,32
121454,1,1,1995,0,0,0,0,0,0,0,0,0,0
121455,1,1,1995,25,0,8,0,30,18,13,23,0,0
121456,0,1,1995,24,24,24,24,24,24,24,24,24,24
121456,1,1,1995,0,0,0,0,0,0,0,0,0,0
121457,1,1,1995,0,0,0,0,0,0,0,0,0,0
121458,1,1,1995,0,0,0,0,0,0,0,0,0,0
121458,2,1,1995,0,0,0,0,0,0,0,0,0,0
121459,1,1,1995,0,0,0,0,0,0,0,0,0,0
121459,2,1,1995,0,0,0,0,0,0,0,0,0,0
121460,0,1,1995,21,21,21,21,21,21,21,21,21,21
121460,1,1,1995,0,0,0,0,0,8,0,0,0,0
121461,1,1,1995,0,0,0,0,0,0,0,0,0,0
121461,2,1,1995,0,0,0,0,0,0,0,0,0,0
121462,1,1,1995,0,0,0,0,0,0,0,0,0,0
121462,2,1,1995,0,0,0,0,0,0,0,0,0,0
121463,1,1,1995,23,23,23,23,23,23,23,23,23,23
121463,2,1,1995,0,0,0,0,0,0,0,0,0,0
121464,1,1,1995,0,0,0,0,0,0,0,0,0,0
121465,1,1,1995,0,0,0,0,0,0,0,0,0,0
121466,1,1,1995,0,0,0,0,0,0,0,0,0,0
121466,2,1,1995,0,0,0,0,0,0,0,0,0,0
121466,3,1,1995,0,0,0,0,0,0,0,0,0,0
121467,1,1,1995,0,0,0,0,0,0,0,0,0,0
121468,1,1,1995,21,21,21,21,21,21,21,21,21,21
121468,2,1,1995,0,0,0,0,0,0,0,0,0,0
121469,1,1,1995,0,0,0,0,0,0,0,0,0,0
121469,2,1,1995,0,0,0,0,0,0,0,0,0,0
121469,3,1,1995,0,0,0,0,0,0,0,0,0,0
121470,0,1,1995,0,0,0,0,0,0,0,0,0,0
121470,1,1,1995,5,5,5,5,5,5,5,5,5,5
121471,0,1,1995,17,0,11,17,22,8,20,17,0,0
121471,1,1,1995,21,21,21,21,21,21,21,21,21,21
121472,1,1,1995,18,18,18,18,18,18,18,18,18,18
121472,2,1,1995,0,0,0,0,0,0,0,0,0,0
121472,3,1,1995,0,0,0,0,0,0,0,0,0,0
121473,1,1,1995,0,0,0,0,0,0,0,11,0,0
121474,0,1,1995,16,13,47,17,9,33,20,16,0,18
121474,0,2,1995,9,23,20,13,21,35,0,11,37,22
121474,1,1,1995,19,0,0,12,0,0,0,0,0,0
121474,2,1,1995,0,0,0,0,0,0,7,0,0,0
121475,0,1,1995,21,21,21,21,21,21,21,21,21,21
121475,1,1,1995,0,0,0,0,0,0,0,0,0,0
121476,1,1,1995,0,0,0,0,0,0,0,0,0,0
121476,2,1,1995,0,0,0,0,0,0,0,0,0,0
121477,0,1,1995,0,0,0,0,0,0,0,0,0,0
121477,1,1,1995,0,0,0,0,0,0,0,0,0,0
121478,0,1,1995,0,0,0,0,0,0,0,0,0,0
121478,1,1,1995,0,0,0,0,0,0,0,0,0,0
121479,1,1,1995,0,0,0,0,0,0,0,0,0,0
121479,2,1,1995,0,0,0,0,0,0,0,0,0,25
121480,1,1,1995,19,19,19,19,19,19,19,19,19,19
121480,2,1,1995,0,0,0,0,0,0,0,0,0,0
121481,1,1,1995,0,0,0,0,0,0,0,0,0,0
121481,2,1,1995,0,0,0,0,0,0,0,0,0,0
121482,0,1,1995,0,0,0,0,0,0,0,0,0,0
121482,0,2,1995,9,17,0,22,0,13,35,12,43,39
121482,1,1,1995,0,0,0,0,0,0,0,0,0,0
121483,1,1,1995,0,0,0,0,0,0,0,0,0,0
121483,2,1,1995,0,0,0,0,0,0,0,0,0,0
121484,1,1,1995,0,0,0,0,0,0,0,0,0,0
121484,2,1,1995,0,0,0,0,0,0,0,26,0,0
121485,1,1,1995,14,14,14,14,14,14,14,14,14,14
121485,2,1,1995,22,22,22,22,22,22,22,22,22,22
121485,3,1,1995,7,7,7,7,7,7,7,7,7,7
121486,1,1,1995,0,0,0,0,0,0,0,0,0,0
121486,2,1,1995,25,0,25,0,0,0,0,0,8,0
121487,1,1,1995,0,0,0,0,0,0,0,0,0,0
121487,2,1,1995,0,0,0,0,0,0,0,0,0,0
121488,1,1,1995,0,0,0,0,0,0,0,0,0,0
121489,0,1,1995,22,22,22,22,22,22,22,22,22,22
121489,1,1,1995,0,0,0,0,0,0,0,0,0,0
121490,1,1,1995,0,0,0,0,0,0,0,0,0,0
121490,2,1,1995,0,0,0,0,0,20,0,0,0,0
121491,1,1,1995,23,23,23,23,23,23,23,23,23,23
121492,0,1,1995,0,0,0,0,0,0,0,0,0,0
121492,1,1,1995,0,0,0,0,0,0,0,0,0,0
121493,1,1,1995,11,0,0,15,0,20,14,3,0,19
121494,1,1,1995,26,26,26,26,26,26,26,26,26,26
121494,2,1,1995,6,6,6,6,6,6,6,6,6,6
121495,1,1,1995,21,21,21,21,21,21,21,21,21,21
121496,1,1,1995,0,0,19,0,12,7,0,0,8,0
121497,1,1,1995,27,27,27,27,27,27,27,27,27,27
121498,0,1,1995,10,27,10,0,14,26,28,40,27,24
121498,1,1,1995,0,0,0,0,0,0,0,0,0,0
121499,0,1,1995,25,25,25,25,25,25,25,25,25,25
121499,1,1,1995,0,0,0,0,0,0,0,0,0,0
121500,0,1,1995,0,0,0,0,27,0,0,0,0,0
121500,1,1,1995,0,0,0,0,0,0,0,0,0,0
121501,0,1,1995,0,0,0,0,0,0,0,0,0,0
121501,1,1,1995,10,0,0,0,0,5,0,0,0,15
121501,2,1,1995,0,0,0,0,0,0,0,0,0,23
121502,1,1,1995,22,22,22,22,22,22,22,22,22,22
121503,1,1,1995,0,0,0,0,0,0,0,0,0,0
121504,0,1,1995,26,0,19,0,0,0,0,0,0,0
121504,1,1,1995,5,0,0,0,0,0,0,0,0,0
121505,1,1,1995,0,0,0,0,0,0,0,0,0,0
121506,1,1,1995,0,0,0,0,0,0,0,0,0,0
121506,2,1,1995,0,0,0,0,0,0,0,0,0,0
121506,3,1,1995,0,0,0,0,0,0,0,0,0,0
121507,0,1,1995,0,0,0,0,0,0,0,0,0,0
121507,1,1,1995,0,0,0,0,0,0,0,0,0,0
121508,1,1,1995,0,0,0,0,0,0,0,0,0,0
121508,2,1,1995,0,0,0,0,0,0,0,0,0,0
121509,0,1,1995,0,0,0,32,0,0,25,32,0,13
121509,1,1,1995,16,16,16,16,16,16,16,16,16,16
121509,2,1,1995,0,0,0,0,0,0,0,0,0,0
121511,0,1,1995,15,15,15,15,15,15,15,15,15,15
121511,1,1,1995,0,0,0,0,0,0,0,0,0,0
121512,1,1,1995,0,0,0,0,0,0,0,0,0,0
121512,2,1,1995,0,0,0,0,0,0,0,0,0,0
121513,1,1,1995,0,0,0,0,0,0,0,0,0,0
121513,2,1,1995,0,0,0,0,0,0,0,0,0,0
121514,0,1,1995,0,0,0,0,0,0,0,23,17,6
121514,1,1,1995,0,0,0,0,0,0,0,0,0,0
121515,1,1,1995,0,0,0,0,0,0,0,0,0,0
121516,1,1,1995,0,0,0,0,0,0,0,0,0,0
121517,1,1,1995,0,0,0,0,0,0,0,0,0,0
121517,2,1,1995,0,0,0,0,0,0,0,0,0,0
121518,0,1,1995,16,0,0,0,0,0,0,27,0,9
121518,1,1,1995,0,0,0,0,0,0,0,0,0,0
121519,1,1,1995,0,0,0,23,0,8,0,0,10,7
121519,2,1,1995,0,0,0,5,0,0,0,0,0,0
121520,0,1,1995,31,31,31,31,31,31,31,31,31,31
121520,1,1,1995,0,0,0,7,0,0,0,0,0,0
121521,0,1,1995,0,0,0,0,0,0,0,0,0,0
121521,0,2,1995,0,0,0,0,0,0,0,0,0,0
121521,1,1,1995,0,0,0,0,0,0,0,0,0,0
121522,1,1,1995,0,0,0,0,0,0,0,0,0,0
121522,2,1,1995,0,0,0,0,0,0,0,0,0,0
121522,3,1,1995,0,0,0,0,0,0,0,0,0,0
121523,1,1,1995,0,0,0,0,0,0,0,0,0,0
121523,2,1,1995,0,0,0,0,14,0,0,0,0,0
121523,3,1,1995,0,0,0,0,0,0,0,0,0,0
121524,1,1,1995,0,0,0,0,0,0,0,0,0,0
121525,1,1,1995,0,0,0,0,0,0,0,0,0,0
121526,0,1,1995,0,0,0,0,0,0,0,0,0,0
121526,1,1,1995,0,0,0,0,0,0,0,0,0,0
121527,1,1,1995,0,0,0,0,11,0,0,0,0,0
121528,1,1,1995,22,22,22,22,22,22,22,22,22,22
121529,1,1,1995,0,0,0,0,0,0,0,0,0,0
121529,2,1,1995,0,0,0,0,0,0,0,0,0,0
121530,0,1,1995,0,0,0,0,0,0,0,0,21,22
121530,1,1,1995,12,0,0,0,0,0,0,0,0,0
121531,1,1,1995,0,0,0,0,0,0,0,0,0,0
121531,2,1,1995,0,0,0,0,0,0,0,0,0,0
121532,1,1,1995,23,23,23,23,23,23,23,23,23,23
121533,1,1,1995,0,0,0,0,0,0,0,0,0,0
121533,2,1,1995,0,0,0,0,0,0,0,0,0,0
121534,1,1,1995,15,15,15,15,15,15,15,15,15,15
121534,2,1,1995,0,0,0,0,0,0,0,0,0,0
121535,1,1,1995,20,20,20,20,20,20,20,20,20,20
121535,2,1,1995,0,0,0,0,0,0,0,0,0,0
121536,1,1,1995,0,0,0,0,0,0,0,0,0,0
121536,2,1,1995,0,0,0,0,0,0,0,0,0,0
121537,1,1,1995,30,15,0,0,9,0,13,0,0,10
121538,1,1,1995,0,0,0,0,0,0,0,0,0,0
121538,2,1,1995,0,0,0,0,0,0,0,0,9,0
121539,1,1,1995,0,0,0,0,0,0,0,0,0,0
121539,2,1,1995,0,0,0,0,0,0,0,0,0,0
121539,3,1,1995,0,0,0,0,0,0,0,0,0,0
121540,1,1,1995,0,0,0,13,0,0,0,30,0,0
121541,1,1,1995,0,0,0,0,0,0,0,0,0,0
121541,2,1,1995,12,12,12,12,12,12,12,12,12,12
121542,1,1,1995,0,0,4,0,0,0,0,0,0,0
121542,2,1,1995,0,0,0,0,0,0,0,0,0,0
121543,1,1,1995,16,16,16,16,16,16,16,16,16,16
121544,1,1,1995,0,0,0,0,0,0,0,0,0,0
121545,1,1,1995,13,13,13,13,13,13,13,13,13,13
121546,1,1,1995,19,19,19,19,19,19,19,19,19,19
121547,1,1,1995,0,0,0,0,0,0,0,0,0,0
121548,0,1,1995,0,0,0,0,0,0,0,0,0,0
121549,1,1,1995,0,0,0,0,0,0,0,0,0,0
121551,0,1,1995,0,6,0,28,0,10,25,0,6,12
121551,1,1,1995,0,0,0,0,0,0,0,0,0,29
121552,1,1,1995,0,0,0,2,0,0,0,0,0,14
121553,0,1,1995,0,0,0,0,0,0,0,16,0,0
121553,1,1,1995,0,0,0,0,0,0,2,0,0,0
121554,1,1,1995,14,22,0,18,11,9,0,10,27,32
121554,2,1,1995,0,0,0,0,0,0,0,0,0,0
121555,1,1,1995,0,0,0,0,0,0,0,0,0,0
121556,1,1,1995,28,28,28,28,28,28,28,28,28,28
121556,2,1,1995,0,0,0,0,0,0,0,0,0,0
121557,1,1,1995,8,8,8,8,8,8,8,8,8,8
121558,1,1,1995,16,16,16,16,16,16,16,16,16,16
121559,1,1,1995,14,14,14,14,14,14,14,14,14,14
121560,0,1,1995,0,0,0,0,0,0,0,0,0,0
121560,1,1,1995,0,0,0,0,0,0,0,0,0,0
121560,2,1,1995,0,0,0,0,0,0,0,0,0,0
121561,1,1,1995,0,0,0,0,0,0,0,0,0,0
121562,1,1,1995,10,10,10,10,10,10,10,10,10,10
121563,1,1,1995,15,15,15,15,15,15,15,15,15,15
121563,2,1,1995,0,0,0,0,0,0,0,0,0,0
121564,1,1,1995,0,0,0,0,0,0,0,0,0,0
121564,2,1,1995,0,0,0,0,0,0,0,0,0,0
121565,0,1,1995,36,36,36,36,36,36,36,36,36,36
121565,1,1,1995,0,0,0,0,0,0,0,0,0,0
121566,0,1,1995,0,0,0,0,0,0,0,0,0,0
121566,0,2,1995,0,13,0,0,0,0,0,0,0,0
121566,1,1,1995,5,0,0,0,0,7,0,0,0,0
121566,2,1,1995,0,0,0,0,0,0,0,0,0,0
121567,1,1,1995,14,14,14,14,14,14,14,14,14,14
121567,2,1,1995,0,0,0,0,0,0,0,0,0,0
121568,1,1,1995,0,0,0,0,0,0,0,0,0,0
121568,2,1,1995,0,0,0,0,0,0,0,0,0,0
121569,1,1,1995,0,0,0,0,0,0,0,0,0,0
121570,1,1,1995,0,0,0,0,0,0,0,0,0,0
121570,2,1,1995,17,0,0,0,0,0,0,0,0,0
121571,1,1,1995,0,0,0,0,0,0,0,0,0,0
121571,2,1,1995,0,0,0,0,0,0,0,0,0,0
121573,0,1,1995,0,10,10,39,0,22,43,24,13,24
121573,1,1,1995,0,0,0,0,0,0,2,0,0,0
121574,1,1,1995,0,0,0,0,0,0,0,0,0,0
121574,2,1,1995,0,0,0,0,0,0,0,0,9,0
121575,1,1,1995,0,0,0,0,0,0,0,0,0,0
121575,2,1,1995,0,0,0,0,0,0,0,0,8,0
121576,1,1,1995,0,0,0,0,0,0,0,0,0,0
121576,2,1,1995,0,0,0,0,0,0,0,0,0,0
121577,1,1,1995,0,0,0,0,0,0,0,0,0,0
121577,2,1,1995,0,0,0,0,0,0,0,0,0,0
121578,1,1,1995,0,0,0,19,0,0,0,20,0,20
121579,1,1,1995,0,0,0,0,0,0,0,0,0,0
121579,2,1,1995,0,0,0,0,0,0,0,0,0,0
121580,1,1,1995,0,0,0,11,0,0,0,0,0,0
121580,2,1,1995,0,0,0,0,0,0,0,0,0,0
121581,1,1,1995,10,10,10,10,10,10,10,10,10,10
121582,0,1,1995,0,0,0,0,0,0,0,0,0,0
121582,1,1,1995,0,0,0,0,0,0,0,0,0,0
121583,1,1,1995,0,0,0,0,0,0,0,0,0,0
121584,1,1,1995,27,27,27,27,27,27,27,27,27,27
121584,2,1,1995,0,0,0,0,0,0,0,0,0,0
121585,1,1,1995,0,0,0,0,0,0,0,0,0,0
121585,2,1,1995,0,0,0,0,0,0,0,0,0,0
121586,1,1,1995,0,0,0,0,0,0,0,0,0,0
121586,2,1,1995,0,0,0,0,0,0,0,0,0,0
121587,1,1,1995,0,0,0,0,0,0,0,0,0,0
121587,2,1,1995,0,0,0,0,0,0,0,0,0,0
121588,0,1,1995,0,0,0,0,0,0,0,0,0,0
121588,1,1,1995,0,0,0,15,0,0,30,7,0,16
121589,1,1,1995,0,0,0,0,0,0,0,0,0,0
121589,2,1,1995,0,10,13,0,12,48,35,7,45,0
121590,0,1,1995,0,0,0,0,0,0,0,0,0,0
121590,1,1,1995,0,0,0,0,0,0,0,0,0,0
121591,1,1,1995,24,24,24,24,24,24,24,24,24,24
121591,2,1,1995,0,0,0,0,0,0,9,0,0,0
121592,1,1,1995,0,0,0,0,0,0,0,0,0,0
121592,2,1,1995,0,0,0,0,0,0,0,0,0,0
121592,3,1,1995,26,0,0,0,0,0,6,0,0,0
121593,1,1,1995,0,0,0,0,0,0,0,0,0,0
121593,2,1,1995,0,0,0,0,0,0,0,0,0,0
121594,1,1,1995,15,15,15,15,15,15,15,15,15,15
121594,2,1,1995,0,0,0,0,0,0,0,0,0,0
121594,3,1,1995,0,19,0,0,0,0,0,0,0,0
121595,1,1,1995,13,13,13,13,13,13,13,13,13,13
121598,1,1,1995,0,0,0,0,0,0,0,0,0,0
121599,0,1,1995,0,0,0,0,0,0,0,0,0,0
121599,1,1,1995,0,0,0,0,0,0,0,0,0,0
121600,0,1,1995,0,0,0,0,0,0,0,0,0,0
121600,1,1,1995,0,0,0,0,0,0,0,0,0,0
121601,1,1,1995,0,0,0,0,0,0,0,0,0,0
121602,1,1,1995,0,0,0,0,0,0,0,0,0,0
121602,2,1,1995,0,0,0,0,0,0,0,0,0,0
121603,1,1,1995,0,0,0,0,0,0,0,14,0,0
121604,1,1,1995,0,0,0,0,0,0,0,0,0,0
121604,2,1,1995,0,0,0,0,0,0,0,0,17,0
121605,1,1,1995,3,3,3,3,3,3,3,3,3,3
121606,0,1,1995,0,0,0,0,0,0,0,0,0,0
121606,1,1,1995,0,0,0,0,0,0,0,0,0,0
121606,2,1,1995,0,0,0,0,0,0,0,0,0,0
121607,1,1,1995,0,0,0,0,16,0,0,0,0,0
121608,1,1,1995,0,0,0,0,0,0,0,0,0,0
121608,2,1,1995,0,0,0,0,0,0,0,0,0,0
121609,0,1,1995,0,0,0,0,0,0,0,0,0,0
121609,1,1,1995,0,0,0,0,0,0,0,0,0,0
121610,1,1,1995,25,25,25,25,25,25,25,25,25,25
121610,2,1,1995,0,0,0,0,0,0,0,0,0,0
121611,0,1,1995,0,0,0,0,0,0,0,0,0,0
121611,1,1,1995,0,0,0,0,3,0,0,0,0,0
121612,0,1,1995,25,0,22,0,43,0,22,0,24,13
121612,1,1,1995,0,0,0,0,0,0,0,0,0,0
121613,1,1,1995,0,0,0,0,0,0,0,0,0,0
121613,2,1,1995,0,0,0,0,0,0,0,0,0,0
121614,1,1,1995,0,0,0,0,0,0,0,0,0,0
121615,1,1,1995,21,21,21,21,21,21,21,21,21,21
121615,2,1,1995,16,16,16,16,16,16,16,16,16,16
121616,0,1,1995,14,14,14,14,14,14,14,14,14,14
121616,1,1,1995,0,0,0,0,0,0,14,0,0,0
121617,1,1,1995,0,0,0,0,0,0,0,0,0,0
121617,2,1,1995,11,11,11,11,11,11,11,11,11,11
121617,3,1,1995,0,0,0,0,0,0,0,0,0,0
121617,4,1,1995,0,0,0,0,0,0,0,0,0,0
121617,5,1,1995,0,0,0,0,0,0,0,0,0,0
121617,6,1,1995,0,0,0,0,0,0,0,0,0,0
121618,1,1,1995,0,0,0,0,0,0,0,0,0,0
121618,2,1,1995,0,0,0,0,0,0,0,0,0,0
121619,1,1,1995,0,0,0,0,0,0,0,0,0,0
121619,2,1,1995,13,0,0,0,0,0,0,0,0,0
121619,3,1,1995,0,0,0,0,0,0,0,0,0,0
121620,0,1,1995,16,13,18,15,24,8,15,0,26,0
121620,0,2,1995,0,0,0,0,0,0,0,0,0,0
121620,1,1,1995,0,0,0,0,0,0,0,0,0,0
121621,0,1,1995,0,0,0,0,0,0,0,0,0,0
121621,0,2,1995,43,44,12,9,28,0,0,20,0,0
121621,1,1,1995,0,0,0,0,0,0,0,0,0,17
121622,1,1,1995,0,0,0,0,0,0,0,0,0,0
121622,2,1,1995,0,0,12,0,0,0,0,0,0,0
121623,0,1,1995,17,17,17,17,17,17,17,17,17,17
121623,1,1,1995,0,0,0,0,0,0,0,0,0,0
121623,2,1,1995,0,0,0,0,0,0,0,0,0,0
121624,1,1,1995,0,0,0,0,0,0,0,0,0,0
121625,1,1,1995,0,0,0,0,0,0,0,0,0,0
121626,1,1,1995,0,0,0,0,0,0,0,0,0,0
121626,2,1,1995,0,0,0,0,15,0,0,0,0,0
121627,1,1,1995,0,0,0,0,0,0,0,0,0,0
121628,1,1,1995,11,11,11,11,11,11,11,11,11,11
121629,0,1,1995,0,0,0,0,0,0,0,0,0,0
121629,1,1,1995,0,0,0,0,0,0,0,0,0,0
121630,1,1,1995,0,0,0,0,0,0,0,0,0,0
121630,2,1,1995,0,0,0,0,0,0,0,0,0,0
121631,1,1,1995,0,0,0,0,0,0,0,0,0,0
121631,2,1,1995,0,0,0,0,0,0,0,0,0,0
121632,1,1,1995,8,8,8,8,8,8,8,8,8,8
121632,2,1,1995,0,0,0,0,0,0,0,0,0,0
121633,0,1,1995,0,0,0,0,0,0,0,21,0,0
121633,1,1,1995,17,5,6,0,43,0,10,33,0,0
121634,1,1,1995,0,0,0,0,0,0,0,0,0,0
121634,2,1,1995,0,0,0,0,0,0,0,0,0,0
121635,0,1,1995,25,25,25,25,25,25,25,25,25,25
121635,1,1,1995,0,0,0,0,0,0,0,0,0,0
121635,2,1,1995,23,12,0,0,0,0,0,9,3,0
121636,1,1,1995,4,4,4,4,4,4,4,4,4,4
121637,1,1,1995,0,0,0,0,0,0,0,0,0,0
121637,2,1,1995,0,0,0,0,0,0,0,0,0,0
121638,0,1,1995,8,8,8,8,8,8,8,8,8,8
121638,1,1,1995,0,0,0,0,0,0,0,32,0,0
121639,1,1,1995,0,0,0,0,0,0,0,0,0,0
121639,2,1,1995,0,0,0,0,0,0,0,0,0,0
121640,0,1,1995,49,0,22,0,0,23,0,0,29,0
121640,1,1,1995,0,0,0,0,0,0,0,0,7,0
121641,1,1,1995,0,0,0,0,0,0,0,0,0,0
121641,2,1,1995,0,0,0,0,0,0,0,0,0,0
121642,1,1,1995,0,0,0,0,0,0,0,0,0,0
121642,2,1,1995,0,0,29,0,0,0,0,0,0,0
121643,1,1,1995,0,0,0,0,0,0,0,0,0,0
121643,2,1,1995,0,0,0,0,0,0,0,0,0,0
121644,1,1,1995,18,18,18,18,18,18,18,18,18,18
121644,2,1,1995,0,0,10,0,0,0,0,0,0,0
121646,0,1,1995,0,0,0,0,0,0,0,0,0,0
121646,1,1,1995,0,0,0,0,0,0,0,0,0,0
121647,1,1,1995,4,25,24,0,23,22,18,17,12,10
121648,0,1,1995,7,7,7,7,7,7,7,7,7,7
121648,1,1,1995,20,0,0,0,8,0,35,28,0,9
121649,0,1,1995,22,22,22,22,22,22,22,22,22,22
121649,1,1,1995,0,0,0,0,0,0,0,0,0,0
121650,1,1,1995,9,9,9,9,9,9,9,9,9,9
121650,2,1,1995,0,0,0,0,0,0,0,0,0,0
121651,0,1,1995,18,18,18,18,18,18,18,18,18,18
121651,1,1,1995,0,19,17,0,0,0,0,0,0,0
121652,1,1,1995,20,20,20,20,20,20,20,20,20,20
121653,1,1,1995,26,26,26,26,26,26,26,26,26,26
121653,2,1,1995,0,0,0,0,0,0,0,0,0,0
121654,1,1,1995,0,0,0,0,0,0,0,0,0,0
121654,2,1,1995,0,0,0,0,0,0,0,0,0,0
121655,1,1,1995,0,0,0,0,0,0,0,0,0,0
121655,2,1,1995,0,0,0,0,0,0,0,0,0,0
121656,1,1,1995,10,10,10,10,10,10,10,10,10,10
121657,1,1,1995,0,0,0,0,0,0,0,0,0,0