ST_CASE,VEH_NO,PER_NO,YEAR,P1,P2,P3,P4,P5,P6,P7,P8,P9,P10
121910,0,1,1995,17,17,17,17,17,17,17,17,17,17
121910,1,1,1995,0,0,0,0,0,0,0,0,0,0
121911,1,1,1995,5,5,5,5,5,5,5,5,5,5
121912,1,1,1995,0,0,0,0,0,0,0,0,0,0
121913,1,1,1995,22,22,22,22,22,22,22,22,22,22
121914,1,1,1995,9,9,9,9,9,9,9,9,9,9
121915,1,1,1995,0,0,0,0,0,0,0,0,0,0
121916,1,1,1995,11,11,11,11,11,11,11,11,11,11
121917,1,1,1995,8,8,8,8,8,8,8,8,8,8
121918,1,1,1995,5,5,5,5,5,5,5,5,5,5
121919,1,1,1995,14,14,14,14,14,14,14,14,14,14
121920,1,1,1995,30,30,30,30,30,30,30,30,30,30
121921,1,1,1995,0,0,0,0,0,0,0,0,0,0
121921,2,1,1995,0,0,0,0,0,0,0,0,0,0
121921,3,1,1995,0,0,0,0,0,0,0,0,0,0
121922,0,1,1995,20,20,20,20,20,20,20,20,20,20
121922,1,1,1995,0,0,9,0,0,0,12,6,15,0
121923,1,1,1995,0,0,0,0,0,0,0,0,0,0
121923,2,1,1995,0,0,0,0,0,0,0,0,0,0
121924,1,1,1995,15,15,15,15,15,15,15,15,15,15
121925,1,1,1995,0,0,0,0,0,0,0,0,0,0
121925,2,1,1995,0,0,0,0,0,0,0,0,0,0
121926,1,1,1995,11,0,0,28,15,0,16,0,0,18
121927,1,1,1995,0,17,20,9,22,0,0,0,0,0
121928,0,1,1995,19,0,0,0,0,0,46,0,18,0
121928,1,1,1995,0,0,0,0,0,0,0,0,0,0
121929,0,1,1995,0,6,0,19,47,0,15,29,0,31
121929,1,1,1995,0,4,0,23,0,0,0,2,0,0
121930,0,1,1995,0,0,0,0,0,0,0,0,0,0
121930,1,1,1995,0,0,0,0,0,0,0,0,0,0
121931,0,1,1995,0,0,0,0,0,0,0,0,0,0
121931,1,1,1995,0,0,0,0,0,0,0,0,0,0
121932,1,1,1995,27,27,27,27,27,27,27,27,27,27
121933,0,1,1995,19,19,19,19,19,19,19,19,19,19
121933,0,2,1995,9,0,10,12,7,0,0,15,13,23
121933,1,1,1995,14,14,14,14,14,14,14,14,14,14
121934,0,1,1995,0,0,0,0,0,0,0,0,0,0
121934,2,1,1995,0,0,0,0,0,0,0,0,0,0
121935,1,1,1995,26,26,26,26,26,26,26,26,26,26
121936,1,1,1995,27,27,27,27,27,27,27,27,27,27
121937,1,1,1995,20,20,20,20,20,20,20,20,20,20
121938,1,1,1995,0,0,0,0,0,0,0,0,0,0
121938,2,1,1995,0,0,0,0,0,0,0,0,0,0
121939,1,1,1995,20,0,0,0,0,0,0,9,0,0
121939,2,1,1995,0,0,0,0,0,0,0,0,0,0
121940,1,1,1995,0,0,0,0,0,0,0,0,0,0
121941,1,1,1995,0,0,0,0,0,0,0,0,0,0
121942,1,1,1995,0,0,0,0,0,0,0,0,0,0
121942,2,1,1995,0,0,0,0,0,9,0,0,0,0
121943,1,1,1995,17,17,17,17,17,17,17,17,17,17
121944,1,1,1995,17,17,17,17,17,17,17,17,17,17
121945,1,2,1995,12,14,6,15,26,16,24,2,4,6
121946,1,1,1995,6,6,6,6,6,6,6,6,6,6
121946,2,1,1995,8,8,8,8,8,8,8,8,8,8
121947,1,1,1995,29,29,29,29,29,29,29,29,29,29
121947,2,1,1995,0,0,0,0,0,0,0,0,0,0
121948,1,1,1995,0,0,0,0,0,0,0,0,0,0
121948,2,1,1995,0,15,0,0,0,0,0,0,0,0
121949,0,1,1995,0,0,0,0,15,0,0,0,0,0
121949,1,1,1995,21,14,12,16,21,18,17,0,0,0
121950,1,1,1995,0,0,0,0,0,0,0,0,0,0
121951,1,1,1995,0,0,0,0,0,0,0,0,0,0
121951,2,1,1995,0,0,0,0,0,0,0,0,0,0
121952,1,1,1995,20,0,0,0,0,0,0,0,0,0
121952,2,1,1995,0,0,0,0,0,0,0,0,0,0
121953,1,1,1995,15,0,0,0,0,0,0,0,0,0
121953,2,1,1995,0,0,0,0,0,0,0,0,0,0
121953,3,1,1995,0,0,0,0,0,0,0,0,0,0
121953,4,1,1995,0,0,0,0,0,0,0,0,0,0
121954,1,1,1995,8,8,8,8,8,8,8,8,8,8
121955,1,1,1995,0,0,0,0,0,0,0,0,0,0
121955,2,1,1995,0,0,0,0,0,0,0,0,0,0
121956,1,1,1995,0,0,0,0,0,0,0,0,0,0
121956,2,1,1995,0,0,0,0,0,0,0,0,0,0
121957,1,1,1995,0,0,0,0,0,0,0,0,0,0
121957,2,1,1995,0,0,0,0,0,0,0,0,0,0
121958,1,1,1995,0,0,0,0,0,0,0,0,0,0
121958,2,1,1995,0,0,0,0,0,0,0,0,0,0
121958,3,1,1995,0,0,0,0,0,0,0,0,0,0
121959,1,1,1995,0,0,0,0,0,0,0,0,0,0
121959,2,1,1995,0,0,0,0,0,0,0,0,0,0
121960,1,1,1995,0,0,0,25,0,22,18,0,0,0
121961,1,1,1995,0,0,0,0,0,0,0,0,9,8
121962,1,1,1995,2,2,2,2,2,2,2,2,2,2
121962,2,1,1995,0,0,0,0,0,0,0,0,0,0
121963,1,1,1995,11,11,11,11,11,11,11,11,11,11
121963,2,1,1995,0,9,36,0,0,9,0,0,0,0
121964,0,1,1995,0,0,0,0,0,0,0,0,0,0
121964,1,1,1995,32,32,32,32,32,32,32,32,32,32
121965,1,1,1995,22,22,22,22,22,22,22,22,22,22
121966,1,1,1995,0,0,0,0,0,0,0,0,0,0
121966,2,1,1995,0,0,0,0,0,0,0,0,0,0
121967,1,1,1995,0,0,0,0,0,0,0,0,0,0
121967,2,1,1995,0,0,0,0,0,0,0,0,0,0
121968,1,1,1995,0,0,0,0,0,0,0,0,0,0
121968,2,1,1995,0,0,0,0,0,0,0,0,0,0
121969,1,1,1995,0,0,0,0,0,0,0,0,0,0
121970,1,1,1995,0,0,0,0,0,0,0,0,0,0
121971,0,1,1995,8,0,12,0,20,0,7,25,0,20
121971,1,1,1995,0,0,0,0,0,0,0,0,0,0
121972,1,1,1995,0,0,0,0,0,0,0,0,0,0
121972,2,1,1995,6,0,0,0,0,0,0,0,0,0
121973,0,1,1995,0,0,0,0,0,0,0,0,0,0
121973,1,1,1995,0,0,0,0,0,0,0,0,0,0
121974,1,1,1995,0,0,0,0,0,0,0,0,0,0
121974,2,1,1995,0,0,0,0,0,0,0,0,0,0
121975,0,1,1995,2,2,2,2,2,2,2,2,2,2
121975,1,1,1995,0,0,0,0,0,0,0,0,0,0
121976,1,1,1995,0,0,0,0,0,0,0,0,0,0
121976,2,1,1995,0,0,0,13,0,0,0,0,0,0
121977,1,1,1995,0,0,0,0,0,0,0,0,0,0
121977,2,1,1995,0,0,0,0,0,0,0,0,0,0
121978,1,1,1995,11,11,11,11,11,11,11,11,11,11
121978,2,1,1995,0,0,0,0,0,0,0,0,0,0
121979,0,1,1995,29,29,29,29,29,29,29,29,29,29
121979,1,1,1995,0,0,0,0,0,0,0,0,0,0
121980,0,1,1995,0,0,0,0,0,0,0,0,0,0
121980,1,1,1995,0,0,0,0,0,0,0,0,0,0
121981,1,1,1995,0,0,0,0,0,0,0,0,0,0
121981,2,1,1995,0,0,0,0,0,0,0,0,0,0
121982,1,1,1995,13,13,13,13,13,13,13,13,13,13
121982,2,1,1995,0,0,0,0,0,0,0,0,0,0
121983,0,1,1995,0,0,0,0,0,0,0,0,0,0
121983,1,1,1995,7,7,7,7,7,7,7,7,7,7
121984,1,1,1995,9,9,9,9,9,9,9,9,9,9
121984,2,1,1995,0,0,0,0,0,0,0,0,11,0
121985,1,1,1995,0,0,0,0,0,0,0,0,0,0
121985,2,1,1995,0,0,0,0,0,0,0,0,0,0
121986,1,1,1995,0,0,0,0,0,0,0,0,0,0
121986,2,1,1995,23,23,23,23,23,23,23,23,23,23
121987,1,1,1995,0,0,17,0,0,0,26,0,0,10
121987,2,1,1995,0,0,0,0,0,0,0,0,0,0
121988,1,1,1995,0,0,0,0,0,0,0,0,0,0
121988,2,1,1995,6,6,6,6,6,6,6,6,6,6
121989,1,1,1995,27,27,27,27,27,27,27,27,27,27
121989,2,1,1995,0,0,0,0,0,0,0,0,0,0
121989,3,1,1995,0,0,0,0,0,0,0,0,0,0
121990,0,1,1995,0,0,0,0,0,0,0,22,35,0
121990,1,1,1995,0,0,0,0,0,0,0,0,0,0
121991,0,1,1995,0,0,0,0,0,0,0,0,0,0
121991,0,2,1995,14,19,8,0,35,32,0,18,0,0
121991,1,1,1995,0,0,0,0,0,0,0,0,0,0
121992,1,1,1995,0,0,0,0,0,0,0,0,0,0
121992,2,1,1995,0,0,0,0,0,0,11,0,0,0
121993,1,1,1995,0,0,0,0,0,0,0,0,0,0
121993,2,1,1995,0,0,0,17,0,0,0,0,0,0
121994,1,1,1995,0,0,0,0,0,0,0,0,0,0
121994,2,1,1995,0,0,0,0,0,0,0,0,0,0
121995,0,1,1995,20,20,20,20,20,20,20,20,20,20
121995,1,1,1995,0,0,0,0,0,0,0,0,0,0
121996,0,1,1995,0,0,0,0,0,0,0,0,0,0
121996,1,1,1995,0,0,0,0,0,0,0,0,0,0
121997,1,1,1995,0,0,0,0,0,0,0,0,11,0
121997,2,1,1995,0,0,0,0,0,0,0,0,0,0
121997,3,1,1995,0,0,0,0,0,0,0,0,0,0
121998,1,1,1995,0,0,0,0,15,0,0,0,0,0
121998,2,1,1995,0,0,0,0,0,0,0,0,0,0
121999,0,1,1995,24,24,24,24,24,24,24,24,24,24
121999,1,1,1995,0,0,0,0,0,0,0,0,0,0
122000,0,1,1995,0,0,0,0,0,0,0,0,0,0
122000,1,1,1995,0,0,0,0,0,0,0,0,0,0
122001,1,1,1995,21,21,21,21,21,21,21,21,21,21
122002,1,1,1995,0,0,0,0,6,0,0,0,0,0
122002,2,1,1995,0,0,0,0,0,0,0,0,0,0
122003,1,1,1995,0,0,0,0,0,0,0,0,0,0
122003,2,1,1995,0,0,0,0,0,0,0,0,0,0
122003,3,1,1995,0,0,0,0,0,0,12,0,0,0
122003,4,1,1995,0,0,0,0,0,0,0,0,0,0
122004,1,1,1995,0,0,0,0,0,0,0,0,0,0
122004,2,1,1995,0,0,0,0,0,0,0,0,0,0
122005,0,1,1995,12,12,12,12,12,12,12,12,12,12
122005,1,1,1995,0,0,0,0,0,0,0,0,0,0
122005,2,1,1995,0,0,0,0,0,0,0,0,0,0
122006,1,1,1995,13,13,13,13,13,13,13,13,13,13
122006,2,1,1995,0,0,0,0,0,0,0,0,0,0
122006,3,1,1995,14,14,14,14,14,14,14,14,14,14
122007,1,1,1995,0,0,0,0,0,0,0,0,0,0
122007,2,1,1995,0,0,0,15,0,0,0,0,0,0
122008,1,1,1995,19,19,19,19,19,19,19,19,19,19
122008,2,1,1995,0,0,0,0,0,0,0,0,0,0
122009,1,1,1995,0,0,0,0,0,0,0,0,0,0
122009,2,1,1995,15,0,0,0,0,0,0,0,0,0
122009,3,1,1995,0,0,0,0,0,0,0,0,0,0
122010,1,1,1995,7,7,7,7,7,7,7,7,7,7
122011,0,1,1995,20,5,31,11,23,31,20,31,9,0
122011,1,1,1995,0,6,0,25,25,0,16,21,29,0
122012,1,1,1995,0,0,0,0,0,0,0,0,0,0
122012,2,1,1995,0,0,0,21,0,0,11,0,0,0
122013,0,1,1995,0,0,0,0,0,0,27,0,0,0
122013,1,1,1995,0,0,0,0,0,0,0,0,0,0
122014,1,1,1995,27,27,27,27,27,27,27,27,27,27
122014,2,1,1995,0,0,0,0,0,0,0,0,0,0
122015,0,1,1995,0,0,0,0,27,0,0,29,0,26
122015,1,1,1995,0,0,0,0,0,0,0,0,0,22
122016,0,1,1995,0,0,0,0,0,0,0,0,0,0
122016,1,1,1995,7,0,0,0,11,0,0,9,0,0
122016,2,1,1995,0,0,0,0,0,0,0,0,0,0
122017,0,1,1995,0,0,0,0,0,0,0,0,0,0
122018,1,1,1995,0,0,0,0,0,0,0,0,0,0
122018,2,1,1995,0,0,0,0,0,0,0,0,0,0
122019,1,1,1995,0,0,0,0,0,0,0,0,0,0
122020,1,1,1995,0,0,0,13,0,0,10,0,0,0
122021,1,1,1995,0,0,0,0,0,0,0,0,0,0
122022,1,1,1995,11,22,0,30,14,26,14,0,16,15
122023,1,1,1995,14,14,14,14,14,14,14,14,14,14
122024,1,1,1995,13,0,20,22,0,0,0,8,0,34
122025,1,1,1995,0,0,0,0,0,0,0,0,0,0
122026,0,1,1995,24,24,24,24,24,24,24,24,24,24
122026,1,1,1995,0,0,0,0,0,0,0,0,0,6
122027,1,1,1995,0,0,0,0,0,0,0,0,0,0
122028,1,1,1995,0,0,0,0,0,0,0,0,0,0
122028,2,1,1995,0,0,0,0,0,0,0,0,0,0
122029,1,1,1995,0,0,0,0,0,0,0,0,0,0
122030,1,1,1995,0,0,0,0,0,0,0,0,0,0
122030,2,1,1995,0,0,20,0,0,0,0,0,0,0
122031,0,1,1995,0,0,0,0,0,0,0,0,0,0
122031,1,1,1995,0,0,0,0,0,0,0,0,0,0
122032,1,1,1995,0,0,0,0,0,0,0,0,0,0
122032,2,1,1995,0,0,0,0,0,0,0,0,0,0
122033,0,1,1995,26,26,26,26,26,26,26,26,26,26
122033,1,1,1995,0,0,0,0,0,0,0,0,0,0
122034,1,1,1995,9,9,9,9,9,9,9,9,9,9
122035,0,1,1995,0,0,0,0,0,0,0,0,0,0
122035,1,1,1995,0,0,0,0,0,0,0,0,0,0
122036,1,1,1995,10,10,10,10,10,10,10,10,10,10
122036,2,1,1995,17,17,17,17,17,17,17,17,17,17
122036,3,1,1995,0,0,0,0,0,0,0,0,0,0
122037,1,1,1995,0,0,0,0,0,0,0,0,0,0
122037,2,1,1995,0,0,0,0,0,0,0,0,0,0
122038,1,1,1995,5,5,5,5,5,5,5,5,5,5
122038,2,1,1995,0,0,0,0,0,0,0,0,0,0
122038,3,1,1995,0,0,0,0,0,0,0,0,0,0
122038,4,1,1995,0,0,0,0,0,0,0,0,0,0
122039,1,1,1995,0,0,0,25,0,0,16,10,24,32
122040,1,1,1995,12,12,12,12,12,12,12,12,12,12
122040,2,1,1995,0,4,0,0,0,0,0,0,0,0
122041,0,1,1995,4,4,4,4,4,4,4,4,4,4
122041,1,1,1995,0,0,0,0,0,0,0,0,0,0
122042,0,1,1995,34,34,34,34,34,34,34,34,34,34
122042,1,1,1995,12,12,12,12,12,12,12,12,12,12
122042,2,1,1995,17,12,0,0,23,11,21,0,6,0
122043,0,1,1995,0,0,0,0,0,0,0,0,0,0
122043,1,1,1995,0,0,0,0,0,0,0,0,0,0
122044,1,1,1995,0,0,0,0,0,0,0,0,0,0
122044,2,1,1995,0,0,0,0,0,0,0,0,0,0
122044,3,1,1995,0,0,0,0,0,0,0,0,0,0
122044,4,1,1995,0,18,0,0,0,0,0,0,0,0
122045,0,1,1995,32,32,32,32,32,32,32,32,32,32
122045,1,1,1995,0,0,0,0,0,0,0,0,0,0
122046,1,1,1995,0,0,0,0,0,0,0,0,0,0
122046,2,1,1995,0,0,0,0,0,0,0,0,0,0
122047,0,1,1995,13,13,13,13,13,13,13,13,13,13
122047,1,1,1995,0,0,0,0,0,0,0,0,0,0
122048,1,1,1995,19,19,19,19,19,19,19,19,19,19
122049,1,1,1995,8,18,26,30,13,33,13,9,28,10
122050,1,1,1995,25,25,25,25,25,25,25,25,25,25
122051,1,1,1995,0,21,0,21,0,27,0,0,0,0
122052,0,1,1995,8,30,23,8,18,24,37,20,11,29
122052,1,1,1995,0,17,0,0,16,0,28,0,18,22
122053,1,1,1995,0,0,0,0,0,0,0,0,0,0
122053,2,1,1995,0,0,0,0,0,0,0,0,0,0
122053,3,1,1995,0,0,0,0,0,0,0,0,10,0
122054,1,1,1995,34,34,34,34,34,34,34,34,34,34
122055,1,1,1995,15,15,15,15,15,15,15,15,15,15
122055,2,1,1995,0,0,0,6,0,0,0,0,0,0
122056,1,1,1995,0,0,0,0,24,27,0,9,0,22
122057,0,1,1995,1,1,1,1,1,1,1,1,1,1
122057,1,1,1995,0,0,0,0,0,0,0,0,0,0
122059,1,1,1995,0,0,0,0,0,0,0,0,0,0
122059,2,1,1995,0,0,0,0,0,0,0,0,0,0
122060,1,1,1995,0,0,0,0,0,0,0,0,0,0
122060,2,1,1995,0,0,0,0,0,0,0,0,0,0
122061,1,1,1995,19,19,19,19,19,19,19,19,19,19
122062,1,1,1995,0,0,0,0,0,0,0,0,0,0
122062,2,1,1995,0,0,0,0,0,0,0,0,0,0
122063,1,1,1995,4,4,4,4,4,4,4,4,4,4
122064,1,1,1995,19,19,19,19,19,19,19,19,19,19
122065,1,1,1995,21,21,21,21,21,21,21,21,21,21
122065,2,1,1995,0,0,0,0,0,12,0,0,0,0
122065,3,1,1995,0,15,0,0,0,0,0,0,0,0
122065,4,1,1995,13,0,0,0,0,15,0,0,27,0
122066,1,1,1995,0,0,0,0,0,0,0,0,0,0
122066,2,1,1995,0,0,0,0,0,0,0,0,0,0
122067,1,1,1995,25,25,25,25,25,25,25,25,25,25
122068,0,1,1995,12,12,12,12,12,12,12,12,12,12
122068,1,1,1995,0,0,0,0,0,0,0,0,0,0
122069,1,1,1995,0,0,0,0,0,0,0,0,0,0
122069,2,1,1995,0,0,0,0,0,0,0,0,0,0
122070,1,1,1995,0,0,0,0,0,0,0,0,0,0
122070,2,1,1995,0,0,0,0,0,0,0,0,0,0
122071,0,1,1995,35,35,35,35,35,35,35,35,35,35
122071,1,1,1995,0,0,0,0,0,0,0,0,0,0
122072,1,1,1995,0,0,0,0,0,0,20,0,0,0
122072,2,1,1995,0,0,0,0,0,0,0,0,0,0
122072,3,1,1995,0,0,0,0,0,0,0,0,0,0
122073,1,1,1995,0,0,0,0,0,0,0,0,0,0
122073,2,1,1995,0,0,0,0,0,0,0,0,0,0
122073,3,1,1995,0,0,0,0,0,0,0,0,0,0
122074,1,1,1995,0,0,0,0,0,0,0,0,0,0
122074,2,1,1995,0,0,0,0,0,0,0,0,0,0
122075,1,1,1995,25,25,25,25,25,25,25,25,25,25
122075,2,1,1995,0,0,0,0,0,0,0,0,0,0
122076,1,1,1995,19,19,19,19,19,19,19,19,19,19
122076,2,1,1995,3,3,3,3,3,3,3,3,3,3
122077,1,1,1995,6,6,6,6,6,6,6,6,6,6
122077,2,1,1995,0,0,0,0,0,0,0,0,0,6
122077,3,1,1995,0,20,0,0,0,0,0,0,0,0
122078,1,1,1995,0,0,0,0,0,0,0,0,0,0
122078,2,1,1995,0,0,0,0,0,0,0,0,0,0
122078,3,1,1995,0,0,0,0,0,0,0,0,0,0
122078,4,1,1995,0,0,0,0,0,0,0,0,0,0
122079,1,1,1995,26,0,0,19,9,7,13,13,14,20
122080,1,1,1995,0,0,0,0,0,0,0,0,0,0
122080,2,1,1995,0,0,0,0,0,0,0,0,0,0
122081,1,1,1995,0,0,0,0,0,0,0,0,0,0
122082,0,1,1995,0,0,0,0,0,0,0,0,0,0
122082,1,1,1995,0,0,0,0,0,0,0,0,0,0
122083,0,1,1995,3,3,3,3,3,3,3,3,3,3
122083,1,1,1995,0,0,0,0,0,0,0,0,0,0
122084,0,1,1995,42,42,42,42,42,42,42,42,42,42
122084,1,1,1995,0,0,0,0,0,0,0,0,0,0
122084,2,1,1995,0,0,0,0,0,0,0,0,0,0
122085,1,1,1995,23,23,23,23,23,23,23,23,23,23
122085,2,1,1995,0,0,0,0,0,0,0,0,5,17
122086,1,1,1995,22,22,22,22,22,22,22,22,22,22
122086,2,1,1995,0,0,0,0,0,0,0,0,0,0
122087,0,1,1995,27,27,27,27,27,27,27,27,27,27
122087,1,1,1995,0,0,0,0,0,0,0,0,0,0
122088,1,1,1995,21,21,21,21,21,21,21,21,21,21
122089,0,1,1995,15,15,15,15,15,15,15,15,15,15
122089,1,1,1995,0,0,0,0,0,0,0,0,0,0
122090,1,1,1995,0,0,0,0,0,0,0,0,0,0
122090,2,1,1995,0,0,0,8,0,0,0,0,0,0
122092,1,1,1995,0,0,0,0,0,0,0,0,0,0
122092,2,1,1995,0,0,0,0,0,0,0,0,0,0
122093,1,1,1995,0,0,0,0,0,0,0,0,0,0
122094,2,1,1995,0,0,0,0,0,0,0,0,0,0
122095,0,1,1995,0,0,0,0,0,0,0,0,0,0
122095,0,2,1995,0,0,0,0,0,0,0,0,0,0
122095,1,1,1995,0,0,0,17,0,0,0,0,0,0
122096,1,1,1995,0,0,0,0,0,0,0,0,0,0
122097,1,1,1995,14,14,14,14,14,14,14,14,14,14
122097,2,1,1995,0,0,0,0,0,0,0,0,0,0
122098,0,1,1995,16,16,16,16,16,16,16,16,16,16
122098,1,1,1995,0,0,0,0,0,0,0,0,0,0
122099,1,1,1995,0,0,0,0,0,0,0,0,0,0
122100,0,1,1995,32,32,32,32,32,32,32,32,32,32
122100,1,1,1995,17,17,17,17,17,17,17,17,17,17
122101,1,1,1995,26,26,26,26,26,26,26,26,26,26
122101,2,1,1995,0,0,0,0,0,0,0,0,0,0
122101,3,1,1995,0,0,0,0,0,0,11,0,5,0
122102,1,1,1995,15,15,15,15,15,15,15,15,15,15
122103,1,1,1995,31,31,31,31,31,31,31,31,31,31
122103,2,1,1995,10,10,10,10,10,10,10,10,10,10
122104,0,1,1995,0,0,0,0,0,0,0,0,0,0
122104,1,1,1995,0,0,0,0,0,0,0,0,0,0
122105,1,1,1995,26,26,26,26,26,26,26,26,26,26
122105,2,1,1995,0,0,0,0,0,0,0,0,0,0
122105,3,1,1995,0,0,0,0,0,0,0,0,0,0
122106,1,1,1995,0,0,0,0,0,0,0,0,0,0
122106,2,1,1995,0,0,0,0,0,0,0,0,0,0
122107,1,1,1995,20,20,20,20,20,20,20,20,20,20
122108,1,1,1995,0,0,0,0,0,0,0,0,0,0
122108,2,1,1995,0,0,0,0,0,0,0,0,0,0
122109,1,1,1995,13,13,13,13,13,13,13,13,13,13
122109,2,1,1995,0,0,0,0,0,0,0,0,0,0
122110,1,1,1995,6,0,0,0,0,0,0,0,0,0
122111,1,1,1995,0,0,0,0,0,0,0,0,0,0
122111,2,1,1995,0,0,0,0,0,0,0,0,0,0
122112,0,1,1995,0,0,0,0,0,0,0,0,0,0
122112,1,1,1995,21,0,0,0,0,0,0,0,0,0
122113,1,1,1995,0,0,0,0,0,0,0,0,15,0
122113,2,1,1995,0,0,0,0,0,0,0,0,0,0
122114,1,1,1995,0,0,0,0,0,0,0,0,0,0
122114,2,1,1995,0,0,0,0,0,0,0,0,0,0
122115,0,1,1995,0,0,0,0,0,0,0,0,0,0
122115,0,2,1995,0,0,0,0,19,0,0,0,6,0
122115,0,3,1995,0,0,0,0,0,7,0,0,0,0
122115,1,1,1995,0,0,0,0,0,0,0,0,0,0
122116,1,1,1995,13,13,13,13,13,13,13,13,13,13
122117,1,1,1995,13,13,13,13,13,13,13,13,13,13
122117,2,1,1995,5,5,5,5,5,5,5,5,5,5
122118,1,1,1995,0,0,0,0,0,0,0,0,0,0
122119,1,1,1995,0,0,0,0,0,0,0,0,0,0
122119,2,1,1995,0,0,0,0,0,0,0,0,0,0
122120,0,1,1995,26,26,26,26,26,26,26,26,26,26
122120,1,1,1995,0,0,0,0,0,0,0,0,0,0
122121,1,1,1995,0,0,0,0,0,0,0,0,0,0
122121,2,1,1995,0,0,0,0,0,0,0,0,0,0
122122,1,1,1995,38,38,38,38,38,38,38,38,38,38
122123,1,1,1995,0,0,0,0,0,0,0,0,0,0
122123,2,1,1995,0,0,0,10,0,0,0,0,0,0
122124,1,1,1995,6,6,6,6,6,6,6,6,6,6
122124,2,1,1995,17,17,17,17,17,17,17,17,17,17
122125,1,1,1995,0,0,0,0,0,0,0,0,0,0
122125,2,1,1995,0,0,0,0,0,0,0,0,0,0
122126,1,1,1995,23,23,23,23,23,23,23,23,23,23
122127,1,1,1995,0,0,0,0,0,0,0,0,0,0
122127,2,1,1995,0,0,0,0,0,0,0,0,0,0
122128,1,1,1995,0,0,0,0,0,0,0,0,0,0
122128,2,1,1995,0,0,0,0,0,0,0,0,0,0
122129,1,1,1995,0,0,0,0,0,0,0,0,0,0
122129,2,1,1995,4,0,0,0,18,0,0,0,0,0
122130,1,1,1995,0,0,0,0,0,0,0,0,0,0
122130,2,1,1995,0,0,5,0,0,0,0,5,0,0
122131,0,1,1995,4,4,4,4,4,4,4,4,4,4
122131,1,2,1995,0,0,16,0,0,0,0,0,0,0
122132,1,1,1995,0,0,35,0,0,0,0,0,0,0
122132,2,1,1995,0,0,0,0,0,0,0,0,0,0
122133,0,1,1995,0,0,0,0,0,0,0,0,0,0
122133,1,1,1995,0,0,0,0,0,0,0,0,0,7
122134,1,1,1995,0,0,0,0,0,0,0,0,0,0
122134,2,1,1995,0,0,0,0,0,0,0,0,0,0
122134,3,1,1995,0,0,0,0,0,0,0,0,0,0
122135,1,1,1995,0,0,9,5,0,17,3,23,9,0
122136,1,1,1995,28,28,28,28,28,28,28,28,28,28
122136,2,1,1995,12,0,16,0,0,0,0,0,13,0
122137,0,1,1995,0,0,0,0,0,0,0,0,0,0
122137,1,1,1995,0,0,0,0,0,0,0,0,0,0
122138,1,1,1995,0,0,0,0,0,0,0,0,0,0
122138,2,1,1995,0,0,0,0,0,0,0,0,0,0
122139,0,1,1995,0,0,0,31,0,24,0,0,0,0
122139,1,1,1995,0,13,0,28,0,14,0,22,0,22
122140,0,1,1995,0,0,0,0,0,0,0,0,0,0
122140,1,1,1995,0,0,0,0,0,0,0,0,0,0
122140,2,1,1995,0,0,0,0,0,0,0,0,0,0
122142,0,1,1995,0,0,0,0,0,0,0,0,0,0
122142,1,1,1995,0,0,0,0,0,5,0,0,0,0
122143,1,1,1995,0,0,0,0,0,0,0,0,0,0
122143,2,1,1995,0,0,0,0,0,0,16,0,0,0
122144,0,1,1995,0,0,0,0,0,0,0,0,0,0
122144,1,1,1995,0,0,0,0,0,0,0,0,0,0
122146,0,1,1995,15,0,9,3,33,0,0,0,0,0
122146,1,1,1995,22,17,0,23,18,0,0,0,0,11
122147,0,1,1995,0,0,0,0,0,0,0,0,0,0
122147,1,1,1995,0,0,0,0,0,0,0,0,0,0
122148,1,1,1995,0,0,0,0,0,0,0,0,0,0
122148,2,1,1995,0,0,0,0,0,0,0,0,0,0
122149,1,1,1995,0,0,0,0,0,0,0,0,0,0
122150,1,1,1995,0,0,0,0,0,0,0,0,0,0
122150,2,1,1995,0,0,17,0,0,7,0,0,0,0
122150,3,1,1995,0,0,0,0,0,0,0,0,0,0
122151,1,1,1995,0,0,0,0,0,0,0,0,0,0
122151,2,1,1995,0,0,0,0,0,20,0,0,0,0
122152,1,1,1995,21,21,21,21,21,21,21,21,21,21
122153,1,1,1995,0,0,0,0,0,0,0,0,0,0
122153,2,1,1995,0,0,0,0,0,0,0,0,0,0
122154,1,1,1995,0,0,0,0,0,0,0,0,0,0
122155,1,1,1995,17,17,17,17,17,17,17,17,17,17
122156,1,1,1995,0,0,0,0,0,0,0,0,0,0
122156,2,1,1995,0,0,0,0,0,0,0,0,0,0
122157,1,1,1995,0,0,0,0,0,0,0,0,0,0
122157,2,1,1995,0,0,0,0,0,0,0,0,0,0
122158,0,1,1995,23,0,24,0,15,0,0,22,0,0
122158,1,1,1995,0,0,0,0,0,0,0,0,0,0
122159,1,1,1995,0,0,0,0,0,7,0,15,34,0
122159,2,1,1995,0,0,0,0,0,0,0,0,0,0
122160,1,1,1995,0,0,0,0,0,0,0,0,0,0
122160,2,1,1995,0,0,0,0,0,0,0,0,0,0
122161,0,1,1995,0,0,0,0,0,0,0,0,0,0
122161,1,1,1995,0,0,0,16,0,0,0,0,0,0