ST_CASE,VEH_NO,PER_NO,YEAR,P1,P2,P3,P4,P5,P6,P7,P8,P9,P10
122412,0,2,1995,0,0,0,0,0,22,0,0,0,0
122412,0,3,1995,0,0,0,0,0,0,0,0,0,0
122412,1,1,1995,0,0,0,0,0,0,0,0,0,0
122413,1,1,1995,0,0,0,0,0,0,0,0,0,0
122413,2,1,1995,0,0,0,0,0,0,0,0,0,0
122413,3,1,1995,0,0,0,0,0,13,0,0,0,0
122413,4,1,1995,0,0,0,0,0,0,0,0,0,0
122414,1,1,1995,3,3,3,3,3,3,3,3,3,3
122414,2,1,1995,0,0,0,0,0,0,0,0,0,0
122415,1,1,1995,0,0,0,0,0,0,0,0,0,0
122415,2,1,1995,0,0,0,0,0,0,0,0,0,0
122416,1,1,1995,0,0,0,0,0,0,0,0,0,0
122416,2,1,1995,0,0,0,0,0,0,0,0,0,0
122418,1,1,1995,0,0,0,0,0,0,0,0,7,0
122418,2,1,1995,0,0,0,0,0,0,0,0,0,0
122419,1,1,1995,0,0,0,0,0,0,0,0,0,0
122419,2,1,1995,0,0,0,0,0,0,0,0,0,0
122420,1,1,1995,0,0,23,11,0,0,0,0,0,0
122420,2,1,1995,0,0,0,0,0,0,0,0,0,0
122420,3,1,1995,0,0,0,0,0,0,0,0,0,0
122420,4,1,1995,0,0,0,9,0,0,0,0,0,0
122422,1,1,1995,26,26,26,26,26,26,26,26,26,26
122423,1,1,1995,0,0,0,0,0,0,0,0,0,0
122423,2,1,1995,0,0,0,0,0,0,0,0,0,0
122423,3,1,1995,0,0,0,0,0,0,0,0,0,0
122424,0,1,1995,37,37,37,37,37,37,37,37,37,37
122424,1,1,1995,0,0,0,0,0,0,0,0,0,7
122425,1,1,1995,0,0,0,0,0,0,0,0,0,0
122425,2,1,1995,0,0,0,14,0,0,0,0,0,0
122426,0,1,1995,0,0,0,0,0,0,10,0,0,0
122426,1,1,1995,0,6,0,0,0,0,0,0,0,0
122427,0,1,1995,16,16,16,16,16,16,16,16,16,16
122427,1,1,1995,0,0,0,0,0,0,0,0,0,0
122427,2,1,1995,0,0,0,0,0,0,0,0,0,0
122428,1,1,1995,0,0,0,0,0,0,0,0,0,0
122428,2,1,1995,0,0,0,0,0,0,0,0,0,0
122429,0,1,1995,8,8,8,8,8,8,8,8,8,8
122429,1,1,1995,0,0,0,0,0,5,0,0,0,0
122430,1,1,1995,0,0,0,0,0,0,0,0,0,0
122431,0,1,1995,0,28,0,0,50,0,0,0,0,0
122431,1,1,1995,8,0,0,0,20,0,0,0,0,0
122432,1,1,1995,20,0,0,0,0,0,0,0,0,0
122432,2,1,1995,0,0,0,0,0,0,0,0,0,0
122433,1,1,1995,0,0,0,0,0,0,0,0,0,0
122433,2,1,1995,0,0,12,0,0,0,0,0,0,0
122433,3,1,1995,0,0,0,0,0,0,0,0,0,0
122434,1,1,1995,0,0,9,13,0,0,6,0,0,24
122435,1,1,1995,0,0,0,0,0,0,0,16,0,0
122436,1,1,1995,0,0,0,0,0,0,0,0,0,0
122436,2,1,1995,0,0,0,0,0,0,0,0,0,0
122438,0,1,1995,0,0,0,0,0,0,0,0,21,9
122438,1,1,1995,0,0,0,0,0,0,0,0,0,0
122439,1,1,1995,0,0,0,0,0,0,0,0,0,0
122440,1,1,1995,19,19,19,19,19,19,19,19,19,19
122441,0,1,1995,0,0,0,0,0,0,0,0,0,0
122441,1,1,1995,0,0,0,0,0,0,0,0,0,0
122442,0,1,1995,16,16,16,16,16,16,16,16,16,16
122442,1,1,1995,0,0,0,0,0,0,0,0,0,0
122443,0,1,1995,0,0,0,0,24,0,0,0,0,0
122443,1,1,1995,0,0,0,0,0,0,0,0,0,0
122444,0,1,1995,0,0,0,0,0,0,0,0,0,0
122444,1,1,1995,0,0,0,0,0,0,0,0,0,0
122445,0,1,1995,0,0,0,0,0,0,0,0,0,25
122445,1,1,1995,0,0,0,0,0,0,0,0,0,0
122446,1,1,1995,0,0,0,0,0,0,0,0,0,0
122446,2,1,1995,0,0,0,0,0,0,0,0,0,0
122447,0,1,1995,0,0,0,0,0,0,0,0,0,0
122447,1,1,1995,0,0,0,0,0,0,0,0,0,0
122448,0,1,1995,0,0,0,0,0,0,0,0,26,0
122448,1,1,1995,0,0,0,0,0,0,0,0,0,0
122449,1,1,1995,0,0,0,0,0,0,0,0,0,0
122449,2,1,1995,0,0,0,0,0,0,0,0,0,0
122449,3,1,1995,0,0,0,0,0,0,0,0,0,0
122450,0,1,1995,20,0,16,0,22,0,0,7,0,0
122450,1,1,1995,0,0,0,0,0,0,0,0,0,0
122451,0,1,1995,0,0,0,0,0,0,42,0,0,0
122451,1,1,1995,0,0,0,0,0,0,0,0,0,0
122452,0,1,1995,0,0,0,0,0,0,0,0,0,0
122452,1,1,1995,0,0,0,0,0,0,0,0,0,0
122453,0,1,1995,24,0,0,15,0,0,0,0,0,24
122453,1,1,1995,0,0,0,0,0,0,0,0,0,0
122454,1,1,1995,0,0,0,0,0,0,0,21,0,0
122455,1,1,1995,0,0,0,0,0,0,0,0,0,0
122455,2,1,1995,0,0,0,0,0,0,0,0,0,0
122456,0,1,1995,0,0,0,0,0,0,0,0,0,0
122456,1,1,1995,0,0,0,0,0,0,0,0,0,0
122457,0,1,1995,0,17,0,29,22,29,0,26,0,0
122457,1,1,1995,0,0,0,0,0,0,0,0,0,0
122458,1,1,1995,0,21,0,0,0,0,0,0,0,0
122458,2,1,1995,0,0,0,0,0,0,24,0,0,0
122459,0,1,1995,0,0,0,0,0,0,0,0,0,0
122459,1,1,1995,24,24,24,24,24,24,24,24,24,24
122460,0,1,1995,27,27,27,27,27,27,27,27,27,27
122460,1,1,1995,7,7,7,7,7,7,7,7,7,7
122461,1,1,1995,0,0,0,0,0,0,0,0,0,0
122461,2,1,1995,0,0,0,0,0,0,0,0,0,0
122462,1,1,1995,35,0,0,0,0,0,0,0,0,0
122463,1,1,1995,0,0,0,0,0,0,0,0,0,0
122463,2,1,1995,14,14,14,14,14,14,14,14,14,14
122464,1,1,1995,7,7,7,7,7,7,7,7,7,7
122465,0,1,1995,0,0,0,0,12,0,0,0,26,0
122465,1,1,1995,0,0,0,0,0,0,0,0,0,19
122467,1,1,1995,16,16,16,16,16,16,16,16,16,16
122468,0,1,1995,8,8,8,8,8,8,8,8,8,8
122468,1,1,1995,11,0,0,0,0,0,0,19,0,0
122469,0,1,1995,0,0,0,0,0,0,0,0,0,0
122469,1,1,1995,14,14,14,14,14,14,14,14,14,14
122470,1,1,1995,0,0,12,0,0,0,21,0,0,0
122471,0,1,1995,0,0,0,0,0,0,0,15,0,25
122471,1,1,1995,0,0,8,9,0,0,0,8,0,0
122472,0,1,1995,22,22,22,22,22,22,22,22,22,22
122472,1,1,1995,0,0,0,0,0,0,0,0,0,0
122473,0,1,1995,0,0,0,0,0,0,0,0,0,0
122473,1,1,1995,0,0,0,0,0,0,0,0,0,0
122474,1,1,1995,19,19,19,19,19,19,19,19,19,19
122474,2,1,1995,0,0,0,0,0,0,0,0,0,0
122475,1,1,1995,4,4,4,4,4,4,4,4,4,4
122476,1,1,1995,0,0,0,0,0,0,0,0,0,0
122476,2,1,1995,0,0,0,0,0,0,0,0,0,0
122477,0,1,1995,0,0,0,0,0,0,0,0,0,0
122477,1,1,1995,0,0,0,0,0,0,0,0,0,0
122477,2,1,1995,0,0,0,0,0,0,0,0,0,0
122478,1,1,1995,0,0,0,0,0,0,0,0,0,0
122478,2,1,1995,0,0,0,0,0,0,0,0,0,0
122479,0,1,1995,0,0,0,0,0,0,0,0,0,0
122479,1,1,1995,0,0,0,0,0,0,0,0,0,0
122480,1,1,1995,0,0,0,0,0,0,0,0,0,0
122480,2,1,1995,0,0,0,0,0,0,0,0,0,0
122481,1,1,1995,0,0,0,0,0,0,0,0,0,0
122482,1,1,1995,0,0,0,0,0,0,0,0,0,0
122482,2,1,1995,0,0,0,0,0,0,0,0,0,0
122483,0,1,1995,0,0,0,0,0,0,0,0,0,0
122483,1,1,1995,0,0,0,0,0,0,0,0,0,0
122484,1,1,1995,10,10,10,10,10,10,10,10,10,10
122485,1,1,1995,0,9,0,0,0,0,0,0,0,0
122485,2,1,1995,7,7,7,7,7,7,7,7,7,7
122486,1,1,1995,0,0,0,19,0,0,20,0,0,0
122486,2,1,1995,0,0,0,0,0,0,0,0,0,0
122487,1,1,1995,0,0,0,0,0,0,0,0,0,0
122487,2,1,1995,0,0,0,0,0,0,0,0,0,0
122488,1,1,1995,0,0,0,0,0,0,0,0,0,0
122488,2,1,1995,0,0,0,0,0,0,0,0,0,0
122488,3,1,1995,0,0,0,0,0,0,0,0,0,0
122488,4,1,1995,0,0,0,0,0,0,0,0,0,0
122489,1,1,1995,0,0,0,0,0,0,12,0,0,7
122489,2,1,1995,0,0,0,0,0,0,0,0,0,0
122490,1,1,1995,10,10,10,10,10,10,10,10,10,10
122490,2,1,1995,0,0,18,0,0,0,0,0,0,17
122491,0,1,1995,3,3,3,3,3,3,3,3,3,3
122491,1,1,1995,0,0,0,0,0,0,0,0,0,0
122492,1,1,1995,0,0,0,0,0,20,0,0,0,0
122492,2,1,1995,0,0,0,0,0,0,0,0,0,0
122493,1,1,1995,0,0,0,0,0,0,0,0,0,0
122494,1,1,1995,0,0,0,0,0,0,2,0,0,20
122494,2,1,1995,0,0,0,0,0,0,0,0,0,0
122495,1,1,1995,21,21,21,21,21,21,21,21,21,21
122495,2,1,1995,0,0,0,0,0,0,0,0,0,0
122496,1,1,1995,3,3,3,3,3,3,3,3,3,3
122497,0,1,1995,0,0,0,0,0,0,0,0,0,0
122497,1,1,1995,0,0,0,0,0,0,0,0,0,0
122498,1,1,1995,0,0,0,0,0,0,0,0,0,0
122498,2,1,1995,0,0,0,0,0,0,0,0,0,0
122498,3,1,1995,0,0,0,0,0,0,0,0,0,0
122499,1,1,1995,0,0,0,0,0,0,0,0,0,0
122499,2,1,1995,0,0,0,0,0,0,0,0,0,0
122500,1,1,1995,2,2,2,2,2,2,2,2,2,2
122501,0,1,1995,0,0,0,0,0,0,0,0,0,0
122501,0,2,1995,0,0,0,0,0,0,0,0,0,0
122501,1,1,1995,0,0,0,0,0,0,0,0,10,0
122502,1,1,1995,23,23,23,23,23,23,23,23,23,23
122503,1,1,1995,0,0,0,0,0,0,0,0,0,0
122503,2,1,1995,0,0,0,0,0,0,0,4,0,0
122504,1,1,1995,0,0,0,0,0,0,0,0,0,0
122505,1,1,1995,0,5,0,0,0,0,0,0,0,0
122505,2,1,1995,0,0,0,0,0,0,0,0,0,0
122506,1,1,1995,0,0,0,0,0,0,0,0,0,0
122507,1,1,1995,22,22,22,22,22,22,22,22,22,22
122507,2,1,1995,0,0,0,0,0,0,0,0,0,0
122508,0,1,1995,1,1,1,1,1,1,1,1,1,1
122508,0,2,1995,0,0,0,0,0,0,0,0,0,0
122508,1,1,1995,0,0,0,13,0,0,0,0,0,0
122509,1,1,1995,0,0,0,0,0,0,0,0,0,0
122509,2,1,1995,0,0,0,0,0,0,0,0,0,0
122510,1,1,1995,9,9,9,9,9,9,9,9,9,9
122510,2,1,1995,0,0,0,0,0,0,0,0,0,0
122511,1,1,1995,10,10,10,10,10,10,10,10,10,10
122511,2,1,1995,0,0,0,0,0,0,0,0,0,0
122512,1,1,1995,0,0,0,0,0,0,0,0,0,0
122512,2,1,1995,0,0,0,0,0,0,0,0,0,0
122512,3,1,1995,0,0,0,0,0,0,0,0,0,0
122513,1,1,1995,0,0,0,0,0,0,0,0,0,0
122513,2,1,1995,0,0,0,0,0,0,0,0,0,0
122514,0,1,1995,0,0,0,0,0,0,0,0,0,0
122514,1,1,1995,0,0,0,0,0,0,0,0,0,0
122515,1,1,1995,0,9,0,14,22,0,21,24,10,0
122515,2,1,1995,0,0,0,0,0,0,0,0,0,0
122516,1,1,1995,0,0,0,0,0,0,0,0,0,0
122517,1,1,1995,0,0,0,0,0,0,0,0,0,0
122517,2,1,1995,0,0,0,0,0,0,0,0,0,0
122517,3,1,1995,0,0,0,0,0,0,0,0,0,0
122518,1,1,1995,0,0,0,0,0,0,0,0,0,0
122518,2,1,1995,0,0,0,0,0,0,0,0,0,0
122519,1,1,1995,0,0,0,0,0,0,0,0,0,0
122520,1,1,1995,0,0,0,0,0,0,0,0,0,0
122520,2,1,1995,0,0,0,0,0,0,0,0,0,0
122520,3,1,1995,0,0,0,0,0,0,0,0,0,0
122520,4,1,1995,0,0,0,0,0,0,0,0,0,0
122520,5,1,1995,0,0,0,0,0,0,0,0,0,0
122521,1,1,1995,27,27,27,27,27,27,27,27,27,27
122521,2,1,1995,0,0,0,0,0,0,0,0,0,0
122522,1,1,1995,8,8,8,8,8,8,8,8,8,8
122522,2,1,1995,0,0,10,0,0,9,0,0,0,0
122523,1,1,1995,0,0,0,0,0,0,0,0,0,0
122523,2,1,1995,0,0,0,0,0,0,0,0,0,0
122524,0,1,1995,16,16,16,16,16,16,16,16,16,16
122524,1,1,1995,0,0,0,0,0,0,0,0,0,0
122525,1,1,1995,1,1,1,1,1,1,1,1,1,1
122526,1,1,1995,15,15,15,15,15,15,15,15,15,15
122526,2,1,1995,0,0,0,0,0,0,0,0,0,0
122527,0,1,1995,13,13,13,13,13,13,13,13,13,13
122527,1,1,1995,0,0,0,0,0,0,0,0,0,0
122528,1,1,1995,0,0,0,0,0,0,0,0,0,0
122528,2,1,1995,0,0,0,0,0,0,0,0,0,0
122529,1,1,1995,12,12,12,12,12,12,12,12,12,12
122529,2,1,1995,11,10,0,9,0,11,11,24,28,5
122529,3,1,1995,0,0,0,0,0,0,0,0,0,0
122529,4,1,1995,0,0,0,0,0,0,0,0,0,0
122530,1,1,1995,0,0,0,0,0,0,0,0,0,0
122530,2,1,1995,0,0,0,0,0,0,0,0,0,0
122531,0,1,1995,25,0,0,0,0,0,0,0,0,0
122531,1,1,1995,0,0,0,0,0,0,0,0,0,0
122532,1,1,1995,0,0,0,0,0,0,0,0,0,0
122533,0,1,1995,0,0,0,0,0,0,0,0,0,0
122533,1,1,1995,0,0,0,0,0,0,0,0,0,0
122534,1,1,1995,0,0,0,0,0,0,0,0,0,0
122534,2,1,1995,0,0,0,0,0,0,0,0,9,0
122535,1,1,1995,24,24,24,24,24,24,24,24,24,24
122536,0,1,1995,24,24,24,24,24,24,24,24,24,24
122536,1,1,1995,0,0,0,18,0,0,0,0,0,0
122537,1,1,1995,20,8,29,0,0,0,0,10,10,5
122537,2,1,1995,0,0,0,0,0,0,0,0,0,0
122538,1,1,1995,0,0,0,18,0,0,4,0,0,0
122538,2,1,1995,0,0,0,0,0,0,0,0,0,0
122538,3,1,1995,0,0,0,0,0,0,0,0,0,0
122539,1,1,1995,0,0,0,0,0,0,0,0,0,0
122539,2,1,1995,0,0,0,0,0,0,0,0,0,19
122540,1,1,1995,0,0,0,0,0,0,0,0,0,0
122540,2,1,1995,0,0,0,0,0,0,0,0,0,0
122541,0,1,1995,0,0,0,0,0,0,0,0,0,0
122541,1,1,1995,19,0,0,14,24,0,0,20,0,9
122542,1,1,1995,0,0,0,0,0,0,0,0,0,0
122542,2,1,1995,0,0,0,0,0,0,0,0,0,0
122543,1,1,1995,0,0,0,0,0,0,0,0,0,0
122543,2,1,1995,5,0,0,0,0,0,0,0,0,0
122544,1,1,1995,0,0,0,0,12,0,13,0,0,0
122544,2,1,1995,0,0,0,0,0,0,0,0,0,0
122544,3,1,1995,0,0,0,0,0,0,0,0,0,0
122545,0,1,1995,33,33,33,33,33,33,33,33,33,33
122545,1,1,1995,0,0,0,0,0,0,0,0,0,0
122546,1,1,1995,0,0,0,0,0,0,0,0,0,0
122547,1,1,1995,0,0,0,0,0,0,0,0,0,0
122548,0,1,1995,0,0,16,11,0,0,0,0,0,0
122548,1,1,1995,19,19,19,19,19,19,19,19,19,19
122549,1,1,1995,0,0,0,0,0,0,0,0,0,0
122550,1,1,1995,0,0,0,0,0,0,0,0,0,0
122550,2,1,1995,0,0,0,0,0,0,0,0,0,0
122550,3,1,1995,0,0,0,0,0,0,0,0,0,0
122551,1,1,1995,0,0,0,0,0,0,0,0,0,0
122552,1,1,1995,0,0,0,0,0,0,0,0,0,0
122552,2,1,1995,0,0,0,0,0,0,0,0,0,0
122553,0,1,1995,0,0,0,0,0,0,0,0,0,0
122553,1,1,1995,16,18,0,0,0,0,0,0,0,0
122554,0,1,1995,0,0,0,0,12,0,0,0,0,0
122554,1,1,1995,0,0,0,0,0,0,0,0,0,0
122555,0,1,1995,26,26,26,26,26,26,26,26,26,26
122555,1,1,1995,0,0,0,0,0,0,0,0,0,0
122556,0,1,1995,0,0,0,0,0,17,0,0,0,0
122556,1,1,1995,0,18,0,8,0,29,3,0,31,0
122557,1,1,1995,0,0,0,0,0,0,0,0,0,0
122557,2,1,1995,0,0,0,0,0,0,0,0,0,0
122558,1,1,1995,6,19,0,11,22,0,22,0,0,10
122559,1,1,1995,0,0,0,0,0,0,0,0,0,0
122559,2,1,1995,0,0,0,0,0,0,0,0,0,0
122559,3,1,1995,10,0,0,18,0,0,0,0,0,0
122560,0,1,1995,0,0,0,0,0,0,0,0,0,0
122560,1,1,1995,0,0,13,0,0,0,0,0,0,9
122561,1,1,1995,12,12,12,12,12,12,12,12,12,12
122562,1,1,1995,0,0,0,0,0,0,0,0,0,0
122562,2,1,1995,0,0,0,0,0,0,0,0,0,0
122563,0,1,1995,0,0,0,0,0,0,0,13,0,0
122563,1,1,1995,0,0,0,0,0,0,0,0,0,0
122564,1,1,1995,0,0,0,0,0,0,0,0,0,0
122564,2,1,1995,0,16,0,0,12,0,0,0,0,0
122565,1,1,1995,0,0,0,0,0,0,9,0,23,0
122566,1,1,1995,0,0,0,0,0,0,0,0,0,0
122566,2,1,1995,0,0,15,0,0,0,0,0,0,0
122567,1,1,1995,0,0,0,0,0,0,0,0,27,0
122567,2,1,1995,0,0,0,0,0,0,0,0,0,0
122568,1,1,1995,0,0,0,0,0,0,0,0,0,0
122568,2,1,1995,14,14,14,14,14,14,14,14,14,14
122569,0,1,1995,0,0,0,0,0,0,0,0,0,0
122569,0,2,1995,0,0,0,0,0,0,28,0,0,0
122569,1,1,1995,0,0,0,0,0,0,0,0,0,0
122570,0,1,1995,0,0,0,0,0,0,0,0,0,0
122570,1,1,1995,0,4,0,21,17,0,20,22,30,0
122571,1,1,1995,0,0,0,0,0,0,0,0,0,0
122571,2,1,1995,0,0,0,0,0,0,0,0,0,0
122572,0,1,1995,26,27,15,36,17,31,15,7,14,6
122572,1,1,1995,0,0,0,0,0,0,0,0,0,0
122573,0,1,1995,4,4,4,4,4,4,4,4,4,4
122573,1,1,1995,0,0,0,0,0,0,0,0,0,0
122574,1,1,1995,0,0,0,0,0,12,0,0,0,0
122574,2,1,1995,0,12,0,0,0,0,0,0,0,0
122575,1,1,1995,14,14,14,14,14,14,14,14,14,14
122575,2,1,1995,0,0,0,0,0,0,0,0,0,0
122575,3,1,1995,0,0,0,0,0,0,0,0,0,0
122576,1,1,1995,21,21,21,21,21,21,21,21,21,21
122576,2,1,1995,0,0,0,0,0,0,0,0,0,0
122577,1,1,1995,0,0,0,0,0,0,0,0,0,0
122578,1,1,1995,0,0,25,0,0,5,13,0,0,0
122578,2,1,1995,0,0,0,0,0,0,0,0,0,0
122578,3,1,1995,0,0,0,0,0,0,0,0,0,0
122579,1,1,1995,0,0,0,0,21,0,0,0,0,0
122580,1,1,1995,0,0,0,0,0,0,0,0,0,0
122580,2,1,1995,0,0,0,0,0,0,0,0,0,0
122581,1,1,1995,0,12,0,0,24,0,0,12,0,0
122581,2,1,1995,0,0,0,0,0,0,0,0,0,0
122582,1,1,1995,0,0,0,0,0,0,0,0,0,0
122582,2,1,1995,0,0,0,0,0,0,0,0,0,0
122583,1,1,1995,0,0,0,0,0,0,0,0,0,0
122583,2,1,1995,0,0,0,0,0,0,0,0,0,0
122584,0,1,1995,0,0,0,0,0,9,0,0,0,0
122584,1,1,1995,0,0,0,0,0,0,0,0,0,0
122585,0,1,1995,0,0,0,0,0,0,30,0,0,30
122585,1,1,1995,0,0,0,0,0,0,0,0,0,0
122586,1,1,1995,0,0,0,0,0,0,0,0,0,0
122586,2,1,1995,0,0,0,0,0,0,0,0,0,0
122587,1,1,1995,0,0,0,0,0,0,0,0,0,0
122587,2,1,1995,0,0,0,0,0,0,0,0,0,0
122588,1,1,1995,0,0,0,0,0,0,0,0,0,0
122588,2,1,1995,0,0,0,0,0,0,0,0,0,0
122589,1,1,1995,0,0,0,0,0,0,0,0,0,0
122589,2,1,1995,0,0,0,0,0,0,0,0,0,0
122589,3,1,1995,0,0,0,0,0,0,0,0,0,0
122590,1,1,1995,0,0,0,0,0,0,0,0,0,0
122590,2,1,1995,0,0,0,0,0,0,0,0,0,0
122591,1,1,1995,0,0,0,0,0,0,0,0,0,0
122592,0,1,1995,0,0,13,19,0,18,26,0,0,12
122592,1,1,1995,0,0,0,0,0,0,0,0,0,0
122593,0,1,1995,0,0,0,26,0,0,0,0,0,0
122593,1,1,1995,0,0,11,0,0,0,0,0,0,0
122593,2,1,1995,15,0,0,0,0,0,0,0,0,0
122594,1,1,1995,0,0,0,0,0,0,0,0,0,0
122595,0,1,1995,0,0,0,0,0,0,0,0,0,0
122595,0,2,1995,0,0,0,0,0,0,0,0,0,0
122595,1,1,1995,0,0,0,0,0,0,0,0,0,0
122595,2,1,1995,0,0,0,0,0,0,0,0,0,0
122595,3,1,1995,0,0,0,0,0,0,0,0,0,0
122596,0,1,1995,0,0,0,0,0,0,0,0,16,0
122596,0,2,1995,11,0,0,0,0,0,0,0,0,28
122596,0,3,1995,0,0,0,0,0,10,0,9,0,0
122596,1,1,1995,0,0,8,0,22,0,0,0,0,0
122596,2,1,1995,0,0,0,0,0,0,0,0,0,0
130001,0,1,1995,0,0,0,0,0,0,0,0,0,0
130001,1,1,1995,0,0,0,0,0,0,0,0,0,0
130001,2,1,1995,0,0,0,0,0,0,0,0,0,0
130002,1,1,1995,13,13,13,13,13,13,13,13,13,13
130002,2,1,1995,0,0,0,0,0,0,0,0,0,0
130003,1,1,1995,7,7,7,7,7,7,7,7,7,7
130004,1,1,1995,10,9,3,11,10,20,29,13,8,13
130004,2,1,1995,0,0,0,0,0,0,0,0,0,0
130004,3,1,1995,0,0,0,0,0,0,0,0,0,0
130005,1,1,1995,0,0,0,0,0,0,0,0,0,0
130005,2,1,1995,28,28,28,28,28,28,28,28,28,28
130006,1,1,1995,25,25,25,25,25,25,25,25,25,25
130007,1,1,1995,0,0,0,0,0,0,0,0,0,0
130007,2,1,1995,0,0,0,0,0,0,0,0,0,0
130008,0,1,1995,0,0,0,0,0,0,0,0,0,0
130008,1,1,1995,0,0,0,0,0,0,0,0,0,0
130009,1,1,1995,0,0,0,0,0,0,0,0,0,0
130009,2,1,1995,0,0,0,0,0,0,0,0,0,0
130010,1,1,1995,0,0,0,0,0,0,0,0,0,0
130011,1,1,1995,0,0,0,0,0,0,0,0,0,0
130011,2,1,1995,0,0,0,0,0,0,0,0,0,0
130012,1,1,1995,30,30,30,30,30,30,30,30,30,30
130013,1,1,1995,12,12,12,12,12,12,12,12,12,12
130014,1,1,1995,27,27,27,27,27,27,27,27,27,27
130015,1,1,1995,19,19,19,19,19,19,19,19,19,19
130016,1,1,1995,14,0,0,4,0,21,22,16,21,0
130017,1,1,1995,0,0,0,0,0,0,0,0,0,0
130017,2,1,1995,0,0,0,0,0,0,0,0,0,0
130018,0,1,1995,19,19,19,19,19,19,19,19,19,19
130018,1,1,1995,0,0,0,0,0,0,0,0,0,0
130019,1,1,1995,0,0,0,0,0,0,0,0,0,0
130019,2,1,1995,0,0,0,0,0,0,0,0,0,0
130020,1,1,1995,0,0,0,0,0,0,0,0,0,0
130021,0,1,1995,0,0,0,0,0,0,0,0,0,0
130021,1,1,1995,17,17,17,17,17,17,17,17,17,17
130022,0,1,1995,0,0,21,14,8,17,34,0,14,14
130022,1,1,1995,0,0,0,0,0,0,0,0,0,0
130023,1,1,1995,12,12,12,12,12,12,12,12,12,12
130023,2,1,1995,0,0,0,0,0,0,0,0,0,0
130024,1,1,1995,0,0,0,0,0,0,0,0,0,0
130024,2,1,1995,0,0,0,0,0,0,0,0,0,0
130025,1,1,1995,0,0,0,0,0,0,0,0,0,0
130025,2,1,1995,0,0,0,0,0,0,0,0,0,0
130026,1,1,1995,0,0,0,0,0,0,0,0,0,0
130026,2,1,1995,0,0,0,0,0,0,0,0,0,0
130027,0,1,1995,0,0,0,0,0,0,0,0,0,0
130027,1,1,1995,0,0,0,0,0,0,0,0,0,0
130027,2,1,1995,0,0,0,0,0,0,0,0,0,0
130028,1,1,1995,0,0,0,0,0,0,0,0,0,0
130028,2,1,1995,0,0,0,0,0,0,0,0,0,0
130029,0,1,1995,0,0,0,0,0,0,0,0,0,0
130029,1,1,1995,0,0,0,0,0,0,0,0,0,0
130030,1,1,1995,0,0,0,0,8,0,0,0,0,0
130031,0,1,1995,20,20,20,20,20,20,20,20,20,20
130031,1,1,1995,0,0,0,0,0,0,0,0,0,0
130032,0,1,1995,0,0,0,0,0,0,0,0,0,0
130032,1,1,1995,0,0,0,0,0,0,0,0,0,0
130032,2,1,1995,0,0,0,0,19,0,0,0,20,0
130033,1,1,1995,0,0,0,0,0,0,0,0,0,0
130033,2,1,1995,0,0,0,0,0,0,0,0,0,0
130034,1,1,1995,0,0,0,0,0,0,0,0,0,0
130034,2,1,1995,0,0,0,0,0,0,0,0,0,0
130035,1,1,1995,0,0,0,0,0,0,0,0,0,0
130035,2,1,1995,0,0,0,0,0,0,0,0,0,0
130036,1,1,1995,0,0,0,0,0,0,0,0,0,0
130037,1,1,1995,0,0,0,0,0,0,0,0,0,0
130037,2,1,1995,18,18,18,18,18,18,18,18,18,18
130038,1,1,1995,0,0,0,0,0,0,0,0,0,0
130039,1,1,1995,4,4,4,4,4,4,4,4,4,4
130039,2,1,1995,3,3,3,3,3,3,3,3,3,3
130040,1,1,1995,21,21,21,21,21,21,21,21,21,21
130040,2,1,1995,19,19,19,19,19,19,19,19,19,19
130041,1,1,1995,17,17,17,17,17,17,17,17,17,17
130041,2,1,1995,3,3,3,3,3,3,3,3,3,3
130042,1,1,1995,0,0,0,0,0,0,0,0,0,0
130042,2,1,1995,0,0,0,0,0,0,0,0,0,0
130042,3,1,1995,0,0,0,0,0,19,0,0,0,0
130043,1,1,1995,19,19,19,19,19,19,19,19,19,19
130044,1,1,1995,0,0,0,0,0,0,0,0,0,0
130044,2,1,1995,0,11,0,12,0,0,0,0,0,0
130045,1,1,1995,0,0,0,0,0,0,0,0,0,0
130046,1,1,1995,8,8,8,8,8,8,8,8,8,8
130047,1,1,1995,0,0,0,0,0,0,0,0,0,0
130047,2,1,1995,0,0,0,0,0,0,0,0,0,0
130048,1,1,1995,0,0,0,0,0,0,0,0,0,0
130049,1,1,1995,0,0,0,0,0,0,0,0,0,0
130050,1,1,1995,0,0,0,0,0,0,0,0,0,0
130051,1,1,1995,5,5,5,5,5,5,5,5,5,5
130053,1,1,1995,18,18,18,18,18,18,18,18,18,18
130054,1,1,1995,0,0,0,0,0,0,0,0,0,0
130055,0,1,1995,0,0,0,0,0,0,0,0,0,0
130055,1,1,1995,0,0,0,0,0,0,0,0,0,0
130056,1,1,1995,0,0,0,0,0,0,0,0,0,0
130056,2,1,1995,0,0,0,0,0,0,0,0,0,0
130057,0,1,1995,0,0,0,0,0,0,0,0,0,0
130057,1,1,1995,0,0,0,0,0,0,0,0,0,0
130058,1,1,1995,0,0,0,0,0,0,0,0,0,0
130058,2,1,1995,0,0,0,0,0,0,0,0,0,0
130059,1,1,1995,31,31,31,31,31,31,31,31,31,31
130060,1,1,1995,21,21,21,21,21,21,21,21,21,21
130061,1,1,1995,0,0,0,0,18,0,0,0,0,0
130061,2,1,1995,0,0,0,0,0,0,0,0,0,0
130062,1,1,1995,0,0,0,0,0,0,0,0,0,0
130064,1,1,1995,0,0,0,0,0,0,0,0,0,0
130064,2,1,1995,0,0,0,0,0,0,0,0,0,0
130065,0,1,1995,0,0,0,7,0,0,0,0,0,0
130065,1,1,1995,0,0,0,0,0,0,0,0,0,0