ST_CASE,VEH_NO,PER_NO,YEAR,P1,P2,P3,P4,P5,P6,P7,P8,P9,P10
130066,1,1,1995,14,10,15,8,14,17,16,27,16,0
130067,1,1,1995,0,16,0,0,0,0,12,13,18,4
130068,1,1,1995,0,0,0,0,0,0,0,0,0,0
130068,2,1,1995,0,0,0,0,0,0,0,0,0,0
130069,1,1,1995,0,0,0,0,0,0,0,0,0,0
130069,2,1,1995,0,0,0,0,0,0,0,0,0,0
130070,1,1,1995,11,11,11,11,11,11,11,11,11,11
130071,1,1,1995,0,0,0,0,0,0,0,0,0,0
130071,2,1,1995,0,0,0,0,0,0,0,0,0,0
130072,1,1,1995,0,0,0,0,0,0,0,0,0,0
130072,2,1,1995,0,0,0,0,0,0,0,0,0,0
130072,3,1,1995,0,0,0,0,0,0,0,0,0,0
130073,1,1,1995,0,0,0,0,0,0,0,0,0,0
130073,2,1,1995,0,0,0,0,0,0,18,0,0,0
130073,3,1,1995,0,0,0,0,0,0,0,0,0,0
130074,0,1,1995,0,0,0,0,0,0,0,0,0,0
130074,1,1,1995,0,0,0,0,0,0,0,0,0,0
130075,1,1,1995,0,0,0,0,0,0,0,0,0,0
130076,1,1,1995,0,0,0,0,0,0,0,0,0,0
130076,2,1,1995,0,0,0,0,0,0,0,0,0,0
130077,1,1,1995,0,0,0,0,0,0,0,0,0,0
130078,1,1,1995,16,16,16,16,16,16,16,16,16,16
130079,1,1,1995,0,0,0,0,0,0,0,0,0,0
130080,1,1,1995,16,16,16,16,16,16,16,16,16,16
130081,1,1,1995,0,0,0,0,0,0,0,0,0,0
130082,1,1,1995,0,0,0,0,0,0,0,0,0,0
130082,2,1,1995,0,0,0,0,0,0,0,0,0,0
130083,1,1,1995,0,0,0,0,0,0,0,0,0,0
130083,2,1,1995,0,0,0,0,0,0,0,0,0,0
130084,1,1,1995,0,0,0,0,0,0,0,0,0,0
130084,2,1,1995,0,0,0,0,0,0,0,0,0,0
130085,1,1,1995,0,0,0,0,0,0,0,0,0,0
130085,2,1,1995,0,0,0,0,0,0,0,0,0,0
130086,1,1,1995,0,0,0,0,0,0,0,0,0,0
130087,1,1,1995,0,0,0,0,0,0,0,0,0,0
130087,2,1,1995,0,0,0,0,0,0,0,0,0,0
130088,1,1,1995,0,0,0,0,0,0,0,0,0,0
130088,2,1,1995,0,0,0,0,0,0,0,0,0,0
130089,1,1,1995,0,0,0,0,0,0,0,0,0,0
130089,2,1,1995,0,0,0,0,0,0,0,0,0,0
130090,1,1,1995,0,0,0,0,0,0,0,0,0,0
130090,2,1,1995,0,0,0,0,0,0,0,0,0,0
130091,1,1,1995,27,27,27,27,27,27,27,27,27,27
130092,1,1,1995,0,0,0,0,0,0,0,0,0,0
130092,2,1,1995,0,0,20,0,0,0,0,11,11,13
130093,1,1,1995,0,0,0,0,0,0,0,0,0,0
130093,2,1,1995,0,0,0,0,0,0,0,0,0,0
130093,3,1,1995,35,35,35,35,35,35,35,35,35,35
130094,1,1,1995,0,0,0,0,0,0,0,0,0,0
130094,2,1,1995,0,0,0,0,0,0,0,0,0,10
130094,3,1,1995,0,0,0,0,0,0,0,0,0,0
130096,1,1,1995,11,11,11,11,11,11,11,11,11,11
130097,1,1,1995,0,0,0,0,0,0,0,0,0,0
130097,2,1,1995,0,0,0,0,0,0,0,0,0,0
130098,1,1,1995,15,15,15,15,15,15,15,15,15,15
130099,1,1,1995,0,0,0,0,0,0,0,0,0,0
130099,2,1,1995,0,0,0,0,0,0,0,0,0,0
130100,1,1,1995,0,12,0,0,0,26,0,0,0,0
130100,2,1,1995,0,0,0,0,0,0,0,0,0,0
130101,1,1,1995,7,16,15,0,23,10,22,7,14,6
130102,1,1,1995,2,0,0,0,0,0,0,0,0,0
130102,2,1,1995,0,0,0,0,0,0,0,0,0,0
130103,1,1,1995,20,20,20,20,20,20,20,20,20,20
130103,2,1,1995,0,0,0,0,0,0,0,0,0,0
130104,1,1,1995,0,0,0,0,0,0,0,0,0,0
130104,2,1,1995,22,0,0,0,0,0,0,16,0,0
130105,1,1,1995,31,31,31,31,31,31,31,31,31,31
130106,0,1,1995,0,0,0,0,0,0,0,0,0,0
130106,1,1,1995,0,0,0,0,0,0,0,0,0,0
130107,1,1,1995,8,8,8,8,8,8,8,8,8,8
130108,1,1,1995,13,13,13,13,13,13,13,13,13,13
130109,1,1,1995,10,10,10,10,10,10,10,10,10,10
130111,1,1,1995,0,0,0,0,0,0,0,0,0,0
130111,2,1,1995,0,0,0,0,0,0,0,0,0,0
130111,3,1,1995,0,0,0,0,0,0,0,0,0,0
130112,1,1,1995,12,12,12,12,12,12,12,12,12,12
130113,1,1,1995,0,0,0,13,0,0,0,0,0,0
130113,2,1,1995,0,0,0,0,0,0,0,9,0,0
130113,3,1,1995,0,0,0,0,0,0,0,0,0,0
130114,1,1,1995,0,0,0,0,0,0,0,0,0,0
130115,1,1,1995,16,16,16,16,16,16,16,16,16,16
130116,1,1,1995,0,0,0,0,0,0,0,0,0,0
130117,0,1,1995,0,0,0,0,0,0,0,0,0,0
130117,1,1,1995,0,0,0,0,0,0,0,0,0,0
130118,0,1,1995,0,0,0,0,0,0,0,0,0,0
130118,1,1,1995,16,16,16,16,16,16,16,16,16,16
130119,1,1,1995,0,0,0,0,0,0,0,0,0,0
130120,1,1,1995,21,21,21,21,21,21,21,21,21,21
130121,1,1,1995,0,0,0,0,0,0,0,0,0,0
130121,2,1,1995,0,0,0,0,0,0,0,0,0,0
130122,1,1,1995,0,0,0,0,0,0,0,0,0,0
130123,1,1,1995,0,0,0,0,0,0,0,0,0,0
130124,1,1,1995,0,0,0,0,0,0,0,0,0,0
130124,2,1,1995,0,0,0,0,0,0,0,0,0,0
130126,0,1,1995,3,3,3,3,3,3,3,3,3,3
130126,1,1,1995,0,4,0,9,0,0,14,0,22,0
130127,1,1,1995,0,0,0,0,0,0,0,0,0,0
130128,1,1,1995,0,0,0,0,0,0,0,0,0,0
130128,2,1,1995,0,0,0,0,0,0,0,0,0,0
130129,0,1,1995,0,0,0,0,0,0,0,0,0,0
130129,1,1,1995,0,0,0,0,0,0,0,0,0,0
130130,1,1,1995,0,0,0,0,0,0,0,0,0,0
130131,1,1,1995,27,0,18,0,24,0,0,11,0,0
130132,1,1,1995,0,0,19,0,0,0,0,0,6,0
130133,1,1,1995,12,12,12,12,12,12,12,12,12,12
130134,1,1,1995,0,0,0,0,0,0,0,0,0,0
130134,2,1,1995,0,0,0,0,0,0,0,0,0,0
130135,1,1,1995,0,0,0,0,0,0,0,0,0,0
130135,2,1,1995,30,30,30,30,30,30,30,30,30,30
130136,1,1,1995,0,0,0,0,0,0,0,0,0,0
130137,1,1,1995,0,0,0,0,0,0,0,0,0,0
130137,2,1,1995,0,0,0,0,0,0,0,0,0,0
130137,3,1,1995,0,0,0,0,0,0,0,0,0,0
130138,1,1,1995,0,0,0,0,0,0,0,0,0,0
130138,2,1,1995,0,0,0,0,0,0,0,0,0,0
130139,1,1,1995,0,0,0,0,0,0,0,0,0,0
130139,2,1,1995,0,0,0,0,0,0,0,0,0,0
130140,1,1,1995,0,0,0,0,0,0,0,0,0,0
130140,2,1,1995,0,0,0,0,0,0,0,0,0,0
130141,1,1,1995,0,0,0,0,0,0,0,0,0,0
130142,1,1,1995,0,0,0,0,0,0,0,0,0,0
130142,2,1,1995,0,0,0,0,0,0,0,0,0,0
130143,1,1,1995,0,0,0,0,0,0,0,0,0,0
130143,2,1,1995,11,11,11,11,11,11,11,11,11,11
130144,0,1,1995,0,0,0,0,0,31,30,0,20,16
130144,1,1,1995,0,0,0,0,0,0,0,0,0,0
130145,1,1,1995,0,0,0,0,0,0,0,0,0,0
130145,2,1,1995,0,0,0,0,0,0,0,0,0,0
130146,1,1,1995,25,25,25,25,25,25,25,25,25,25
130147,0,1,1995,0,0,0,0,0,0,0,0,0,0
130147,1,1,1995,0,0,0,0,0,0,0,0,0,0
130148,1,1,1995,0,0,0,0,0,0,0,0,0,0
130148,2,1,1995,0,0,0,0,0,0,0,0,0,0
130149,0,1,1995,0,0,0,0,0,0,0,0,0,0
130149,1,1,1995,0,0,0,0,0,0,0,0,0,0
130150,1,1,1995,0,0,0,0,0,0,0,0,0,0
130150,2,1,1995,0,0,0,0,0,0,0,0,0,0
130151,1,1,1995,0,0,0,0,0,0,0,0,0,0
130152,1,1,1995,0,0,0,0,0,0,0,0,0,0
130152,2,1,1995,0,0,0,0,0,0,0,0,0,0
130153,1,1,1995,21,21,21,21,21,21,21,21,21,21
130154,1,1,1995,12,12,12,12,12,12,12,12,12,12
130156,1,1,1995,0,0,0,0,0,0,0,0,0,0
130156,2,1,1995,0,0,0,0,0,0,0,0,0,0
130158,1,1,1995,0,20,3,30,21,14,0,0,9,0
130158,2,1,1995,0,0,0,0,0,0,0,0,0,0
130159,1,1,1995,0,0,0,0,0,0,0,0,0,0
130160,0,1,1995,0,0,0,0,0,0,0,0,0,0
130160,1,1,1995,0,0,0,0,0,0,0,0,0,0
130162,0,1,1995,17,24,20,9,22,6,28,0,10,26
130162,1,1,1995,6,22,0,22,0,29,16,0,0,3
130163,1,1,1995,0,0,0,0,0,0,0,0,0,0
130163,2,1,1995,0,0,0,0,0,0,0,0,0,0
130164,1,1,1995,0,0,0,0,0,0,0,0,0,0
130164,2,1,1995,0,0,0,0,0,0,0,0,0,0
130165,1,1,1995,0,0,0,0,0,0,0,0,0,0
130165,2,1,1995,0,0,0,0,0,11,0,0,14,0
130166,1,1,1995,0,0,0,0,0,0,0,0,0,0
130166,2,1,1995,0,0,0,0,0,0,0,0,0,0
130167,1,1,1995,22,18,32,19,15,17,39,14,23,34
130168,1,1,1995,0,0,0,0,0,0,0,0,0,0
130169,1,1,1995,0,0,0,0,0,0,0,0,0,0
130169,2,1,1995,0,0,0,0,0,0,0,0,0,0
130169,3,1,1995,0,0,0,0,0,0,0,0,0,0
130170,1,1,1995,0,0,0,0,0,0,0,0,0,0
130170,2,1,1995,0,0,0,0,0,0,0,0,0,0
130171,1,1,1995,10,10,10,10,10,10,10,10,10,10
130172,0,1,1995,26,26,26,26,26,26,26,26,26,26
130172,1,1,1995,0,0,0,0,0,0,0,0,0,0
130173,1,1,1995,0,0,0,0,0,0,0,0,0,0
130173,2,1,1995,0,0,0,0,5,0,0,0,0,0
130174,0,1,1995,24,0,0,9,0,12,0,0,13,0
130174,1,1,1995,0,0,0,0,0,0,0,0,0,0
130175,0,1,1995,31,31,31,31,31,31,31,31,31,31
130175,1,1,1995,0,0,0,0,0,0,0,0,0,0
130176,1,1,1995,15,15,15,15,15,15,15,15,15,15
130176,2,1,1995,0,0,0,0,0,0,0,0,0,0
130176,3,1,1995,0,0,0,0,0,0,0,0,0,0
130177,1,1,1995,0,0,0,0,0,0,0,0,0,0
130177,2,1,1995,0,0,0,0,0,0,0,0,0,0
130178,1,1,1995,0,0,0,0,0,0,0,0,0,0
130178,2,1,1995,0,0,0,0,0,0,0,0,0,0
130179,1,1,1995,0,0,0,0,0,0,0,0,0,0
130180,1,1,1995,16,16,16,16,16,16,16,16,16,16
130181,1,1,1995,24,0,0,3,0,0,0,0,0,0
130181,2,1,1995,0,0,0,0,0,0,0,0,0,0
130182,1,1,1995,15,15,15,15,15,15,15,15,15,15
130182,2,1,1995,0,0,0,0,0,0,0,0,0,0
130183,1,1,1995,7,7,7,7,7,7,7,7,7,7
130183,2,1,1995,0,0,0,0,0,0,0,0,0,0
130184,1,1,1995,0,0,0,0,0,0,0,0,0,0
130184,2,1,1995,0,0,0,0,0,0,0,0,0,0
130185,1,1,1995,10,10,10,10,10,10,10,10,10,10
130185,2,1,1995,12,0,0,23,0,0,0,0,0,0
130186,0,1,1995,0,0,0,0,0,0,0,0,0,0
130186,0,2,1995,0,0,0,0,0,0,0,0,0,0
130186,1,1,1995,0,0,0,0,0,0,0,0,0,0
130187,1,1,1995,11,11,11,11,11,11,11,11,11,11
130188,1,1,1995,0,0,0,0,0,0,0,0,0,0
130188,2,1,1995,0,0,0,0,0,0,0,0,0,0
130189,0,1,1995,0,0,0,0,0,0,0,0,0,0
130189,0,2,1995,0,0,0,0,0,0,0,0,0,0
130189,1,1,1995,0,0,0,0,0,0,0,0,0,0
130190,1,1,1995,0,0,0,0,0,0,0,0,0,0
130190,2,1,1995,0,0,0,0,0,0,0,0,0,0
130191,1,1,1995,19,19,19,19,19,19,19,19,19,19
130191,2,1,1995,0,0,0,0,0,0,0,0,0,0
130192,1,1,1995,22,27,27,27,18,20,23,27,13,13
130193,1,1,1995,0,0,0,0,0,0,0,0,0,0
130194,1,1,1995,15,15,15,15,15,15,15,15,15,15
130195,1,1,1995,0,0,0,0,0,0,0,0,0,0
130195,2,1,1995,15,15,15,15,15,15,15,15,15,15
130196,1,1,1995,8,8,8,8,8,8,8,8,8,8
130197,1,1,1995,11,11,11,11,11,11,11,11,11,11
130197,2,1,1995,7,7,7,7,7,7,7,7,7,7
130198,1,1,1995,0,0,0,0,0,0,0,0,0,0
130199,1,1,1995,0,0,0,0,0,0,0,0,0,0
130199,2,1,1995,0,0,0,0,0,0,0,0,0,0
130200,1,1,1995,0,0,0,0,0,0,0,0,0,0
130200,2,1,1995,0,0,0,0,0,0,0,0,0,0
130201,1,1,1995,0,0,0,0,0,0,0,0,0,0
130202,1,1,1995,26,26,26,26,26,26,26,26,26,26
130203,1,1,1995,9,9,9,9,9,9,9,9,9,9
130204,0,1,1995,4,4,4,4,4,4,4,4,4,4
130204,1,1,1995,0,0,0,0,0,0,0,0,0,0
130205,1,1,1995,24,24,24,24,24,24,24,24,24,24
130206,1,1,1995,9,9,9,9,9,9,9,9,9,9
130207,1,1,1995,1,1,1,1,1,1,1,1,1,1
130207,2,1,1995,0,0,0,0,0,0,0,0,0,0
130208,1,1,1995,0,0,0,0,0,0,0,0,0,0
130209,1,1,1995,0,0,0,0,0,0,0,0,0,0
130210,1,1,1995,0,0,0,0,0,0,0,0,0,0
130210,2,1,1995,0,0,0,0,0,0,0,0,0,0
130211,1,1,1995,0,0,0,0,0,0,0,0,0,0
130212,1,1,1995,0,0,0,0,0,0,0,0,0,0
130213,1,1,1995,0,0,0,0,0,0,0,0,0,0
130213,2,1,1995,0,0,0,0,0,0,0,0,0,0
130214,1,1,1995,0,0,0,0,0,0,0,0,0,0
130214,2,1,1995,0,0,0,0,0,0,0,0,0,0
130215,1,1,1995,0,0,0,0,0,0,0,0,0,0
130216,1,1,1995,15,15,15,15,15,15,15,15,15,15
130217,1,1,1995,4,4,4,4,4,4,4,4,4,4
130217,2,1,1995,0,0,0,0,0,0,0,0,0,0
130218,1,1,1995,26,26,26,26,26,26,26,26,26,26
130218,2,1,1995,0,0,0,0,0,0,0,0,0,0
130219,1,1,1995,0,0,0,0,0,0,0,0,0,0
130219,2,1,1995,0,0,0,0,0,0,0,0,0,0
130219,3,1,1995,0,0,0,0,0,0,0,0,0,0
130220,1,1,1995,13,13,13,13,13,13,13,13,13,13
130221,1,1,1995,0,0,0,0,0,0,0,0,0,0
130222,1,1,1995,7,7,7,7,7,7,7,7,7,7
130223,1,1,1995,0,0,0,0,0,0,0,0,0,0
130224,1,1,1995,0,0,0,0,0,0,0,0,0,0
130224,2,1,1995,0,0,0,0,0,0,0,0,0,0
130225,1,1,1995,16,16,16,16,16,16,16,16,16,16
130225,2,1,1995,0,0,0,0,0,0,0,0,0,0
130226,1,1,1995,11,11,11,11,11,11,11,11,11,11
130226,2,1,1995,0,15,0,0,0,0,11,0,0,0
130227,1,1,1995,4,4,4,4,4,4,4,4,4,4
130227,2,1,1995,0,0,0,0,0,0,0,0,0,0
130227,3,1,1995,0,0,0,0,0,0,0,0,0,0
130228,1,1,1995,0,0,0,0,0,0,0,0,0,0
130228,2,1,1995,34,34,34,34,34,34,34,34,34,34
130229,0,1,1995,33,33,33,33,33,33,33,33,33,33
130229,1,1,1995,6,6,6,6,6,6,6,6,6,6
130230,1,1,1995,0,0,0,0,0,0,0,0,0,0
130230,2,1,1995,0,0,0,0,0,0,0,0,0,0
130232,1,1,1995,0,0,0,0,0,0,0,0,0,0
130232,2,1,1995,0,0,0,0,0,0,0,0,0,0
130233,1,1,1995,0,0,0,0,0,0,8,0,0,0
130234,0,1,1995,23,23,23,23,23,23,23,23,23,23
130234,1,1,1995,0,0,0,0,0,0,0,0,0,0
130235,0,1,1995,6,6,6,6,6,6,6,6,6,6
130235,1,1,1995,26,26,26,26,26,26,26,26,26,26
130236,1,1,1995,0,9,11,6,0,3,31,0,20,28
130238,1,1,1995,24,24,24,24,24,24,24,24,24,24
130239,0,1,1995,0,0,0,0,0,0,0,0,0,0
130239,1,1,1995,0,0,0,0,0,0,0,0,0,0
130240,1,1,1995,0,0,0,0,0,0,0,0,0,0
130241,1,1,1995,27,27,27,27,27,27,27,27,27,27
130242,1,1,1995,0,0,0,0,0,0,0,0,0,0
130242,2,1,1995,0,0,0,0,0,0,0,0,0,0
130242,3,1,1995,0,0,0,0,0,0,0,0,0,0
130243,0,1,1995,8,8,8,8,8,8,8,8,8,8
130243,1,1,1995,0,0,0,0,0,0,0,0,0,0
130244,1,1,1995,0,0,0,0,0,0,0,0,0,0
130244,2,1,1995,0,0,0,0,0,0,0,0,0,0
130245,1,1,1995,0,0,0,0,0,0,0,0,0,0
130245,2,1,1995,0,0,0,0,0,0,0,0,0,0
130246,1,1,1995,0,0,0,0,0,0,0,0,0,0
130246,2,1,1995,0,0,0,0,0,0,0,0,0,0
130247,1,1,1995,0,0,0,0,0,0,0,0,0,0
130247,2,1,1995,0,0,0,0,0,0,0,0,0,0
130248,1,1,1995,0,0,0,0,0,0,0,0,0,0
130248,2,1,1995,0,0,0,0,0,0,0,0,0,0
130250,1,1,1995,0,0,0,0,0,0,0,0,0,0
130251,1,1,1995,14,14,14,14,14,14,14,14,14,14
130252,0,1,1995,0,0,0,0,0,0,0,0,0,0
130252,1,1,1995,0,0,0,0,0,0,0,0,0,0
130253,1,1,1995,0,0,0,0,0,0,0,0,15,0
130253,2,1,1995,0,0,0,0,0,0,0,0,0,0
130254,1,1,1995,0,0,0,0,0,0,0,0,0,0
130254,2,1,1995,0,0,0,0,0,0,0,0,0,0
130256,1,1,1995,0,0,0,0,0,0,0,0,0,0
130256,2,1,1995,0,0,0,0,0,0,0,0,0,0
130256,3,1,1995,0,0,0,0,0,0,0,0,0,0
130256,4,1,1995,0,0,0,0,0,0,0,0,0,0
130257,1,1,1995,0,0,0,0,0,0,0,0,0,0
130257,2,1,1995,0,0,0,0,0,0,0,0,0,0
130258,1,1,1995,0,0,0,0,0,0,0,0,0,0
130258,2,1,1995,0,0,0,0,0,0,0,0,0,0
130258,3,1,1995,0,0,0,0,0,0,0,0,0,0
130259,1,1,1995,0,0,0,0,0,0,0,0,0,0
130259,2,1,1995,0,0,0,0,0,0,0,0,0,0
130260,1,1,1995,0,0,0,0,0,0,0,0,0,0
130261,1,1,1995,2,2,2,2,2,2,2,2,2,2
130261,2,1,1995,0,0,0,0,0,0,0,0,0,0
130262,1,1,1995,0,0,0,0,0,0,0,0,0,0
130262,2,1,1995,0,0,0,0,0,0,0,0,0,0
130263,1,1,1995,11,11,7,23,22,17,7,27,22,19
130264,1,1,1995,12,12,12,12,12,12,12,12,12,12
130265,1,1,1995,0,14,0,0,0,0,0,0,0,0
130265,2,1,1995,0,0,0,0,0,0,0,0,0,0
130266,1,1,1995,0,0,0,0,0,0,0,0,0,0
130266,2,1,1995,0,0,0,0,0,0,0,0,0,0
130267,1,1,1995,0,0,0,0,0,0,0,0,0,0
130267,2,1,1995,0,0,0,0,0,0,0,0,0,0
130268,0,1,1995,7,0,0,0,7,18,0,0,0,0
130268,1,1,1995,0,0,0,0,0,0,0,0,0,0
130268,2,1,1995,0,0,0,0,0,0,0,0,0,0
130268,3,1,1995,0,0,0,0,0,0,0,0,0,0
130269,1,1,1995,16,30,17,0,16,16,38,0,30,31
130270,1,1,1995,0,0,0,0,0,0,0,0,0,0
130271,1,1,1995,0,0,0,0,0,0,0,0,0,0
130271,2,1,1995,0,0,0,0,0,0,0,0,0,0
130271,3,1,1995,0,0,0,0,0,0,0,0,0,0
130273,1,1,1995,0,0,0,0,0,0,0,0,0,0
130273,2,1,1995,0,0,0,0,0,0,0,0,0,0
130273,3,1,1995,0,0,0,0,0,0,0,0,0,0
130274,1,1,1995,18,18,18,18,18,18,18,18,18,18
130274,2,1,1995,0,0,0,0,0,0,0,0,0,0
130275,1,1,1995,6,23,0,18,10,27,0,33,11,12
130275,2,1,1995,17,29,0,0,0,0,0,21,0,0
130276,1,1,1995,0,0,0,0,0,0,0,0,0,0
130276,2,1,1995,0,0,0,0,0,0,0,0,0,0
130277,1,1,1995,0,0,0,0,0,0,0,0,0,0
130277,2,1,1995,0,0,0,0,0,0,0,0,0,0
130278,1,1,1995,0,0,0,0,0,0,0,0,0,0
130279,1,1,1995,29,29,29,29,29,29,29,29,29,29
130279,2,1,1995,0,0,0,0,0,0,0,0,0,0
130280,1,1,1995,5,5,5,5,5,5,5,5,5,5
130281,1,1,1995,0,0,0,0,0,0,0,0,0,0
130282,1,1,1995,16,16,16,16,16,16,16,16,16,16
130283,1,1,1995,0,0,0,0,0,0,0,0,0,0
130284,1,1,1995,0,0,0,0,0,0,0,0,0,0
130284,2,1,1995,0,0,0,0,0,0,0,0,0,0
130285,1,1,1995,0,0,0,0,0,0,0,0,0,0
130285,2,1,1995,0,0,0,0,0,0,0,0,0,0
130286,1,1,1995,0,0,0,0,0,0,0,0,0,0
130286,2,1,1995,0,0,0,0,0,0,0,0,0,0
130287,1,1,1995,0,0,0,0,0,0,0,0,0,0
130288,1,1,1995,0,0,0,0,0,0,0,0,0,0
130288,2,1,1995,0,0,0,0,0,0,0,0,0,0
130289,1,1,1995,8,8,8,8,8,8,8,8,8,8
130289,2,1,1995,0,0,0,0,0,0,0,0,0,0
130289,3,1,1995,12,17,0,11,0,15,0,15,0,22
130290,1,1,1995,0,0,0,0,0,0,0,0,0,0
130290,2,1,1995,0,0,0,0,0,0,0,0,0,0
130291,1,1,1995,10,10,10,10,10,10,10,10,10,10
130292,1,1,1995,0,0,0,0,0,0,0,0,0,0
130293,1,1,1995,33,33,33,33,33,33,33,33,33,33
130294,1,1,1995,0,0,0,0,0,0,0,0,0,0
130294,2,1,1995,0,0,0,0,0,0,0,0,0,0
130295,1,1,1995,0,0,0,0,0,0,0,0,0,0
130295,2,1,1995,0,0,0,0,0,0,0,0,0,0
130296,1,1,1995,0,0,0,0,0,0,0,0,0,0
130296,2,1,1995,0,0,0,0,0,0,0,0,0,0
130297,1,1,1995,0,0,0,0,0,0,0,0,0,0
130297,2,1,1995,0,0,0,0,0,0,0,0,0,0
130297,3,1,1995,0,0,0,0,0,0,0,0,0,0
130298,1,1,1995,0,0,0,0,0,0,0,0,0,0
130299,0,1,1995,0,0,0,0,0,0,0,0,0,0
130299,1,1,1995,0,0,0,0,0,0,0,0,0,0
130300,1,1,1995,0,0,0,0,0,0,0,0,0,0
130300,2,1,1995,0,0,0,0,0,0,0,0,0,0
130301,1,1,1995,0,0,0,0,0,0,0,0,0,0
130301,2,1,1995,0,0,0,0,0,0,0,0,0,0
130302,1,1,1995,0,0,0,0,0,0,0,0,0,5
130303,1,1,1995,21,21,21,21,21,21,21,21,21,21
130304,1,1,1995,0,0,0,0,0,0,0,0,0,0
130304,2,1,1995,0,0,0,0,0,0,0,0,0,0
130305,0,1,1995,11,11,11,11,11,11,11,11,11,11
130305,1,1,1995,0,0,0,0,0,0,0,0,0,0
130305,2,1,1995,0,0,0,0,0,0,0,0,0,0
130306,1,1,1995,0,0,0,0,22,24,41,0,0,22
130307,0,1,1995,3,3,3,3,3,3,3,3,3,3
130307,1,1,1995,23,23,23,23,23,23,23,23,23,23
130309,1,1,1995,10,10,10,10,10,10,10,10,10,10
130310,1,1,1995,0,0,0,0,0,0,0,0,0,0
130310,2,1,1995,10,6,25,19,21,22,18,23,18,10
130311,1,1,1995,0,0,0,0,0,0,0,0,0,0
130311,2,1,1995,0,0,0,0,0,0,0,0,0,0
130312,1,1,1995,0,0,0,0,0,0,0,0,0,0
130313,1,1,1995,0,0,0,0,0,0,0,0,0,0
130313,2,1,1995,0,0,0,0,0,0,0,0,0,0
130314,1,1,1995,7,2,24,12,18,10,15,13,2,10
130315,1,1,1995,0,0,0,0,0,0,0,0,0,0
130315,2,1,1995,0,0,0,0,0,0,0,0,0,0
130315,3,1,1995,0,0,0,0,0,0,0,0,0,0
130316,1,1,1995,0,0,0,0,0,0,0,0,0,0
130316,2,1,1995,0,0,0,0,0,0,0,0,0,0
130317,1,1,1995,0,0,0,0,0,0,0,0,0,0
130317,2,1,1995,0,0,0,0,0,0,0,0,0,0
130317,3,1,1995,0,0,0,0,0,0,0,0,0,0
130317,4,1,1995,0,0,0,0,0,0,0,0,0,0
130318,1,1,1995,0,0,0,0,0,0,0,0,0,0
130318,2,1,1995,0,0,0,0,0,0,0,0,0,0
130319,1,1,1995,0,0,0,0,0,0,0,0,0,0
130319,2,1,1995,0,0,0,0,0,0,0,0,0,0
130320,1,1,1995,0,0,0,0,0,0,0,0,0,0
130321,1,1,1995,7,0,9,0,0,20,24,12,10,24
130321,2,1,1995,0,0,0,0,0,0,0,0,0,0
130321,3,1,1995,0,0,0,0,0,0,0,0,0,0
130322,1,1,1995,0,13,0,15,0,0,0,0,0,0
130323,1,1,1995,0,0,0,0,0,0,0,0,0,0
130324,1,1,1995,0,0,0,0,0,0,0,0,0,0
130324,2,1,1995,0,0,0,0,0,0,0,0,0,0
130325,1,1,1995,0,0,0,0,0,0,0,0,0,0
130325,2,1,1995,0,0,0,0,0,0,0,0,0,0
130326,1,1,1995,24,24,24,24,24,24,24,24,24,24
130326,2,1,1995,0,0,0,0,0,0,0,0,0,0
130327,1,1,1995,8,8,8,8,8,8,8,8,8,8
130328,1,1,1995,0,0,0,0,0,0,0,0,0,0
130328,2,1,1995,0,0,0,0,0,0,0,0,0,0
130329,1,1,1995,0,0,0,0,0,0,0,0,0,0
130329,2,1,1995,0,0,0,0,0,0,0,0,0,0
130330,1,1,1995,0,0,0,0,0,0,0,0,0,0
130330,2,1,1995,0,0,0,0,0,0,0,0,0,0
130331,1,1,1995,21,21,21,21,21,21,21,21,21,21
130332,1,1,1995,0,0,0,0,0,0,0,0,0,0
130332,2,1,1995,0,0,0,0,0,0,0,0,0,0
130333,1,1,1995,23,23,23,23,23,23,23,23,23,23
130334,1,1,1995,0,0,0,0,0,0,0,0,0,0
130335,1,1,1995,32,32,32,32,32,32,32,32,32,32
130336,1,1,1995,0,0,0,19,0,10,0,0,0,0
130337,1,1,1995,0,0,0,0,0,0,0,0,0,0
130338,1,1,1995,0,0,0,0,0,0,0,0,0,0
130339,1,1,1995,20,0,0,7,19,22,13,18,5,56
130339,2,1,1995,0,0,0,0,0,0,0,0,0,0
130340,0,1,1995,0,0,0,0,0,0,0,0,0,0
130340,1,1,1995,0,0,0,0,0,0,0,0,0,0
130341,1,1,1995,0,0,0,0,0,0,0,0,0,0
130342,1,1,1995,0,0,0,0,0,0,0,0,0,0
130343,1,1,1995,0,0,0,0,0,0,0,0,0,0
130343,2,1,1995,0,0,0,0,0,0,0,0,0,0
130344,0,1,1995,0,0,0,0,0,0,0,0,0,0
130344,1,1,1995,0,0,0,0,0,0,0,0,0,0
130345,1,1,1995,0,0,0,0,0,0,0,0,0,0
130346,1,1,1995,0,0,0,0,0,0,0,0,0,0
130346,2,1,1995,0,0,0,0,0,0,0,0,0,0
130347,0,1,1995,0,0,0,0,0,0,0,0,0,0
130347,1,1,1995,0,0,0,0,0,0,0,0,0,0
130348,1,1,1995,0,0,0,0,0,0,0,0,0,0
130348,2,1,1995,0,0,0,0,0,0,0,0,0,0
130349,1,1,1995,0,0,0,0,0,0,0,0,0,0
130350,1,1,1995,0,0,0,0,0,0,0,23,10,0
130351,1,1,1995,0,0,0,0,0,0,0,0,0,0