ST_CASE,VEH_NO,PER_NO,YEAR,P1,P2,P3,P4,P5,P6,P7,P8,P9,P10
130352,1,1,1995,20,20,20,20,20,20,20,20,20,20
130353,1,1,1995,0,0,0,0,0,0,0,0,0,0
130353,2,1,1995,0,0,0,0,0,0,0,0,0,0
130354,1,1,1995,21,21,21,21,21,21,21,21,21,21
130355,0,1,1995,17,17,17,17,17,17,17,17,17,17
130355,1,1,1995,0,0,0,0,0,0,0,0,0,0
130356,1,1,1995,18,18,18,18,18,18,18,18,18,18
130357,0,1,1995,0,0,0,0,0,0,22,0,0,0
130357,1,1,1995,0,0,0,0,0,0,0,0,0,0
130358,0,1,1995,29,19,0,0,0,12,0,0,0,0
130358,1,1,1995,0,0,0,0,0,0,0,0,0,0
130359,1,1,1995,15,15,15,15,15,15,15,15,15,15
130360,0,1,1995,0,0,0,0,0,0,0,0,0,0
130360,1,1,1995,0,0,0,0,0,0,0,0,0,0
130361,1,1,1995,0,0,0,0,0,0,12,0,0,0
130363,0,1,1995,7,7,7,7,7,7,7,7,7,7
130363,1,1,1995,0,0,0,0,0,0,0,0,0,0
130364,0,1,1995,20,20,20,20,20,20,20,20,20,20
130364,1,1,1995,0,0,0,0,0,0,0,0,0,0
130365,1,1,1995,22,22,22,22,22,22,22,22,22,22
130366,1,1,1995,0,0,0,0,0,0,0,0,0,0
130366,2,1,1995,0,0,0,0,0,0,0,0,0,0
130367,0,1,1995,0,0,0,0,0,0,0,0,0,0
130367,1,1,1995,0,0,0,0,6,0,0,0,0,4
130368,1,1,1995,0,0,0,0,0,0,0,0,0,0
130368,2,1,1995,0,0,0,0,0,0,0,0,0,0
130369,0,1,1995,38,38,38,38,38,38,38,38,38,38
130369,1,1,1995,3,3,3,3,3,3,3,3,3,3
130370,1,1,1995,0,0,0,5,0,0,0,0,0,0
130371,0,1,1995,16,16,16,16,16,16,16,16,16,16
130371,1,1,1995,26,14,0,11,28,23,21,16,13,12
130372,0,1,1995,0,0,0,0,0,0,0,0,0,0
130372,1,1,1995,0,0,0,0,0,0,0,0,0,0
130372,2,1,1995,0,0,0,0,0,0,0,0,0,0
130373,1,1,1995,0,0,0,0,0,0,0,0,0,0
130374,1,1,1995,0,0,0,0,0,0,0,0,0,0
130374,2,1,1995,0,0,0,0,0,0,0,0,0,0
130375,1,1,1995,0,0,0,0,0,0,0,0,0,0
130375,2,1,1995,0,0,0,0,0,0,0,0,0,0
130376,0,1,1995,0,0,0,0,0,0,0,0,0,0
130376,0,2,1995,0,0,0,0,0,0,0,0,0,0
130376,0,3,1995,0,0,0,0,0,0,0,22,0,27
130376,0,4,1995,0,0,7,13,0,19,15,13,0,0
130376,1,1,1995,0,0,0,0,0,0,0,0,0,0
130377,1,1,1995,0,0,0,0,0,0,0,0,0,0
130377,2,1,1995,0,0,0,0,0,0,0,0,0,0
130378,1,1,1995,0,0,0,0,0,0,0,0,0,0
130378,2,1,1995,0,0,0,0,0,0,0,0,0,0
130379,1,1,1995,0,0,0,0,0,0,0,0,0,0
130379,2,1,1995,0,0,0,0,0,0,0,0,0,0
130379,3,1,1995,0,0,0,0,0,0,0,0,0,0
130379,4,1,1995,0,0,0,0,0,0,0,0,0,0
130380,0,1,1995,8,0,18,8,0,0,19,3,0,0
130380,0,2,1995,12,22,8,17,10,10,0,0,0,18
130380,0,3,1995,0,0,5,0,11,20,24,14,0,0
130380,0,4,1995,22,0,24,0,19,24,0,0,0,0
130380,1,1,1995,0,0,0,0,0,0,0,0,0,0
130381,1,1,1995,12,12,12,12,12,12,12,12,12,12
130381,2,1,1995,0,0,0,0,0,0,0,0,0,0
130383,1,1,1995,0,0,0,0,0,0,0,0,0,0
130384,1,1,1995,0,0,0,6,0,0,0,0,0,0
130385,1,1,1995,28,28,28,28,28,28,28,28,28,28
130386,0,1,1995,0,0,0,0,0,0,0,0,0,0
130386,1,1,1995,0,0,0,0,0,0,0,0,0,0
130387,1,1,1995,0,0,0,0,0,0,0,0,0,0
130387,2,1,1995,0,0,0,0,0,0,0,0,0,0
130388,1,1,1995,0,0,0,0,0,0,0,0,0,0
130388,2,1,1995,0,0,0,0,0,0,0,0,0,0
130389,1,1,1995,0,0,0,0,0,0,0,0,0,0
130390,1,1,1995,0,0,0,0,0,0,0,0,0,0
130390,2,1,1995,0,0,0,0,0,0,0,0,0,0
130391,1,1,1995,0,0,0,0,0,0,0,0,0,0
130391,2,1,1995,0,0,0,0,0,0,0,0,0,0
130392,1,1,1995,0,0,0,0,0,0,0,0,0,0
130392,2,1,1995,0,0,0,0,0,0,0,0,0,0
130393,1,1,1995,21,21,21,21,21,21,21,21,21,21
130394,1,1,1995,25,25,25,25,25,25,25,25,25,25
130395,1,1,1995,0,0,0,0,0,0,0,0,0,0
130396,1,1,1995,22,22,22,22,22,22,22,22,22,22
130397,1,1,1995,0,0,0,0,0,0,0,0,0,0
130398,1,1,1995,27,27,27,27,27,27,27,27,27,27
130399,1,1,1995,11,11,11,11,11,11,11,11,11,11
130399,2,1,1995,0,0,0,0,0,0,0,0,0,0
130400,1,1,1995,0,0,0,0,0,0,0,0,0,0
130400,2,1,1995,2,2,2,2,2,2,2,2,2,2
130401,1,1,1995,0,0,0,0,0,0,0,0,0,0
130402,1,1,1995,0,0,0,0,0,0,0,0,0,0
130403,1,1,1995,0,0,0,0,0,0,19,0,0,0
130404,1,1,1995,0,0,0,0,0,0,0,0,0,0
130404,2,1,1995,0,0,0,0,0,0,0,0,0,0
130405,1,1,1995,0,0,0,0,0,0,0,0,0,0
130405,2,1,1995,0,0,0,0,0,0,0,0,0,0
130406,0,1,1995,5,5,5,5,5,5,5,5,5,5
130406,1,1,1995,8,8,8,8,8,8,8,8,8,8
130407,1,1,1995,0,0,0,0,0,0,0,0,0,0
130408,0,1,1995,0,0,0,0,0,0,0,0,0,0
130408,1,1,1995,0,0,0,0,0,0,0,0,0,0
130409,0,1,1995,32,32,32,32,32,32,32,32,32,32
130409,1,1,1995,0,0,0,0,0,0,0,0,0,0
130410,1,1,1995,26,26,26,26,26,26,26,26,26,26
130411,1,1,1995,0,0,0,0,0,0,0,0,0,0
130412,1,1,1995,0,0,0,0,0,0,0,0,0,0
130412,2,1,1995,0,0,0,0,0,0,0,0,0,0
130413,1,1,1995,0,0,0,0,0,0,0,0,0,0
130413,2,1,1995,0,0,0,0,0,0,0,0,0,0
130414,1,1,1995,22,22,22,22,22,22,22,22,22,22
130415,0,1,1995,0,0,0,0,0,0,0,0,0,0
130415,1,1,1995,0,0,0,0,0,0,0,0,0,0
130416,1,1,1995,0,0,0,0,0,0,0,0,0,0
130416,2,1,1995,0,0,0,0,0,0,0,0,0,0
130417,1,1,1995,0,0,0,0,0,0,0,0,0,0
130418,0,1,1995,0,0,0,0,0,0,0,0,0,0
130418,1,1,1995,37,33,0,25,0,0,0,20,0,12
130419,0,1,1995,0,0,0,0,0,0,0,0,0,0
130419,1,1,1995,0,0,0,0,0,0,0,0,0,0
130420,1,1,1995,0,0,0,0,0,0,0,0,0,0
130420,2,1,1995,0,0,0,0,0,0,0,0,0,0
130421,1,1,1995,0,0,0,0,0,0,0,0,0,0
130422,1,1,1995,0,0,0,0,0,0,0,0,0,0
130423,1,1,1995,5,5,5,5,5,5,5,5,5,5
130423,2,1,1995,0,0,0,0,0,0,0,0,0,0
130424,0,1,1995,10,10,10,10,10,10,10,10,10,10
130424,1,1,1995,0,0,0,0,0,0,0,0,0,0
130426,1,1,1995,12,12,12,12,12,12,12,12,12,12
130427,1,1,1995,0,0,0,0,0,0,0,0,0,0
130427,2,1,1995,2,2,2,2,2,2,2,2,2,2
130428,1,1,1995,15,15,15,15,15,15,15,15,15,15
130429,1,1,1995,0,0,0,0,0,0,0,0,0,0
130430,0,1,1995,27,27,27,27,27,27,27,27,27,27
130430,1,1,1995,0,0,0,0,0,0,0,0,0,0
130431,1,1,1995,19,19,19,19,19,19,19,19,19,19
130431,2,1,1995,0,0,0,0,0,0,0,0,0,0
130432,1,1,1995,0,0,0,0,0,0,0,0,0,0
130432,2,1,1995,0,0,0,0,0,0,0,0,0,0
130433,1,1,1995,0,0,0,0,0,0,0,0,0,0
130434,1,1,1995,0,0,0,0,0,0,0,0,0,0
130434,2,1,1995,0,0,0,0,0,0,0,0,0,0
130435,1,1,1995,0,0,0,0,0,0,0,0,0,0
130436,1,1,1995,0,0,0,0,0,0,0,0,0,0
130436,2,1,1995,2,2,2,2,2,2,2,2,2,2
130437,1,1,1995,0,0,0,0,0,0,0,0,0,0
130438,1,1,1995,6,6,6,6,6,6,6,6,6,6
130439,1,1,1995,0,0,0,0,0,0,0,0,0,0
130440,1,1,1995,21,0,0,0,0,0,20,0,0,16
130441,1,1,1995,0,0,0,0,0,0,0,0,0,0
130442,1,1,1995,0,0,0,0,0,0,0,0,0,0
130443,1,1,1995,8,8,8,8,8,8,8,8,8,8
130443,2,1,1995,0,0,0,0,0,0,0,0,0,0
130444,1,1,1995,0,0,0,0,0,0,0,0,0,0
130445,1,1,1995,0,0,0,0,0,0,0,0,0,0
130445,2,1,1995,0,0,0,0,0,0,0,0,0,0
130446,1,1,1995,0,0,0,0,0,0,0,0,0,0
130446,2,1,1995,0,0,0,0,0,0,0,0,0,0
130447,1,1,1995,0,0,0,0,0,0,0,0,0,0
130448,1,1,1995,0,0,0,0,0,0,0,0,0,0
130449,1,1,1995,0,0,0,0,0,0,0,0,0,0
130450,0,1,1995,0,0,0,0,0,0,0,0,0,0
130450,1,1,1995,0,0,0,0,0,0,0,0,0,0
130451,1,1,1995,0,0,0,0,0,0,0,0,0,0
130451,2,1,1995,0,0,0,0,0,0,0,0,0,0
130451,3,1,1995,0,0,0,0,0,0,0,0,0,0
130452,1,1,1995,28,28,28,28,28,28,28,28,28,28
130453,1,1,1995,0,0,0,0,0,0,0,0,0,0
130454,1,1,1995,0,0,0,0,0,0,0,0,0,0
130454,2,1,1995,0,0,0,0,0,0,0,0,0,0
130454,3,1,1995,0,0,0,0,0,0,0,0,0,0
130455,1,1,1995,0,0,0,0,0,0,0,0,0,0
130455,2,1,1995,0,0,0,0,0,0,0,0,0,0
130456,1,1,1995,0,0,0,0,0,0,0,0,0,0
130457,1,1,1995,0,0,0,0,0,0,0,0,0,0
130457,2,1,1995,0,0,0,0,0,0,0,0,0,0
130458,1,1,1995,0,0,0,0,0,0,0,0,0,0
130458,2,1,1995,0,0,0,0,0,0,0,0,0,0
130458,3,1,1995,0,0,0,0,0,0,0,0,0,0
130459,0,1,1995,0,0,0,0,0,0,0,0,0,0
130459,1,1,1995,26,9,12,4,7,8,13,11,19,9
130460,1,1,1995,0,22,0,0,18,0,0,14,0,21
130461,0,1,1995,18,18,18,18,18,18,18,18,18,18
130461,1,1,1995,0,0,0,0,0,0,0,0,0,0
130462,1,1,1995,0,0,0,0,0,0,0,0,0,0
130462,2,1,1995,0,0,0,0,0,0,0,0,0,0
130463,1,1,1995,0,0,0,0,0,0,0,0,0,0
130463,2,1,1995,3,0,0,7,0,0,0,0,0,0
130464,1,1,1995,21,21,21,21,21,21,21,21,21,21
130464,2,1,1995,0,0,0,0,0,0,0,0,0,0
130465,1,1,1995,0,0,11,0,18,9,11,0,0,0
130466,1,1,1995,3,3,3,3,3,3,3,3,3,3
130467,0,1,1995,0,0,0,0,0,0,0,0,0,0
130467,1,1,1995,0,0,0,0,0,0,0,0,0,0
130468,1,1,1995,0,0,0,0,0,0,0,0,0,0
130468,2,1,1995,0,0,0,0,0,0,0,0,0,0
130469,1,1,1995,0,0,0,0,0,0,0,0,0,0
130469,2,1,1995,0,0,0,0,0,0,0,0,0,0
130470,1,1,1995,0,0,0,0,0,0,0,0,0,0
130470,2,1,1995,0,0,0,0,0,0,0,0,0,0
130471,1,1,1995,0,0,0,0,0,0,0,0,0,0
130471,2,1,1995,0,0,0,0,0,0,0,0,0,0
130472,0,1,1995,0,0,0,13,0,0,0,0,0,20
130472,1,1,1995,0,0,0,0,0,0,0,0,0,0
130473,0,1,1995,0,0,0,0,0,0,0,0,0,0
130473,1,1,1995,0,0,0,0,0,0,0,0,0,0
130474,1,1,1995,21,21,21,21,21,21,21,21,21,21
130475,1,1,1995,0,0,0,0,0,0,0,0,0,0
130477,1,1,1995,0,0,0,0,0,0,0,0,0,0
130477,2,1,1995,0,0,0,0,0,0,18,0,0,0
130478,1,1,1995,7,7,7,7,7,7,7,7,7,7
130479,1,1,1995,0,0,0,0,0,0,0,0,0,0
130479,2,1,1995,0,0,0,0,0,0,0,0,0,0
130480,0,1,1995,0,0,0,0,0,0,0,0,0,0
130480,0,2,1995,0,0,0,0,0,0,0,0,0,0
130480,1,1,1995,0,0,0,0,0,0,0,0,0,0
130481,1,1,1995,0,0,0,0,0,0,0,0,0,0
130481,2,1,1995,0,0,0,0,0,0,0,0,0,0
130482,1,1,1995,0,0,0,0,0,0,0,0,0,0
130482,2,1,1995,0,0,0,0,0,0,0,0,0,0
130482,3,1,1995,0,0,0,0,0,0,0,0,0,0
130483,1,1,1995,0,0,0,0,0,0,0,0,0,0
130483,2,1,1995,0,0,0,0,0,0,0,0,0,0
130484,1,1,1995,0,0,0,0,0,0,0,0,0,0
130484,2,1,1995,0,0,0,0,0,0,0,0,0,0
130485,0,1,1995,0,0,0,0,0,0,0,0,0,0
130485,1,1,1995,0,0,0,0,0,0,0,0,0,0
130486,1,1,1995,0,0,0,0,0,0,0,0,0,0
130486,2,1,1995,16,16,16,16,16,16,16,16,16,16
130487,1,1,1995,0,0,0,0,0,0,0,0,0,0
130487,2,1,1995,0,0,0,0,0,0,0,0,0,0
130488,1,1,1995,10,10,10,10,10,10,10,10,10,10
130489,1,1,1995,0,0,0,0,0,0,0,0,0,0
130489,2,1,1995,0,0,0,0,0,0,0,0,0,0
130490,0,1,1995,0,0,0,0,0,0,0,0,0,0
130490,1,1,1995,0,0,0,0,0,0,0,0,0,0
130491,1,1,1995,0,0,0,0,0,0,0,0,0,0
130492,1,1,1995,17,17,17,17,17,17,17,17,17,17
130493,1,1,1995,27,27,27,27,27,27,27,27,27,27
130494,1,1,1995,0,0,0,0,0,0,0,0,0,0
130494,2,1,1995,0,0,0,0,0,0,0,0,0,0
130495,1,1,1995,10,10,10,10,10,10,10,10,10,10
130496,1,1,1995,15,15,15,15,15,15,15,15,15,15
130496,2,1,1995,0,0,0,0,0,0,0,0,0,0
130497,1,1,1995,0,0,0,0,0,0,0,0,0,0
130497,2,1,1995,0,0,0,0,0,0,0,0,0,0
130497,3,1,1995,0,0,0,0,0,0,0,0,0,0
130497,4,1,1995,0,0,0,0,0,0,0,0,0,0
130497,5,1,1995,0,0,0,0,0,0,0,0,0,0
130497,6,1,1995,0,0,0,0,0,0,0,0,0,0
130497,7,1,1995,0,0,0,0,0,0,0,0,0,0
130497,8,1,1995,0,0,0,0,0,0,0,0,0,0
130497,9,1,1995,0,0,0,0,0,0,0,0,0,0
130497,10,1,1995,0,0,0,0,0,0,0,0,0,0
130497,11,1,1995,0,0,0,0,0,0,0,0,0,0
130497,12,1,1995,0,28,0,0,0,0,0,0,0,0
130497,13,1,1995,0,0,0,0,0,0,0,0,0,0
130497,14,1,1995,0,0,0,9,0,0,0,21,0,0
130497,15,1,1995,0,0,0,0,0,0,0,0,0,0
130497,16,1,1995,0,0,0,0,0,0,0,0,0,0
130497,17,1,1995,0,0,0,0,0,0,0,0,0,0
130497,18,1,1995,0,0,0,0,0,0,0,0,0,0
130497,19,1,1995,0,0,0,0,0,0,0,0,0,0
130497,20,1,1995,0,0,0,0,0,0,0,0,0,0
130497,21,1,1995,0,0,0,0,0,0,0,0,0,0
130497,22,1,1995,0,0,0,0,0,0,0,0,0,0
130497,23,1,1995,0,0,0,6,0,0,0,0,0,0
130498,1,1,1995,0,0,0,0,0,0,0,0,0,0
130498,2,1,1995,0,0,0,0,0,0,0,0,0,0
130499,1,1,1995,0,0,0,0,0,0,0,0,0,0
130499,2,1,1995,0,0,0,0,0,0,0,0,0,0
130500,0,1,1995,24,24,24,24,24,24,24,24,24,24
130500,1,1,1995,0,0,0,0,0,0,0,0,0,0
130501,1,1,1995,0,0,0,0,0,0,0,0,0,0
130502,1,1,1995,10,10,10,10,10,10,10,10,10,10
130503,1,1,1995,0,0,0,0,0,0,0,0,0,0
130504,1,1,1995,0,0,0,0,0,0,0,0,0,0
130504,2,1,1995,30,30,30,30,30,30,30,30,30,30
130505,1,1,1995,0,0,0,0,0,0,0,0,0,0
130505,2,1,1995,0,11,0,5,0,0,0,0,0,0
130506,1,1,1995,0,0,0,0,0,0,0,0,0,0
130506,2,1,1995,0,0,0,0,0,0,0,0,0,0
130506,3,1,1995,0,0,0,0,0,0,0,0,0,0
130507,1,1,1995,0,0,0,0,0,0,0,0,0,0
130508,0,1,1995,0,0,0,0,0,0,0,0,0,0
130508,1,1,1995,0,0,0,0,0,0,0,0,0,0
130509,1,1,1995,0,0,0,0,0,0,0,0,0,0
130510,1,1,1995,0,0,0,0,0,0,0,0,0,0
130510,2,1,1995,0,0,0,0,0,0,0,0,0,0
130510,3,1,1995,0,0,0,0,0,0,0,0,0,0
130510,4,1,1995,0,0,0,0,0,0,0,0,0,0
130511,1,1,1995,16,10,17,8,31,21,18,0,15,0
130512,1,1,1995,7,7,7,7,7,7,7,7,7,7
130513,1,1,1995,0,0,0,0,0,0,0,0,0,0
130513,2,1,1995,0,0,0,0,0,0,0,0,0,0
130514,1,1,1995,0,0,0,0,0,0,0,0,0,0
130514,2,1,1995,0,0,0,0,0,0,0,0,0,0
130514,3,1,1995,0,0,0,0,0,0,0,0,0,0
130515,1,1,1995,0,0,0,0,0,0,0,0,0,0
130515,2,1,1995,0,0,0,0,0,0,0,0,0,0
130516,1,1,1995,0,0,0,0,0,0,0,0,0,0
130517,1,1,1995,15,15,15,15,15,15,15,15,15,15
130517,2,1,1995,0,0,0,0,0,0,0,0,0,0
130518,1,1,1995,0,0,0,0,0,0,0,0,0,0
130518,2,1,1995,0,0,0,0,0,0,0,0,0,0
130519,1,1,1995,0,0,0,0,0,0,0,0,0,0
130519,2,1,1995,0,0,0,0,0,0,0,0,0,0
130520,1,1,1995,6,16,22,6,15,0,21,0,23,14
130521,1,1,1995,0,0,0,0,0,0,0,0,0,0
130522,1,1,1995,36,36,36,36,36,36,36,36,36,36
130523,1,1,1995,0,0,0,0,0,0,0,0,0,0
130523,2,1,1995,0,0,0,0,0,0,0,0,0,0
130524,1,1,1995,26,26,26,26,26,26,26,26,26,26
130525,1,1,1995,19,19,19,19,19,19,19,19,19,19
130526,0,1,1995,0,0,0,0,0,0,0,0,0,0
130526,1,1,1995,0,0,0,0,0,0,0,0,0,0
130527,1,1,1995,0,0,0,0,0,0,0,0,0,0
130527,2,1,1995,0,0,0,0,0,0,0,0,0,0
130528,1,1,1995,0,0,0,0,0,0,0,0,0,0
130528,2,1,1995,0,0,0,0,0,0,0,0,0,0
130529,0,1,1995,16,16,16,16,16,16,16,16,16,16
130529,1,1,1995,0,0,0,0,0,0,0,0,0,0
130530,1,1,1995,0,0,0,0,0,0,0,0,0,0
130530,2,1,1995,0,0,0,0,0,0,0,0,0,0
130531,1,1,1995,0,0,0,0,0,0,0,0,0,0
130531,2,1,1995,0,0,0,0,0,0,0,0,0,0
130531,3,1,1995,0,0,0,0,0,0,0,0,0,0
130531,4,1,1995,0,0,0,0,0,0,0,0,0,0
130532,1,1,1995,0,0,0,0,0,0,0,0,0,0
130532,2,1,1995,0,0,0,0,0,0,0,0,0,0
130532,3,1,1995,0,0,0,0,0,3,0,0,0,0
130533,0,1,1995,0,0,0,0,0,0,0,0,0,0
130533,1,1,1995,0,0,0,0,0,0,0,0,0,0
130534,1,1,1995,27,27,27,27,27,27,27,27,27,27
130534,2,1,1995,0,0,0,0,0,0,0,0,0,0
130535,1,1,1995,32,23,21,18,15,22,0,20,13,27
130536,1,1,1995,0,0,0,0,0,0,0,0,0,0
130536,2,1,1995,0,0,0,0,0,0,0,0,0,0
130537,1,1,1995,0,0,0,0,0,0,0,0,0,0
130537,2,1,1995,0,0,0,0,0,0,0,0,0,0
130538,0,1,1995,7,7,7,7,7,7,7,7,7,7
130538,1,1,1995,0,0,0,0,0,0,0,0,0,0
130539,1,1,1995,0,0,0,0,0,0,0,0,0,0
130539,2,1,1995,0,0,0,0,0,0,0,0,0,0
130540,1,1,1995,0,0,0,0,0,0,0,0,0,0
130540,2,1,1995,0,0,0,0,0,0,0,0,0,0
130541,0,1,1995,0,0,0,31,0,0,0,0,0,22
130541,1,1,1995,0,0,0,0,0,0,0,18,0,0
130542,1,1,1995,0,0,0,0,0,0,0,0,0,0
130543,1,1,1995,0,0,0,0,0,0,0,0,0,0
130543,2,1,1995,0,0,0,0,0,0,0,0,0,0
130544,1,1,1995,0,0,0,0,0,13,0,0,0,0
130545,0,1,1995,18,18,18,18,18,18,18,18,18,18
130545,1,1,1995,0,0,0,0,0,0,0,0,0,0
130546,1,1,1995,0,0,0,0,0,0,0,0,0,0
130547,1,1,1995,6,6,6,6,6,6,6,6,6,6
130548,1,1,1995,0,0,0,0,0,0,0,0,0,0
130548,2,1,1995,0,0,0,0,0,0,0,0,0,0
130549,0,1,1995,0,0,0,0,0,0,0,0,0,0
130549,1,1,1995,0,0,0,0,0,0,0,0,0,0
130550,1,1,1995,0,0,0,0,0,0,0,0,0,0
130550,2,1,1995,0,0,0,0,0,0,0,0,0,0
130551,1,1,1995,2,2,2,2,2,2,2,2,2,2
130551,2,1,1995,0,0,0,0,0,0,0,0,0,0
130552,0,1,1995,0,0,0,0,0,0,0,0,0,0
130552,1,1,1995,21,21,21,21,21,21,21,21,21,21
130553,1,1,1995,0,0,0,0,0,0,0,0,0,0
130553,2,1,1995,0,0,0,0,0,0,0,0,0,0
130554,1,1,1995,12,12,12,12,12,12,12,12,12,12
130554,2,1,1995,0,0,0,0,0,0,0,0,0,0
130555,1,1,1995,4,4,4,4,4,4,4,4,4,4
130556,1,1,1995,0,0,0,0,0,0,0,0,0,0
130556,2,1,1995,0,0,0,0,0,0,0,0,0,0
130557,1,1,1995,0,0,0,0,0,0,0,0,0,0
130558,1,1,1995,16,16,16,16,16,16,16,16,16,16
130559,1,1,1995,0,0,0,0,0,0,0,0,0,0
130559,2,1,1995,0,0,0,0,0,0,0,0,0,0
130560,1,1,1995,0,0,6,0,0,0,0,0,0,0
130561,0,1,1995,0,0,0,0,0,0,0,0,0,0
130561,0,2,1995,0,0,0,0,0,0,33,0,10,0
130561,1,1,1995,0,0,0,0,0,0,0,0,0,0
130561,2,1,1995,0,0,0,0,0,0,0,0,0,0
130562,1,1,1995,0,0,0,0,0,0,0,0,0,0
130562,2,1,1995,0,0,0,0,0,0,0,0,0,0
130563,1,1,1995,0,6,0,0,0,12,0,0,0,0
130563,2,1,1995,0,0,0,0,0,0,0,0,0,0
130564,1,1,1995,0,0,0,0,0,0,0,0,0,0
130564,2,1,1995,0,0,0,0,0,0,0,0,0,0
130565,1,1,1995,0,0,0,0,0,0,0,0,0,0
130566,1,1,1995,0,0,0,0,0,0,0,0,0,0
130567,1,1,1995,25,25,25,25,25,25,25,25,25,25
130568,1,1,1995,0,0,0,0,0,0,0,0,0,0
130569,1,1,1995,0,0,0,0,0,0,0,0,0,0
130570,1,1,1995,0,0,0,0,0,0,0,0,0,0
130571,1,1,1995,16,16,16,16,16,16,16,16,16,16
130572,1,1,1995,12,12,12,12,12,12,12,12,12,12
130572,2,1,1995,13,16,0,0,8,7,12,14,19,7
130573,1,1,1995,0,0,0,0,0,0,0,0,0,0
130574,1,1,1995,23,23,23,23,23,23,23,23,23,23
130575,0,1,1995,0,0,0,0,0,0,0,0,0,0
130575,1,1,1995,0,0,0,0,0,0,0,0,0,0
130576,1,1,1995,2,2,2,2,2,2,2,2,2,2
130577,1,1,1995,0,0,0,0,0,0,0,0,0,0
130577,2,1,1995,0,0,0,0,0,0,0,0,0,0
130577,3,1,1995,0,0,0,0,0,0,0,0,0,0
130578,1,1,1995,0,0,0,0,0,0,0,0,0,0
130578,2,1,1995,0,0,0,0,0,0,0,0,0,8
130578,3,1,1995,17,0,0,0,0,0,0,0,0,0
130579,1,1,1995,0,0,0,0,0,30,0,0,10,0
130579,2,1,1995,0,0,0,0,0,0,0,0,5,0
130580,1,1,1995,10,27,0,0,23,15,7,18,23,25
130581,1,1,1995,11,11,11,11,11,11,11,11,11,11
130582,1,1,1995,33,33,33,33,33,33,33,33,33,33
130583,1,1,1995,10,10,10,10,10,10,10,10,10,10
130584,1,1,1995,0,0,0,0,0,0,0,0,0,0
130585,1,1,1995,0,0,0,0,0,0,0,0,0,0
130585,2,1,1995,0,0,0,0,0,0,0,0,0,0
130586,1,1,1995,0,0,0,0,0,0,0,0,0,0
130587,1,1,1995,0,0,0,0,0,0,0,0,0,0
130588,1,1,1995,0,0,0,0,0,0,0,0,0,0
130588,2,1,1995,0,0,0,0,0,0,0,0,0,0
130589,1,1,1995,0,0,0,0,0,0,0,0,0,0
130591,1,1,1995,12,12,12,12,12,12,12,12,12,12
130592,0,1,1995,0,0,0,0,0,0,0,0,0,0
130593,1,1,1995,0,0,0,0,0,0,0,0,0,0
130593,2,1,1995,0,0,0,0,0,0,0,0,0,0
130593,3,1,1995,0,0,0,0,0,0,0,0,0,0
130594,1,1,1995,0,0,0,0,0,0,0,0,0,0
130595,1,1,1995,20,20,20,20,20,20,20,20,20,20
130595,2,1,1995,0,0,0,0,0,0,0,0,0,0
130596,1,1,1995,0,0,0,0,0,0,0,0,0,0
130596,2,1,1995,0,0,0,0,0,0,0,0,0,0
130597,1,1,1995,24,24,24,24,24,24,24,24,24,24
130598,1,1,1995,0,0,0,0,0,0,0,0,0,0
130599,1,1,1995,0,0,0,0,0,0,0,0,0,0
130600,1,1,1995,0,0,0,0,0,0,0,0,0,0
130600,2,1,1995,0,0,0,0,0,0,0,0,0,0
130601,1,1,1995,0,0,0,0,0,0,0,0,0,0
130601,2,1,1995,0,0,0,0,0,0,0,0,0,0
130602,1,1,1995,0,0,0,8,0,0,0,0,0,0
130603,1,1,1995,0,0,0,0,0,0,0,0,0,0
130604,1,1,1995,0,0,0,0,0,0,0,0,0,0
130604,2,1,1995,0,0,0,0,0,0,0,0,0,0
130605,1,1,1995,0,0,0,0,0,0,0,0,0,0
130606,1,1,1995,0,0,0,0,0,0,0,0,0,0
130606,2,1,1995,0,0,0,0,0,0,0,0,0,0
130607,1,1,1995,24,27,14,34,22,16,19,20,0,20
130608,1,1,1995,29,0,10,6,0,0,12,0,0,0
130608,2,1,1995,0,0,0,0,0,0,0,9,0,0
130609,1,1,1995,0,0,0,0,0,0,0,0,0,0
130609,2,1,1995,0,0,0,0,0,0,0,0,0,0
130610,1,1,1995,0,0,0,0,0,0,0,0,0,0
130611,1,1,1995,0,0,0,0,0,0,0,0,0,0
130611,2,1,1995,0,0,0,0,0,0,0,0,0,0
130612,1,1,1995,0,0,0,0,0,0,0,0,0,0
130612,2,1,1995,0,0,0,0,0,0,0,0,0,0
130613,1,1,1995,8,0,12,28,29,12,23,21,5,20
130614,0,1,1995,19,19,19,19,19,19,19,19,19,19
130614,1,1,1995,0,0,0,0,0,0,0,0,0,0
130615,1,1,1995,7,7,7,7,7,7,7,7,7,7
130615,2,1,1995,0,0,0,0,0,0,0,0,0,0
130616,1,1,1995,0,0,0,0,14,14,21,0,0,0
130617,1,1,1995,0,0,0,0,0,0,0,0,0,0
130617,2,1,1995,0,0,0,0,0,0,0,0,0,0
130618,1,1,1995,0,0,0,0,0,0,0,0,0,0
130618,2,1,1995,0,0,0,0,0,0,0,0,0,0
130619,1,1,1995,0,0,0,0,0,0,0,0,0,0
130620,1,1,1995,0,0,0,0,0,0,0,0,0,0
130620,2,1,1995,0,0,0,0,0,0,0,10,0,0
130621,1,1,1995,0,0,0,0,0,0,0,0,0,0
130622,0,1,1995,29,29,29,29,29,29,29,29,29,29
130622,1,1,1995,29,29,29,29,29,29,29,29,29,29
130623,1,1,1995,23,23,23,23,23,23,23,23,23,23