ST_CASE,VEH_NO,PER_NO,YEAR,P1,P2,P3,P4,P5,P6,P7,P8,P9,P10
130624,1,1,1995,16,16,16,16,16,16,16,16,16,16
130625,0,1,1995,0,31,33,24,0,14,15,21,16,19
130625,1,1,1995,0,0,0,0,0,0,0,0,0,0
130626,1,1,1995,0,0,0,0,0,0,0,0,0,0
130627,1,1,1995,0,0,0,0,0,0,0,0,0,0
130627,2,1,1995,0,0,0,0,0,0,0,0,28,0
130628,1,1,1995,0,0,0,0,0,0,0,0,0,0
130628,2,1,1995,0,0,0,5,0,0,0,0,0,0
130628,3,1,1995,0,0,0,0,0,0,0,0,0,0
130629,1,1,1995,0,0,0,0,0,0,0,0,0,0
130629,2,1,1995,0,0,0,0,0,5,0,0,0,0
130630,1,1,1995,0,0,26,0,0,26,0,0,17,0
130631,0,1,1995,0,0,0,0,0,0,0,0,0,0
130631,1,1,1995,0,0,0,0,0,0,0,0,0,0
130632,1,1,1995,0,0,0,0,0,0,0,0,0,0
130633,1,1,1995,0,0,0,0,0,0,0,0,0,0
130633,2,1,1995,0,0,0,0,0,0,0,0,0,0
130633,3,1,1995,0,0,0,0,0,0,0,0,0,0
130634,1,1,1995,2,2,2,2,2,2,2,2,2,2
130634,2,1,1995,0,24,32,0,3,37,0,0,0,8
130635,1,1,1995,0,0,0,0,0,0,0,0,0,0
130636,1,1,1995,25,25,25,25,25,25,25,25,25,25
130637,1,1,1995,0,0,0,0,0,0,0,0,0,0
130638,1,1,1995,21,21,21,21,21,21,21,21,21,21
130639,1,1,1995,22,22,22,22,22,22,22,22,22,22
130640,1,1,1995,0,0,0,0,0,0,0,0,0,0
130641,1,1,1995,0,0,0,0,0,0,0,0,0,0
130641,2,1,1995,0,0,0,0,0,0,0,0,0,0
130642,0,1,1995,7,7,7,7,7,7,7,7,7,7
130642,1,1,1995,17,15,0,0,0,15,0,0,14,7
130643,1,1,1995,0,0,0,0,0,0,0,0,0,0
130643,2,1,1995,0,0,0,0,0,0,0,0,0,0
130643,3,1,1995,0,0,0,0,0,0,0,0,0,0
130643,4,1,1995,0,0,0,0,0,0,0,0,0,0
130644,1,1,1995,0,0,0,0,0,0,0,0,0,0
130644,2,1,1995,0,0,0,0,0,0,0,0,0,0
130645,1,1,1995,0,0,0,0,0,0,0,0,0,0
130645,2,1,1995,0,0,0,0,0,0,0,0,0,0
130646,1,1,1995,20,0,0,23,0,29,0,28,0,0
130647,1,1,1995,23,23,23,23,23,23,23,23,23,23
130647,2,1,1995,0,0,0,0,0,0,0,0,0,0
130648,1,1,1995,0,0,0,0,0,0,0,0,0,0
130649,1,1,1995,22,22,22,22,22,22,22,22,22,22
130650,1,1,1995,0,0,0,0,0,0,0,0,0,0
130650,2,1,1995,0,0,0,0,0,0,0,0,0,0
130650,3,1,1995,0,0,0,0,0,0,0,0,0,0
130651,1,1,1995,0,0,0,0,0,0,0,0,0,0
130651,2,1,1995,0,0,0,0,0,0,0,0,0,0
130651,3,1,1995,0,0,0,0,0,0,0,0,0,0
130652,1,1,1995,0,0,0,0,0,0,0,0,0,0
130653,1,1,1995,0,0,0,0,0,0,0,0,0,0
130653,2,1,1995,0,0,0,0,0,0,0,0,0,0
130654,0,1,1995,0,0,0,0,0,0,0,0,0,0
130654,1,1,1995,0,0,0,0,0,0,0,0,0,0
130655,1,1,1995,0,0,0,0,0,0,0,0,0,0
130655,2,1,1995,0,0,0,0,0,0,0,0,0,0
130656,1,1,1995,0,0,0,0,0,0,0,0,0,0
130656,2,1,1995,0,0,0,0,0,0,0,0,0,0
130657,1,1,1995,0,0,0,0,0,0,0,0,0,0
130657,2,1,1995,0,0,0,0,0,0,0,0,0,0
130659,1,1,1995,0,0,0,0,0,0,0,0,0,0
130659,2,1,1995,0,0,0,0,0,0,0,0,0,0
130660,1,1,1995,27,27,27,27,27,27,27,27,27,27
130661,1,1,1995,0,0,0,0,0,0,0,0,0,0
130662,1,1,1995,0,0,0,0,0,0,0,0,0,0
130663,1,1,1995,0,0,0,0,0,0,0,0,0,0
130664,1,1,1995,16,16,16,16,16,16,16,16,16,16
130665,0,1,1995,35,35,35,35,35,35,35,35,35,35
130665,1,1,1995,0,0,0,0,0,0,0,0,0,0
130666,1,1,1995,0,0,0,0,0,0,0,0,0,0
130666,2,1,1995,0,34,0,0,0,0,0,8,0,0
130667,1,1,1995,1,1,1,1,1,1,1,1,1,1
130668,1,1,1995,0,0,0,0,0,0,0,0,0,0
130668,2,1,1995,0,0,0,0,0,0,0,0,0,0
130669,0,1,1995,9,9,9,9,9,9,9,9,9,9
130669,1,1,1995,13,13,13,13,13,13,13,13,13,13
130670,1,1,1995,0,0,0,0,0,0,0,0,0,0
130670,2,1,1995,0,0,0,0,0,0,0,0,0,0
130671,1,1,1995,0,0,0,0,0,0,0,0,0,0
130671,2,1,1995,0,0,0,0,0,0,0,0,0,0
130672,1,1,1995,0,0,0,0,0,0,0,0,0,0
130672,2,1,1995,0,0,0,0,0,0,0,0,0,0
130673,1,1,1995,0,0,0,0,0,0,0,0,0,0
130673,2,1,1995,0,0,0,0,0,0,0,0,0,0
130674,1,1,1995,0,0,0,0,0,0,0,0,0,0
130675,1,1,1995,0,0,0,0,0,0,0,0,0,0
130675,2,1,1995,0,0,0,0,0,0,0,0,0,0
130676,1,1,1995,10,10,10,10,10,10,10,10,10,10
130677,1,1,1995,14,14,14,14,14,14,14,14,14,14
130678,1,1,1995,0,0,0,0,0,0,0,0,0,0
130679,1,1,1995,0,0,0,0,0,0,0,0,0,0
130679,2,1,1995,0,0,0,0,0,0,0,0,0,0
130680,1,1,1995,0,0,0,0,0,0,0,0,0,0
130680,2,1,1995,0,0,0,0,0,0,0,0,0,0
130681,1,1,1995,22,22,22,22,22,22,22,22,22,22
130682,1,1,1995,0,0,0,0,0,0,0,0,0,0
130683,1,1,1995,0,0,0,0,0,0,0,0,0,0
130683,2,1,1995,0,0,0,0,0,0,0,0,0,0
130684,1,1,1995,0,0,0,21,0,0,0,0,0,0
130685,1,1,1995,0,0,0,0,0,0,0,0,0,0
130686,1,1,1995,32,32,32,32,32,32,32,32,32,32
130687,1,1,1995,31,16,0,18,9,0,41,9,32,11
130688,1,1,1995,22,22,22,22,22,22,22,22,22,22
130688,2,1,1995,0,0,0,0,0,0,0,0,0,0
130689,1,1,1995,26,26,26,26,26,26,26,26,26,26
130690,1,1,1995,0,0,0,0,0,0,0,0,0,0
130690,2,1,1995,0,0,0,0,0,0,0,0,0,0
130691,1,1,1995,0,0,0,0,0,0,0,0,0,0
130691,2,1,1995,0,0,0,0,0,0,0,0,0,0
130692,1,1,1995,0,0,0,0,0,0,0,0,0,0
130692,2,1,1995,0,0,0,0,0,0,0,0,0,0
130693,1,1,1995,0,0,0,0,0,0,0,0,0,0
130694,1,1,1995,23,23,23,23,23,23,23,23,23,23
130695,1,1,1995,7,7,7,7,7,7,7,7,7,7
130696,1,1,1995,0,0,0,0,0,0,0,0,0,0
130696,2,1,1995,0,0,0,0,0,0,0,0,0,0
130697,0,1,1995,0,0,0,0,0,0,0,0,0,0
130697,1,1,1995,0,13,0,13,0,0,0,22,0,14
130697,2,1,1995,0,0,0,0,0,0,0,0,0,0
130697,3,1,1995,0,0,0,0,0,0,0,0,0,0
130698,1,1,1995,0,0,0,0,0,0,0,0,0,0
130698,2,1,1995,0,0,0,0,0,0,0,0,0,0
130698,3,1,1995,0,0,0,0,0,0,0,0,0,0
130699,1,1,1995,0,0,0,0,0,0,0,0,0,0
130699,2,1,1995,0,0,0,0,0,0,0,0,0,0
130700,1,1,1995,0,0,0,0,0,0,0,0,0,0
130701,1,1,1995,0,0,0,0,0,0,0,0,0,0
130701,2,1,1995,0,0,0,0,0,0,0,0,0,0
130702,1,1,1995,0,0,0,0,0,0,0,0,0,0
130703,1,1,1995,0,0,0,0,0,0,0,0,0,0
130703,2,1,1995,0,0,0,0,0,0,0,0,0,0
130703,3,1,1995,0,0,0,0,0,0,0,0,0,0
130703,4,1,1995,0,0,0,0,0,0,0,0,0,0
130703,5,1,1995,0,0,0,0,0,0,0,0,0,0
130703,6,1,1995,0,0,0,0,0,16,0,0,0,5
130703,7,1,1995,0,0,0,0,0,0,0,0,0,0
130703,8,1,1995,0,0,0,0,0,0,12,0,0,0
130704,0,1,1995,0,0,0,0,0,0,0,0,0,0
130704,1,1,1995,0,0,0,0,0,0,0,0,0,0
130705,1,1,1995,0,0,0,0,0,0,0,0,0,0
130705,2,1,1995,0,0,0,0,0,0,0,0,0,0
130707,1,1,1995,0,0,0,0,0,0,0,0,0,0
130707,2,1,1995,0,0,0,0,0,0,0,0,0,0
130708,1,1,1995,0,0,0,0,0,0,0,0,0,0
130709,1,1,1995,23,23,23,23,23,23,23,23,23,23
130709,2,1,1995,0,0,0,0,0,0,0,0,0,0
130710,1,1,1995,0,0,0,0,0,0,0,0,0,0
130710,2,1,1995,0,0,0,0,0,0,0,0,0,0
130711,1,1,1995,14,14,14,14,14,14,14,14,14,14
130712,1,1,1995,0,0,0,0,0,0,0,0,0,0
130712,2,1,1995,0,0,0,0,0,0,0,0,0,0
130713,0,1,1995,11,11,11,11,11,11,11,11,11,11
130713,1,1,1995,0,0,0,0,0,0,0,3,14,0
130713,2,1,1995,30,0,17,0,0,0,0,0,0,0
130714,1,1,1995,0,0,0,0,0,0,0,0,9,0
130714,2,1,1995,0,9,0,0,0,0,0,0,30,0
130715,0,1,1995,4,21,33,30,48,0,28,0,18,16
130715,1,1,1995,0,0,0,0,0,0,0,0,0,0
130716,1,1,1995,21,21,21,21,21,21,21,21,21,21
130717,1,1,1995,0,0,0,0,0,0,0,0,0,0
130717,2,1,1995,0,0,0,0,0,0,0,0,0,0
130717,3,1,1995,0,0,0,10,0,0,0,0,0,0
130717,4,1,1995,0,0,0,0,0,0,0,29,0,0
130718,1,1,1995,9,9,9,9,9,9,9,9,9,9
130718,2,1,1995,0,0,0,0,0,0,0,0,0,0
130719,1,1,1995,0,0,14,0,0,16,0,0,15,29
130719,2,1,1995,0,20,3,0,0,0,0,0,0,0
130720,1,1,1995,0,0,0,0,0,0,0,0,0,0
130720,2,1,1995,0,0,0,0,0,0,0,0,0,0
130721,0,1,1995,12,0,14,0,21,11,32,0,0,0
130721,1,1,1995,9,23,0,16,6,9,8,24,22,0
130721,2,1,1995,8,8,8,8,8,8,8,8,8,8
130722,1,1,1995,0,0,0,0,0,0,0,0,0,0
130722,2,1,1995,0,0,0,0,0,0,0,0,0,0
130722,3,1,1995,0,0,0,0,0,0,0,0,0,0
130723,1,1,1995,14,14,14,14,14,14,14,14,14,14
130723,2,1,1995,0,0,0,0,0,0,0,0,0,0
130724,1,1,1995,0,0,0,0,0,0,0,0,0,0
130724,2,1,1995,0,0,0,0,0,0,0,0,0,0
130725,0,1,1995,0,0,0,0,0,0,0,0,0,0
130725,1,1,1995,0,0,0,0,0,0,0,0,0,0
130726,0,1,1995,21,21,21,21,21,21,21,21,21,21
130726,1,1,1995,0,0,0,0,0,0,0,0,0,0
130727,0,1,1995,19,19,19,19,19,19,19,19,19,19
130727,1,1,1995,0,0,0,0,0,0,0,0,0,0
130728,1,1,1995,0,0,0,0,0,0,0,0,0,0
130729,1,1,1995,0,0,0,0,0,0,0,0,0,0
130729,2,1,1995,0,0,0,0,0,0,0,0,0,0
130730,0,1,1995,0,7,14,16,0,0,20,26,0,25
130730,1,1,1995,0,0,0,0,0,0,0,0,0,0
130731,1,1,1995,12,12,12,12,12,12,12,12,12,12
130732,1,1,1995,2,2,2,2,2,2,2,2,2,2
130733,1,1,1995,0,0,0,0,0,0,0,0,0,0
130733,2,1,1995,0,0,0,0,0,0,0,0,0,0
130734,1,1,1995,0,0,0,0,0,0,0,0,0,0
130734,2,1,1995,0,0,0,0,0,0,0,0,0,0
130735,1,1,1995,25,25,25,25,25,25,25,25,25,25
130736,1,1,1995,0,0,0,0,0,0,0,0,0,0
130737,1,1,1995,0,0,0,0,0,0,0,0,0,0
130737,2,1,1995,0,0,16,0,0,0,0,0,0,0
130737,3,1,1995,0,0,0,0,0,0,0,0,0,0
130738,1,1,1995,9,9,9,9,9,9,9,9,9,9
130739,1,1,1995,0,0,0,0,0,0,0,0,0,13
130740,1,1,1995,14,0,19,0,0,0,0,25,0,12
130741,1,1,1995,6,6,6,6,6,6,6,6,6,6
130742,1,1,1995,28,28,28,28,28,28,28,28,28,28
130743,1,1,1995,19,19,19,19,19,19,19,19,19,19
130743,2,1,1995,0,0,0,0,0,0,0,0,0,0
130744,1,1,1995,0,0,0,0,0,0,0,0,0,0
130745,1,1,1995,0,0,0,0,0,0,0,0,0,0
130746,0,1,1995,0,0,0,0,0,0,0,0,0,0
130746,1,1,1995,0,0,0,0,0,0,0,0,0,0
130747,0,1,1995,0,0,0,0,0,0,0,0,0,0
130747,0,2,1995,12,6,0,0,20,11,0,0,0,0
130747,1,1,1995,0,0,0,0,0,0,0,0,0,0
130748,1,1,1995,6,6,6,6,6,6,6,6,6,6
130748,2,1,1995,0,0,0,0,0,0,0,0,0,0
130749,1,1,1995,0,0,0,0,0,0,0,0,0,0
130750,1,1,1995,0,0,0,0,0,0,0,0,0,0
130751,1,1,1995,0,0,0,0,0,0,0,0,0,0
130752,1,1,1995,11,11,17,16,17,9,14,25,11,9
130752,2,1,1995,0,0,0,0,0,0,0,0,0,0
130753,1,1,1995,0,0,0,0,0,0,0,0,0,0
130753,2,1,1995,0,0,0,0,0,0,0,0,0,0
130753,3,1,1995,0,0,0,0,0,0,0,0,0,0
130754,1,1,1995,0,0,0,0,0,0,0,0,0,0
130754,2,1,1995,11,11,11,11,11,11,11,11,11,11
130755,1,1,1995,19,19,19,19,19,19,19,19,19,19
130756,1,1,1995,0,15,0,0,0,0,0,0,0,0
130756,2,1,1995,0,0,0,0,0,0,0,0,0,0
130757,1,1,1995,17,17,17,17,17,17,17,17,17,17
130758,1,1,1995,0,0,0,0,0,0,0,0,0,0
130758,2,1,1995,0,0,0,0,0,0,0,0,0,0
130759,1,1,1995,15,15,15,15,15,15,15,15,15,15
130759,2,1,1995,0,0,0,0,0,0,0,0,0,0
130760,0,1,1995,0,0,0,0,0,0,0,0,0,0
130760,1,1,1995,0,0,0,0,0,0,0,0,0,0
130761,1,1,1995,27,27,27,27,27,27,27,27,27,27
130762,1,1,1995,18,18,18,18,18,18,18,18,18,18
130763,1,1,1995,0,0,0,0,0,0,0,0,0,0
130764,1,1,1995,0,0,0,0,0,0,0,0,0,0
130764,2,1,1995,0,0,0,0,0,0,0,0,0,0
130765,1,1,1995,17,17,17,17,17,17,17,17,17,17
130766,1,1,1995,0,0,0,0,0,0,0,0,0,0
130766,2,1,1995,0,0,0,0,0,0,0,0,0,0
130767,1,1,1995,0,0,0,0,0,0,0,0,0,0
130767,2,1,1995,0,0,0,0,0,0,0,0,0,0
130768,1,1,1995,18,18,18,18,18,18,18,18,18,18
130769,1,1,1995,0,0,0,0,0,0,0,0,0,0
130769,2,1,1995,0,0,0,0,0,0,0,0,0,0
130770,1,1,1995,0,0,0,0,0,34,0,0,0,0
130770,2,1,1995,7,7,7,7,7,7,7,7,7,7
130771,1,1,1995,0,0,0,0,0,0,0,0,0,0
130771,2,1,1995,0,0,0,0,0,0,0,0,0,0
130772,1,1,1995,25,14,15,7,12,0,23,0,10,20
130772,2,1,1995,0,0,0,0,0,0,0,0,0,0
130773,1,1,1995,0,22,17,7,19,5,7,0,8,18
130774,1,1,1995,0,0,0,0,0,0,0,0,0,0
130774,2,1,1995,0,0,0,0,0,0,0,0,0,0
130775,1,1,1995,0,0,0,0,0,0,0,0,0,0
130775,2,1,1995,0,0,0,0,0,0,0,0,0,0
130776,1,1,1995,0,0,0,0,0,0,0,0,0,0
130776,2,1,1995,0,0,0,0,0,0,0,0,0,0
130777,0,1,1995,0,0,0,0,0,0,0,0,0,0
130777,0,2,1995,0,0,22,0,0,0,14,22,0,0
130777,1,1,1995,0,0,0,0,0,0,0,0,0,0
130778,1,1,1995,0,0,0,0,0,0,0,0,0,0
130778,2,1,1995,0,0,0,0,0,0,0,0,0,0
130779,1,1,1995,0,17,0,0,0,15,9,22,0,0
130780,1,1,1995,2,2,2,2,2,2,2,2,2,2
130781,1,1,1995,0,0,0,0,0,0,0,0,0,0
130782,1,1,1995,0,0,0,0,0,0,0,0,0,0
130782,2,1,1995,0,0,0,0,0,0,0,0,0,0
130783,1,1,1995,11,11,11,11,11,11,11,11,11,11
130784,1,1,1995,21,21,21,21,21,21,21,21,21,21
130785,1,1,1995,0,0,0,0,0,0,0,0,0,0
130785,2,1,1995,0,0,0,0,0,12,31,0,27,0
130785,3,1,1995,0,0,0,0,0,0,0,0,0,0
130786,1,1,1995,0,0,0,0,0,0,0,0,0,0
130787,0,1,1995,0,0,0,0,0,0,0,0,0,0
130787,1,1,1995,0,8,0,0,0,0,0,0,0,0
130788,0,1,1995,0,0,0,0,0,0,0,0,0,0
130788,1,1,1995,0,0,0,0,0,0,0,0,0,0
130789,0,1,1995,12,12,12,12,12,12,12,12,12,12
130789,1,1,1995,0,0,0,0,0,0,0,0,0,0
130790,1,1,1995,0,0,0,0,0,0,0,0,0,19
130791,1,1,1995,0,0,0,0,0,0,0,0,0,0
130791,2,1,1995,0,8,0,0,36,0,0,0,0,0
130792,1,1,1995,25,21,0,0,42,25,28,13,28,7
130793,1,1,1995,0,0,0,0,0,0,0,0,0,0
130793,2,1,1995,0,0,0,0,0,0,0,0,0,0
130794,1,1,1995,0,0,0,0,0,0,0,0,0,0
130794,2,1,1995,0,0,0,0,0,0,0,0,0,0
130795,1,1,1995,0,0,0,0,0,0,0,0,0,0
130796,1,1,1995,0,0,0,0,0,0,0,0,0,0
130796,2,1,1995,0,0,0,0,0,0,0,0,0,0
130797,1,1,1995,0,0,19,0,0,28,0,0,0,0
130798,1,1,1995,17,17,17,17,17,17,17,17,17,17
130799,0,1,1995,32,32,32,32,32,32,32,32,32,32
130799,1,1,1995,4,4,4,4,4,4,4,4,4,4
130800,1,1,1995,0,0,0,0,0,0,0,0,0,0
130801,1,1,1995,0,0,0,0,0,0,0,0,0,0
130801,2,1,1995,0,0,0,0,0,0,0,0,0,0
130802,1,1,1995,8,8,8,8,8,8,8,8,8,8
130803,1,1,1995,0,0,0,0,0,0,0,0,0,0
130803,2,1,1995,0,0,0,0,0,0,0,0,0,0
130804,1,1,1995,17,17,17,17,17,17,17,17,17,17
130805,1,1,1995,0,0,0,0,0,0,0,0,0,0
130805,2,1,1995,0,0,0,0,0,0,0,0,0,0
130806,0,1,1995,0,0,0,0,0,0,0,0,0,0
130806,1,1,1995,0,0,0,0,0,0,0,0,0,0
130808,1,1,1995,0,0,0,0,0,0,0,0,0,0
130808,2,1,1995,0,0,0,6,0,0,0,0,0,0
130809,1,1,1995,8,8,8,8,8,8,8,8,8,8
130810,0,1,1995,15,15,15,15,15,15,15,15,15,15
130810,1,1,1995,0,13,0,8,5,0,37,0,50,0
130810,2,1,1995,0,0,0,7,0,0,24,0,0,0
130810,3,1,1995,0,0,0,0,0,0,0,0,0,0
130811,1,1,1995,0,0,0,0,0,0,0,0,0,0
130812,1,1,1995,15,15,15,15,15,15,15,15,15,15
130812,2,1,1995,0,0,0,0,0,0,0,0,0,0
130813,1,1,1995,0,0,0,0,0,0,0,0,0,0
130814,1,1,1995,0,0,0,0,0,0,0,0,0,0
130815,0,1,1995,0,0,0,0,0,0,0,0,0,0
130815,1,1,1995,0,0,0,0,0,0,0,0,0,0
130816,0,1,1995,0,0,0,0,0,0,0,0,0,0
130816,1,1,1995,0,0,0,0,0,0,0,0,0,0
130817,1,1,1995,0,0,0,0,0,0,0,0,0,0
130817,2,1,1995,0,0,0,0,0,0,0,0,0,0
130818,1,1,1995,0,0,0,0,0,0,0,0,0,0
130819,1,1,1995,26,26,26,26,26,26,26,26,26,26
130820,1,1,1995,0,0,0,0,0,0,0,0,0,0
130820,2,1,1995,0,0,0,0,0,0,0,0,0,0
130821,1,1,1995,11,11,11,11,11,11,11,11,11,11
130822,1,1,1995,0,0,0,0,0,0,0,0,0,0
130822,2,1,1995,0,0,0,0,0,0,0,0,0,0
130823,0,1,1995,0,0,0,0,0,0,0,0,0,0
130823,1,1,1995,0,0,0,0,0,0,0,0,0,0
130824,1,1,1995,0,0,0,0,0,0,0,0,0,0
130825,0,1,1995,32,19,28,16,0,0,22,42,13,26
130825,1,1,1995,0,0,0,0,0,0,0,0,0,0
130826,1,1,1995,0,0,0,0,0,0,0,0,0,0
130826,2,1,1995,25,25,25,25,25,25,25,25,25,25
130827,1,1,1995,0,0,0,0,0,0,0,0,0,0
130828,1,1,1995,25,25,25,25,25,25,25,25,25,25
130829,1,1,1995,0,0,0,0,0,0,0,0,0,0
130829,2,1,1995,0,0,0,0,0,0,0,0,0,0
130830,1,1,1995,0,0,0,0,0,0,0,0,0,0
130830,2,1,1995,0,0,0,0,0,0,0,0,0,0
130831,1,1,1995,0,0,0,0,0,0,0,0,0,0
130832,1,1,1995,20,20,20,20,20,20,20,20,20,20
130834,1,1,1995,22,22,22,22,22,22,22,22,22,22
130835,1,1,1995,0,0,0,0,0,0,0,0,0,0
130835,2,1,1995,0,0,0,0,0,0,0,0,0,0
130836,1,1,1995,0,0,0,0,0,0,0,0,0,0
130836,2,1,1995,0,0,0,0,0,0,0,0,0,0
130837,1,1,1995,0,0,0,17,0,0,0,0,0,0
130838,1,1,1995,0,0,0,0,0,0,0,0,0,0
130838,2,1,1995,0,0,0,0,0,0,0,0,0,0
130839,1,1,1995,0,0,0,0,0,0,0,0,0,0
130839,2,1,1995,0,0,0,0,0,0,0,0,0,0
130840,1,1,1995,0,0,0,0,0,0,0,0,0,0
130841,0,1,1995,0,0,0,0,0,0,0,0,0,0
130841,1,1,1995,0,0,0,0,0,0,0,0,0,0
130842,1,1,1995,32,0,6,0,0,13,0,0,0,0
130842,2,1,1995,0,0,0,0,0,0,0,0,0,0
130843,1,1,1995,0,0,0,0,0,0,0,0,0,0
130843,2,1,1995,0,0,0,0,0,0,0,0,0,0
130844,1,1,1995,23,23,23,23,23,23,23,23,23,23
130845,1,1,1995,0,0,0,0,0,0,0,0,0,0
130846,0,1,1995,5,5,5,5,5,5,5,5,5,5
130846,1,1,1995,0,0,0,0,0,0,0,0,0,0
130847,1,1,1995,15,15,15,15,15,15,15,15,15,15
130848,1,1,1995,0,0,0,0,0,0,0,0,0,0
130848,2,1,1995,0,0,0,0,0,0,0,0,0,0
130849,1,1,1995,32,32,32,32,32,32,32,32,32,32
130850,1,1,1995,10,10,10,10,10,10,10,10,10,10
130851,1,1,1995,0,0,0,0,0,0,0,0,0,0
130851,2,1,1995,0,0,0,0,0,0,0,0,0,0
130852,1,1,1995,0,0,0,0,0,0,0,0,0,0
130852,2,1,1995,0,0,0,0,0,0,0,0,0,0
130852,3,1,1995,0,0,0,0,0,0,0,0,0,0
130853,1,1,1995,0,0,0,19,0,0,0,13,0,0
130853,2,1,1995,0,0,0,0,0,0,0,0,0,0
130854,1,1,1995,0,0,0,0,0,0,0,0,0,0
130854,2,1,1995,8,8,8,8,8,8,8,8,8,8
130855,1,1,1995,4,4,4,4,4,4,4,4,4,4
130855,2,1,1995,0,0,0,0,0,0,0,0,0,0
130856,1,1,1995,4,4,4,4,4,4,4,4,4,4
130857,1,1,1995,23,23,23,23,23,23,23,23,23,23
130858,1,1,1995,5,5,5,5,5,5,5,5,5,5
130858,2,1,1995,0,0,0,0,0,0,0,0,0,0
130859,1,1,1995,0,0,0,0,0,0,0,0,0,0
130859,2,1,1995,0,0,0,0,0,0,0,0,0,0
130859,3,1,1995,0,0,0,0,0,0,0,0,0,0
130859,4,1,1995,0,0,0,0,0,0,0,0,0,0
130860,1,1,1995,0,0,0,0,0,0,0,0,0,0
130860,2,1,1995,0,0,0,0,0,0,0,0,0,0
130861,0,1,1995,16,16,16,16,16,16,16,16,16,16
130861,1,1,1995,27,27,27,27,27,27,27,27,27,27
130862,0,1,1995,0,0,0,0,0,0,0,0,0,0
130862,1,1,1995,0,0,0,0,0,0,0,0,0,0
130863,1,1,1995,0,0,0,0,0,0,0,0,0,0
130863,2,1,1995,0,0,0,0,0,0,0,0,0,0
130864,1,1,1995,0,0,0,0,0,0,0,0,0,0
130864,2,1,1995,0,0,0,0,0,0,0,0,0,0
130865,1,1,1995,34,34,34,34,34,34,34,34,34,34
130866,1,1,1995,20,20,20,20,20,20,20,20,20,20
130867,0,1,1995,24,24,24,24,24,24,24,24,24,24
130867,1,1,1995,0,0,0,0,0,0,0,0,0,0
130869,1,1,1995,0,0,0,0,0,0,0,0,0,0
130871,0,1,1995,31,31,31,31,31,31,31,31,31,31
130871,1,1,1995,0,0,0,0,0,0,0,0,0,0
130872,1,1,1995,8,8,8,8,8,8,8,8,8,8
130873,1,1,1995,0,0,0,0,0,0,0,0,0,0
130873,2,1,1995,12,0,0,0,0,0,0,0,0,0
130874,1,1,1995,0,0,0,0,0,0,0,0,0,0
130875,1,1,1995,0,0,0,0,0,0,0,0,0,0
130875,2,1,1995,0,0,8,0,0,0,0,0,0,0
130876,1,1,1995,0,0,0,0,0,0,0,0,0,0
130877,1,1,1995,0,0,0,0,0,0,0,0,0,0
130877,2,1,1995,0,0,0,0,0,0,0,0,0,0
130878,1,1,1995,0,0,0,0,0,0,0,0,0,0
130878,2,1,1995,0,0,0,0,0,0,0,0,0,0
130879,1,1,1995,0,0,0,0,0,0,0,0,0,0
130879,2,1,1995,0,0,0,0,0,23,0,13,0,0
130880,1,1,1995,0,0,0,0,0,0,0,0,0,0
130881,1,1,1995,0,0,0,0,0,0,0,0,0,0
130881,2,1,1995,0,0,0,0,0,0,0,0,0,0
130881,3,1,1995,0,0,0,0,0,0,0,0,0,0
130883,1,1,1995,28,28,28,28,28,28,28,28,28,28
130884,1,1,1995,11,11,11,11,11,11,11,11,11,11
130886,1,1,1995,0,0,0,0,0,0,0,0,0,0
130887,1,1,1995,0,0,0,0,0,0,0,0,0,0
130887,2,1,1995,0,0,0,0,0,0,0,0,0,0
130887,3,1,1995,0,0,0,0,0,0,0,0,0,0
130888,1,1,1995,0,0,0,0,0,0,0,0,0,0
130889,1,1,1995,0,0,0,0,0,0,0,0,0,0
130889,2,1,1995,0,0,0,0,0,0,0,0,0,0
130889,3,1,1995,0,0,0,0,0,0,0,0,0,0
130890,1,1,1995,2,2,2,2,2,2,2,2,2,2
130890,2,1,1995,0,0,0,0,0,0,0,0,0,0
130891,1,1,1995,26,26,26,26,26,26,26,26,26,26
130892,1,1,1995,5,5,5,5,5,5,5,5,5,5
130892,2,1,1995,0,0,0,13,0,0,0,0,0,0
130893,1,1,1995,0,0,0,0,0,0,0,0,0,0
130894,1,1,1995,10,10,10,10,10,10,10,10,10,10
130894,2,1,1995,3,0,0,0,0,0,0,0,0,0
130895,1,1,1995,13,13,13,13,13,13,13,13,13,13
130896,1,1,1995,40,40,40,40,40,40,40,40,40,40
130897,1,1,1995,21,21,21,21,21,21,21,21,21,21
130898,1,1,1995,0,0,0,0,0,0,0,0,0,0
130898,2,1,1995,24,0,0,16,8,0,0,0,10,0
130899,1,1,1995,15,15,15,15,15,15,15,15,15,15
130900,1,1,1995,0,0,0,0,0,0,0,0,0,0
130901,1,1,1995,0,0,0,0,0,0,0,0,0,0
130901,2,1,1995,0,0,0,0,0,0,0,0,0,0
130902,1,1,1995,0,0,0,0,0,0,0,0,0,0
130902,2,1,1995,0,0,0,0,0,0,0,0,0,0
130903,1,1,1995,0,0,0,0,0,0,0,0,0,0
130903,2,1,1995,0,0,0,0,0,0,0,0,0,0
130904,1,1,1995,10,10,10,10,10,10,10,10,10,10
130905,1,1,1995,0,0,0,0,0,21,0,0,0,0
130905,2,1,1995,0,0,0,0,0,0,0,0,0,0