ST_CASE,VEH_NO,PER_NO,YEAR,P1,P2,P3,P4,P5,P6,P7,P8,P9,P10
130906,1,1,1995,34,34,34,34,34,34,34,34,34,34
130906,2,1,1995,6,6,6,6,6,6,6,6,6,6
130907,0,1,1995,0,0,0,0,0,0,0,0,0,0
130907,1,1,1995,0,0,0,0,0,0,0,0,0,0
130908,0,1,1995,0,0,0,0,0,0,0,0,0,0
130908,1,1,1995,0,0,0,0,0,0,0,0,0,0
130909,0,1,1995,21,21,21,21,21,21,21,21,21,21
130909,1,1,1995,8,8,8,8,8,8,8,8,8,8
130910,1,1,1995,0,0,0,0,0,0,0,0,0,0
130911,1,1,1995,0,0,0,0,0,0,0,0,0,0
130912,1,1,1995,0,0,0,0,0,0,0,0,0,0
130912,2,1,1995,0,0,0,0,0,0,0,0,0,0
130913,1,1,1995,26,26,26,26,26,26,26,26,26,26
130914,1,1,1995,0,0,0,0,0,0,0,0,0,0
130914,2,1,1995,0,0,0,0,0,0,0,0,0,0
130915,0,1,1995,8,8,8,8,8,8,8,8,8,8
130915,1,1,1995,0,0,0,0,0,0,0,0,0,0
130916,1,1,1995,0,0,0,0,0,0,0,0,0,0
130916,2,1,1995,0,0,0,0,0,0,0,0,0,0
130916,3,1,1995,0,0,0,0,0,0,0,0,0,0
130917,1,1,1995,27,27,27,27,27,27,27,27,27,27
130918,1,1,1995,0,0,0,0,0,0,0,0,0,0
130919,1,1,1995,17,17,17,17,17,17,17,17,17,17
130920,1,1,1995,0,0,19,0,0,20,0,0,13,19
130921,1,1,1995,0,0,0,0,0,0,0,0,0,0
130921,2,1,1995,0,0,0,0,0,0,0,0,0,0
130922,1,1,1995,0,0,0,0,0,0,0,0,0,0
130922,2,1,1995,0,0,0,0,0,0,0,0,0,0
130923,1,1,1995,0,0,0,0,0,0,0,0,0,0
130923,2,1,1995,0,0,0,0,0,0,0,0,0,0
130924,1,1,1995,0,0,0,0,0,0,0,0,0,0
130924,2,1,1995,0,0,0,0,0,0,0,0,0,0
130925,1,1,1995,0,0,0,0,0,0,0,0,0,0
130926,0,1,1995,0,0,0,0,0,0,0,0,0,0
130926,1,1,1995,0,0,0,0,0,0,0,0,0,0
130927,1,1,1995,31,31,31,31,31,31,31,31,31,31
130927,2,1,1995,0,0,0,0,0,0,0,0,0,0
130928,1,1,1995,0,0,0,0,0,0,0,0,0,0
130929,0,1,1995,0,0,0,0,0,0,0,0,0,0
130929,1,1,1995,0,0,0,0,0,0,0,0,0,0
130930,1,1,1995,0,19,0,0,0,0,0,11,0,0
130931,1,1,1995,0,0,0,0,0,0,0,0,0,0
130931,2,1,1995,0,0,0,0,0,0,0,0,0,0
130932,1,1,1995,0,0,0,0,0,0,0,0,0,0
130932,2,1,1995,0,0,0,0,0,0,0,0,0,0
130933,1,1,1995,2,2,2,2,2,2,2,2,2,2
130934,1,1,1995,13,13,13,13,13,13,13,13,13,13
130935,1,1,1995,0,0,0,0,0,0,0,0,0,0
130935,2,1,1995,0,0,0,0,0,0,0,0,0,0
130936,1,1,1995,0,0,0,0,0,0,0,0,0,0
130937,1,1,1995,0,0,0,0,0,0,0,0,0,0
130937,2,1,1995,0,0,0,0,0,0,0,0,0,0
130938,1,1,1995,0,0,18,0,0,0,0,0,0,0
130938,2,1,1995,0,0,0,0,0,0,0,0,0,0
130939,0,1,1995,28,28,28,28,28,28,28,28,28,28
130939,1,1,1995,0,0,0,0,0,0,0,0,0,0
130940,1,1,1995,0,0,0,0,0,0,0,0,0,0
130940,2,1,1995,0,0,0,0,0,0,0,0,0,0
130941,1,1,1995,0,0,0,0,0,0,0,8,0,0
130942,0,1,1995,0,0,0,0,0,0,0,0,0,0
130942,1,1,1995,0,0,0,0,0,0,0,0,0,0
130943,1,1,1995,0,0,0,0,0,0,0,0,0,0
130944,1,1,1995,0,0,0,0,0,0,0,0,0,0
130944,2,1,1995,0,0,0,0,0,0,0,0,0,0
130944,3,1,1995,0,0,0,0,0,0,0,0,0,0
130944,4,1,1995,0,0,0,0,0,0,0,0,0,0
130945,1,1,1995,0,0,0,0,0,0,0,0,0,0
130945,2,1,1995,0,0,0,0,0,0,0,0,0,0
130946,1,1,1995,1,1,1,1,1,1,1,1,1,1
130946,2,1,1995,0,0,0,0,0,0,0,0,0,0
130947,1,1,1995,0,0,0,0,0,0,0,0,0,0
130947,2,1,1995,0,0,0,0,0,0,0,0,0,0
130948,0,1,1995,13,13,13,13,13,13,13,13,13,13
130948,0,2,1995,17,17,17,17,17,17,17,17,17,17
130948,1,1,1995,0,0,0,0,0,0,0,0,0,0
130949,1,1,1995,0,0,0,0,0,0,0,0,0,0
130949,2,1,1995,0,0,0,0,0,0,0,0,0,0
130951,1,1,1995,0,0,0,0,0,0,0,0,0,0
130951,2,1,1995,0,0,0,0,0,0,0,0,0,0
130951,3,1,1995,0,0,0,0,0,0,0,0,0,0
130952,1,1,1995,0,0,0,0,0,0,0,0,0,0
130952,2,1,1995,0,0,0,0,0,0,0,0,0,0
130953,1,1,1995,5,5,5,5,5,5,5,5,5,5
130954,1,1,1995,0,0,0,0,0,0,0,0,0,0
130955,1,1,1995,0,0,0,0,0,0,0,0,0,0
130955,2,1,1995,0,0,0,3,0,0,0,0,0,0
130955,3,1,1995,0,0,0,0,0,0,0,0,0,0
130956,0,1,1995,0,0,0,0,0,0,0,0,0,0
130956,1,1,1995,0,0,0,0,0,0,0,0,0,0
130957,1,1,1995,0,0,0,0,0,0,0,0,0,0
130958,1,1,1995,5,5,5,5,5,5,5,5,5,5
130959,1,1,1995,0,0,0,0,0,0,0,0,0,0
130959,2,1,1995,0,0,0,0,0,0,0,0,0,0
130960,1,1,1995,13,13,13,13,13,13,13,13,13,13
130961,1,1,1995,0,0,0,0,0,0,0,0,0,0
130961,2,1,1995,0,0,0,0,0,0,0,0,0,0
130962,1,1,1995,17,17,17,17,17,17,17,17,17,17
130963,1,1,1995,0,0,0,0,0,0,0,0,0,0
130963,2,1,1995,0,0,0,0,0,0,0,0,0,0
130964,1,1,1995,0,0,0,0,0,0,0,0,0,0
130964,2,1,1995,0,0,0,0,0,0,0,0,0,0
130965,1,1,1995,8,8,8,8,8,8,8,8,8,8
130965,2,1,1995,0,0,0,0,0,0,0,0,0,0
130966,1,1,1995,0,0,0,0,0,0,0,0,0,0
130966,2,1,1995,0,0,0,0,0,0,0,0,0,0
130966,3,1,1995,0,0,0,0,0,0,0,0,0,0
130967,1,1,1995,0,0,0,0,0,0,0,0,0,0
130967,2,1,1995,0,0,0,0,0,0,0,0,0,0
130967,3,1,1995,0,0,0,0,0,0,0,0,0,0
130968,1,1,1995,0,0,0,0,0,0,0,0,0,0
130968,2,1,1995,0,0,0,0,0,0,0,0,0,0
130969,1,1,1995,0,0,0,0,0,0,0,0,0,0
130969,2,1,1995,0,0,0,0,0,0,0,0,0,0
130970,1,1,1995,0,0,0,0,0,0,0,0,0,0
130971,1,1,1995,0,0,0,0,0,0,0,0,0,0
130971,2,1,1995,0,0,0,0,0,0,0,0,0,0
130972,1,1,1995,0,0,0,0,0,0,0,0,0,0
130972,2,1,1995,0,0,0,0,0,0,0,0,0,0
130973,0,1,1995,9,23,30,10,16,14,0,27,27,12
130973,1,1,1995,0,0,0,0,0,0,0,0,0,0
130974,1,1,1995,0,0,0,0,0,0,0,0,0,0
130974,2,1,1995,0,0,0,0,0,0,0,0,0,0
130975,1,1,1995,0,0,0,0,0,0,0,0,0,0
130976,1,1,1995,27,27,27,27,27,27,27,27,27,27
130977,0,1,1995,0,0,0,0,0,0,0,0,0,0
130977,1,1,1995,0,0,0,0,0,0,0,0,0,0
130978,1,1,1995,0,0,0,0,0,0,0,0,0,0
130979,1,1,1995,0,0,0,0,0,0,0,0,0,0
130980,1,1,1995,0,0,0,0,0,0,0,0,0,0
130980,2,1,1995,0,0,0,0,0,0,0,0,0,0
130981,1,1,1995,10,10,10,10,10,10,10,10,10,10
130982,1,1,1995,0,0,0,0,0,0,0,0,0,0
130982,2,1,1995,0,0,0,0,0,0,0,0,0,0
130983,1,1,1995,0,0,0,0,0,0,0,0,0,0
130983,2,1,1995,0,0,0,0,0,0,0,0,0,0
130984,1,1,1995,0,0,0,0,0,0,0,0,0,0
130984,2,1,1995,25,25,25,25,25,25,25,25,25,25
130985,1,1,1995,0,0,0,0,0,0,0,0,0,0
130985,2,1,1995,0,0,0,0,0,0,0,0,0,0
130986,1,1,1995,0,0,0,0,0,0,0,0,0,0
130987,0,1,1995,29,29,29,29,29,29,29,29,29,29
130987,1,1,1995,0,0,0,0,0,0,0,0,0,0
130988,1,1,1995,0,0,0,0,0,0,0,0,0,0
130989,1,1,1995,16,16,16,16,16,16,16,16,16,16
130990,1,1,1995,0,0,0,0,0,0,0,0,0,0
130990,2,1,1995,0,0,0,0,0,0,0,0,0,0
130991,1,1,1995,10,10,10,10,10,10,10,10,10,10
130991,2,1,1995,0,0,0,0,0,0,0,0,0,0
130992,1,1,1995,0,0,0,0,0,0,0,0,0,0
130992,2,1,1995,0,0,0,0,0,0,0,12,0,0
130992,3,1,1995,0,0,0,0,0,0,0,0,0,0
130993,1,1,1995,0,0,0,0,0,0,0,0,0,0
130993,2,1,1995,0,0,0,0,0,0,0,0,0,0
130994,1,1,1995,0,0,0,0,0,0,0,0,0,0
130994,2,1,1995,0,0,0,0,0,0,0,0,0,0
130995,1,1,1995,4,4,4,4,4,4,4,4,4,4
130996,1,1,1995,2,2,2,2,2,2,2,2,2,2
130997,1,1,1995,14,12,5,24,0,8,24,11,5,20
130998,1,1,1995,0,0,0,0,0,13,0,0,0,0
130998,2,1,1995,20,21,0,0,0,0,0,0,0,0
130999,0,1,1995,0,0,0,0,0,0,0,0,0,0
130999,1,1,1995,0,0,0,0,0,0,0,0,0,0
131000,1,1,1995,0,0,19,0,0,0,0,0,0,0
131000,2,1,1995,0,0,0,0,0,0,0,0,0,0
131001,1,1,1995,0,0,0,0,0,0,0,0,0,0
131002,1,1,1995,5,5,5,5,5,5,5,5,5,5
131003,0,1,1995,19,19,19,19,19,19,19,19,19,19
131003,1,1,1995,0,10,20,17,11,23,22,0,26,20
131004,1,1,1995,25,5,0,0,0,0,19,0,0,0
131004,2,1,1995,0,0,0,0,0,0,0,0,0,0
131004,3,1,1995,0,0,23,16,0,0,0,0,0,20
131004,4,1,1995,0,0,0,0,0,0,0,0,0,0
131004,5,1,1995,0,24,0,0,0,0,0,0,0,0
131005,1,1,1995,13,13,13,13,13,13,13,13,13,13
131005,2,1,1995,0,0,0,0,0,0,0,0,0,0
131006,1,1,1995,19,19,19,19,19,19,19,19,19,19
131007,2,1,1995,0,0,0,0,0,0,0,0,0,0
131008,1,1,1995,20,20,20,20,20,20,20,20,20,20
131009,0,1,1995,0,0,0,0,0,0,0,0,0,0
131009,1,1,1995,0,0,0,0,0,0,0,0,19,0
131010,1,1,1995,0,0,0,0,13,0,0,7,0,0
131011,1,1,1995,0,0,0,0,0,0,0,0,0,0
131011,2,1,1995,0,0,0,0,0,0,0,0,0,0
131012,0,1,1995,11,11,11,11,11,11,11,11,11,11
131012,1,1,1995,0,0,0,0,0,0,0,0,0,0
131013,1,1,1995,0,0,0,0,0,0,0,0,0,0
131013,2,1,1995,0,0,0,0,0,0,0,0,0,0
131014,1,1,1995,0,0,0,0,0,0,0,0,0,0
131014,2,1,1995,0,0,0,0,0,0,0,0,0,0
131015,1,1,1995,0,0,0,0,0,0,0,0,0,0
131015,2,1,1995,0,0,0,0,0,0,0,0,0,0
131016,1,1,1995,0,0,0,0,0,0,0,0,0,0
131017,1,1,1995,0,0,0,0,0,0,0,0,0,0
131017,2,1,1995,0,0,0,0,0,0,0,0,0,0
131018,1,1,1995,0,0,0,0,0,0,0,0,0,0
131019,1,1,1995,0,0,0,0,0,0,0,0,0,0
131020,1,1,1995,0,0,0,0,0,0,0,0,0,0
131020,2,1,1995,0,0,0,0,0,0,0,0,0,0
131021,1,1,1995,14,14,14,14,14,14,14,14,14,14
131022,1,1,1995,0,0,0,0,0,0,0,0,0,0
131022,2,1,1995,3,3,3,3,3,3,3,3,3,3
131023,1,1,1995,25,25,25,25,25,25,25,25,25,25
131023,2,1,1995,0,0,0,0,0,0,0,0,0,0
131024,1,1,1995,17,17,17,17,17,17,17,17,17,17
131025,1,1,1995,0,0,0,0,0,0,0,0,0,0
131025,2,1,1995,0,0,0,0,0,0,0,0,0,0
131026,1,1,1995,0,0,0,0,0,0,0,0,0,0
131027,1,1,1995,0,0,0,0,0,0,0,0,0,0
131027,2,1,1995,0,0,0,0,0,0,0,0,0,0
131027,3,1,1995,0,0,0,0,0,0,0,0,0,0
131028,1,1,1995,0,0,0,0,0,0,0,0,0,0
131028,2,1,1995,0,0,0,0,0,0,0,0,0,0
131029,1,1,1995,0,0,0,0,0,0,0,0,0,0
131029,2,1,1995,0,0,0,0,0,0,0,0,0,0
131030,1,1,1995,0,0,0,0,0,0,0,0,0,0
131030,2,1,1995,0,0,0,0,0,0,0,0,0,0
131031,1,1,1995,0,0,0,0,0,0,0,0,0,0
131031,2,1,1995,0,0,0,0,0,0,0,0,0,0
131032,1,1,1995,0,0,0,0,0,0,0,0,0,0
131032,2,1,1995,0,0,0,0,0,0,0,12,14,0
131032,3,1,1995,0,0,0,0,0,0,0,0,0,0
131033,1,1,1995,0,0,0,0,0,0,0,0,0,0
131033,2,1,1995,15,0,4,0,0,0,0,0,0,0
131034,1,1,1995,2,2,2,2,2,2,2,2,2,2
131034,2,1,1995,0,0,0,0,0,0,0,0,0,0
131035,1,1,1995,0,0,0,0,0,0,0,0,0,0
131035,2,1,1995,0,0,0,0,0,0,0,0,0,0
131035,3,1,1995,0,0,0,0,0,0,0,0,0,0
131036,0,1,1995,19,19,19,19,19,19,19,19,19,19
131036,1,1,1995,0,0,0,7,16,0,23,0,0,14
131037,0,1,1995,15,15,15,15,15,15,15,15,15,15
131037,1,1,1995,0,0,0,0,0,0,0,9,0,0
131038,1,1,1995,0,0,0,0,0,0,0,0,0,0
131038,2,1,1995,0,0,0,0,0,0,0,0,0,0
131038,3,1,1995,0,0,0,0,0,0,0,0,0,0
131039,1,1,1995,0,0,0,0,0,0,0,0,0,0
131040,1,1,1995,0,0,0,0,0,0,0,0,0,0
131040,2,1,1995,0,0,0,0,0,0,0,0,0,0
131041,1,1,1995,0,0,0,0,0,0,0,0,0,0
131041,2,1,1995,0,0,0,0,0,0,0,0,0,0
131042,0,1,1995,0,0,0,0,0,0,0,0,0,0
131042,1,1,1995,0,0,0,0,0,0,0,0,0,0
131043,1,1,1995,0,0,0,0,0,0,0,0,0,0
131044,1,1,1995,25,25,25,25,25,25,25,25,25,25
131045,1,1,1995,0,0,0,0,0,0,0,0,0,0
131046,1,1,1995,0,0,0,0,0,0,0,0,0,0
131047,1,1,1995,0,0,0,0,0,0,0,0,0,0
131047,2,1,1995,4,4,4,4,4,4,4,4,4,4
131048,0,1,1995,19,19,19,19,19,19,19,19,19,19
131048,1,1,1995,0,0,0,0,0,0,0,0,0,0
131049,1,1,1995,0,0,0,0,0,0,0,0,0,0
131049,2,1,1995,0,0,0,0,0,0,0,0,0,0
131050,0,1,1995,0,0,0,0,0,0,0,0,0,0
131050,1,1,1995,0,0,0,0,0,0,0,0,0,0
131051,1,1,1995,0,0,0,0,0,0,0,0,0,0
131051,2,1,1995,0,0,0,0,0,0,0,0,0,0
131051,3,1,1995,0,0,0,0,0,0,0,0,0,0
131051,4,1,1995,0,0,0,0,0,0,0,0,0,0
131051,5,1,1995,0,0,0,0,0,0,0,0,0,0
131052,1,1,1995,0,0,0,0,0,0,0,0,0,0
131052,2,1,1995,0,0,13,0,0,0,0,0,29,0
131053,1,1,1995,13,13,13,13,13,13,13,13,13,13
131054,1,1,1995,7,7,7,7,7,7,7,7,7,7
131054,2,1,1995,0,0,0,0,0,0,0,0,0,0
131055,1,1,1995,0,0,0,0,0,0,0,0,0,0
131056,1,1,1995,0,0,0,0,0,0,0,0,0,0
131056,2,1,1995,0,0,0,0,0,0,0,0,0,0
131056,3,1,1995,0,0,0,0,0,0,0,0,0,0
131057,1,1,1995,12,12,12,12,12,12,12,12,12,12
131058,0,1,1995,12,12,12,12,12,12,12,12,12,12
131058,1,1,1995,0,0,0,0,0,0,0,0,0,0
131059,1,1,1995,0,0,0,0,0,0,0,0,0,0
131060,1,1,1995,0,0,0,0,15,29,10,0,0,0
131060,2,1,1995,0,0,0,0,0,0,0,0,0,0
131061,0,1,1995,25,25,25,25,25,25,25,25,25,25
131061,1,1,1995,0,0,0,0,0,0,0,9,0,0
131062,1,1,1995,18,18,18,18,18,18,18,18,18,18
131063,1,1,1995,0,0,0,0,0,0,0,0,0,0
131063,2,1,1995,0,0,0,0,0,0,0,0,0,0
131063,3,1,1995,0,0,0,22,0,0,0,0,0,0
131064,1,1,1995,0,0,0,0,0,0,0,0,0,0
131065,1,1,1995,0,0,0,0,0,0,0,0,0,0
131066,1,1,1995,20,20,20,20,20,20,20,20,20,20
131067,1,1,1995,0,0,0,0,0,0,0,0,0,0
131067,2,1,1995,15,0,23,0,0,13,0,0,0,0
131068,1,1,1995,17,17,17,17,17,17,17,17,17,17
131069,0,1,1995,0,0,0,0,0,0,0,0,0,0
131069,1,1,1995,0,0,0,0,0,0,0,0,0,0
131070,1,1,1995,31,31,31,31,31,31,31,31,31,31
131070,2,1,1995,0,17,9,24,0,8,0,0,0,0
131071,1,1,1995,27,27,27,27,27,27,27,27,27,27
131071,2,1,1995,23,23,23,23,23,23,23,23,23,23
131072,1,1,1995,0,0,0,0,0,0,0,0,0,0
131072,2,1,1995,0,0,0,0,0,0,0,0,0,0
131073,1,1,1995,0,0,0,0,0,0,0,0,0,0
131073,2,1,1995,11,11,11,11,11,11,11,11,11,11
131074,1,1,1995,23,23,23,23,23,23,23,23,23,23
131075,1,1,1995,0,0,0,0,0,0,0,0,0,0
131076,0,1,1995,22,22,22,22,22,22,22,22,22,22
131076,0,2,1995,32,20,28,6,25,18,34,4,20,27
131076,1,1,1995,8,8,8,8,8,8,8,8,8,8
131077,1,1,1995,25,25,25,25,25,25,25,25,25,25
131078,0,1,1995,0,0,0,0,0,0,0,0,0,0
131078,2,1,1995,0,0,0,0,0,0,0,0,0,0
131079,1,1,1995,0,0,0,0,0,0,0,0,0,0
131079,2,1,1995,0,0,0,0,0,0,0,0,0,0
131079,3,1,1995,0,0,0,0,0,0,0,0,0,0
131080,1,1,1995,0,0,0,0,0,0,0,0,0,0
131080,2,1,1995,0,0,0,0,0,0,0,0,0,0
131081,1,1,1995,36,36,36,36,36,36,36,36,36,36
131082,1,1,1995,0,0,0,0,0,0,0,0,0,0
131083,1,1,1995,0,0,0,0,0,0,0,0,0,0
131084,1,1,1995,0,0,0,0,0,0,0,0,0,0
131085,1,1,1995,0,0,0,0,0,0,0,0,0,0
131085,2,1,1995,0,0,0,0,0,0,0,0,0,0
131085,3,1,1995,0,0,0,0,0,0,0,0,0,0
131086,1,1,1995,0,0,0,0,0,0,0,0,0,0
131086,2,1,1995,0,0,0,0,0,0,0,0,0,0
131087,1,1,1995,0,0,0,0,0,0,0,0,0,0
131087,2,1,1995,0,0,0,0,0,0,0,0,0,0
131088,0,1,1995,21,0,0,14,17,7,0,0,4,39
131088,1,1,1995,0,0,0,0,0,0,0,0,0,0
131089,1,1,1995,0,0,0,0,0,0,0,0,0,0
131089,2,1,1995,0,0,0,0,0,0,0,0,0,0
131090,1,1,1995,30,30,30,30,30,30,30,30,30,30
131091,1,1,1995,0,0,0,0,13,0,0,0,0,0
131092,1,1,1995,0,0,0,13,13,0,0,0,0,4
131093,1,1,1995,26,8,16,18,0,20,0,0,0,8
131093,2,1,1995,0,0,0,0,0,0,0,21,0,0
131093,3,1,1995,0,0,20,0,0,0,0,0,0,0
131093,4,1,1995,0,0,0,0,0,0,0,0,0,0
131093,5,1,1995,0,0,0,0,0,0,0,0,0,0
131093,6,1,1995,0,0,0,0,0,0,0,0,0,0
131093,7,1,1995,0,0,0,0,0,0,0,0,0,0
131094,0,1,1995,0,0,0,0,0,0,0,0,0,0
131094,1,1,1995,0,11,0,0,0,0,0,0,0,11
131095,0,1,1995,0,0,0,0,0,0,0,0,0,0
131095,1,1,1995,0,0,0,0,0,0,21,45,0,0
131096,1,1,1995,0,0,0,0,0,0,0,0,0,0
131096,2,1,1995,0,0,0,0,0,0,0,0,0,0
131097,1,1,1995,0,0,0,0,0,0,0,0,0,0
131098,1,1,1995,23,23,23,23,23,23,23,23,23,23
131098,2,1,1995,0,0,0,0,0,0,0,0,0,0
131098,3,1,1995,0,0,0,0,0,0,0,0,0,0
131099,1,1,1995,84,84,84,84,84,84,84,84,84,84
131099,2,1,1995,0,0,0,0,0,0,0,0,0,0
131100,1,1,1995,0,0,0,0,0,0,0,0,0,0
131100,2,1,1995,0,0,0,0,0,0,8,0,0,0
131100,3,1,1995,0,0,0,0,0,0,0,0,0,0
131100,4,1,1995,0,0,0,0,0,0,0,0,0,0
131101,1,1,1995,0,0,0,0,0,0,0,0,0,0
131101,2,1,1995,0,0,0,0,0,0,0,0,0,0
131101,3,1,1995,0,0,0,0,0,0,0,0,0,0
131102,1,1,1995,0,0,0,0,0,0,0,0,0,0
131102,2,1,1995,0,0,0,0,0,0,0,0,0,0
131103,1,1,1995,0,0,0,0,0,0,0,0,0,0
131103,2,1,1995,0,0,0,0,0,0,0,0,0,0
131104,1,1,1995,0,0,0,0,0,0,0,0,0,0
131104,2,1,1995,0,0,0,0,0,0,0,0,0,0
131105,1,1,1995,0,0,0,0,0,0,0,0,0,0
131105,2,1,1995,0,0,0,0,0,0,0,0,0,0
131106,0,1,1995,13,13,13,13,13,13,13,13,13,13
131106,1,1,1995,0,0,0,0,0,0,0,0,0,0
131107,0,1,1995,0,0,0,0,0,0,0,0,0,0
131107,1,1,1995,0,0,0,19,0,0,0,0,0,0
131108,1,1,1995,0,24,0,0,16,0,0,0,28,16
131108,2,1,1995,0,0,0,0,0,0,0,0,0,0
131109,1,1,1995,0,0,0,0,0,0,0,0,0,0
131110,1,1,1995,0,0,0,0,0,0,0,0,16,0
131110,2,1,1995,0,0,0,0,0,0,0,0,0,0
131111,1,1,1995,0,0,0,0,0,0,0,0,0,0
131111,2,1,1995,0,0,0,0,0,0,0,0,0,0
131111,3,1,1995,0,0,0,0,0,0,0,0,0,0
131112,1,1,1995,0,0,0,0,0,0,0,0,0,0
131113,1,1,1995,0,0,0,0,0,0,0,0,0,0
131114,1,1,1995,27,27,27,27,27,27,27,27,27,27
131115,1,1,1995,16,16,16,16,16,16,16,16,16,16
131116,1,1,1995,31,31,31,31,31,31,31,31,31,31
131117,0,1,1995,0,0,0,0,0,0,0,0,0,0
131117,1,1,1995,0,0,0,0,0,0,0,0,0,0
131118,1,1,1995,0,0,0,0,0,0,0,0,0,0
131119,1,1,1995,7,7,7,7,7,7,7,7,7,7
131120,1,1,1995,40,40,40,40,40,40,40,40,40,40
131121,1,1,1995,20,20,20,20,20,20,20,20,20,20
131121,2,1,1995,0,0,0,0,0,0,0,0,0,0
131122,1,1,1995,0,0,0,0,0,0,0,0,0,0
131122,2,1,1995,0,0,0,0,0,0,0,0,0,0
131123,1,1,1995,0,0,0,0,0,0,0,0,0,0
131124,0,1,1995,11,11,11,11,11,11,11,11,11,11
131124,1,1,1995,0,0,0,0,0,0,0,0,0,0
131125,1,1,1995,0,0,0,0,0,0,0,0,0,0
131125,2,1,1995,0,0,0,0,0,0,0,0,0,0
131126,1,1,1995,0,0,0,0,0,0,0,0,0,0
131127,1,1,1995,0,0,0,0,0,0,0,0,0,0
131128,1,1,1995,0,0,0,0,0,0,0,0,0,0
131128,2,1,1995,0,0,0,0,0,0,0,0,0,0
131129,1,1,1995,0,0,0,0,0,0,0,0,0,0
131129,2,1,1995,0,0,0,0,0,0,0,0,0,0
131130,1,1,1995,0,0,0,0,0,0,0,0,0,0
131131,1,1,1995,0,0,0,0,0,0,0,0,0,0
131131,2,1,1995,2,2,2,2,2,2,2,2,2,2
131132,1,1,1995,0,0,0,0,0,0,0,0,0,0
131133,1,1,1995,0,0,0,0,0,0,0,0,0,0
131133,2,1,1995,0,0,0,0,0,0,0,0,0,0
131134,1,1,1995,0,0,0,0,0,0,0,0,0,0
131135,1,1,1995,0,0,0,0,0,0,0,0,0,0
131135,2,1,1995,0,0,0,0,0,0,0,0,0,0
131136,0,1,1995,0,0,0,0,0,0,0,0,0,0
131136,1,1,1995,23,23,23,23,23,23,23,23,23,23
131137,0,1,1995,35,35,35,35,35,35,35,35,35,35
131137,1,1,1995,0,0,0,0,0,0,0,0,0,0
131138,1,1,1995,19,19,19,19,19,19,19,19,19,19
131139,1,1,1995,0,0,0,0,0,0,0,0,0,0
131139,2,1,1995,0,0,0,0,0,0,0,0,0,0
131140,1,1,1995,29,29,29,29,29,29,29,29,29,29
131141,1,1,1995,19,19,19,19,19,19,19,19,19,19
131142,1,1,1995,12,0,0,8,0,19,45,15,0,24
131143,0,1,1995,17,17,17,17,17,17,17,17,17,17
131143,1,1,1995,10,10,10,10,10,10,10,10,10,10
131144,1,1,1995,0,0,0,0,0,0,0,0,0,0
131145,1,1,1995,0,0,0,0,0,0,0,0,0,0
131145,2,1,1995,5,0,0,0,0,0,0,0,0,0
131146,1,1,1995,0,0,0,0,0,0,0,0,0,0
131147,0,1,1995,0,0,0,0,0,0,0,0,0,0
131147,1,1,1995,0,0,0,0,0,0,0,0,0,0
131148,0,1,1995,0,0,0,0,0,0,0,0,0,0
131148,1,1,1995,0,0,0,0,0,0,0,0,0,0
131149,1,1,1995,0,0,0,0,0,0,0,0,0,0
131149,2,1,1995,0,0,0,0,0,0,0,0,0,0
131150,1,1,1995,0,0,0,0,0,0,0,0,0,0
131150,2,1,1995,16,16,16,16,16,16,16,16,16,16
131150,3,1,1995,0,0,0,0,0,0,0,0,0,0
131151,0,1,1995,0,0,0,0,0,0,0,0,0,0
131151,1,1,1995,0,0,0,0,0,0,0,0,0,0
131152,1,1,1995,0,0,0,0,0,0,0,0,0,0
131152,2,1,1995,0,0,0,0,0,0,0,0,0,0
131152,3,1,1995,0,0,0,0,0,0,0,0,0,0
131153,1,1,1995,0,0,0,0,0,0,0,0,0,0
131153,2,1,1995,0,0,0,0,0,0,0,0,0,0
131154,1,1,1995,14,14,14,14,14,14,14,14,14,14
131155,1,1,1995,0,0,0,0,0,0,0,0,0,0
131156,1,1,1995,0,0,0,0,0,0,0,0,0,0
131156,2,1,1995,0,0,0,0,0,0,0,0,0,0
131157,1,1,1995,0,0,0,0,0,0,0,0,0,0
131158,1,1,1995,0,0,0,0,0,0,0,0,0,0
131158,2,1,1995,0,0,0,0,0,0,0,0,0,0
131159,1,1,1995,0,0,0,0,0,0,0,0,5,15
131159,2,1,1995,0,0,0,0,0,0,0,0,0,0
131160,1,1,1995,0,0,0,0,0,0,0,0,0,0
131160,2,1,1995,0,0,0,0,0,0,0,0,0,0
131160,3,1,1995,0,0,0,0,0,0,0,0,0,0
131160,4,1,1995,0,0,0,0,0,0,0,0,0,0
131160,5,1,1995,0,0,0,0,0,0,0,0,0,0
131161,1,1,1995,0,0,0,0,0,0,0,0,0,0
131161,2,1,1995,0,0,0,0,0,0,0,0,0,0
131162,1,1,1995,4,4,4,4,4,4,4,4,4,4
131162,2,1,1995,0,0,0,0,0,0,0,0,0,0
131163,1,1,1995,21,21,21,21,21,21,21,21,21,21
131164,1,1,1995,12,12,12,12,12,12,12,12,12,12
131165,1,1,1995,0,0,0,0,0,0,0,0,0,0
131166,1,1,1995,8,8,8,8,8,8,8,8,8,8
131166,2,1,1995,0,0,0,0,0,0,0,0,0,0
131167,0,1,1995,0,0,0,0,0,0,0,0,0,0
131167,1,1,1995,0,0,0,0,0,0,0,0,0,0
131168,1,1,1995,0,0,0,0,0,0,0,0,0,0
131168,2,1,1995,0,0,0,0,0,0,0,0,0,0
131169,1,1,1995,7,7,7,7,7,7,7,7,7,7
131170,1,1,1995,20,20,20,20,20,20,20,20,20,20