ST_CASE,VEH_NO,PER_NO,YEAR,P1,P2,P3,P4,P5,P6,P7,P8,P9,P10
131171,1,1,1995,0,0,0,0,0,0,0,0,0,0
131171,2,1,1995,0,0,0,0,0,0,0,0,0,0
131172,0,1,1995,0,0,0,0,0,0,0,0,0,0
131172,1,1,1995,0,0,0,0,0,0,0,0,0,0
131173,1,1,1995,0,0,0,0,0,0,0,0,0,0
131174,1,1,1995,0,0,0,0,0,0,0,0,0,0
131175,1,1,1995,2,2,2,2,2,2,2,2,2,2
131176,1,1,1995,0,0,0,0,0,0,0,0,0,0
131177,1,1,1995,16,16,16,16,16,16,16,16,16,16
131178,1,1,1995,0,0,0,0,0,0,0,0,0,0
131178,2,1,1995,0,0,0,0,0,0,0,0,0,0
131179,1,1,1995,30,30,30,30,30,30,30,30,30,30
131180,1,1,1995,0,0,0,0,0,0,0,0,0,0
131181,1,1,1995,0,0,0,0,0,0,0,0,0,0
131181,2,1,1995,13,16,0,8,20,0,8,13,19,3
131182,1,1,1995,0,0,0,0,0,0,0,0,0,0
131183,1,1,1995,32,32,32,32,32,32,32,32,32,32
131184,1,1,1995,7,7,7,7,7,7,7,7,7,7
131185,0,1,1995,0,0,0,0,0,0,0,0,0,0
131185,1,1,1995,0,0,0,0,0,0,0,0,0,0
131186,1,1,1995,12,12,12,12,12,12,12,12,12,12
131186,2,1,1995,0,0,0,0,0,0,0,0,0,0
131187,1,1,1995,0,0,0,0,0,0,0,0,0,0
131188,1,1,1995,21,21,21,21,21,21,21,21,21,21
131189,1,1,1995,0,0,0,0,0,0,0,0,0,0
131189,2,1,1995,0,0,0,0,0,0,0,0,0,0
131189,3,1,1995,0,0,0,0,0,0,0,0,0,16
131190,1,1,1995,0,0,0,0,0,0,0,0,0,0
131190,2,1,1995,0,0,0,0,0,0,0,0,0,0
131191,1,1,1995,0,0,0,0,0,0,0,0,0,0
131191,2,1,1995,0,0,0,0,0,0,0,0,0,0
131192,1,1,1995,6,6,6,6,6,6,6,6,6,6
131193,1,1,1995,0,0,0,0,0,0,0,0,0,0
131193,2,1,1995,0,0,0,0,0,0,0,0,0,0
131194,1,1,1995,0,0,0,0,0,0,0,0,0,0
131194,2,1,1995,0,0,0,0,0,0,0,0,0,0
131195,0,1,1995,0,0,0,0,0,0,0,0,10,0
131195,1,1,1995,0,0,0,0,0,0,0,0,0,0
131196,1,1,1995,0,0,0,0,0,0,0,0,0,0
131196,2,1,1995,0,0,0,0,0,0,0,0,0,0
131197,1,1,1995,0,0,0,0,0,0,0,0,0,0
131197,2,1,1995,0,0,0,0,0,0,0,0,0,0
131198,0,1,1995,26,0,0,0,0,0,16,21,0,9
131198,1,1,1995,16,16,16,16,16,16,16,16,16,16
131199,1,1,1995,0,0,0,0,0,0,0,0,0,0
131200,1,1,1995,9,9,9,9,9,9,9,9,9,9
131200,2,1,1995,0,0,0,0,0,0,0,0,0,0
131201,1,1,1995,0,0,0,0,0,0,0,0,0,0
131201,2,1,1995,0,0,0,0,0,0,0,0,0,0
131202,1,1,1995,0,0,0,0,0,0,0,0,0,0
131202,2,1,1995,27,27,27,27,27,27,27,27,27,27
131203,0,1,1995,23,23,23,23,23,23,23,23,23,23
131203,1,1,1995,0,0,0,0,0,0,0,0,0,0
131204,0,1,1995,22,22,22,22,22,22,22,22,22,22
131204,1,1,1995,0,5,13,0,0,14,0,0,0,0
131205,1,1,1995,9,5,25,26,19,0,29,11,42,22
131206,1,1,1995,4,4,4,4,4,4,4,4,4,4
131206,2,1,1995,19,14,0,0,0,0,0,14,0,0
131206,3,1,1995,0,0,0,0,0,0,0,0,0,0
131207,1,1,1995,0,0,0,0,0,0,0,0,0,0
131207,2,1,1995,0,0,0,0,0,0,0,0,0,0
131208,1,1,1995,0,0,0,0,0,0,0,0,0,0
131208,2,1,1995,0,0,0,0,0,0,0,0,0,0
131208,3,1,1995,0,0,0,0,0,0,0,0,0,0
131209,1,1,1995,18,18,18,18,18,18,18,18,18,18
131210,1,1,1995,0,0,0,0,0,0,0,0,0,0
131210,2,1,1995,0,0,0,0,0,0,0,8,0,0
131211,1,1,1995,13,13,13,13,13,13,13,13,13,13
131212,1,1,1995,0,0,0,0,0,0,0,0,0,0
131213,1,1,1995,0,0,0,0,0,0,0,0,0,0
131213,2,1,1995,0,0,0,0,0,0,0,0,0,0
131214,1,1,1995,28,28,28,28,28,28,28,28,28,28
131215,1,1,1995,0,0,0,0,0,0,0,0,0,0
131215,2,1,1995,0,0,0,0,0,0,0,0,0,0
131216,1,1,1995,0,0,0,0,0,0,0,0,0,0
131216,2,1,1995,0,0,0,0,0,0,0,0,0,0
131217,1,1,1995,0,0,0,0,0,0,0,0,0,0
131218,1,1,1995,21,21,21,21,21,21,21,21,21,21
131219,1,1,1995,21,21,21,21,21,21,21,21,21,21
131220,1,1,1995,31,31,31,31,31,31,31,31,31,31
131221,1,1,1995,16,16,16,16,16,16,16,16,16,16
131221,2,1,1995,0,0,0,0,0,0,0,0,0,0
131222,3,1,1995,0,15,0,0,0,0,0,0,0,0
131222,4,1,1995,7,0,0,0,0,0,0,0,0,0
131223,1,1,1995,19,19,19,19,19,19,19,19,19,19
131224,1,1,1995,14,14,14,14,14,14,14,14,14,14
131224,2,1,1995,0,0,0,0,0,0,0,0,0,0
131225,0,1,1995,0,0,0,0,0,0,0,0,0,5
131225,1,1,1995,0,0,0,0,0,0,0,0,0,0
131226,1,1,1995,0,0,0,0,0,0,0,0,0,0
131226,2,1,1995,0,0,0,0,0,0,0,0,0,0
131227,1,1,1995,38,38,38,38,38,38,38,38,38,38
131228,1,1,1995,0,0,0,0,0,0,0,0,0,0
131228,2,1,1995,0,0,0,0,0,0,0,0,0,0
131229,1,1,1995,20,20,20,20,20,20,20,20,20,20
131230,1,1,1995,41,41,41,41,41,41,41,41,41,41
131231,1,1,1995,0,0,0,0,16,0,7,0,0,0
131231,2,1,1995,0,0,0,0,0,0,0,0,0,0
131232,1,1,1995,0,0,0,0,0,0,0,0,0,0
131232,2,1,1995,0,0,0,0,0,0,0,0,0,0
131233,1,1,1995,0,0,0,0,0,0,0,0,0,0
131233,2,1,1995,0,0,0,0,0,0,0,0,0,0
131234,0,1,1995,0,0,0,0,0,0,0,0,0,0
131234,1,1,1995,0,0,0,0,0,0,0,0,0,0
131235,1,1,1995,0,0,0,0,0,0,0,0,0,0
131236,1,1,1995,33,33,33,33,33,33,33,33,33,33
131237,0,1,1995,15,21,0,0,25,0,0,0,13,23
131237,1,1,1995,0,0,0,0,0,0,0,0,0,0
131238,1,1,1995,0,0,0,0,0,0,0,0,0,0
131238,2,1,1995,0,0,0,0,0,0,0,0,0,0
131239,1,1,1995,0,0,0,0,0,0,0,0,0,0
131239,2,1,1995,0,0,0,0,0,0,0,0,0,0
131239,3,1,1995,0,0,0,0,0,0,0,0,0,0
131240,1,1,1995,0,0,0,0,0,0,0,0,0,0
131240,2,1,1995,0,0,0,0,0,0,0,0,0,0
131240,3,1,1995,0,0,0,0,0,0,0,0,0,0
131242,1,1,1995,0,0,0,0,0,0,0,0,0,0
131242,2,1,1995,0,0,0,0,0,0,0,0,0,0
131243,1,1,1995,32,32,32,32,32,32,32,32,32,32
131244,0,1,1995,0,0,0,0,0,0,0,0,0,0
131244,1,1,1995,0,0,0,0,0,0,0,0,0,0
131244,2,1,1995,0,0,0,0,0,0,0,0,0,0
131245,1,1,1995,14,14,14,14,14,14,14,14,14,14
131246,1,1,1995,0,0,0,0,0,0,0,0,0,0
131247,1,1,1995,0,0,0,0,0,0,0,0,0,0
131247,2,1,1995,12,0,0,13,0,0,0,0,20,0
131247,3,1,1995,0,0,0,0,0,34,11,0,0,0
131248,1,1,1995,5,5,5,5,5,5,5,5,5,5
131249,1,1,1995,0,0,0,0,0,0,0,0,0,0
131249,2,1,1995,12,12,12,12,12,12,12,12,12,12
131250,1,1,1995,12,12,12,12,12,12,12,12,12,12
131251,1,1,1995,21,21,21,21,21,21,21,21,21,21
131252,1,1,1995,0,0,0,0,0,0,0,0,0,0
131253,1,1,1995,0,0,0,0,0,0,0,0,0,0
131253,2,1,1995,0,0,0,0,0,0,0,0,0,0
131254,0,1,1995,5,5,5,5,5,5,5,5,5,5
131254,0,2,1995,0,0,0,14,0,10,0,0,39,0
131254,0,3,1995,39,0,20,25,0,0,22,9,0,16
131254,0,4,1995,25,39,0,25,0,34,38,9,0,0
131254,1,1,1995,7,7,7,7,7,7,7,7,7,7
131255,1,1,1995,0,0,0,0,0,0,0,0,0,0
131255,2,1,1995,0,0,0,0,0,0,0,0,0,0
131256,1,1,1995,0,0,0,0,0,0,0,0,0,0
131256,2,1,1995,0,0,0,0,0,0,0,0,0,0
131257,1,1,1995,24,7,0,17,0,0,0,0,0,0
131258,1,1,1995,0,0,0,0,0,0,0,0,0,0
131259,1,1,1995,0,0,0,0,0,0,0,0,0,0
131259,2,1,1995,0,0,0,0,0,0,0,0,0,0
131260,0,1,1995,26,26,26,26,26,26,26,26,26,26
131260,1,1,1995,0,0,0,0,0,0,0,0,0,0
131261,1,1,1995,11,0,0,30,27,0,0,0,0,0
131262,0,1,1995,0,0,0,0,0,29,0,0,0,0
131262,1,1,1995,1,1,1,1,1,1,1,1,1,1
131263,1,1,1995,0,0,0,0,0,0,0,0,0,0
131263,2,1,1995,10,0,0,0,0,0,0,0,0,0
131263,3,1,1995,0,0,0,0,11,0,18,0,0,0
131263,4,1,1995,0,0,0,0,0,0,0,0,0,0
131263,5,1,1995,0,0,0,0,0,0,0,0,0,0
131263,6,1,1995,0,0,0,0,0,0,0,0,0,0
131264,1,1,1995,42,42,42,42,42,42,42,42,42,42
131265,2,1,1995,0,0,0,0,0,0,0,0,0,0
131265,3,1,1995,0,0,0,0,0,0,0,0,0,0
131266,1,1,1995,14,19,21,7,19,23,22,24,6,13
131267,1,1,1995,0,0,0,0,0,0,0,0,0,0
131267,2,1,1995,0,0,0,0,0,0,0,0,0,0
131268,1,1,1995,0,0,0,0,0,0,0,0,0,0
131268,2,1,1995,0,0,0,0,0,0,0,0,0,0
131269,1,1,1995,0,0,0,0,0,0,0,10,0,0
131269,2,1,1995,0,0,0,0,0,0,0,0,0,0
131270,1,1,1995,0,0,0,0,0,0,0,0,0,0
131271,1,1,1995,16,16,0,26,25,20,0,0,0,15
131272,1,1,1995,0,0,0,0,0,14,0,0,0,0
131272,2,1,1995,0,0,0,0,0,0,0,0,0,0
131273,0,1,1995,0,0,0,0,0,0,0,0,0,0
131273,0,2,1995,0,0,0,0,0,0,0,0,0,0
131273,1,1,1995,0,0,0,0,0,0,0,0,0,0
131274,1,1,1995,18,18,18,18,18,18,18,18,18,18
131275,1,1,1995,0,0,0,0,0,0,0,0,0,0
131275,2,1,1995,0,0,0,0,0,0,0,0,0,0
131275,3,1,1995,10,10,10,10,10,10,10,10,10,10
131276,1,1,1995,0,0,0,0,0,0,0,0,0,0
131277,1,1,1995,0,0,0,0,0,0,0,0,0,0
131277,2,1,1995,0,0,0,0,0,0,0,0,0,0
131278,1,1,1995,0,0,0,0,0,0,0,0,0,0
131278,2,1,1995,0,0,0,0,0,0,0,0,0,0
131279,1,1,1995,27,0,0,0,0,15,0,20,0,0
131280,1,1,1995,0,0,0,0,0,0,0,0,0,0
131280,2,1,1995,0,29,0,0,0,0,0,0,0,6
131281,0,1,1995,30,30,30,30,30,30,30,30,30,30
131281,1,1,1995,0,0,0,0,0,0,0,0,0,0
131282,1,1,1995,21,21,21,21,21,21,21,21,21,21
131283,0,1,1995,0,0,0,0,0,0,0,0,0,0
131283,1,1,1995,0,0,0,0,0,0,0,0,0,0
131284,1,1,1995,0,0,0,0,0,0,0,0,0,0
131284,2,1,1995,0,0,0,0,0,0,0,0,0,0
131285,1,1,1995,15,15,15,15,15,15,15,15,15,15
131286,1,1,1995,9,9,9,9,9,9,9,9,9,9
131287,1,1,1995,0,0,0,0,0,0,0,0,0,0
131287,2,1,1995,19,0,41,10,0,0,15,0,5,40
131288,1,1,1995,0,0,0,0,0,0,0,0,0,0
131288,2,1,1995,0,0,0,0,0,0,0,0,0,0
131289,1,1,1995,0,0,0,0,0,0,0,0,0,0
131289,2,1,1995,0,0,0,0,0,0,0,0,0,0
131290,1,1,1995,0,0,0,0,0,0,0,0,0,0
131291,1,1,1995,8,8,8,8,8,8,8,8,8,8
131291,2,1,1995,0,0,0,0,0,0,0,0,0,0
131292,1,1,1995,0,0,0,0,0,0,0,0,0,0
131293,1,1,1995,0,0,0,0,0,0,0,0,0,0
131293,2,1,1995,0,0,0,0,0,0,0,0,0,0
131293,3,1,1995,0,0,0,0,0,0,0,0,0,0
131294,1,1,1995,0,0,0,0,0,0,0,0,0,0
131294,2,1,1995,0,0,0,0,0,0,0,0,0,0
131295,1,1,1995,0,0,0,0,0,0,0,0,0,0
131296,0,1,1995,0,0,0,0,0,0,0,0,0,0
131296,0,2,1995,18,0,11,32,0,22,22,13,7,16
131296,0,3,1995,17,29,25,21,12,0,18,11,16,24
131296,1,1,1995,0,13,0,0,0,0,0,0,0,0
131296,2,1,1995,0,0,0,0,0,14,0,0,0,0
131297,1,1,1995,13,23,13,23,33,19,11,16,20,18
131298,1,1,1995,17,17,17,17,17,17,17,17,17,17
131299,1,1,1995,15,15,15,15,15,15,15,15,15,15
131299,2,1,1995,0,0,0,0,0,0,0,0,0,0
131300,1,1,1995,0,0,0,0,0,0,0,0,0,0
131301,1,1,1995,9,9,9,9,9,9,9,9,9,9
131302,1,1,1995,0,0,0,0,0,0,0,0,0,0
131302,2,1,1995,0,12,0,0,0,0,0,0,0,0
131303,1,1,1995,0,0,0,0,0,0,0,0,0,0
131304,1,1,1995,0,0,0,0,0,0,0,0,0,0
131305,1,1,1995,0,0,0,0,0,0,0,0,0,0
131306,1,1,1995,0,0,0,0,0,0,0,0,0,0
131306,2,1,1995,0,5,0,0,0,0,0,0,0,0
131307,1,1,1995,0,0,0,0,0,0,0,0,0,0
131308,1,1,1995,0,0,0,0,0,0,0,0,0,0
131308,2,1,1995,0,0,0,0,0,0,0,0,0,0
131309,1,1,1995,0,0,0,0,0,0,0,0,0,0
131309,2,1,1995,0,0,0,0,0,0,0,0,0,0
131310,1,1,1995,0,0,0,0,0,0,0,0,0,0
131310,2,1,1995,0,0,0,0,0,0,0,0,0,0
131310,3,1,1995,0,0,0,0,0,0,0,0,0,0
131311,1,1,1995,0,0,0,0,0,0,0,0,0,0
131312,1,1,1995,0,0,0,0,0,0,0,0,0,0
131312,2,1,1995,0,0,0,0,0,0,0,0,0,0
131313,1,1,1995,0,0,0,0,0,0,0,0,0,0
131314,1,1,1995,16,16,16,16,16,16,16,16,16,16
131314,2,1,1995,0,0,0,0,0,0,0,0,0,0
131315,1,1,1995,0,0,0,0,0,0,0,0,0,0
131317,1,1,1995,0,0,0,0,0,0,0,0,0,0
131318,1,1,1995,0,0,0,0,0,0,0,0,0,0
131319,1,1,1995,6,6,6,6,6,6,6,6,6,6
131320,1,1,1995,25,25,25,25,25,25,25,25,25,25
131321,1,1,1995,0,0,24,0,13,0,0,0,0,10
131322,1,1,1995,0,0,0,0,0,0,0,0,0,0
131322,2,1,1995,0,0,0,0,0,0,0,0,0,0
131323,1,1,1995,0,0,0,0,0,0,0,0,0,0
131323,2,1,1995,0,0,0,0,0,0,0,0,8,0
131324,0,1,1995,0,0,0,0,0,0,0,0,0,0
131324,1,1,1995,0,0,0,0,0,0,0,0,0,0
131325,1,1,1995,18,18,18,18,18,18,18,18,18,18
131325,2,1,1995,0,0,0,0,0,0,0,0,0,0
131326,1,1,1995,0,0,0,0,0,0,0,0,0,0
131326,2,1,1995,0,0,0,0,0,0,0,0,0,0
131327,0,1,1995,13,13,13,13,13,13,13,13,13,13
131327,1,1,1995,0,0,0,0,0,0,0,0,0,0
131328,0,1,1995,36,36,36,36,36,36,36,36,36,36
131328,1,1,1995,0,0,0,0,0,0,0,0,0,0
131329,1,1,1995,0,0,0,0,0,0,0,0,0,0
131329,2,1,1995,0,0,0,0,0,0,0,0,0,0
131329,3,1,1995,0,0,0,0,0,0,0,0,0,0
131330,1,1,1995,0,0,0,0,0,0,0,0,0,0
131331,1,1,1995,0,0,0,0,0,0,0,0,0,0
131331,2,1,1995,0,0,0,0,0,0,0,0,0,0
131332,1,1,1995,0,0,0,0,0,0,0,0,0,0
131333,1,1,1995,0,0,0,0,0,0,0,0,0,0
131333,2,1,1995,0,0,0,0,0,0,0,0,0,0
131333,3,1,1995,0,0,0,0,0,0,0,0,0,0
131334,1,1,1995,0,24,0,0,0,0,0,0,18,12
131335,1,1,1995,21,21,21,21,21,21,21,21,21,21
131335,2,1,1995,0,0,0,0,0,0,0,0,0,0
131336,1,1,1995,0,0,0,0,0,18,0,0,5,12
131337,1,1,1995,0,0,0,0,0,0,0,0,0,0
131337,2,1,1995,0,0,0,0,0,0,0,0,0,0
131338,1,1,1995,14,14,14,14,14,14,14,14,14,14
131338,2,1,1995,0,0,0,0,0,0,0,0,0,0
131339,1,1,1995,0,0,0,0,0,0,0,0,0,0
131340,1,1,1995,0,0,0,0,0,0,0,0,0,0
131341,1,1,1995,0,0,0,0,0,0,0,0,0,0
131341,2,1,1995,0,0,0,0,0,0,0,0,0,0
131342,1,1,1995,0,0,0,0,0,0,0,0,0,0
131342,2,1,1995,0,0,0,0,0,0,0,0,0,0
131343,1,1,1995,6,6,6,6,6,6,6,6,6,6
131344,1,1,1995,23,23,23,23,23,23,23,23,23,23
131345,0,1,1995,0,0,0,32,0,0,0,0,21,39
131345,1,1,1995,0,0,0,0,0,0,0,0,0,0
131346,1,1,1995,0,0,0,0,0,0,0,0,0,0
131346,2,1,1995,0,0,0,0,0,0,0,0,0,0
131346,3,1,1995,0,0,0,0,0,0,0,0,0,0
131346,4,1,1995,0,0,0,0,0,0,0,0,0,0
131347,1,1,1995,0,0,0,0,0,0,0,0,0,0
131347,2,1,1995,0,0,0,0,0,0,0,0,0,0
131349,1,1,1995,12,18,0,0,0,0,0,0,0,0
131349,2,1,1995,0,0,0,0,0,0,0,0,0,0
131349,3,1,1995,0,0,0,0,0,0,0,0,0,0
131349,4,1,1995,0,0,0,0,0,0,0,0,0,0
131350,0,1,1995,0,0,0,0,0,0,0,0,0,0
131350,1,1,1995,0,0,0,0,0,0,0,0,0,0
131351,1,1,1995,0,0,0,0,0,0,0,0,0,0
131352,1,1,1995,0,0,11,0,0,0,0,0,0,17
131352,2,1,1995,0,0,0,0,0,0,0,0,0,0
131353,1,1,1995,0,0,18,0,0,0,0,0,0,0
131353,2,1,1995,0,0,0,0,0,0,0,0,0,0
131354,1,1,1995,21,21,21,21,21,21,21,21,21,21
131355,0,1,1995,0,0,0,0,0,0,0,0,0,0
131355,1,1,1995,0,0,0,0,0,0,0,0,0,0
131356,1,1,1995,0,0,0,0,0,0,0,0,0,0
131356,2,1,1995,0,0,0,0,0,0,0,0,0,0
131357,1,1,1995,21,21,21,21,21,21,21,21,21,21
131357,2,1,1995,0,0,0,0,0,0,0,0,0,0
131358,1,1,1995,23,15,19,22,4,0,0,19,0,26
131358,2,1,1995,9,0,0,0,0,0,0,16,13,0
131359,1,1,1995,33,33,33,33,33,33,33,33,33,33
131360,1,1,1995,9,9,9,9,9,9,9,9,9,9
131361,0,1,1995,0,0,0,0,0,0,0,0,0,0
131361,0,2,1995,0,0,0,27,0,37,0,0,0,0
131361,0,3,1995,0,17,38,7,0,0,0,0,0,0
131361,0,4,1995,22,0,0,4,0,0,34,19,13,24
131361,2,1,1995,0,0,0,0,0,0,0,0,0,0
131362,1,1,1995,18,18,18,18,18,18,18,18,18,18
131362,2,1,1995,0,0,0,0,0,0,0,0,0,0
131363,1,1,1995,23,18,24,16,23,23,3,11,20,27
131365,0,1,1995,0,0,0,0,0,0,0,0,0,0
131365,1,1,1995,0,0,0,0,0,0,0,0,0,0
150001,1,1,1995,0,0,0,0,0,0,0,0,0,0
150002,1,1,1995,28,28,28,28,28,28,28,28,28,28
150002,2,1,1995,0,0,0,0,0,0,0,0,0,0
150003,1,1,1995,0,0,0,0,0,0,0,0,0,0
150003,2,1,1995,9,0,0,0,0,0,0,0,0,0
150004,1,1,1995,4,4,4,4,4,4,4,4,4,4
150005,1,1,1995,0,0,0,0,0,0,0,0,0,0
150005,2,1,1995,21,0,0,0,0,0,0,0,0,0
150006,0,1,1995,0,0,0,0,0,0,0,0,0,0
150006,1,1,1995,0,0,0,0,0,0,0,0,0,0
150007,1,1,1995,0,0,0,0,0,0,0,0,0,0
150007,2,1,1995,0,0,0,0,0,0,0,0,0,0
150007,3,1,1995,0,0,0,0,0,0,0,0,3,0
150008,1,1,1995,23,23,23,23,23,23,23,23,23,23
150009,0,1,1995,0,0,0,0,0,0,0,0,0,0
150009,0,2,1995,0,0,0,0,0,0,0,0,0,0
150009,0,3,1995,0,0,0,0,0,0,0,24,0,0
150009,0,4,1995,0,0,0,0,0,0,0,0,0,0
150009,1,1,1995,0,0,0,0,0,0,0,0,0,0
150010,1,1,1995,0,0,0,0,0,0,0,0,0,0
150011,1,1,1995,0,0,0,0,0,0,0,0,0,0
150012,1,1,1995,23,23,23,23,23,23,23,23,23,23
150013,1,1,1995,0,0,0,0,0,0,0,0,0,0
150013,2,1,1995,0,0,0,0,0,0,0,0,0,0
150014,1,1,1995,19,19,19,19,19,19,19,19,19,19
150014,2,1,1995,0,0,0,0,0,0,0,0,0,0
150015,1,1,1995,0,0,0,0,0,0,0,0,0,0
150015,2,1,1995,0,0,0,0,0,0,0,0,0,0
150016,0,1,1995,0,0,0,0,0,0,0,0,0,0
150016,1,1,1995,0,0,0,0,0,0,0,0,0,11
150017,1,1,1995,18,18,18,18,18,18,18,18,18,18
150018,0,1,1995,0,0,0,0,0,0,0,0,0,0
150018,1,1,1995,0,0,0,0,0,0,0,0,0,0
150019,1,1,1995,14,14,14,14,14,14,14,14,14,14
150019,2,1,1995,0,0,0,0,0,0,0,0,0,0
150020,0,1,1995,8,8,8,8,8,8,8,8,8,8
150020,1,1,1995,0,0,0,0,0,0,0,0,0,0
150021,0,1,1995,7,7,7,7,7,7,7,7,7,7
150021,1,1,1995,23,15,13,11,19,29,20,20,37,27
150022,0,1,1995,21,21,21,21,21,21,21,21,21,21
150022,1,1,1995,0,0,0,0,0,0,0,0,0,0
150023,1,1,1995,9,9,9,9,9,9,9,9,9,9
150024,0,1,1995,0,0,0,0,0,0,0,0,0,0
150024,1,1,1995,0,0,0,0,0,0,0,0,0,0
150025,0,1,1995,0,0,0,0,0,0,0,0,0,0
150025,1,1,1995,0,0,0,0,0,0,0,0,0,0
150026,1,1,1995,0,0,0,0,0,0,0,0,0,0
150026,2,1,1995,0,0,0,0,0,0,0,0,0,0
150027,1,1,1995,9,9,9,9,9,9,9,9,9,9
150028,1,1,1995,0,0,0,0,0,0,0,0,0,0
150029,1,1,1995,16,16,16,16,16,16,16,16,16,16
150030,0,1,1995,0,0,0,0,0,0,0,0,0,0
150030,1,1,1995,19,19,19,19,19,19,19,19,19,19
150031,1,1,1995,8,8,8,8,8,8,8,8,8,8
150032,1,1,1995,0,0,0,0,0,0,0,0,0,0
150032,2,1,1995,0,0,0,0,0,0,0,0,0,0
150033,1,1,1995,0,0,0,0,0,0,0,0,0,0
150033,2,1,1995,0,0,0,0,0,0,0,0,0,0
150034,1,1,1995,35,35,35,35,35,35,35,35,35,35
150035,1,1,1995,0,0,0,0,0,0,0,0,0,0
150035,2,1,1995,0,0,0,0,0,0,0,0,0,0
150036,0,1,1995,28,28,28,28,28,28,28,28,28,28
150036,1,1,1995,11,11,11,11,11,11,11,11,11,11
150037,1,1,1995,7,7,7,7,7,7,7,7,7,7
150038,1,1,1995,11,11,11,11,11,11,11,11,11,11
150039,1,1,1995,0,0,0,0,0,0,0,0,0,0
150040,1,1,1995,0,0,0,0,0,0,0,0,0,0
150040,2,1,1995,0,0,0,0,0,0,0,0,0,0
150041,0,1,1995,0,0,0,0,0,0,0,0,0,0
150041,1,1,1995,0,0,0,0,0,0,0,0,0,0
150042,1,1,1995,0,0,0,0,0,0,0,0,0,0
150042,2,1,1995,0,0,0,0,0,0,0,0,0,0
150043,1,1,1995,0,0,0,0,0,0,0,0,0,0
150044,0,1,1995,0,0,0,0,0,0,0,0,0,0
150044,1,1,1995,0,0,0,0,0,0,0,0,0,0
150045,0,1,1995,0,0,0,0,0,0,0,0,0,0
150045,1,1,1995,0,0,0,0,0,0,0,0,0,0
150046,0,1,1995,0,0,0,0,0,0,0,0,0,0
150046,1,1,1995,0,0,0,0,0,0,0,0,0,0
150047,0,1,1995,0,0,0,0,0,0,0,0,0,0
150047,1,1,1995,0,0,0,0,0,0,0,0,14,0
150048,1,1,1995,16,16,16,16,16,16,16,16,16,16
150049,0,1,1995,0,0,0,0,0,0,0,0,0,0
150049,1,1,1995,0,0,5,0,0,0,0,0,0,0
150050,1,1,1995,0,0,0,0,0,0,0,0,0,0
150050,2,1,1995,0,0,0,0,0,0,0,0,0,0
150051,1,1,1995,24,11,19,10,11,4,17,0,18,23
150052,1,1,1995,14,14,14,14,14,14,14,14,14,14
150053,0,1,1995,12,12,12,12,12,12,12,12,12,12
150053,1,1,1995,1,1,1,1,1,1,1,1,1,1
150053,2,1,1995,0,0,0,0,0,0,0,0,0,0
150054,1,1,1995,0,0,0,0,0,0,0,0,0,0
150054,2,1,1995,4,4,4,4,4,4,4,4,4,4
150055,0,1,1995,19,19,19,19,19,19,19,19,19,19
150055,1,1,1995,21,21,21,21,21,21,21,21,21,21
150056,1,1,1995,2,2,2,2,2,2,2,2,2,2
150057,1,1,1995,0,0,0,0,0,0,0,0,0,0
150058,1,1,1995,14,14,14,14,14,14,14,14,14,14
150060,1,1,1995,0,0,0,0,0,0,0,0,0,0
150061,1,1,1995,13,13,13,13,13,13,13,13,13,13
150062,1,1,1995,0,0,0,0,0,0,0,0,0,0
150062,2,1,1995,0,0,0,0,0,0,0,0,0,0
150063,1,1,1995,13,12,18,11,2,13,19,8,7,18
150064,1,1,1995,2,2,2,2,2,2,2,2,2,2
150064,2,1,1995,0,0,0,0,0,0,0,0,0,0
150065,1,1,1995,4,4,4,4,4,4,4,4,4,4
150066,0,1,1995,0,0,0,0,0,0,0,0,0,0
150066,1,1,1995,0,16,0,0,0,0,0,0,0,0
150067,0,1,1995,20,20,20,20,20,20,20,20,20,20
150067,1,1,1995,14,5,14,19,10,18,6,16,19,8
150068,1,1,1995,5,5,5,5,5,5,5,5,5,5
150069,1,1,1995,0,0,0,0,0,0,0,0,0,0
150070,1,1,1995,0,0,0,0,0,0,0,0,0,0
150072,1,1,1995,0,0,0,0,0,0,0,0,0,0
150073,0,1,1995,0,0,0,0,0,0,0,0,0,0
150073,1,1,1995,0,0,0,0,0,0,0,0,0,0
150074,1,1,1995,0,0,0,0,0,0,0,0,0,0
150074,2,1,1995,0,0,0,0,0,0,0,0,0,0
150075,1,1,1995,0,0,0,0,0,0,0,0,0,0
150076,1,1,1995,18,18,18,18,18,18,18,18,18,18
150077,1,1,1995,11,11,11,11,11,11,11,11,11,11
150078,1,1,1995,19,19,19,19,19,19,19,19,19,19
150079,1,1,1995,0,0,0,0,0,0,0,0,0,0
150080,1,1,1995,0,0,0,0,0,0,0,0,0,0
150081,1,1,1995,13,13,13,13,13,13,13,13,13,13
150082,1,1,1995,16,16,16,16,16,16,16,16,16,16
150083,0,1,1995,0,0,0,0,0,0,0,0,0,0
150083,1,1,1995,0,0,0,0,0,16,0,0,0,0
150084,0,1,1995,0,0,0,0,0,0,0,0,0,0
150084,1,1,1995,0,0,0,0,0,0,0,0,0,0
150085,0,1,1995,0,0,0,0,0,0,0,0,0,0