ST_CASE,VEH_NO,PER_NO,YEAR,P1,P2,P3,P4,P5,P6,P7,P8,P9,P10
150085,1,1,1995,0,0,0,0,0,0,0,0,0,0
150086,1,1,1995,0,0,0,0,0,0,0,0,12,0
150086,2,1,1995,0,0,0,0,0,0,0,0,0,0
150087,1,1,1995,20,20,20,20,20,20,20,20,20,20
150088,1,1,1995,23,23,23,23,23,23,23,23,23,23
150088,2,1,1995,0,0,0,0,0,0,0,0,0,0
150088,3,1,1995,0,0,0,0,0,0,0,0,0,0
150089,1,1,1995,0,0,0,0,0,0,0,0,0,0
150089,2,1,1995,0,0,0,0,0,0,0,0,0,0
150091,1,1,1995,14,14,14,14,14,14,14,14,14,14
150092,1,1,1995,0,0,0,0,0,0,0,0,0,0
150093,0,1,1995,0,0,0,0,0,0,0,0,0,0
150093,1,1,1995,0,0,0,0,0,0,0,0,0,0
150094,1,1,1995,3,3,3,3,3,3,3,3,3,3
150095,0,1,1995,0,0,0,0,0,0,0,0,0,0
150095,1,1,1995,0,0,0,0,0,0,0,0,0,0
150096,1,1,1995,16,16,16,16,16,16,16,16,16,16
150096,2,1,1995,0,0,0,0,0,0,0,0,0,0
150096,3,1,1995,0,0,0,0,0,0,0,0,0,0
150097,1,1,1995,0,0,0,0,0,0,0,0,0,0
150098,1,1,1995,14,14,14,14,14,14,14,14,14,14
150098,2,1,1995,0,9,12,0,0,0,0,0,0,0
150099,0,1,1995,0,0,16,11,0,20,0,0,9,0
150099,0,2,1995,0,0,0,0,0,0,0,0,0,0
150099,0,3,1995,0,0,0,0,4,16,0,0,0,0
150099,0,4,1995,0,0,11,23,0,0,0,0,0,0
150099,1,1,1995,0,0,0,0,0,0,0,0,0,0
150100,1,1,1995,0,0,0,0,0,0,0,0,0,0
150100,2,1,1995,0,0,0,0,0,0,0,0,0,0
150101,0,1,1995,0,0,0,0,0,0,0,0,0,0
150101,1,1,1995,0,0,0,0,0,0,0,0,0,0
150102,1,1,1995,3,3,3,3,3,3,3,3,3,3
150103,1,1,1995,20,20,20,20,20,20,20,20,20,20
150104,0,1,1995,0,0,0,0,0,0,0,0,0,0
150104,1,1,1995,21,0,0,0,8,0,0,0,0,0
150105,0,1,1995,0,0,0,0,0,0,0,0,0,0
150105,1,1,1995,0,0,0,0,0,0,0,0,11,0
150106,0,1,1995,0,0,0,0,0,0,0,0,0,0
150106,1,1,1995,0,0,0,0,0,0,0,0,0,0
150107,0,1,1995,0,0,0,0,0,0,0,0,0,0
150107,1,1,1995,0,0,0,0,0,0,0,0,0,0
150108,1,1,1995,13,13,13,13,13,13,13,13,13,13
150108,2,1,1995,0,0,0,0,0,0,0,0,0,0
150109,1,1,1995,0,0,0,0,0,0,0,0,0,0
150110,1,1,1995,0,0,0,0,0,0,0,0,0,0
150111,1,1,1995,18,18,18,18,18,18,18,18,18,18
150111,2,1,1995,0,0,0,0,0,0,0,0,0,0
150112,1,1,1995,0,0,0,0,0,0,0,0,0,0
150112,2,1,1995,0,0,0,0,0,0,0,0,0,0
150113,1,1,1995,0,0,0,0,0,0,8,0,0,0
150114,1,1,1995,10,10,10,10,10,10,10,10,10,10
150114,2,1,1995,0,0,0,0,0,0,0,0,0,0
150115,1,1,1995,6,6,6,6,6,6,6,6,6,6
150115,2,1,1995,0,32,0,0,0,0,0,0,0,0
150116,1,1,1995,3,3,3,3,3,3,3,3,3,3
150117,1,1,1995,0,0,0,0,0,0,0,0,0,0
150117,2,1,1995,0,0,0,0,0,0,0,0,0,0
150118,1,1,1995,19,19,19,19,19,19,19,19,19,19
150118,2,1,1995,0,0,0,0,0,0,0,0,0,0
150119,1,1,1995,14,14,14,14,14,14,14,14,14,14
150120,1,1,1995,22,8,18,30,0,11,0,0,0,0
150121,1,1,1995,16,16,16,16,16,16,16,16,16,16
150121,2,1,1995,0,0,0,0,0,0,0,0,0,0
150122,0,1,1995,0,0,0,0,0,0,0,0,0,0
150122,1,1,1995,4,4,4,4,4,4,4,4,4,4
150123,1,1,1995,0,0,0,0,0,0,0,0,0,0
150124,1,1,1995,0,0,0,0,0,0,0,0,0,0
150124,2,1,1995,0,0,0,0,0,0,0,0,0,0
160001,1,1,1995,0,0,0,0,0,0,0,0,0,0
160001,2,1,1995,0,0,0,0,0,0,0,0,0,0
160002,1,1,1995,0,0,0,0,0,0,0,0,0,0
160003,1,1,1995,0,0,0,0,0,0,0,0,0,0
160004,1,1,1995,0,0,0,0,0,0,0,0,0,0
160004,2,1,1995,0,0,0,0,0,0,0,0,0,0
160005,1,1,1995,0,0,0,0,0,0,0,0,0,0
160005,2,1,1995,0,0,0,0,0,0,0,0,0,0
160006,1,1,1995,8,0,17,0,0,0,0,0,0,0
160007,1,1,1995,17,17,17,17,17,17,17,17,17,17
160007,2,1,1995,0,0,0,0,0,0,0,0,0,0
160008,1,1,1995,15,0,8,0,0,0,0,0,0,0
160009,1,1,1995,21,21,21,21,21,21,21,21,21,21
160010,1,1,1995,0,0,0,0,0,0,0,0,0,0
160011,1,1,1995,0,0,0,0,0,0,0,0,0,0
160012,1,1,1995,18,18,18,18,18,18,18,18,18,18
160013,0,1,1995,0,0,0,0,0,0,0,0,0,0
160013,1,1,1995,3,3,3,3,3,3,3,3,3,3
160014,1,1,1995,0,0,0,0,0,0,0,0,0,0
160016,1,1,1995,0,9,0,0,0,0,0,0,0,0
160016,2,1,1995,0,0,0,0,0,0,0,0,0,0
160017,1,1,1995,0,0,0,0,0,11,0,0,0,0
160017,2,1,1995,0,0,0,0,0,0,0,0,0,0
160017,3,1,1995,0,0,0,0,0,0,0,0,0,0
160018,0,1,1995,18,18,18,18,18,18,18,18,18,18
160018,0,2,1995,0,40,22,16,13,9,27,29,25,7
160018,1,1,1995,0,0,13,0,10,0,0,0,0,11
160019,1,1,1995,16,0,0,0,0,0,0,0,0,0
160019,2,1,1995,23,0,0,18,0,14,36,0,7,24
160020,1,1,1995,0,0,0,0,0,0,0,0,0,0
160020,2,1,1995,0,0,0,0,0,0,0,0,0,0
160021,1,1,1995,23,23,23,23,23,23,23,23,23,23
160022,0,1,1995,0,0,0,0,0,0,0,0,0,0
160022,1,1,1995,0,0,0,0,0,0,0,0,0,0
160023,1,1,1995,20,18,13,15,4,17,12,19,14,19
160024,1,1,1995,0,0,0,0,0,0,0,0,0,0
160024,2,1,1995,0,0,0,0,0,0,0,0,0,0
160025,1,1,1995,14,14,14,14,14,14,14,14,14,14
160026,1,1,1995,15,15,15,15,15,15,15,15,15,15
160027,1,1,1995,0,0,0,0,0,0,0,0,0,0
160028,1,1,1995,0,0,0,0,0,0,0,0,0,0
160028,2,1,1995,0,0,0,0,0,0,0,0,0,0
160029,1,1,1995,0,0,0,0,0,0,0,0,0,0
160029,2,1,1995,0,0,0,0,0,0,0,0,0,0
160030,1,1,1995,0,0,0,0,0,0,0,0,0,0
160030,2,1,1995,0,0,0,0,0,0,0,0,0,0
160031,1,1,1995,9,0,13,9,0,0,0,12,0,0
160032,0,1,1995,20,20,20,20,20,20,20,20,20,20
160032,1,1,1995,0,0,0,0,0,0,0,0,0,7
160033,1,1,1995,16,16,16,16,16,16,16,16,16,16
160033,2,1,1995,0,0,0,0,0,0,0,0,0,0
160034,0,1,1995,0,11,0,0,0,0,16,0,0,0
160034,0,2,1995,0,0,25,29,23,0,12,38,28,0
160034,1,1,1995,0,0,0,0,0,0,0,5,0,0
160035,1,1,1995,0,0,0,0,0,0,0,0,0,0
160036,1,1,1995,0,0,0,0,0,0,0,0,0,0
160038,1,1,1995,0,0,0,0,0,0,0,0,0,0
160039,1,1,1995,0,0,0,0,0,0,0,0,0,0
160039,2,1,1995,0,0,0,0,0,0,0,0,0,0
160040,0,1,1995,0,0,0,0,0,0,0,0,0,0
160040,1,1,1995,0,0,0,0,0,0,0,0,0,0
160041,1,1,1995,0,0,0,0,0,0,0,0,0,0
160041,2,1,1995,8,8,8,8,8,8,8,8,8,8
160042,1,1,1995,0,0,0,0,0,0,0,0,0,0
160042,2,1,1995,1,1,1,1,1,1,1,1,1,1
160043,1,1,1995,0,0,0,0,0,0,0,0,0,0
160043,2,1,1995,0,0,0,0,0,0,0,0,0,4
160044,1,1,1995,0,0,0,0,0,0,0,0,0,0
160044,2,1,1995,0,0,0,0,0,0,0,0,0,0
160045,1,1,1995,0,0,0,0,0,0,0,0,0,0
160046,1,1,1995,0,0,0,0,0,0,0,0,0,0
160047,1,1,1995,0,0,0,0,0,0,0,0,0,0
160048,1,1,1995,0,0,0,0,0,0,0,0,0,0
160049,1,1,1995,0,0,0,0,0,0,0,0,0,0
160051,0,1,1995,12,12,12,12,12,12,12,12,12,12
160051,1,1,1995,0,0,0,0,0,0,0,0,0,0
160052,1,1,1995,0,0,0,0,0,0,0,0,0,0
160053,1,1,1995,15,15,15,15,15,15,15,15,15,15
160054,1,1,1995,0,0,0,0,0,3,0,0,0,0
160054,2,1,1995,0,0,0,0,0,0,0,0,0,0
160055,1,1,1995,0,35,0,0,26,0,0,0,0,0
160056,1,1,1995,0,0,0,0,0,0,0,0,0,0
160057,1,1,1995,0,17,23,26,14,22,26,29,13,12
160058,1,1,1995,0,0,0,0,0,12,0,0,0,0
160059,1,1,1995,0,7,0,13,19,0,0,0,0,23
160060,1,1,1995,0,0,0,0,0,0,0,0,0,0
160061,1,1,1995,23,23,23,23,23,23,23,23,23,23
160061,2,1,1995,0,0,0,0,0,0,0,0,0,0
160062,1,1,1995,10,0,9,0,6,0,7,0,0,0
160062,2,1,1995,0,0,0,0,0,0,0,0,0,0
160062,3,1,1995,0,0,0,0,0,0,0,0,0,0
160063,1,1,1995,0,0,0,0,0,0,0,0,0,0
160064,1,1,1995,0,0,0,0,0,0,0,0,0,0
160064,2,1,1995,0,0,0,0,0,0,0,0,0,0
160065,1,1,1995,0,0,0,0,0,0,0,0,0,0
160065,2,1,1995,0,0,8,0,0,0,0,0,0,0
160066,1,1,1995,4,4,4,4,4,4,4,4,4,4
160067,1,1,1995,27,27,27,27,27,27,27,27,27,27
160067,2,1,1995,0,0,11,0,0,0,0,0,0,0
160068,1,1,1995,0,0,0,0,0,0,0,0,0,0
160069,0,1,1995,0,0,0,0,0,0,0,0,0,0
160069,1,1,1995,0,0,0,0,0,0,0,0,0,0
160070,1,1,1995,1,1,1,1,1,1,1,1,1,1
160071,1,1,1995,26,26,26,26,26,26,26,26,26,26
160072,1,1,1995,0,0,0,0,9,0,0,0,0,0
160073,1,1,1995,12,25,20,9,17,11,10,8,10,14
160073,2,1,1995,0,0,0,0,0,0,0,0,0,0
160073,3,1,1995,0,0,0,0,0,0,0,0,0,0
160073,4,1,1995,0,0,0,0,0,0,0,0,0,0
160074,1,1,1995,12,46,23,24,13,25,10,25,15,13
160075,1,1,1995,0,0,0,0,0,0,0,0,0,0
160075,2,1,1995,0,0,0,0,0,0,0,0,0,0
160076,1,1,1995,0,0,0,0,0,0,0,0,0,0
160076,2,1,1995,0,0,0,0,0,0,0,0,0,0
160077,1,1,1995,0,0,0,0,0,0,0,0,0,0
160078,1,1,1995,0,0,0,0,0,0,0,0,0,0
160079,1,1,1995,12,12,12,12,12,12,12,12,12,12
160080,1,1,1995,0,0,0,0,0,0,0,0,0,0
160081,1,1,1995,0,0,0,0,0,0,0,0,0,0
160082,0,1,1995,0,0,0,0,0,0,0,0,0,0
160082,1,1,1995,0,0,0,0,0,0,0,0,0,0
160083,1,1,1995,0,0,0,0,0,0,0,0,0,0
160083,2,1,1995,0,0,0,0,0,0,0,0,0,0
160084,1,1,1995,17,17,17,17,17,17,17,17,17,17
160085,1,1,1995,23,23,23,23,23,23,23,23,23,23
160086,1,1,1995,0,0,0,0,0,0,0,28,0,0
160087,1,1,1995,6,6,6,6,6,6,6,6,6,6
160088,1,1,1995,0,0,0,0,0,0,0,0,0,0
160089,1,1,1995,0,0,0,0,0,0,0,0,0,0
160090,1,1,1995,0,0,0,0,0,0,0,0,0,0
160090,2,1,1995,0,0,0,0,0,0,0,0,0,0
160091,1,1,1995,19,19,19,19,19,19,19,19,19,19
160092,0,1,1995,0,0,0,0,0,0,0,0,0,0
160092,0,2,1995,0,14,0,0,22,14,0,25,37,13
160092,2,1,1995,0,0,0,0,0,0,0,12,0,0
160093,1,1,1995,0,0,0,0,0,0,0,0,0,0
160093,2,1,1995,0,0,0,0,0,0,0,0,0,0
160094,1,1,1995,16,16,16,16,16,16,16,16,16,16
160095,1,1,1995,0,0,0,0,0,0,0,0,0,0
160095,2,1,1995,0,0,0,0,0,0,0,0,0,0
160096,1,1,1995,0,0,0,0,0,0,0,0,0,0
160096,2,1,1995,0,0,0,0,0,0,0,0,0,0
160097,1,1,1995,16,16,16,16,16,16,16,16,16,16
160097,2,1,1995,0,0,0,0,0,0,0,0,0,0
160098,1,1,1995,14,14,14,14,14,14,14,14,14,14
160099,1,1,1995,13,13,13,13,13,13,13,13,13,13
160100,1,1,1995,1,1,1,1,1,1,1,1,1,1
160100,2,1,1995,33,33,33,33,33,33,33,33,33,33
160101,1,1,1995,1,1,1,1,1,1,1,1,1,1
160101,2,1,1995,18,16,0,0,0,0,0,0,0,17
160102,1,1,1995,26,26,26,26,26,26,26,26,26,26
160102,2,1,1995,0,6,0,0,5,0,21,0,0,0
160103,1,1,1995,21,21,21,21,21,21,21,21,21,21
160104,1,1,1995,0,0,0,0,0,0,0,0,0,0
160104,2,1,1995,0,0,0,0,0,0,0,0,0,0
160105,1,1,1995,2,2,2,2,2,2,2,2,2,2
160106,1,1,1995,0,0,0,0,0,0,0,0,0,0
160107,1,1,1995,18,19,16,6,11,15,11,27,20,6
160108,1,1,1995,0,0,0,0,0,0,0,0,0,0
160109,1,1,1995,0,0,19,0,20,22,34,6,15,20
160110,1,1,1995,23,23,23,23,23,23,23,23,23,23
160111,1,1,1995,0,0,0,0,0,0,0,0,0,0
160112,1,1,1995,19,0,0,0,0,0,0,0,0,0
160112,2,1,1995,0,0,0,0,0,0,0,0,0,0
160114,1,1,1995,0,0,0,0,0,0,0,0,0,0
160115,1,1,1995,0,0,0,0,0,0,0,0,0,0
160116,1,1,1995,0,0,0,0,0,0,0,0,0,0
160116,2,1,1995,0,0,0,0,0,0,0,0,0,0
160117,1,1,1995,0,0,0,0,0,0,0,0,0,0
160117,2,1,1995,0,0,0,0,0,0,0,0,0,0
160118,1,1,1995,23,23,23,23,23,23,23,23,23,23
160119,1,1,1995,14,14,14,14,14,14,14,14,14,14
160120,1,1,1995,0,0,0,0,0,0,0,0,0,0
160121,1,1,1995,0,0,0,0,0,0,0,0,0,0
160121,2,1,1995,0,0,0,0,0,0,0,0,0,0
160122,1,1,1995,0,0,0,0,0,0,0,0,0,0
160122,2,1,1995,0,0,0,0,0,0,0,0,0,0
160123,1,1,1995,0,0,0,0,0,0,0,0,0,0
160124,1,1,1995,0,0,0,0,0,0,0,0,0,0
160124,2,1,1995,0,0,0,0,0,0,0,0,0,0
160125,1,1,1995,0,7,13,23,27,0,0,0,0,18
160125,2,1,1995,0,0,0,4,0,10,0,0,0,0
160126,1,1,1995,19,16,34,11,0,19,12,17,12,16
160127,0,1,1995,0,0,0,0,0,0,0,0,0,0
160127,0,2,1995,0,0,0,0,0,0,0,0,0,0
160127,1,1,1995,0,0,0,0,0,0,0,0,0,0
160128,1,1,1995,25,28,0,0,0,0,0,0,0,0
160129,1,1,1995,0,0,14,0,0,0,0,0,0,0
160129,2,1,1995,0,0,0,0,0,0,0,0,0,0
160130,1,1,1995,14,14,14,14,14,14,14,14,14,14
160130,2,1,1995,0,0,0,0,0,0,0,0,0,0
160131,1,1,1995,34,0,0,0,16,0,0,14,26,15
160132,1,2,1995,20,26,23,0,0,24,37,0,18,0
160133,1,1,1995,0,0,0,0,0,5,13,0,0,0
160134,1,1,1995,14,20,19,41,12,21,8,27,0,20
160135,1,1,1995,0,0,0,0,0,0,0,0,0,0
160135,2,1,1995,0,0,0,0,0,0,0,0,0,0
160136,1,1,1995,0,0,0,10,0,0,0,0,0,0
160136,2,1,1995,0,0,0,0,0,0,0,0,8,0
160137,1,1,1995,0,0,0,0,0,0,0,0,0,0
160138,1,1,1995,0,0,0,0,0,0,0,0,0,0
160138,2,1,1995,0,0,0,0,8,0,0,0,0,0
160139,1,1,1995,0,0,0,0,0,0,0,0,0,0
160139,2,1,1995,0,0,0,0,0,0,0,0,0,0
160140,1,1,1995,0,0,0,0,0,0,0,0,0,0
160140,2,1,1995,0,0,0,0,0,0,0,0,0,0
160141,1,1,1995,4,8,14,0,10,24,0,10,12,11
160142,1,1,1995,20,20,20,20,20,20,20,20,20,20
160144,1,1,1995,0,0,0,0,0,0,0,0,0,0
160144,2,1,1995,0,0,0,0,0,0,0,0,0,0
160145,1,1,1995,0,0,0,0,0,0,0,0,0,0
160145,2,1,1995,0,0,0,0,0,0,0,0,0,0
160146,1,1,1995,0,0,0,0,0,14,0,0,0,13
160147,1,1,1995,0,0,0,0,0,0,0,0,0,0
160148,1,1,1995,0,0,0,0,0,0,0,0,0,0
160149,1,1,1995,0,0,0,0,0,0,0,0,0,0
160149,2,1,1995,0,0,0,0,0,0,0,0,0,0
160150,1,1,1995,0,0,0,0,0,0,0,0,0,0
160151,1,1,1995,0,0,0,0,0,0,0,0,0,0
160151,2,1,1995,0,0,0,0,0,0,0,0,0,0
160152,1,1,1995,0,0,0,0,0,0,0,0,0,0
160152,2,1,1995,0,0,0,0,0,0,0,0,0,0
160153,1,1,1995,21,21,21,21,21,21,21,21,21,21
160154,0,1,1995,0,0,0,0,0,0,0,0,0,0
160154,1,1,1995,0,0,0,0,0,0,0,0,0,0
160154,2,1,1995,0,0,0,0,0,0,0,0,0,0
160155,1,1,1995,0,0,0,0,0,29,0,0,12,21
160156,1,1,1995,0,0,0,0,0,0,0,0,0,0
160157,1,1,1995,0,0,0,0,0,0,0,0,0,0
160157,2,1,1995,0,0,0,0,0,0,0,0,0,0
160158,1,1,1995,0,0,0,0,0,0,0,0,0,0
160159,1,1,1995,25,25,25,25,25,25,25,25,25,25
160160,1,1,1995,0,0,0,9,0,0,0,0,0,0
160161,1,1,1995,12,12,12,12,12,12,12,12,12,12
160162,0,1,1995,0,0,0,0,0,0,0,0,0,0
160162,1,1,1995,0,0,0,0,0,0,0,0,0,0
160163,1,1,1995,0,0,0,0,0,0,0,0,0,0
160163,2,1,1995,0,0,0,0,0,0,0,0,0,0
160164,1,1,1995,0,0,0,0,0,0,0,0,0,0
160165,1,1,1995,0,0,0,0,0,0,0,0,0,0
160166,1,1,1995,28,28,28,28,28,28,28,28,28,28
160167,1,1,1995,8,8,8,8,8,8,8,8,8,8
160168,1,2,1995,17,13,15,21,16,10,17,19,8,15
160169,1,1,1995,0,0,0,0,0,0,0,0,0,0
160170,1,1,1995,0,0,0,0,0,0,0,0,0,0
160170,2,1,1995,0,0,0,0,0,0,0,0,0,0
160171,1,1,1995,9,7,19,9,11,30,12,0,10,14
160171,2,1,1995,7,19,17,0,13,8,0,22,9,21
160172,1,1,1995,0,0,0,0,0,0,0,0,0,0
160172,2,1,1995,0,0,0,0,0,20,0,0,0,0
160173,1,1,1995,0,0,0,0,0,0,0,0,0,0
160174,1,1,1995,33,33,33,33,33,33,33,33,33,33
160175,1,1,1995,0,0,0,0,0,0,0,0,0,0
160175,2,1,1995,0,0,0,0,0,0,0,0,0,0
160177,1,1,1995,0,0,0,0,0,0,0,0,0,0
160178,0,1,1995,0,0,0,0,0,0,0,0,0,0
160178,1,1,1995,0,0,0,0,0,0,0,0,0,0
160179,1,1,1995,0,0,0,0,0,0,0,0,0,0
160180,1,1,1995,0,0,0,0,0,0,0,0,0,0
160181,1,1,1995,23,23,23,23,23,23,23,23,23,23
160182,1,1,1995,6,22,2,21,26,11,29,19,17,21
160182,2,1,1995,0,0,0,0,0,30,0,0,0,0
160183,1,1,1995,0,0,0,0,0,0,0,0,0,0
160183,2,1,1995,0,0,0,0,0,0,0,0,0,0
160184,1,1,1995,20,20,20,20,20,20,20,20,20,20
160185,1,1,1995,0,0,0,0,0,0,0,0,0,0
160185,2,1,1995,0,0,0,8,0,0,0,0,0,0
160186,1,1,1995,0,0,0,0,0,0,0,0,0,0
160187,1,1,1995,20,20,20,20,20,20,20,20,20,20
160188,1,1,1995,0,0,0,0,0,0,0,0,0,0
160188,2,1,1995,0,0,0,0,0,0,0,0,0,0
160189,1,1,1995,21,21,21,21,21,21,21,21,21,21
160190,1,1,1995,21,21,21,21,21,21,21,21,21,21
160191,1,1,1995,18,18,18,18,18,18,18,18,18,18
160191,2,1,1995,0,0,0,0,0,0,0,0,0,0
160192,0,1,1995,0,0,0,0,0,0,0,0,0,0
160192,1,1,1995,0,0,0,0,0,0,0,0,0,0
160193,1,1,1995,0,0,0,0,0,0,0,0,0,0
160193,2,1,1995,12,21,0,22,7,29,0,10,10,13
160194,1,1,1995,0,0,0,0,0,0,0,0,0,0
160194,2,1,1995,0,0,0,0,25,0,0,0,0,0
160195,1,1,1995,0,0,0,0,0,0,0,9,0,0
160196,1,1,1995,0,0,0,0,0,0,0,0,0,0
160196,2,1,1995,0,0,0,0,0,0,0,0,0,0
160197,1,1,1995,21,21,21,21,21,21,21,21,21,21
160197,2,1,1995,0,0,0,0,0,0,0,0,0,0
160198,1,1,1995,0,0,0,0,0,0,0,0,4,0
160199,1,1,1995,0,0,0,0,0,0,0,0,0,0
160200,1,1,1995,0,0,0,0,26,0,0,0,0,0
160201,0,1,1995,18,18,18,18,18,18,18,18,18,18
160201,1,1,1995,0,0,3,21,0,0,0,0,16,0
160202,1,1,1995,23,23,23,23,23,23,23,23,23,23
160203,1,1,1995,27,27,27,27,27,27,27,27,27,27
160204,1,1,1995,21,21,21,21,21,21,21,21,21,21
160205,1,1,1995,0,0,0,0,0,0,0,0,0,0
160205,2,1,1995,13,0,0,0,0,0,0,0,0,0
160205,3,1,1995,0,0,0,0,0,0,0,0,0,0
160205,4,1,1995,0,0,0,0,0,0,0,0,0,0
160205,5,1,1995,0,0,0,0,0,0,0,0,0,0
160206,1,1,1995,0,0,0,0,0,0,0,0,0,0
160206,2,1,1995,0,0,0,0,0,0,0,0,0,0
160207,1,1,1995,0,0,0,0,0,0,0,0,0,0
160207,2,1,1995,0,0,0,0,0,0,0,0,0,0
160208,1,1,1995,0,0,0,0,0,0,0,0,0,0
160208,2,1,1995,0,0,0,0,0,0,0,0,0,0
160209,1,1,1995,14,12,35,15,0,18,18,8,14,10
160210,1,1,1995,8,8,8,8,8,8,8,8,8,8
160211,1,1,1995,0,0,0,0,0,0,0,0,0,0
160212,1,1,1995,0,0,0,0,0,0,0,0,0,0
160212,2,1,1995,0,0,0,0,0,0,0,0,0,0
160213,1,1,1995,0,0,0,0,0,0,0,0,0,0
160214,1,3,1995,21,28,0,19,24,0,0,0,23,12
160215,1,1,1995,14,14,14,14,14,14,14,14,14,14
160216,1,1,1995,0,0,0,0,0,0,0,0,0,0
160217,0,1,1995,0,0,0,0,0,0,0,0,0,0
160217,1,1,1995,0,0,0,0,0,0,0,0,0,0
160218,0,1,1995,0,0,14,0,19,0,0,0,0,0
160219,0,1,1995,0,0,0,13,0,0,0,0,0,0
160219,1,1,1995,0,0,0,0,0,0,0,0,0,0
160220,1,1,1995,0,0,0,0,0,0,0,0,0,0
160220,2,1,1995,0,0,0,0,0,0,0,0,0,0
160221,1,1,1995,0,0,0,0,0,0,0,0,0,0
160221,2,1,1995,0,0,0,0,0,0,0,0,0,0
160222,1,1,1995,5,5,5,5,5,5,5,5,5,5
160222,2,1,1995,0,0,0,0,0,0,0,0,14,0
160223,1,1,1995,28,28,28,28,28,28,28,28,28,28
160223,2,1,1995,0,0,0,0,0,0,0,0,0,0
160224,1,1,1995,0,0,0,0,0,0,0,0,0,0
160224,2,1,1995,0,0,0,0,0,0,0,0,0,0
160225,1,1,1995,0,0,0,0,0,0,0,0,0,0
160226,1,1,1995,0,0,0,0,0,0,0,0,0,0
160227,1,1,1995,0,0,0,0,0,0,0,0,0,0
160227,2,1,1995,0,0,0,0,0,0,0,0,0,0
160228,1,1,1995,0,0,0,0,0,0,0,0,0,0
160229,1,1,1995,0,0,0,0,0,0,0,0,0,0
160230,1,1,1995,0,0,0,0,0,0,0,0,0,0
160230,2,1,1995,0,0,0,0,0,0,0,0,0,0
160231,1,1,1995,0,0,0,0,0,0,0,0,0,0
160232,1,1,1995,44,44,44,44,44,44,44,44,44,44
160233,1,1,1995,10,10,10,10,10,10,10,10,10,10
160234,1,1,1995,0,0,0,0,0,0,0,0,0,0
160234,2,1,1995,0,0,0,0,0,0,0,0,0,0
160235,1,1,1995,0,0,0,0,0,0,0,0,0,0
160235,2,1,1995,0,0,0,0,0,0,0,0,0,0
160236,0,1,1995,0,0,0,0,0,0,0,0,0,0
160236,1,1,1995,0,0,0,0,0,0,0,0,0,0
160237,1,1,1995,0,0,0,0,0,0,0,0,0,0
160237,2,1,1995,0,8,0,15,0,0,0,0,0,0
160237,3,1,1995,0,0,0,0,0,0,0,0,12,0
160238,1,1,1995,23,11,16,23,0,15,22,22,15,0
160239,1,1,1995,0,0,0,0,0,0,0,0,0,0
160239,2,1,1995,0,0,0,0,0,0,0,0,0,0
170001,1,1,1995,20,20,20,20,20,20,20,20,20,20
170001,2,1,1995,0,0,0,0,0,12,0,5,0,0
170001,3,1,1995,0,0,0,0,0,0,0,0,0,0
170002,1,1,1995,14,0,0,0,0,0,0,0,2,0
170003,1,1,1995,3,3,3,3,3,3,3,3,3,3
170004,1,1,1995,15,15,15,15,15,15,15,15,15,15
170005,1,1,1995,0,0,0,49,0,19,0,0,0,0
170006,0,1,1995,0,0,0,0,0,0,0,0,0,0
170006,1,1,1995,0,0,0,0,0,0,0,0,0,0
170007,1,1,1995,0,0,0,0,0,0,0,0,0,0
170007,2,1,1995,0,0,0,0,0,0,0,0,0,0
170008,1,1,1995,0,0,0,0,0,0,0,0,0,0
170008,2,1,1995,0,0,0,0,0,0,0,0,0,0
170009,0,1,1995,0,0,0,0,0,0,0,0,0,0
170009,1,1,1995,0,0,0,0,0,0,0,0,0,0
170009,2,1,1995,0,0,0,0,0,0,0,0,0,0
170010,1,1,1995,0,0,0,0,0,0,0,0,0,0
170011,1,1,1995,0,0,0,0,20,0,5,0,9,25
170011,2,1,1995,23,23,23,23,23,23,23,23,23,23
170012,1,1,1995,0,0,0,0,0,0,0,0,0,0
170013,0,1,1995,0,0,0,0,0,0,0,0,0,0
170013,0,2,1995,0,0,0,0,0,0,0,0,0,0
170013,0,3,1995,0,0,0,0,0,0,0,0,0,0
170013,0,4,1995,0,0,0,0,0,0,0,0,0,0
170013,0,5,1995,29,0,0,0,0,0,0,0,0,0
170013,1,1,1995,0,0,0,0,0,0,0,0,0,0
170014,1,1,1995,0,0,0,0,0,0,0,0,0,0
170015,1,1,1995,0,0,0,0,0,0,0,0,0,0
170015,2,1,1995,0,0,0,0,0,0,0,0,0,0
170016,1,1,1995,0,0,0,0,0,0,0,0,0,0
170016,2,1,1995,0,0,0,0,0,0,0,0,0,0
170016,3,1,1995,0,0,0,0,0,0,16,0,0,11
170017,1,1,1995,0,15,7,0,35,15,18,0,31,0
170017,2,1,1995,0,0,0,0,0,0,0,0,0,0
170017,3,1,1995,0,0,0,0,0,0,0,0,0,0
170018,0,1,1995,13,13,13,13,13,13,13,13,13,13
170018,1,1,1995,0,0,0,0,0,0,0,0,0,0
170019,1,1,1995,0,0,0,0,0,0,0,0,0,0
170019,2,1,1995,0,0,0,0,0,0,0,0,0,0
170020,0,1,1995,0,0,0,0,0,0,0,0,0,0
170020,1,1,1995,0,0,0,0,0,0,0,0,0,0
170021,1,1,1995,0,0,0,0,0,0,0,0,0,0
170021,2,1,1995,0,0,0,0,0,0,0,0,0,0