ST_CASE,VEH_NO,PER_NO,YEAR,P1,P2,P3,P4,P5,P6,P7,P8,P9,P10
170022,1,1,1995,35,35,35,35,35,35,35,35,35,35
170022,2,1,1995,0,0,0,0,0,0,0,0,0,0
170023,1,1,1995,0,0,0,0,0,0,0,0,0,0
170023,2,1,1995,0,0,0,0,0,0,0,0,0,0
170024,1,1,1995,0,0,0,0,0,0,0,0,0,0
170024,2,1,1995,0,0,0,0,0,0,0,0,0,0
170024,3,1,1995,0,0,0,0,0,0,0,0,0,0
170025,1,1,1995,0,0,0,0,0,0,0,0,0,0
170025,2,1,1995,0,0,0,0,0,0,0,0,0,0
170026,1,1,1995,0,0,0,0,0,0,0,0,0,0
170026,2,1,1995,0,0,0,0,0,0,0,0,0,0
170027,1,1,1995,0,0,0,0,0,0,0,0,0,0
170027,2,1,1995,0,0,0,0,0,0,0,0,0,0
170028,1,1,1995,0,0,0,0,0,0,0,0,0,0
170028,2,1,1995,0,0,0,6,0,0,0,0,0,0
170029,1,1,1995,0,0,0,0,0,0,0,0,0,0
170029,2,1,1995,0,0,0,0,0,0,0,0,0,0
170030,1,1,1995,0,0,0,0,0,0,0,0,0,0
170031,1,1,1995,0,0,0,0,0,0,0,0,0,0
170031,2,1,1995,0,0,0,0,0,0,0,0,0,0
170032,1,1,1995,0,0,0,0,0,0,0,0,0,0
170032,2,1,1995,0,0,0,0,0,0,0,0,0,0
170032,3,1,1995,0,0,0,0,0,0,0,0,0,0
170033,1,1,1995,0,0,0,0,0,0,0,0,0,0
170033,2,1,1995,0,0,0,0,0,0,0,0,0,0
170034,0,1,1995,25,25,25,25,25,25,25,25,25,25
170034,1,1,1995,7,12,11,17,15,28,6,14,13,15
170035,0,1,1995,25,25,25,25,25,25,25,25,25,25
170035,1,1,1995,0,0,0,0,7,0,9,0,0,0
170036,1,1,1995,0,0,0,0,0,0,0,0,0,0
170036,2,1,1995,0,0,0,0,0,0,0,0,0,0
170036,3,1,1995,0,0,0,0,0,0,0,0,0,13
170037,1,1,1995,18,18,18,18,18,18,18,18,18,18
170037,2,1,1995,0,0,0,0,0,0,0,0,0,0
170038,1,1,1995,0,0,0,0,0,0,0,0,0,0
170038,2,1,1995,0,7,11,9,0,21,0,0,0,0
170039,1,1,1995,18,18,18,18,18,18,18,18,18,18
170041,1,1,1995,0,0,0,0,0,0,0,13,0,0
170041,2,1,1995,0,0,0,0,0,0,0,0,0,0
170041,3,1,1995,0,0,0,0,0,0,0,0,0,0
170042,0,1,1995,14,14,14,14,14,14,14,14,14,14
170042,1,1,1995,0,0,13,0,0,0,0,0,0,22
170043,0,1,1995,0,0,0,0,0,0,0,0,0,0
170043,1,1,1995,0,0,0,0,0,0,0,0,0,0
170044,1,1,1995,0,0,0,0,0,0,0,0,0,0
170046,1,1,1995,0,0,0,0,0,0,0,0,0,0
170047,1,1,1995,0,0,0,0,0,0,0,0,0,0
170049,1,1,1995,0,0,0,0,0,0,0,0,0,0
170050,0,1,1995,0,0,0,0,0,0,0,0,0,0
170050,1,1,1995,0,0,0,0,0,0,0,0,0,0
170050,2,1,1995,0,0,0,0,0,0,0,0,0,0
170051,1,1,1995,0,0,0,0,0,0,0,0,0,0
170051,2,1,1995,0,0,0,0,0,0,0,0,0,0
170052,1,1,1995,10,10,10,10,10,10,10,10,10,10
170052,2,1,1995,0,0,0,0,0,0,0,0,0,0
170053,1,1,1995,0,0,0,0,0,0,0,22,0,0
170054,0,1,1995,0,0,0,0,0,0,0,0,0,0
170054,1,1,1995,0,0,0,0,0,0,0,0,0,0
170055,1,1,1995,0,0,0,0,0,0,0,0,0,0
170055,2,1,1995,0,0,0,0,0,0,0,0,0,0
170056,1,1,1995,0,0,0,0,0,0,0,0,0,0
170056,2,1,1995,0,0,0,0,0,0,0,0,0,0
170057,1,1,1995,0,0,0,0,0,0,0,0,0,0
170057,2,1,1995,0,0,0,0,0,0,0,0,0,0
170058,1,1,1995,24,24,24,24,24,24,24,24,24,24
170058,2,1,1995,0,0,0,0,0,0,0,0,0,0
170059,1,1,1995,0,0,0,0,0,0,0,0,0,0
170059,2,1,1995,0,0,0,0,0,0,0,0,0,0
170060,1,1,1995,0,0,0,0,0,0,0,0,0,0
170061,1,1,1995,9,21,10,0,20,17,22,18,34,13
170062,1,1,1995,0,0,0,0,0,0,0,0,0,0
170062,2,1,1995,0,0,0,0,0,0,0,0,0,0
170063,1,1,1995,0,0,0,0,0,0,0,0,0,0
170063,2,1,1995,0,0,0,0,0,0,0,14,0,8
170064,1,1,1995,8,8,8,8,8,8,8,8,8,8
170064,2,1,1995,0,0,0,0,0,0,0,0,0,0
170065,1,1,1995,0,0,0,0,0,0,0,0,0,0
170066,1,1,1995,0,0,0,0,0,0,0,0,0,0
170066,2,1,1995,0,0,0,0,0,0,0,0,0,0
170067,1,1,1995,12,12,12,12,12,12,12,12,12,12
170067,2,1,1995,0,0,0,8,2,0,0,0,7,0
170068,1,1,1995,0,0,0,0,0,0,0,0,0,0
170069,1,1,1995,21,21,21,21,21,21,21,21,21,21
170069,2,1,1995,0,0,0,0,0,0,0,0,0,0
170070,1,1,1995,0,0,0,0,0,0,0,0,0,0
170071,1,1,1995,28,0,11,31,16,14,0,41,16,17
170071,2,1,1995,0,0,0,0,0,0,0,0,0,0
170072,1,1,1995,0,0,0,0,0,0,0,0,0,0
170072,2,1,1995,0,0,0,0,0,0,0,0,0,0
170073,1,1,1995,0,0,0,0,0,0,0,0,0,0
170075,1,1,1995,0,0,0,0,0,0,0,0,0,0
170076,0,1,1995,0,0,0,0,0,0,0,0,0,0
170076,0,2,1995,0,0,0,0,0,0,0,0,0,0
170076,0,3,1995,0,40,0,0,26,0,0,0,0,0
170076,1,1,1995,12,26,0,0,0,0,0,0,14,17
170077,1,1,1995,0,0,0,0,0,0,0,0,0,0
170077,2,1,1995,0,0,0,0,0,0,0,0,0,0
170078,0,1,1995,0,0,0,0,0,0,0,0,0,0
170078,0,2,1995,7,0,0,0,0,0,0,0,0,16
170078,1,1,1995,0,0,0,0,0,0,0,0,0,0
170079,1,1,1995,0,0,0,0,0,0,0,0,0,0
170080,1,1,1995,17,17,17,17,17,17,17,17,17,17
170081,1,1,1995,7,7,7,7,7,7,7,7,7,7
170082,0,1,1995,25,25,25,25,25,25,25,25,25,25
170082,1,1,1995,8,0,0,34,0,0,14,0,0,17
170083,1,1,1995,0,0,0,0,0,0,0,0,0,0
170083,2,1,1995,0,0,0,0,0,0,0,0,0,0
170084,1,1,1995,0,0,0,0,0,0,0,0,0,0
170085,1,1,1995,0,0,0,0,0,0,0,0,0,0
170086,1,1,1995,0,0,0,0,0,0,0,0,0,0
170086,2,1,1995,6,6,6,6,6,6,6,6,6,6
170087,1,1,1995,0,0,0,0,0,0,0,0,0,0
170088,0,1,1995,0,0,0,0,0,0,0,0,0,0
170088,1,1,1995,13,13,13,13,13,13,13,13,13,13
170089,1,1,1995,19,19,19,19,19,19,19,19,19,19
170089,2,1,1995,3,4,21,12,12,13,10,12,25,19
170090,1,1,1995,32,32,32,32,32,32,32,32,32,32
170091,1,1,1995,0,0,0,0,0,0,0,0,0,0
170091,2,1,1995,0,0,0,0,0,0,0,0,0,0
170092,1,1,1995,13,13,13,13,13,13,13,13,13,13
170092,2,1,1995,0,0,0,0,0,0,0,0,0,0
170093,1,1,1995,0,0,0,0,0,0,0,0,0,0
170093,2,1,1995,0,0,0,0,0,0,0,0,0,0
170094,1,1,1995,0,0,0,0,0,0,0,0,0,0
170095,1,1,1995,19,19,19,19,19,19,19,19,19,19
170095,2,1,1995,2,2,2,2,2,2,2,2,2,2
170096,1,1,1995,0,0,0,0,0,0,0,0,0,0
170096,2,1,1995,0,0,0,0,0,0,0,0,0,0
170097,1,1,1995,0,0,0,0,0,0,0,0,0,0
170097,2,1,1995,0,0,0,0,15,0,0,0,0,0
170098,1,1,1995,0,0,0,0,0,0,0,0,0,0
170098,2,1,1995,0,0,0,0,0,0,0,0,0,0
170100,1,1,1995,0,0,0,0,0,12,0,0,26,0
170100,2,1,1995,0,0,0,0,0,0,0,0,0,0
170101,1,1,1995,0,0,0,0,0,0,0,0,0,0
170102,1,1,1995,12,12,12,12,12,12,12,12,12,12
170102,2,1,1995,0,0,0,0,0,0,8,0,0,0
170103,1,1,1995,0,0,0,0,0,0,0,0,0,0
170104,1,1,1995,23,23,23,23,23,23,23,23,23,23
170105,1,1,1995,0,0,0,0,0,0,0,0,0,0
170106,1,1,1995,0,0,0,0,0,0,0,0,0,0
170106,2,1,1995,0,0,0,0,0,0,0,0,0,0
170107,1,1,1995,0,0,0,0,0,0,0,0,0,0
170107,2,1,1995,0,0,0,0,0,0,0,0,0,0
170108,1,1,1995,8,20,5,16,11,11,13,0,17,21
170108,2,1,1995,0,0,0,0,0,0,0,0,0,0
170109,1,1,1995,0,0,0,0,0,0,0,0,0,0
170109,2,1,1995,0,0,0,0,0,0,0,0,0,0
170109,3,1,1995,0,0,0,0,16,0,0,0,0,0
170109,4,1,1995,0,0,0,0,0,0,0,0,0,0
170109,5,1,1995,0,0,0,0,0,0,0,0,0,0
170110,0,1,1995,8,8,8,8,8,8,8,8,8,8
170110,1,1,1995,0,0,0,0,0,0,0,0,0,0
170111,1,1,1995,13,13,13,13,13,13,13,13,13,13
170112,0,1,1995,14,14,14,14,14,14,14,14,14,14
170112,1,1,1995,0,0,0,0,0,0,0,0,0,0
170113,1,1,1995,8,0,0,0,0,0,0,0,0,0
170113,2,1,1995,0,0,0,0,0,0,0,0,0,0
170114,0,1,1995,36,36,36,36,36,36,36,36,36,36
170114,1,1,1995,0,0,13,0,0,0,0,0,0,0
170115,1,1,1995,0,0,0,0,0,0,0,0,0,0
170115,2,1,1995,0,0,0,0,0,0,0,0,0,0
170116,1,1,1995,7,7,7,7,7,7,7,7,7,7
170116,2,1,1995,24,24,24,24,24,24,24,24,24,24
170117,1,1,1995,0,0,0,0,0,0,0,0,0,0
170118,1,1,1995,0,0,0,0,0,0,0,0,0,0
170118,2,1,1995,0,0,0,0,0,0,0,0,0,0
170119,0,1,1995,0,0,0,0,0,0,0,0,0,0
170119,1,1,1995,0,13,0,0,0,0,0,0,0,0
170120,1,1,1995,0,0,0,0,0,0,0,0,0,0
170120,2,1,1995,0,0,0,0,0,0,0,0,0,0
170121,0,1,1995,0,0,0,0,0,0,0,0,0,0
170121,1,1,1995,0,0,0,0,0,0,0,0,0,0
170122,1,1,1995,0,0,0,0,0,0,0,0,0,0
170122,2,1,1995,0,0,0,0,0,0,0,0,0,0
170123,1,1,1995,5,0,11,23,8,0,0,0,0,0
170123,2,1,1995,0,0,0,0,0,0,0,0,0,13
170124,1,1,1995,0,0,0,0,0,0,0,0,0,0
170125,0,1,1995,0,0,0,0,0,0,0,0,0,0
170125,1,1,1995,0,0,0,0,0,0,0,0,0,0
170126,0,1,1995,0,0,0,0,0,0,0,0,0,0
170126,1,1,1995,3,19,18,20,23,8,11,16,14,13
170127,1,1,1995,0,0,0,0,0,0,0,0,0,0
170127,2,1,1995,0,0,0,0,0,0,0,0,0,0
170128,0,1,1995,0,0,0,0,0,0,0,0,0,0
170128,1,1,1995,0,0,0,0,0,0,0,0,0,0
170129,1,1,1995,0,0,0,0,0,0,0,0,0,0
170130,1,1,1995,19,19,19,19,19,19,19,19,19,19
170131,1,1,1995,0,0,0,0,0,0,0,0,0,0
170131,2,1,1995,0,0,0,0,0,0,0,0,0,0
170131,3,1,1995,0,0,0,0,0,0,0,0,0,0
170132,1,1,1995,0,13,0,45,0,0,0,0,0,26
170132,2,1,1995,0,0,0,0,0,0,0,0,0,0
170133,1,1,1995,0,0,0,0,0,0,0,0,0,0
170134,1,1,1995,0,0,0,0,0,0,0,0,0,0
170134,2,1,1995,0,0,0,0,0,0,0,0,0,0
170135,0,1,1995,0,0,0,0,0,0,0,0,0,0
170135,0,2,1995,0,0,0,0,0,0,0,0,0,0
170135,1,1,1995,0,0,0,0,0,0,0,0,0,0
170135,2,1,1995,0,0,0,0,0,0,0,0,0,0
170136,1,1,1995,0,0,0,0,0,0,0,0,0,0
170137,1,1,1995,0,0,0,0,0,0,0,0,0,0
170137,2,1,1995,0,0,0,0,0,0,0,0,0,0
170138,1,1,1995,0,0,0,0,0,0,0,0,0,0
170139,1,1,1995,0,0,0,0,0,0,0,0,0,0
170139,2,1,1995,0,0,0,0,0,0,0,0,0,0
170139,3,1,1995,0,0,0,0,0,0,0,0,0,0
170140,1,1,1995,17,17,17,17,17,17,17,17,17,17
170140,2,1,1995,0,0,0,0,0,0,0,0,0,0
170141,0,1,1995,0,0,0,0,0,0,0,0,0,0
170141,1,1,1995,4,0,4,31,0,0,0,0,0,0
170142,0,1,1995,0,0,0,0,0,0,0,0,0,0
170142,1,1,1995,0,0,0,0,0,0,0,0,0,0
170143,1,1,1995,0,0,1,0,0,0,0,0,0,0
170144,1,1,1995,0,0,0,0,0,0,0,0,0,0
170145,1,1,1995,13,13,13,13,13,13,13,13,13,13
170145,2,1,1995,0,8,18,0,0,6,0,0,0,0
170146,1,1,1995,13,13,13,13,13,13,13,13,13,13
170147,1,1,1995,20,20,20,20,20,20,20,20,20,20
170148,1,1,1995,12,12,12,12,12,12,12,12,12,12
170149,1,1,1995,9,21,0,0,6,0,17,0,0,16
170150,0,1,1995,0,0,0,0,0,0,0,0,0,0
170150,1,1,1995,0,0,0,0,0,0,0,0,0,0
170151,1,1,1995,10,10,10,10,10,10,10,10,10,10
170152,1,1,1995,0,0,0,0,0,0,0,0,0,0
170153,1,1,1995,0,0,0,0,0,0,0,0,0,0
170154,1,1,1995,20,20,20,20,20,20,20,20,20,20
170155,1,1,1995,18,19,19,11,14,16,25,13,27,20
170156,1,1,1995,23,23,23,23,23,23,23,23,23,23
170156,2,1,1995,0,0,0,0,0,0,0,0,0,0
170156,3,1,1995,0,0,0,0,12,0,0,0,0,0
170157,1,1,1995,0,0,0,0,0,0,0,0,0,0
170157,2,1,1995,0,0,0,0,0,0,16,0,0,0
170157,3,1,1995,0,0,0,0,0,0,0,0,0,0
170158,1,1,1995,0,0,0,0,0,0,0,0,0,0
170158,2,1,1995,0,0,0,0,0,0,0,0,0,0
170159,1,1,1995,0,0,0,0,0,0,0,0,0,0
170159,2,1,1995,0,0,0,0,0,0,0,0,0,0
170160,1,1,1995,16,16,16,16,16,16,16,16,16,16
170161,1,1,1995,0,0,0,0,0,0,0,0,0,0
170161,2,1,1995,0,0,0,0,0,0,0,0,0,0
170163,0,1,1995,0,0,0,0,0,0,0,0,0,0
170163,1,1,1995,0,0,0,0,0,0,0,0,0,0
170164,1,1,1995,0,0,0,0,0,0,0,0,0,0
170165,1,1,1995,0,0,0,0,0,0,0,0,0,0
170165,2,1,1995,0,0,0,0,0,0,0,0,0,0
170166,1,1,1995,14,14,14,14,14,14,14,14,14,14
170167,1,1,1995,0,0,0,0,0,0,0,0,0,0
170167,2,1,1995,0,0,0,0,0,0,0,0,0,0
170168,1,1,1995,0,0,0,0,0,0,0,0,0,0
170168,2,1,1995,0,0,0,0,0,0,0,0,0,0
170168,3,1,1995,0,0,0,0,0,0,0,0,0,0
170168,4,1,1995,0,0,0,0,0,0,0,0,0,0
170169,0,1,1995,0,0,0,0,0,0,36,0,0,0
170169,1,1,1995,0,0,0,0,0,0,0,0,0,0
170170,1,1,1995,0,0,0,0,0,0,0,0,0,0
170170,2,1,1995,0,0,0,0,0,0,0,0,0,0
170171,1,1,1995,0,0,0,0,0,0,0,0,0,0
170172,1,1,1995,9,9,9,9,9,9,9,9,9,9
170172,2,1,1995,0,12,0,0,0,0,0,0,0,0
170172,3,1,1995,0,0,0,0,0,0,0,0,0,0
170173,0,1,1995,0,0,0,0,0,0,0,0,0,0
170173,1,1,1995,0,0,0,0,0,10,0,0,0,0
170173,2,1,1995,0,0,0,0,0,0,0,0,0,0
170174,1,1,1995,0,0,0,0,0,0,0,0,0,0
170174,2,1,1995,0,0,0,0,0,0,0,0,0,0
170174,3,1,1995,0,0,0,0,0,0,0,0,0,0
170175,1,1,1995,0,0,0,15,0,0,0,0,23,0
170175,2,1,1995,0,0,0,0,0,0,0,0,0,0
170177,1,1,1995,0,0,0,0,0,0,0,0,0,0
170178,1,1,1995,0,0,0,0,0,0,0,0,0,0
170178,2,1,1995,0,0,0,0,0,0,0,0,0,0
170179,0,1,1995,0,0,0,0,0,0,0,0,0,0
170179,1,1,1995,0,0,0,0,0,0,0,0,0,0
170180,1,1,1995,24,24,24,24,24,24,24,24,24,24
170181,1,1,1995,0,0,0,0,0,0,0,0,0,0
170182,0,1,1995,16,16,16,16,16,16,16,16,16,16
170182,0,2,1995,26,25,10,22,15,21,28,5,18,20
170182,1,1,1995,11,11,11,11,11,11,11,11,11,11
170183,1,1,1995,0,0,0,0,0,0,0,0,0,0
170183,2,1,1995,0,0,0,0,0,0,0,0,0,0
170184,1,1,1995,12,12,12,12,12,12,12,12,12,12
170184,2,1,1995,0,0,0,0,0,0,0,0,0,0
170185,1,1,1995,0,0,0,0,0,0,0,0,0,0
170185,2,1,1995,0,0,0,0,0,0,0,0,0,0
170186,1,1,1995,0,0,0,0,0,0,0,0,0,0
170187,1,1,1995,3,3,3,3,3,3,3,3,3,3
170188,1,1,1995,7,0,0,0,0,0,0,0,0,0
170188,2,1,1995,0,0,0,0,0,0,0,0,0,0
170189,1,1,1995,0,25,0,0,0,0,0,0,0,0
170189,2,1,1995,0,0,0,0,0,0,0,0,0,0
170190,1,1,1995,23,26,23,20,5,0,19,25,23,0
170191,1,1,1995,15,15,15,15,15,15,15,15,15,15
170192,1,1,1995,27,27,27,27,27,27,27,27,27,27
170193,1,1,1995,18,5,11,10,3,6,6,15,10,9
170193,2,1,1995,0,0,0,0,0,0,0,0,0,0
170194,1,1,1995,0,0,0,0,0,0,0,0,0,0
170194,2,1,1995,0,0,0,0,0,0,0,0,0,0
170195,1,1,1995,0,0,0,0,0,0,0,0,0,0
170195,2,1,1995,0,0,0,0,0,0,0,0,0,0
170196,1,1,1995,0,0,0,0,0,0,0,0,0,0
170197,1,1,1995,22,22,22,22,22,22,22,22,22,22
170198,1,1,1995,18,18,18,18,18,18,18,18,18,18
170199,1,1,1995,17,17,17,17,17,17,17,17,17,17
170200,1,1,1995,0,0,0,0,0,0,0,0,0,0
170200,2,1,1995,0,0,0,0,0,0,0,18,0,0
170201,1,1,1995,0,0,0,0,0,0,0,0,0,0
170201,2,1,1995,0,0,0,0,0,0,0,0,0,0
170202,1,1,1995,0,0,0,0,0,0,0,0,0,0
170202,2,1,1995,0,0,0,0,0,0,0,0,0,0
170203,1,1,1995,0,0,0,0,0,5,0,0,0,0
170203,2,1,1995,0,0,0,0,0,0,18,0,0,0
170204,0,1,1995,27,27,27,27,27,27,27,27,27,27
170204,1,1,1995,0,0,0,0,0,0,0,0,0,0
170205,1,1,1995,0,0,0,0,0,0,0,0,0,0
170206,1,1,1995,0,0,0,0,0,0,0,0,0,0
170207,1,1,1995,0,0,0,0,0,0,0,0,0,0
170207,2,1,1995,0,0,0,7,0,0,7,0,0,0
170208,1,1,1995,0,0,0,0,0,0,0,0,24,0
170208,2,1,1995,0,0,0,0,0,0,0,0,0,0
170209,1,1,1995,0,0,0,0,0,0,0,0,0,0
170209,2,1,1995,42,0,0,0,0,0,0,0,0,0
170210,1,1,1995,16,16,16,16,16,16,16,16,16,16
170210,2,1,1995,0,0,13,0,0,0,0,0,0,0
170211,0,1,1995,0,0,0,0,0,0,0,0,0,0
170211,1,1,1995,0,0,0,0,0,0,0,0,0,0
170212,1,1,1995,31,31,31,31,31,31,31,31,31,31
170213,1,1,1995,0,0,0,0,0,0,0,0,0,0
170213,2,1,1995,20,20,20,20,20,20,20,20,20,20
170214,1,1,1995,8,8,8,8,8,8,8,8,8,8
170215,1,1,1995,20,20,20,20,20,20,20,20,20,20
170216,1,1,1995,0,0,0,0,0,0,0,0,0,0
170216,2,1,1995,0,0,0,0,0,0,0,0,0,0
170217,0,1,1995,0,0,0,0,0,0,0,0,0,0
170217,0,2,1995,0,0,0,0,0,0,0,0,0,0
170217,0,3,1995,0,0,0,0,0,0,0,0,0,0
170217,0,4,1995,0,0,0,0,0,0,0,0,0,0
170217,0,5,1995,0,0,0,0,0,19,0,15,0,0
170217,0,6,1995,0,15,0,0,0,0,0,0,0,0
170217,0,7,1995,0,0,0,0,0,0,8,19,0,0
170217,1,1,1995,0,0,0,0,0,0,0,0,0,0
170217,2,1,1995,0,0,0,0,0,0,0,0,0,0
170218,1,1,1995,4,4,4,4,4,4,4,4,4,4
170219,1,1,1995,16,16,16,16,16,16,16,16,16,16
170220,1,1,1995,11,11,11,11,11,11,11,11,11,11
170221,1,1,1995,15,15,15,15,15,15,15,15,15,15
170222,1,1,1995,0,0,0,0,0,0,0,0,0,0
170222,2,1,1995,0,0,0,0,0,0,0,0,0,0
170223,1,1,1995,8,8,8,8,8,8,8,8,8,8
170224,1,1,1995,14,14,14,14,14,14,14,14,14,14
170225,0,1,1995,21,21,21,21,21,21,21,21,21,21
170225,1,1,1995,0,0,0,0,0,0,0,0,0,0
170226,1,1,1995,25,25,25,25,25,25,25,25,25,25
170227,1,1,1995,10,10,10,10,10,10,10,10,10,10
170227,2,1,1995,0,0,0,0,0,0,0,0,0,0
170227,3,1,1995,0,0,0,0,0,0,0,0,0,7
170228,1,1,1995,10,10,10,10,10,10,10,10,10,10
170229,1,1,1995,0,0,0,0,0,0,0,0,0,0
170229,2,1,1995,0,0,0,0,0,0,0,0,0,0
170230,1,1,1995,0,0,0,0,0,0,0,0,0,0
170231,1,1,1995,38,38,38,38,38,38,38,38,38,38
170232,1,1,1995,23,23,23,23,23,23,23,23,23,23
170233,1,1,1995,12,12,12,12,12,12,12,12,12,12
170234,0,1,1995,0,0,0,0,0,0,0,0,0,0
170234,1,1,1995,0,0,0,0,0,0,0,0,0,8
170235,1,1,1995,0,0,0,0,0,0,29,0,0,0
170236,1,1,1995,0,0,0,0,0,0,0,0,0,0
170236,2,1,1995,0,0,0,0,0,0,0,0,0,0
170237,0,1,1995,24,24,24,24,24,24,24,24,24,24
170237,1,1,1995,19,36,14,6,20,11,19,17,12,23
170238,1,1,1995,18,18,18,18,18,18,18,18,18,18
170239,1,1,1995,0,0,0,0,3,0,0,0,0,0
170239,2,1,1995,0,0,0,0,0,0,0,0,0,0
170240,0,1,1995,0,0,0,0,0,0,0,0,0,0
170240,1,1,1995,0,0,0,0,0,0,0,0,0,0
170241,1,1,1995,0,0,0,0,0,0,0,0,0,0
170241,2,1,1995,0,0,0,0,0,0,0,0,0,0
170242,0,1,1995,0,0,0,0,0,0,0,0,0,0
170242,1,1,1995,0,0,0,0,0,0,0,0,0,0
170243,1,1,1995,0,0,0,0,0,0,0,0,0,0
170244,1,1,1995,3,14,0,8,6,0,12,7,4,21
170244,2,1,1995,0,0,0,0,0,0,0,0,0,0
170245,1,1,1995,0,19,0,0,14,0,23,8,11,13
170245,2,1,1995,20,20,20,20,20,20,20,20,20,20
170246,1,1,1995,0,0,0,0,0,0,0,0,0,0
170246,2,1,1995,0,0,0,0,0,0,0,0,0,0
170246,3,1,1995,0,0,0,0,0,0,0,0,0,0
170246,4,1,1995,0,0,0,0,0,0,0,0,0,0
170247,1,1,1995,0,0,0,0,0,0,0,0,0,0
170247,2,1,1995,0,0,0,0,0,0,0,0,0,0
170248,0,1,1995,0,0,0,0,0,0,0,0,0,0
170248,1,1,1995,0,0,17,9,15,0,0,0,9,0
170249,1,1,1995,4,9,0,0,0,0,0,0,0,0
170249,2,1,1995,0,0,0,0,0,0,0,0,0,0
170250,1,1,1995,11,16,23,6,21,18,16,15,8,11
170251,1,1,1995,0,0,0,0,0,0,0,0,0,0
170251,2,1,1995,0,0,0,0,0,0,0,0,0,0
170252,1,1,1995,20,26,16,39,19,22,6,14,23,25
170253,1,1,1995,28,28,28,28,28,28,28,28,28,28
170255,1,1,1995,16,7,17,16,17,13,7,23,0,27
170255,2,1,1995,0,0,0,0,0,0,0,0,0,0
170256,1,1,1995,0,0,0,0,0,0,0,0,0,0
170256,2,1,1995,0,0,0,0,0,0,0,0,0,0
170257,1,1,1995,11,7,6,31,10,14,15,14,21,16
170258,1,1,1995,0,0,0,0,0,0,0,0,0,0
170258,2,1,1995,0,0,0,0,0,0,0,0,0,0
170259,1,1,1995,3,14,0,5,0,11,0,0,0,0
170260,1,1,1995,15,15,15,15,15,15,15,15,15,15
170261,1,1,1995,11,11,11,11,11,11,11,11,11,11
170262,1,1,1995,29,29,29,29,29,29,29,29,29,29
170263,1,1,1995,27,27,27,27,27,27,27,27,27,27
170264,1,1,1995,0,0,0,0,0,0,0,0,0,0
170264,2,1,1995,0,0,0,0,0,0,0,0,0,0
170264,3,1,1995,13,0,0,0,0,0,0,0,0,0
170265,1,1,1995,15,15,15,15,15,15,15,15,15,15
170265,2,1,1995,0,0,0,0,0,0,0,0,0,0
170266,1,1,1995,0,0,0,0,0,0,0,0,0,0
170267,1,1,1995,0,0,0,0,0,0,0,0,0,0
170268,1,1,1995,0,0,0,0,0,0,0,0,0,0
170268,2,1,1995,0,0,0,0,0,0,0,0,0,0
170268,3,1,1995,25,0,0,0,0,0,24,0,0,0
170269,1,1,1995,12,12,12,12,12,12,12,12,12,12
170270,1,1,1995,19,19,19,19,19,19,19,19,19,19
170270,2,1,1995,0,0,0,0,0,0,0,0,10,0
170270,3,1,1995,0,0,0,9,0,0,0,0,0,0
170270,4,1,1995,0,0,0,0,0,0,0,0,0,0
170271,1,1,1995,0,0,0,16,0,0,13,7,9,0
170273,0,1,1995,26,26,26,26,26,26,26,26,26,26
170273,1,1,1995,0,0,0,0,0,0,0,0,0,0
170274,1,1,1995,0,0,0,0,0,0,0,0,0,0
170274,2,1,1995,0,0,0,0,0,0,0,0,0,0
170275,1,1,1995,18,15,13,0,20,28,0,12,0,17
170276,0,1,1995,0,0,0,0,0,0,0,0,0,0
170276,1,1,1995,10,0,0,0,0,17,0,0,0,0
170277,1,1,1995,0,0,0,0,0,0,0,0,0,0
170278,1,1,1995,42,42,42,42,42,42,42,42,42,42
170279,1,1,1995,0,0,0,0,0,0,0,0,0,0
170279,2,1,1995,0,0,0,0,0,0,0,0,0,0
170280,0,1,1995,0,0,0,0,0,0,0,0,0,0
170280,1,1,1995,0,0,0,0,0,0,0,0,0,0
170280,2,1,1995,0,0,0,0,0,0,0,0,0,0
170281,1,1,1995,0,0,0,0,0,0,0,0,0,0
170281,2,1,1995,0,0,0,0,0,0,0,0,0,0
170281,3,1,1995,0,0,0,0,0,0,0,0,0,0
170282,1,1,1995,11,11,11,11,11,11,11,11,11,11
170283,1,1,1995,0,0,0,0,0,0,0,0,0,0
170283,2,1,1995,0,0,0,0,0,0,0,0,0,0
170283,3,1,1995,0,0,0,0,0,0,0,0,0,0
170284,1,1,1995,0,0,0,0,0,0,0,0,0,0
170285,1,1,1995,23,6,15,12,20,15,16,15,6,22
170286,1,1,1995,19,19,19,19,19,19,19,19,19,19
170286,2,1,1995,0,0,0,0,0,0,0,0,0,0
170287,1,1,1995,24,24,24,24,24,24,24,24,24,24
170288,1,1,1995,33,30,0,0,34,7,0,0,0,0
170288,2,1,1995,0,0,6,0,0,0,0,0,0,0
170289,1,1,1995,0,0,0,0,0,0,0,0,0,0
170289,2,1,1995,0,0,0,0,0,0,0,0,0,0
170290,1,1,1995,0,0,0,0,0,0,0,0,0,0
170290,2,1,1995,0,0,0,0,0,0,0,0,0,0
170291,1,1,1995,0,0,0,0,0,0,0,0,0,0
170292,1,1,1995,12,12,12,12,12,12,12,12,12,12
170293,1,1,1995,9,9,9,9,9,9,9,9,9,9