ST_CASE,VEH_NO,PER_NO,YEAR,P1,P2,P3,P4,P5,P6,P7,P8,P9,P10
170563,1,1,1995,0,0,0,0,0,0,0,0,0,0
170563,2,1,1995,0,0,0,0,0,0,0,0,0,0
170564,0,1,1995,0,0,0,0,0,0,0,0,0,0
170564,1,1,1995,0,0,0,0,0,0,0,0,0,0
170565,1,1,1995,18,18,18,18,18,18,18,18,18,18
170565,2,1,1995,0,0,0,0,0,0,0,20,0,0
170566,1,1,1995,30,30,30,30,30,30,30,30,30,30
170567,1,1,1995,26,26,26,26,26,26,26,26,26,26
170567,2,1,1995,0,19,19,10,0,0,30,19,8,13
170568,1,1,1995,0,0,0,0,0,0,0,0,0,0
170568,2,1,1995,0,0,0,0,0,11,0,0,0,0
170569,0,1,1995,0,0,0,0,0,0,0,0,0,0
170569,1,1,1995,0,0,0,0,0,0,0,0,0,0
170570,1,1,1995,0,0,0,0,0,0,0,0,0,0
170570,2,1,1995,0,0,0,0,12,0,0,0,0,0
170571,1,1,1995,0,3,0,14,11,24,10,13,7,9
170571,2,1,1995,0,0,0,0,0,0,0,0,0,0
170572,1,1,1995,14,14,14,14,14,14,14,14,14,14
170573,1,1,1995,0,0,0,0,0,0,0,0,0,0
170573,2,1,1995,0,0,0,0,0,0,3,0,0,0
170574,1,1,1995,0,0,0,0,0,0,0,0,0,0
170574,2,1,1995,0,0,0,0,0,0,0,0,0,0
170575,1,1,1995,23,23,23,23,23,23,23,23,23,23
170575,2,1,1995,0,0,0,0,0,0,0,0,0,0
170575,3,1,1995,0,0,0,0,0,0,0,0,0,0
170575,4,1,1995,0,0,0,0,0,0,0,0,0,0
170576,0,1,1995,0,0,0,0,0,0,0,0,0,0
170576,1,1,1995,0,0,0,0,0,0,0,0,0,0
170577,1,1,1995,7,7,7,7,7,7,7,7,7,7
170578,1,1,1995,0,0,0,0,0,0,0,0,0,0
170578,2,1,1995,0,0,0,0,0,0,0,0,0,0
170579,0,1,1995,0,0,0,0,0,0,0,0,0,0
170579,1,1,1995,0,0,0,0,0,0,0,0,0,0
170580,1,1,1995,0,0,0,0,0,0,0,0,0,0
170580,2,1,1995,0,0,0,0,0,0,0,0,0,0
170580,3,1,1995,0,0,0,0,0,0,0,0,0,0
170580,4,1,1995,0,0,0,0,0,0,0,0,0,0
170581,1,1,1995,0,0,0,0,0,0,0,0,0,0
170581,2,1,1995,0,0,0,0,0,0,0,0,0,0
170582,1,1,1995,15,0,19,15,36,10,19,20,22,23
170582,2,1,1995,0,0,0,13,0,0,0,0,0,12
170583,1,1,1995,0,0,0,0,0,0,0,0,0,0
170584,1,1,1995,19,19,19,19,19,19,19,19,19,19
170585,1,1,1995,18,18,18,18,18,18,18,18,18,18
170586,0,1,1995,24,24,24,24,24,24,24,24,24,24
170586,1,1,1995,0,0,0,0,0,0,0,0,0,0
170587,0,1,1995,0,0,0,0,0,0,0,0,0,0
170587,1,1,1995,0,0,0,0,0,0,0,0,0,0
170588,0,1,1995,0,0,0,0,0,0,0,0,0,0
170588,0,2,1995,0,0,0,0,0,0,0,0,0,0
170588,1,1,1995,0,0,0,0,0,0,0,0,0,0
170589,1,1,1995,7,7,7,7,7,7,7,7,7,7
170590,1,1,1995,4,14,8,8,18,19,10,10,17,9
170590,2,1,1995,1,1,1,1,1,1,1,1,1,1
170591,0,1,1995,0,0,0,0,0,0,0,0,0,0
170591,1,1,1995,0,0,0,0,0,0,0,0,0,0
170592,1,1,1995,0,0,3,17,8,7,18,0,6,0
170593,1,1,1995,23,23,23,23,23,23,23,23,23,23
170593,2,1,1995,0,0,0,0,0,0,0,0,0,0
170594,1,1,1995,0,0,0,0,0,0,0,0,0,0
170594,2,1,1995,0,0,0,0,0,0,0,0,0,0
170594,3,1,1995,0,0,0,0,0,0,0,0,0,0
170595,1,1,1995,0,0,0,0,0,0,0,0,0,0
170595,2,1,1995,0,0,0,0,0,0,0,0,0,0
170596,1,1,1995,6,13,25,24,9,15,0,15,20,12
170596,2,1,1995,23,0,13,0,0,0,0,0,0,0
170597,1,1,1995,17,9,26,0,30,24,16,12,12,0
170597,2,1,1995,0,0,0,0,0,0,0,0,0,0
170598,0,1,1995,0,0,0,0,0,0,0,0,0,0
170598,1,1,1995,0,0,0,0,0,0,0,0,0,0
170599,1,1,1995,0,0,0,0,0,0,0,0,0,0
170599,2,1,1995,0,0,0,0,0,0,0,0,0,0
170600,1,1,1995,12,0,26,0,18,14,0,0,21,0
170600,2,1,1995,0,0,0,0,0,0,0,0,0,0
170600,3,1,1995,0,0,0,0,0,0,0,0,0,0
170601,1,1,1995,0,0,0,0,0,0,0,0,0,0
170602,1,1,1995,0,0,0,0,0,0,0,0,0,0
170603,1,1,1995,0,0,0,0,0,5,0,0,0,0
170603,2,1,1995,0,0,0,0,0,0,0,0,0,0
170604,0,1,1995,20,20,20,20,20,20,20,20,20,20
170604,1,1,1995,0,0,0,0,0,0,0,0,0,0
170605,0,1,1995,22,22,22,22,22,22,22,22,22,22
170605,1,1,1995,0,0,0,0,0,0,0,0,0,0
170606,1,1,1995,0,0,0,0,0,0,0,0,0,0
170606,2,1,1995,8,0,0,0,0,0,0,0,0,0
170607,1,1,1995,0,0,0,0,0,0,0,0,0,0
170607,2,1,1995,0,0,0,0,18,0,0,0,0,0
170607,3,1,1995,0,0,0,0,0,0,0,0,0,0
170608,0,1,1995,9,9,9,9,9,9,9,9,9,9
170608,1,1,1995,0,0,0,0,0,0,0,0,0,0
170608,2,1,1995,0,0,0,0,0,0,0,0,0,0
170609,0,1,1995,0,0,0,0,0,0,0,0,0,0
170609,1,1,1995,0,0,0,0,0,0,0,0,0,0
170610,1,1,1995,12,12,12,12,12,12,12,12,12,12
170611,1,1,1995,0,0,0,0,0,0,0,0,0,0
170611,2,1,1995,0,0,0,0,0,0,0,0,0,0
170612,0,1,1995,0,0,0,0,0,0,0,0,0,0
170612,1,1,1995,0,0,0,0,0,0,0,0,0,0
170613,1,1,1995,0,0,0,0,0,0,10,0,0,0
170614,1,1,1995,18,18,18,18,18,18,18,18,18,18
170615,0,1,1995,23,23,23,23,23,23,23,23,23,23
170615,1,1,1995,8,0,0,0,0,0,0,23,0,0
170616,1,1,1995,18,18,18,18,18,18,18,18,18,18
170616,2,1,1995,0,0,0,0,0,0,0,0,0,0
170617,1,1,1995,15,0,0,0,0,32,0,0,0,0
170618,1,1,1995,0,0,0,0,0,0,0,0,0,0
170618,2,1,1995,0,0,0,0,0,0,0,0,0,0
170619,1,1,1995,0,0,0,0,0,0,0,0,0,0
170620,0,1,1995,19,19,19,19,19,19,19,19,19,19
170620,1,1,1995,0,0,0,0,0,0,0,0,0,0
170620,2,1,1995,0,0,0,0,0,0,0,0,0,0
170621,1,1,1995,19,19,19,19,19,19,19,19,19,19
170622,1,1,1995,0,0,0,0,0,0,0,0,0,0
170623,1,1,1995,26,26,26,26,26,26,26,26,26,26
170623,2,1,1995,19,0,0,0,0,0,0,0,15,0
170623,3,1,1995,0,6,0,0,0,0,0,0,0,0
170624,1,1,1995,0,0,0,0,0,0,0,0,0,0
170624,2,1,1995,0,0,0,0,0,0,0,0,0,13
170625,0,1,1995,0,0,0,0,0,0,0,0,0,0
170625,1,1,1995,0,0,0,0,0,0,0,0,0,0
170626,1,1,1995,0,0,0,0,0,0,0,0,0,19
170627,1,1,1995,0,0,0,0,0,0,0,0,0,0
170627,2,1,1995,14,18,0,0,0,10,0,0,13,0
170628,1,1,1995,0,0,0,0,0,0,0,0,0,0
170628,2,1,1995,0,0,0,0,0,0,0,0,0,0
170628,3,1,1995,0,0,0,0,0,0,0,0,0,0
170629,0,1,1995,11,11,11,11,11,11,11,11,11,11
170629,1,1,1995,0,0,0,0,0,0,0,0,0,0
170630,1,1,1995,0,0,0,0,0,0,0,0,0,0
170630,2,1,1995,0,0,0,0,0,0,0,0,0,0
170631,1,1,1995,0,0,0,0,0,0,0,0,0,0
170631,2,1,1995,0,0,0,0,0,0,0,0,0,0
170632,1,1,1995,0,0,0,0,0,0,0,0,0,0
170632,2,1,1995,9,9,9,9,9,9,9,9,9,9
170633,1,1,1995,12,12,12,12,12,12,12,12,12,12
170634,1,1,1995,21,21,21,21,21,21,21,21,21,21
170634,2,1,1995,0,0,0,0,0,0,0,0,0,0
170635,1,1,1995,0,0,0,0,0,0,0,0,0,0
170635,2,1,1995,0,0,0,0,0,0,0,0,0,0
170636,1,1,1995,0,0,0,0,0,0,0,0,0,0
170636,2,1,1995,0,0,0,0,0,13,0,0,0,0
170637,1,1,1995,0,0,0,0,0,0,0,0,0,0
170637,2,1,1995,0,0,0,0,0,0,0,0,0,0
170638,1,1,1995,0,0,0,0,0,0,0,0,0,0
170638,2,1,1995,0,0,0,0,0,0,0,0,0,0
170639,1,1,1995,25,25,25,25,25,25,25,25,25,25
170640,1,1,1995,0,0,0,0,0,0,0,0,0,0
170640,2,1,1995,0,0,0,0,0,0,0,0,0,0
170641,1,1,1995,32,32,32,32,32,32,32,32,32,32
170642,1,1,1995,0,0,0,0,0,0,0,0,0,0
170642,2,1,1995,0,0,0,0,0,0,0,0,0,0
170643,0,1,1995,0,0,0,0,0,0,0,0,0,0
170643,1,1,1995,0,0,0,0,0,0,0,0,0,0
170644,0,1,1995,4,4,4,4,4,4,4,4,4,4
170644,1,1,1995,0,0,0,0,0,0,3,0,0,0
170645,1,1,1995,0,0,0,15,0,0,0,0,0,0
170646,0,1,1995,0,0,0,0,0,0,0,0,0,0
170646,1,1,1995,0,0,0,0,0,0,0,0,0,0
170647,0,1,1995,0,0,0,0,0,0,0,0,0,0
170647,1,1,1995,0,0,0,0,0,0,0,0,0,0
170649,0,1,1995,0,0,0,0,0,0,0,0,0,0
170649,0,2,1995,12,0,39,0,0,19,22,20,67,18
170649,1,1,1995,0,0,0,0,0,0,0,0,0,0
170650,0,1,1995,0,0,0,0,0,0,0,0,0,0
170650,1,1,1995,12,0,5,0,0,0,0,0,0,19
170651,1,1,1995,16,0,0,0,0,0,0,0,0,0
170651,2,1,1995,16,16,16,16,16,16,16,16,16,16
170651,3,1,1995,0,0,0,0,0,0,0,0,0,0
170652,1,1,1995,0,0,0,0,0,0,0,0,0,0
170653,0,1,1995,0,0,0,0,0,0,0,0,0,0
170653,1,1,1995,0,0,0,0,0,0,0,0,0,0
170653,2,1,1995,14,0,0,0,0,0,0,0,31,0
170654,1,1,1995,0,0,0,0,0,0,0,0,0,0
170655,0,1,1995,28,28,28,28,28,28,28,28,28,28
170655,1,1,1995,12,6,7,13,13,0,0,19,0,16
170656,1,1,1995,0,0,0,0,0,6,0,0,0,0
170656,2,1,1995,0,0,0,0,0,0,0,0,0,0
170657,1,1,1995,8,7,25,14,9,11,20,9,17,15
170657,2,1,1995,1,1,1,1,1,1,1,1,1,1
170658,1,1,1995,4,4,4,4,4,4,4,4,4,4
170658,2,1,1995,0,0,0,0,0,0,0,0,5,0
170658,3,1,1995,0,0,0,0,0,0,0,0,0,0
170658,4,1,1995,0,0,0,0,0,0,0,0,0,0
170659,1,1,1995,0,0,0,0,0,0,0,0,0,0
170659,2,1,1995,0,0,0,0,0,0,0,0,0,0
170659,3,1,1995,0,0,0,0,0,0,0,0,0,0
170659,4,1,1995,0,0,0,0,0,0,0,0,0,0
170660,0,1,1995,0,0,0,0,0,0,0,0,0,0
170660,1,1,1995,0,0,14,0,14,0,0,0,0,0
170661,1,1,1995,38,38,38,38,38,38,38,38,38,38
170662,1,1,1995,0,0,0,0,0,0,0,0,0,0
170662,2,1,1995,0,0,0,0,0,0,0,0,0,0
170663,1,1,1995,0,0,0,0,0,0,0,0,0,0
170663,2,1,1995,0,0,0,0,0,0,0,0,0,0
170663,3,1,1995,0,0,0,25,0,0,0,11,0,0
170664,1,1,1995,11,11,11,11,11,11,11,11,11,11
170665,1,1,1995,0,0,0,0,0,0,0,0,0,0
170666,1,1,1995,0,0,0,0,0,0,0,0,0,0
170666,2,1,1995,0,0,0,0,0,0,0,0,0,0
170667,1,1,1995,0,0,0,0,0,0,0,0,0,0
170667,2,1,1995,0,0,0,0,0,0,17,0,0,0
170669,0,1,1995,19,19,19,19,19,19,19,19,19,19
170669,1,1,1995,0,0,0,0,0,0,30,0,0,0
170670,0,1,1995,4,4,4,4,4,4,4,4,4,4
170670,1,1,1995,0,0,0,0,0,0,0,0,0,0
170671,1,1,1995,17,17,17,17,17,17,17,17,17,17
170672,1,1,1995,15,15,15,15,15,15,15,15,15,15
170673,1,1,1995,21,21,21,21,21,21,21,21,21,21
170674,1,1,1995,7,7,7,7,7,7,7,7,7,7
170675,1,1,1995,21,15,13,26,13,12,19,13,34,25
170675,2,1,1995,11,12,16,20,7,30,11,11,25,21
170676,1,1,1995,0,0,0,0,0,0,0,0,0,0
170677,1,1,1995,22,22,22,22,22,22,22,22,22,22
170677,2,1,1995,0,0,0,0,0,0,0,0,0,0
170678,1,1,1995,15,15,15,15,15,15,15,15,15,15
170679,0,2,1995,0,0,0,0,0,0,0,0,0,0
170679,1,1,1995,2,2,2,2,2,2,2,2,2,2
170680,1,1,1995,0,0,0,0,0,0,0,0,0,0
170680,2,1,1995,21,21,21,21,21,21,21,21,21,21
170681,1,1,1995,3,3,3,3,3,3,3,3,3,3
170681,2,1,1995,0,0,0,0,0,0,0,0,0,0
170681,3,1,1995,0,0,0,0,0,0,0,0,0,0
170682,1,1,1995,22,22,22,22,22,22,22,22,22,22
170682,2,1,1995,0,0,0,0,0,0,0,0,0,0
170683,1,1,1995,0,0,0,0,0,0,0,0,0,0
170683,2,1,1995,0,0,0,0,0,0,0,0,0,17
170684,1,1,1995,0,0,0,0,0,0,0,0,0,0
170684,2,1,1995,0,0,0,0,0,0,0,0,0,0
170684,3,1,1995,0,0,0,0,0,0,0,0,0,0
170685,1,1,1995,0,0,0,0,0,0,0,0,0,0
170685,2,1,1995,0,0,0,0,0,0,0,0,0,0
170686,1,1,1995,0,0,0,0,0,0,0,0,0,0
170686,2,1,1995,0,0,0,0,0,0,0,0,0,0
170687,1,1,1995,0,0,0,0,0,0,0,0,11,0
170687,2,1,1995,0,0,0,0,0,0,0,0,0,0
170688,0,1,1995,25,25,25,25,25,25,25,25,25,25
170688,1,1,1995,0,0,0,0,0,0,0,0,0,0
170689,1,1,1995,0,0,0,0,0,0,0,0,0,0
170690,1,1,1995,8,8,8,8,8,8,8,8,8,8
170691,1,1,1995,0,0,0,0,12,0,0,0,0,0
170691,2,1,1995,0,0,0,0,0,0,0,0,0,0
170692,0,1,1995,0,0,0,0,0,0,0,0,0,0
170692,1,1,1995,0,0,0,0,0,0,0,0,0,0
170693,0,1,1995,0,0,0,0,0,0,0,0,0,0
170693,1,1,1995,0,0,0,0,0,0,0,0,0,0
170694,1,1,1995,0,0,0,0,0,0,0,0,0,0
170695,1,1,1995,0,0,0,0,0,0,0,0,0,0
170695,2,1,1995,3,0,0,0,0,0,0,0,0,0
170696,1,1,1995,7,7,7,7,7,7,7,7,7,7
170697,1,1,1995,29,29,29,29,29,29,29,29,29,29
170698,0,1,1995,0,0,0,0,0,0,0,33,0,0
170698,1,1,1995,0,0,0,0,0,0,0,0,0,0
170699,1,1,1995,0,0,0,0,0,0,0,0,0,0
170699,2,1,1995,0,0,0,0,0,0,0,0,0,0
170700,1,1,1995,0,0,0,0,0,0,0,0,0,0
170700,2,1,1995,0,0,0,21,0,0,0,0,7,0
170701,1,1,1995,0,0,0,0,0,0,0,0,0,0
170701,2,1,1995,0,0,0,0,0,0,0,0,0,0
170702,1,1,1995,0,0,0,0,0,0,0,0,0,0
170703,0,1,1995,0,0,0,0,0,0,0,0,0,0
170703,1,1,1995,0,0,0,0,0,0,0,0,0,0
170704,1,1,1995,6,6,6,6,6,6,6,6,6,6
170704,2,1,1995,0,0,0,0,0,0,0,0,0,0
170705,1,1,1995,0,0,0,0,0,0,0,0,0,0
170706,1,1,1995,0,0,0,0,0,0,0,0,0,0
170706,2,1,1995,0,0,0,0,0,0,0,0,0,0
170707,1,1,1995,0,0,0,0,0,0,0,0,0,0
170707,2,1,1995,0,0,0,0,0,0,0,0,0,0
170708,1,1,1995,0,0,0,0,0,0,0,0,0,0
170708,2,1,1995,0,0,0,0,0,0,0,0,0,0
170709,0,1,1995,0,0,0,0,0,0,0,0,0,0
170709,1,1,1995,0,0,0,0,0,0,0,0,0,0
170710,1,1,1995,13,13,13,13,13,13,13,13,13,13
170711,1,1,1995,12,12,12,12,12,12,12,12,12,12
170711,2,1,1995,0,0,0,0,0,22,0,0,0,0
170712,1,1,1995,25,25,25,25,25,25,25,25,25,25
170712,2,1,1995,0,0,0,0,0,0,0,0,0,0
170713,0,1,1995,20,7,24,15,35,27,28,13,8,32
170713,1,1,1995,21,0,15,0,8,9,7,16,13,11
170714,1,1,1995,0,0,0,0,0,0,0,0,0,18
170714,2,1,1995,0,0,0,0,0,0,0,0,0,0
170715,0,1,1995,0,0,0,0,0,0,0,0,0,0
170715,1,1,1995,35,35,35,35,35,35,35,35,35,35
170716,1,1,1995,19,17,6,12,11,16,28,0,17,17
170717,1,1,1995,7,0,0,0,0,0,0,0,0,0
170717,2,1,1995,0,0,0,0,0,0,0,0,0,0
170718,0,1,1995,31,31,31,31,31,31,31,31,31,31
170718,1,1,1995,0,0,0,0,0,0,0,0,0,15
170719,1,1,1995,10,10,10,10,10,10,10,10,10,10
170719,2,1,1995,0,0,0,0,0,0,0,0,0,0
170719,3,1,1995,0,0,0,0,0,0,0,0,0,0
170720,1,1,1995,0,0,0,0,0,0,0,0,0,0
170721,1,1,1995,17,17,17,17,17,17,17,17,17,17
170721,2,1,1995,0,0,23,0,0,0,25,10,0,0
170722,0,1,1995,0,0,0,0,0,0,0,0,0,0
170722,0,2,1995,10,11,0,11,10,0,0,12,0,12
170722,1,1,1995,25,25,25,25,25,25,25,25,25,25
170723,0,1,1995,16,16,16,16,16,16,16,16,16,16
170723,1,1,1995,0,0,0,0,0,0,0,0,0,0
170724,1,1,1995,0,0,0,0,0,0,0,0,0,0
170724,2,1,1995,0,0,0,18,0,0,0,0,0,0
170725,0,1,1995,0,0,0,0,0,0,0,0,0,0
170725,1,1,1995,0,0,0,0,0,0,0,0,0,0
170726,0,1,1995,0,0,0,0,0,0,0,0,0,0
170726,1,1,1995,0,0,0,0,0,0,0,0,0,0
170726,2,1,1995,0,0,0,0,0,0,0,0,0,0
170727,1,1,1995,0,0,0,0,0,0,0,0,0,0
170727,2,1,1995,0,0,0,0,0,0,0,0,0,0
170728,1,1,1995,0,0,0,0,0,0,0,0,0,0
170730,0,1,1995,36,36,36,36,36,36,36,36,36,36
170730,1,1,1995,0,0,0,0,0,0,0,0,0,0
170731,1,1,1995,0,0,0,0,0,0,0,0,0,0
170731,2,1,1995,0,0,0,0,0,0,0,0,0,0
170731,3,1,1995,9,0,0,0,0,12,0,0,0,0
170732,1,1,1995,8,0,0,0,2,0,0,0,16,0
170732,2,1,1995,0,0,0,0,16,0,0,0,0,0
170733,1,1,1995,21,21,21,21,21,21,21,21,21,21
170734,0,1,1995,0,0,0,0,0,0,0,0,0,0
170734,1,1,1995,0,0,0,0,0,0,0,0,0,0
170735,1,1,1995,0,0,0,0,0,0,0,0,0,0
170736,1,1,1995,0,0,0,0,0,0,0,0,0,0
170736,2,1,1995,0,0,0,0,0,0,0,0,0,0
170737,1,1,1995,0,0,3,0,0,0,5,0,0,0
170737,2,1,1995,0,0,0,0,0,0,0,0,0,0
170737,3,1,1995,0,0,0,0,0,0,0,0,0,0
170738,1,1,1995,0,0,0,0,0,8,0,0,0,0
170739,1,1,1995,22,22,22,22,22,22,22,22,22,22
170739,2,1,1995,0,0,0,0,0,0,0,0,0,0
170740,1,1,1995,0,0,0,0,0,0,0,0,0,0
170740,2,1,1995,0,0,0,0,0,0,0,0,0,0
170741,0,1,1995,12,12,12,12,12,12,12,12,12,12
170741,1,1,1995,0,0,0,0,0,0,0,0,0,0
170741,2,1,1995,0,0,0,0,0,7,0,0,0,0
170742,1,1,1995,7,7,7,7,7,7,7,7,7,7
170743,1,1,1995,28,28,28,28,28,28,28,28,28,28
170744,1,1,1995,0,0,0,0,0,0,0,0,0,0
170745,0,1,1995,0,0,0,0,0,0,0,0,0,0
170745,1,1,1995,0,0,0,12,0,0,18,0,0,0
170746,1,1,1995,14,14,14,14,14,14,14,14,14,14
170747,0,1,1995,0,0,0,0,0,0,0,0,0,0
170747,1,1,1995,0,0,0,0,0,0,0,0,0,0
170748,1,1,1995,11,11,11,11,11,11,11,11,11,11
170749,1,1,1995,17,17,17,17,17,17,17,17,17,17
170749,2,1,1995,0,0,0,0,0,0,0,0,0,0
170749,3,1,1995,0,0,0,0,0,0,0,0,0,0
170750,0,1,1995,0,0,0,0,0,0,0,0,0,0
170750,1,1,1995,0,0,0,0,0,0,0,0,0,0
170751,1,1,1995,0,0,0,0,0,0,0,0,0,0
170751,2,1,1995,0,0,0,0,0,0,0,0,0,0
170752,1,1,1995,6,0,0,0,0,30,0,0,0,0
170753,1,1,1995,0,0,0,0,0,0,0,0,0,0
170753,2,1,1995,0,0,0,0,0,0,0,0,0,13
170754,1,1,1995,17,0,0,0,6,0,10,0,0,0
170755,1,1,1995,0,0,0,0,0,0,0,0,0,0
170755,2,1,1995,0,6,7,2,4,8,0,19,8,11
170756,1,1,1995,18,18,18,18,18,18,18,18,18,18
170757,1,1,1995,0,0,0,0,0,0,0,0,0,0
170758,1,1,1995,0,0,0,0,0,0,0,0,0,0
170759,1,1,1995,0,0,0,0,0,0,0,0,0,0
170759,2,1,1995,0,0,0,0,0,0,0,0,0,0
170760,1,1,1995,0,0,0,0,0,0,0,0,0,0
170760,2,1,1995,0,0,0,0,0,0,0,0,0,0
170762,0,1,1995,0,0,0,0,0,0,0,0,0,0
170762,1,1,1995,0,0,0,0,0,0,0,0,0,0
170763,0,1,1995,2,2,2,2,2,2,2,2,2,2
170763,1,1,1995,0,24,17,14,9,0,14,25,37,0
170764,1,1,1995,0,0,0,0,0,0,0,0,0,0
170764,2,1,1995,0,0,0,0,0,0,0,0,0,0
170765,1,1,1995,12,12,12,12,12,12,12,12,12,12
170766,1,1,1995,19,19,19,19,19,19,19,19,19,19
170767,1,1,1995,0,0,0,0,0,0,0,0,0,0
170767,2,1,1995,0,0,0,0,0,0,0,0,0,0
170768,1,1,1995,8,8,8,8,8,8,8,8,8,8
170769,1,1,1995,25,25,25,25,25,25,25,25,25,25
170770,1,1,1995,24,24,24,24,24,24,24,24,24,24
170771,1,1,1995,19,19,19,19,19,19,19,19,19,19
170771,2,1,1995,0,0,0,0,0,0,0,0,0,0
170772,1,1,1995,20,20,20,20,20,20,20,20,20,20
170773,1,1,1995,0,0,0,0,0,0,0,0,0,0
170774,1,1,1995,6,6,6,6,6,6,6,6,6,6
170775,0,1,1995,0,0,0,0,0,0,0,0,0,0
170775,1,1,1995,0,0,0,0,0,0,0,0,0,0
170776,1,1,1995,0,0,9,0,0,0,0,16,0,0
170776,2,1,1995,0,0,0,0,0,0,0,0,0,0
170777,1,1,1995,13,13,13,13,13,13,13,13,13,13
170778,1,1,1995,0,0,0,0,0,0,0,0,0,0
170779,1,1,1995,15,15,15,15,15,15,15,15,15,15
170780,1,1,1995,15,12,0,29,0,0,0,0,10,20
170780,2,1,1995,0,9,0,0,11,18,43,0,16,19
170781,1,1,1995,0,0,0,0,0,0,0,0,0,0
170781,2,1,1995,0,0,0,0,0,0,0,0,0,0
170781,3,1,1995,0,0,0,0,0,0,0,0,0,0
170782,1,1,1995,0,0,0,0,0,0,0,10,0,0
170783,1,1,1995,0,0,0,0,0,0,0,0,0,0
170784,1,1,1995,16,11,23,15,46,16,23,12,7,18
170784,2,1,1995,0,0,0,0,0,0,0,0,0,0
170785,1,1,1995,0,0,0,0,0,0,0,0,0,0
170785,2,1,1995,0,0,0,0,0,0,0,0,0,0
170786,1,1,1995,12,12,12,12,12,12,12,12,12,12
170786,2,1,1995,0,0,0,0,0,0,0,0,0,0
170787,1,1,1995,0,19,18,7,0,0,0,0,27,0
170787,2,1,1995,0,0,0,0,0,0,0,0,0,0
170787,3,1,1995,0,0,0,0,0,0,0,0,0,0
170788,0,1,1995,15,15,15,15,15,15,15,15,15,15
170788,1,1,1995,0,0,0,0,0,0,0,0,0,0
170789,1,1,1995,0,0,0,0,0,0,0,0,0,0
170789,2,1,1995,0,0,17,0,12,0,0,0,0,9
170790,1,1,1995,0,0,0,0,0,0,0,0,0,0
170790,2,1,1995,0,0,0,0,0,0,0,0,0,0
170790,3,1,1995,0,0,0,0,0,0,5,0,0,0
170790,4,1,1995,0,0,0,0,0,0,0,0,0,0
170791,1,1,1995,0,0,0,0,0,0,0,0,0,0
170792,0,1,1995,0,0,0,0,0,0,0,0,0,0
170792,1,1,1995,0,0,0,0,0,0,0,0,0,0
170793,1,1,1995,0,0,0,0,0,0,0,0,0,0
170794,1,1,1995,21,4,21,2,20,13,9,14,23,14
170794,2,1,1995,11,20,9,9,27,24,24,7,11,27
170795,1,1,1995,0,0,0,0,0,0,0,0,0,0
170796,0,1,1995,0,0,0,0,0,0,0,0,0,0
170796,1,1,1995,0,0,0,0,0,0,0,0,0,0
170797,1,1,1995,0,0,0,0,0,0,0,0,0,0
170797,2,1,1995,0,0,0,0,0,0,0,0,0,0
170798,1,1,1995,25,25,25,25,25,25,25,25,25,25
170799,1,1,1995,34,34,34,34,34,34,34,34,34,34
170800,1,1,1995,0,0,0,0,0,0,0,0,0,0
170800,2,1,1995,0,0,0,0,0,0,0,0,0,0
170801,1,1,1995,0,0,0,0,0,0,0,0,0,0
170802,1,1,1995,5,5,5,5,5,5,5,5,5,5
170803,0,1,1995,0,0,0,0,0,0,0,0,0,0
170803,1,1,1995,0,0,0,0,0,0,0,0,0,0
170804,0,1,1995,0,0,0,0,0,0,0,0,0,0
170804,1,1,1995,0,0,0,0,0,0,0,0,0,0
170804,2,1,1995,0,0,0,0,0,0,0,0,0,0
170804,3,1,1995,0,0,0,0,0,0,0,0,0,0
170805,1,1,1995,21,21,21,21,21,21,21,21,21,21
170805,2,1,1995,38,0,0,0,0,0,0,0,0,11
170806,0,1,1995,13,13,13,13,13,13,13,13,13,13
170806,1,1,1995,0,0,0,0,0,0,0,0,0,0
170807,1,1,1995,24,24,24,24,24,24,24,24,24,24
170807,2,1,1995,0,0,0,0,0,0,0,0,0,0
170807,3,1,1995,0,0,0,0,0,0,0,0,0,0
170808,1,1,1995,0,0,0,0,0,0,0,0,0,0
170809,1,1,1995,0,0,0,0,0,0,0,0,0,0
170810,1,1,1995,22,23,8,0,24,8,30,13,27,15
170810,2,1,1995,0,0,0,0,0,0,0,0,0,0
170811,1,1,1995,1,1,1,1,1,1,1,1,1,1
170812,1,1,1995,14,14,14,14,14,14,14,14,14,14
170813,1,1,1995,0,0,0,0,0,0,0,0,0,0
170814,1,1,1995,0,0,0,0,0,0,0,0,0,0
170814,2,1,1995,0,0,0,0,0,0,0,0,0,0
170815,1,1,1995,0,0,0,0,0,0,0,0,0,0
170815,2,1,1995,0,0,0,0,0,0,0,0,0,0
170817,1,1,1995,0,0,0,0,0,0,0,0,0,0
170818,1,1,1995,16,16,16,16,16,16,16,16,16,16
170818,2,1,1995,19,0,0,0,0,0,0,0,0,0
170819,1,1,1995,8,8,8,8,8,8,8,8,8,8
170820,1,1,1995,0,0,0,0,0,0,0,0,0,0
170820,2,1,1995,0,0,0,0,0,0,0,0,0,0
170821,1,1,1995,0,0,0,0,0,0,0,0,0,0
170821,2,1,1995,0,0,0,0,0,0,0,0,0,0
170821,3,1,1995,0,0,0,0,0,0,0,0,0,0
170822,1,1,1995,16,19,42,16,16,17,11,36,18,16