ST_CASE,VEH_NO,PER_NO,YEAR,P1,P2,P3,P4,P5,P6,P7,P8,P9,P10
171088,1,1,1995,0,0,0,0,0,0,0,0,0,0
171089,0,1,1995,0,0,0,0,26,0,0,0,12,11
171089,1,1,1995,0,0,0,0,0,0,0,0,0,0
171090,1,1,1995,24,24,24,24,24,24,24,24,24,24
171091,0,1,1995,14,14,14,14,14,14,14,14,14,14
171091,1,1,1995,0,0,0,0,0,0,0,0,0,0
171092,1,1,1995,0,0,0,0,0,0,0,0,0,0
171092,2,1,1995,0,18,0,0,0,0,5,17,0,0
171093,0,1,1995,0,0,0,0,0,0,0,0,0,0
171093,1,1,1995,0,0,0,0,0,19,0,0,29,0
171094,1,1,1995,14,14,14,14,14,14,14,14,14,14
171095,1,1,1995,0,0,0,0,0,0,0,0,0,0
171095,2,1,1995,0,0,0,0,0,0,0,0,0,0
171096,1,1,1995,11,16,0,18,12,41,14,26,18,29
171097,1,1,1995,19,19,19,19,19,19,19,19,19,19
171098,1,1,1995,4,0,17,20,14,7,12,18,9,13
171099,1,1,1995,17,17,17,17,17,17,17,17,17,17
171099,2,1,1995,0,0,0,0,0,0,0,0,0,0
171100,1,1,1995,10,10,10,10,10,10,10,10,10,10
171101,1,1,1995,0,0,0,0,0,0,0,0,0,0
171101,2,1,1995,0,0,0,0,0,0,0,0,0,0
171102,1,1,1995,0,0,0,0,0,0,0,0,0,0
171102,2,1,1995,0,0,0,0,0,0,0,0,0,0
171103,1,1,1995,0,0,0,0,0,0,0,0,0,0
171104,0,1,1995,0,0,0,0,0,0,0,0,0,0
171104,1,1,1995,0,0,0,0,0,0,0,0,0,0
171105,1,1,1995,0,0,0,0,0,0,0,0,0,0
171106,1,1,1995,23,23,23,23,23,23,23,23,23,23
171107,1,1,1995,0,0,0,0,0,0,0,0,0,0
171108,0,1,1995,0,8,0,0,24,32,0,0,0,0
171108,1,1,1995,0,0,0,0,0,0,0,0,0,0
171109,1,1,1995,22,22,22,22,22,22,22,22,22,22
171110,0,1,1995,0,13,12,0,20,14,31,0,22,25
171110,1,1,1995,0,0,0,0,0,0,0,0,0,0
171111,1,1,1995,0,0,0,0,0,0,0,0,0,0
171111,2,1,1995,0,0,0,0,0,0,0,0,0,0
171112,1,1,1995,0,0,0,0,0,0,0,0,0,0
171113,1,1,1995,0,0,0,0,5,0,0,0,0,0
171114,0,1,1995,0,0,0,0,0,0,0,0,0,0
171114,1,1,1995,0,0,0,19,0,0,0,0,0,0
171115,1,1,1995,32,32,32,32,32,32,32,32,32,32
171116,1,1,1995,0,0,0,0,0,0,0,0,0,0
171117,0,1,1995,0,0,0,0,0,0,0,0,0,0
171117,1,1,1995,0,0,0,0,0,0,0,0,0,0
171118,1,1,1995,12,12,12,12,12,12,12,12,12,12
171119,1,1,1995,0,0,0,0,0,0,0,0,0,0
171119,2,1,1995,0,0,0,0,0,0,0,0,0,0
171120,1,1,1995,0,0,0,0,0,0,0,0,0,0
171121,1,1,1995,19,19,19,19,19,19,19,19,19,19
171121,2,1,1995,0,20,0,0,0,0,0,0,0,0
171122,1,1,1995,9,9,9,9,9,9,9,9,9,9
171122,2,1,1995,12,12,12,12,12,12,12,12,12,12
171123,1,1,1995,4,4,4,4,4,4,4,4,4,4
171123,2,1,1995,0,0,0,0,0,0,0,0,0,0
171123,3,1,1995,0,0,0,0,0,0,0,0,0,0
171124,1,1,1995,13,17,3,9,8,9,12,16,13,18
171125,1,1,1995,20,20,20,20,20,20,20,20,20,20
171126,1,1,1995,0,0,0,0,0,0,0,0,0,0
171126,2,1,1995,0,0,0,0,0,0,0,0,0,0
171127,1,1,1995,0,0,0,0,0,0,0,0,0,0
171127,2,1,1995,0,0,0,0,0,0,0,0,0,0
171127,3,1,1995,0,0,0,0,0,0,0,0,0,0
171128,1,1,1995,0,0,0,0,0,0,0,0,0,0
171129,1,1,1995,0,20,0,0,0,0,0,19,10,0
171130,0,1,1995,0,0,0,0,0,0,0,0,0,0
171130,1,1,1995,0,0,0,0,0,14,0,0,0,0
171130,2,1,1995,11,10,0,0,0,0,0,0,0,0
171131,0,1,1995,18,18,18,18,18,18,18,18,18,18
171131,1,1,1995,12,12,12,12,12,12,12,12,12,12
171131,2,1,1995,0,34,0,0,5,20,14,0,12,12
171132,1,1,1995,0,0,0,0,11,0,0,0,0,0
171132,2,1,1995,0,0,0,0,0,0,0,0,0,0
171133,1,1,1995,0,0,0,0,0,0,11,0,0,0
171133,2,1,1995,0,0,0,0,0,0,0,15,0,0
171134,1,1,1995,0,0,0,0,0,0,0,0,0,0
171134,2,1,1995,0,0,0,0,0,0,0,0,0,0
171135,0,1,1995,0,0,0,0,0,0,0,0,0,0
171135,1,1,1995,0,0,0,0,0,0,0,0,0,0
171136,1,1,1995,0,0,0,0,0,0,0,0,0,0
171136,2,1,1995,0,0,0,0,0,0,0,0,0,0
171137,0,1,1995,21,21,21,21,21,21,21,21,21,21
171137,1,1,1995,0,0,0,0,0,0,0,0,0,0
171138,0,1,1995,0,0,0,0,0,0,0,0,0,0
171138,1,1,1995,5,0,0,0,0,0,0,0,0,0
171139,1,1,1995,26,26,26,26,26,26,26,26,26,26
171139,2,1,1995,0,0,0,0,0,0,0,0,0,0
171140,1,1,1995,0,0,0,0,0,0,0,0,0,0
171140,2,1,1995,0,0,0,9,0,11,0,0,0,0
171141,1,1,1995,0,12,15,0,0,18,23,6,20,14
171142,0,1,1995,0,0,0,0,0,0,0,0,0,0
171142,1,1,1995,0,15,0,0,0,0,0,0,0,0
171143,1,1,1995,0,0,0,0,0,0,0,0,0,0
171143,2,1,1995,0,0,0,0,0,0,0,0,0,0
171143,3,1,1995,0,0,0,7,0,0,0,0,0,0
171144,1,1,1995,22,21,24,21,11,10,7,18,15,15
171145,1,1,1995,26,26,26,26,26,26,26,26,26,26
171146,1,1,1995,33,0,0,9,0,19,19,10,0,17
171148,1,1,1995,0,0,0,0,0,0,0,0,0,0
171150,0,1,1995,0,0,0,0,0,0,0,0,0,0
171150,1,1,1995,0,0,0,0,0,0,0,0,0,0
171151,1,1,1995,0,0,0,0,0,0,0,0,0,0
171151,2,1,1995,0,0,0,0,0,0,0,0,0,0
171152,0,1,1995,0,0,0,0,0,0,0,0,0,0
171152,1,1,1995,0,0,0,0,0,0,0,0,0,0
171152,2,1,1995,0,0,0,0,0,0,0,0,0,0
171153,1,1,1995,27,27,27,27,27,27,27,27,27,27
171154,1,1,1995,0,0,0,16,0,0,0,0,0,0
171154,2,1,1995,0,0,0,0,0,0,0,0,0,0
171155,1,1,1995,0,0,0,0,0,0,0,0,0,0
171156,1,1,1995,24,24,24,24,24,24,24,24,24,24
171157,1,1,1995,27,27,27,27,27,27,27,27,27,27
171158,1,1,1995,14,11,0,11,0,0,0,0,0,0
171159,0,1,1995,21,21,21,21,21,21,21,21,21,21
171159,1,1,1995,0,0,0,0,0,0,0,0,0,0
171160,1,1,1995,11,11,11,11,11,11,11,11,11,11
171161,1,1,1995,0,5,17,8,0,0,0,7,0,0
171162,0,1,1995,11,11,11,11,11,11,11,11,11,11
171162,1,1,1995,0,0,0,0,0,0,0,0,0,0
171163,1,1,1995,0,0,0,0,0,0,0,0,0,0
171163,2,1,1995,0,0,0,0,0,0,0,0,0,0
171164,1,1,1995,0,0,0,0,0,0,0,0,0,0
171164,2,1,1995,0,0,0,0,0,0,0,0,0,0
171165,1,1,1995,13,13,13,13,13,13,13,13,13,13
171166,1,1,1995,0,0,0,0,0,0,0,0,0,0
171166,2,1,1995,0,0,0,0,0,0,0,0,0,0
171167,1,1,1995,14,14,14,14,14,14,14,14,14,14
171168,1,1,1995,0,0,0,0,0,0,0,0,0,0
171168,2,1,1995,0,0,0,0,0,0,0,0,0,0
171169,1,1,1995,0,0,0,0,0,0,0,0,0,0
171169,2,1,1995,0,0,0,0,0,0,0,0,0,0
171170,1,1,1995,13,13,13,13,13,13,13,13,13,13
171171,0,1,1995,28,28,28,28,28,28,28,28,28,28
171171,1,1,1995,0,0,0,0,0,0,0,0,0,0
171172,1,1,1995,19,19,19,19,19,19,19,19,19,19
171172,2,1,1995,0,0,0,0,0,0,0,0,0,0
171173,1,1,1995,7,31,18,0,28,0,0,0,18,17
171174,1,1,1995,0,0,0,0,0,0,0,0,0,0
171175,1,1,1995,0,0,0,0,0,0,0,0,0,11
171175,2,1,1995,0,0,0,0,0,0,0,0,0,0
171175,3,1,1995,0,0,0,0,0,0,0,0,0,0
171176,0,1,1995,0,0,0,0,0,0,0,0,0,0
171176,1,1,1995,0,0,0,0,0,0,0,0,0,0
171177,1,1,1995,0,0,0,0,0,0,0,0,0,0
171177,2,1,1995,0,0,0,0,0,0,0,0,0,0
171178,1,1,1995,0,0,0,0,0,0,0,0,0,0
171178,2,1,1995,4,0,0,0,8,0,0,0,0,0
171179,1,1,1995,30,22,33,0,0,13,30,23,25,14
171180,1,1,1995,7,7,7,7,7,7,7,7,7,7
171181,1,1,1995,22,22,22,22,22,22,22,22,22,22
171181,2,1,1995,7,0,37,0,0,6,0,38,0,0
171182,1,1,1995,22,22,22,22,22,22,22,22,22,22
171182,2,1,1995,0,0,0,0,0,0,0,0,0,4
171183,1,1,1995,0,0,0,0,0,0,0,0,0,0
171184,1,1,1995,6,6,6,6,6,6,6,6,6,6
171185,1,1,1995,17,17,17,17,17,17,17,17,17,17
171185,2,1,1995,0,0,0,0,0,0,0,0,0,0
171186,1,1,1995,0,0,0,0,0,0,0,0,0,0
171187,0,1,1995,0,0,0,0,0,0,0,0,0,0
171187,1,1,1995,0,0,0,0,0,0,0,0,0,0
171188,1,1,1995,0,0,0,0,0,0,0,0,0,0
171188,2,1,1995,0,0,0,0,0,0,0,0,0,0
171188,3,1,1995,0,0,0,0,0,0,0,0,0,0
171189,1,1,1995,2,2,2,2,2,2,2,2,2,2
171190,1,1,1995,18,18,18,18,18,18,18,18,18,18
171191,1,1,1995,27,27,27,27,27,27,27,27,27,27
171191,2,1,1995,0,0,1,0,0,0,0,0,0,0
171192,1,1,1995,0,0,0,0,0,0,0,0,0,0
171192,2,1,1995,0,0,0,0,0,0,0,0,0,0
171193,1,1,1995,0,0,0,0,0,0,0,0,0,0
171194,1,1,1995,0,0,0,0,0,0,0,0,0,0
171194,2,1,1995,0,18,0,0,0,0,0,0,0,0
171195,1,1,1995,0,0,0,0,0,0,0,0,0,0
171196,1,1,1995,27,27,27,27,27,27,27,27,27,27
171197,1,1,1995,0,0,0,0,0,0,0,0,0,0
171198,0,1,1995,0,0,0,0,0,0,0,0,0,0
171198,1,1,1995,0,0,0,0,0,0,0,0,0,0
171199,1,1,1995,14,14,14,14,14,14,14,14,14,14
171199,2,1,1995,0,11,0,11,0,0,0,0,0,0
171199,3,1,1995,10,24,0,16,4,10,5,7,5,14
171200,1,1,1995,12,9,16,11,18,15,5,2,11,6
171201,1,1,1995,28,28,28,28,28,28,28,28,28,28
171201,2,1,1995,0,0,0,0,0,0,0,0,0,0
171202,1,1,1995,0,0,0,0,0,0,0,0,18,0
171203,1,1,1995,27,27,27,27,27,27,27,27,27,27
171204,1,1,1995,0,0,0,0,0,0,0,0,0,0
171204,2,1,1995,0,0,0,0,0,0,0,0,0,0
171204,3,1,1995,0,0,0,0,0,0,0,0,0,0
171205,0,1,1995,19,19,19,19,19,19,19,19,19,19
171205,1,1,1995,0,0,0,0,0,0,0,0,0,0
171206,1,1,1995,0,0,0,0,0,0,0,0,0,0
171207,1,1,1995,18,18,18,18,18,18,18,18,18,18
171208,0,1,1995,0,0,0,0,0,0,0,0,0,0
171208,1,1,1995,0,0,0,0,0,0,0,15,0,0
171209,1,1,1995,14,14,14,14,14,14,14,14,14,14
171210,1,1,1995,0,0,0,0,0,0,0,0,0,0
171210,2,1,1995,0,0,0,0,0,0,0,0,0,0
171211,1,1,1995,0,0,0,0,0,0,0,0,0,0
171212,0,1,1995,24,24,24,24,24,24,24,24,24,24
171212,1,1,1995,0,21,0,0,0,12,21,0,0,0
171213,1,1,1995,0,0,0,0,0,0,0,0,0,0
171213,2,1,1995,0,0,0,0,0,0,0,0,0,18
171214,1,1,1995,20,20,20,20,20,20,20,20,20,20
171215,0,1,1995,0,0,0,0,0,0,0,0,0,0
171215,1,1,1995,0,0,0,0,0,0,0,0,0,0
171215,2,1,1995,0,0,0,0,0,0,0,0,0,0
171216,1,1,1995,0,0,0,0,0,0,0,0,0,0
171216,2,1,1995,0,0,0,0,0,0,0,0,0,0
171217,1,1,1995,0,0,0,0,0,0,0,0,0,0
171217,2,1,1995,0,0,0,0,0,0,0,0,0,0
171218,1,1,1995,0,0,0,0,0,0,0,0,0,0
171218,2,1,1995,0,0,0,0,0,0,0,0,0,0
171219,1,1,1995,5,5,5,5,5,5,5,5,5,5
171220,0,1,1995,29,29,29,29,29,29,29,29,29,29
171220,1,1,1995,0,0,0,0,0,0,0,0,0,0
171220,2,1,1995,0,0,0,0,8,0,0,0,0,0
171220,3,1,1995,0,0,0,0,0,0,0,0,0,0
171221,1,1,1995,20,20,20,20,20,20,20,20,20,20
171222,1,1,1995,0,0,0,0,0,0,0,0,0,0
171223,1,1,1995,21,21,21,21,21,21,21,21,21,21
171224,1,1,1995,16,16,16,16,16,16,16,16,16,16
171225,1,1,1995,29,29,29,29,29,29,29,29,29,29
171226,0,1,1995,0,0,0,0,0,0,0,0,0,0
171226,1,1,1995,0,0,0,0,0,0,0,0,0,0
171227,1,1,1995,14,14,14,14,14,14,14,14,14,14
171228,1,1,1995,19,19,19,19,19,19,19,19,19,19
171228,2,1,1995,12,12,12,12,12,12,12,12,12,12
171229,1,1,1995,0,0,0,0,0,0,0,0,0,0
171229,2,1,1995,0,0,0,0,0,0,0,0,0,0
171230,1,1,1995,24,0,0,0,0,0,0,0,0,0
171231,1,1,1995,0,0,0,0,0,0,0,0,0,0
171231,2,1,1995,0,0,0,0,0,0,0,0,0,0
171232,1,1,1995,0,0,0,0,0,0,0,0,0,0
171234,1,1,1995,17,17,17,17,17,17,17,17,17,17
171235,1,1,1995,0,0,0,0,0,0,0,0,0,0
171235,2,1,1995,0,0,0,0,0,0,0,0,0,0
171236,0,1,1995,27,27,27,27,27,27,27,27,27,27
171236,1,1,1995,14,0,0,0,0,24,0,0,11,0
171237,1,1,1995,27,27,27,27,27,27,27,27,27,27
171238,1,1,1995,27,27,27,27,27,27,27,27,27,27
171239,0,1,1995,23,23,23,23,23,23,23,23,23,23
171239,1,1,1995,0,0,0,0,0,0,9,0,0,0
171240,1,1,1995,14,14,14,14,14,14,14,14,14,14
171241,1,1,1995,45,17,15,18,9,25,9,18,13,22
171242,1,1,1995,11,11,11,11,11,11,11,11,11,11
171242,2,1,1995,0,0,0,0,0,0,0,0,0,0
171243,1,1,1995,0,0,0,0,0,0,0,0,0,0
171243,2,1,1995,0,0,0,0,0,0,0,0,0,0
171244,1,1,1995,13,13,13,13,13,13,13,13,13,13
171245,1,1,1995,9,9,9,9,9,9,9,9,9,9
171245,2,1,1995,0,0,0,0,0,0,0,0,6,0
171246,1,1,1995,21,21,21,21,21,21,21,21,21,21
171247,1,1,1995,19,19,19,19,19,19,19,19,19,19
171248,0,1,1995,19,19,19,19,19,19,19,19,19,19
171248,1,1,1995,0,0,0,0,20,15,3,13,0,22
171249,1,1,1995,2,2,2,2,2,2,2,2,2,2
171250,0,1,1995,0,0,0,0,0,0,0,0,0,0
171250,1,1,1995,0,0,0,0,0,0,0,0,0,0
171251,1,1,1995,18,18,18,18,18,18,18,18,18,18
171252,1,1,1995,18,18,18,18,18,18,18,18,18,18
171253,0,1,1995,17,17,17,17,17,17,17,17,17,17
171253,1,1,1995,0,0,0,0,0,0,0,0,0,0
171254,0,1,1995,0,0,0,0,0,0,0,0,0,0
171254,1,1,1995,0,0,0,0,0,0,0,0,0,0
171255,1,1,1995,0,0,0,0,0,0,0,0,0,0
171256,1,1,1995,0,0,0,0,0,0,0,0,0,0
171257,1,1,1995,0,0,0,0,0,0,0,0,0,0
171258,1,1,1995,15,15,15,15,15,15,15,15,15,15
171259,1,1,1995,0,0,0,0,0,0,0,0,0,0
171259,2,1,1995,0,0,0,0,0,0,0,0,0,0
171259,3,1,1995,15,23,23,12,11,11,17,40,26,19
171260,1,1,1995,16,16,16,16,16,16,16,16,16,16
171260,2,1,1995,0,0,0,0,0,0,0,0,10,0
171261,1,1,1995,0,0,0,0,0,0,0,0,0,0
171261,2,1,1995,0,0,0,0,0,0,0,0,0,0
171262,1,1,1995,0,0,0,0,0,0,0,0,0,0
171262,2,1,1995,0,0,0,0,0,0,0,0,0,0
171263,1,1,1995,0,0,0,22,0,0,0,0,0,0
171263,2,1,1995,0,0,0,18,0,0,0,0,0,0
171264,1,1,1995,0,0,0,0,0,0,0,0,0,0
171264,2,1,1995,0,0,0,0,0,0,0,0,0,0
171264,3,1,1995,0,0,0,0,0,0,0,0,0,0
171265,1,1,1995,0,0,0,0,0,0,0,0,0,0
171266,1,1,1995,0,0,0,0,0,0,0,0,0,0
171266,2,1,1995,0,0,0,0,0,0,0,0,0,0
171267,1,1,1995,0,4,0,3,0,0,0,0,0,0
171268,1,1,1995,0,0,0,0,0,0,0,0,0,0
171268,2,1,1995,0,0,0,0,0,0,0,0,0,0
171269,1,1,1995,0,0,0,0,0,0,0,0,0,0
171269,2,1,1995,0,0,0,0,0,0,0,0,0,0
171270,1,1,1995,0,0,0,0,0,0,0,0,0,0
171270,2,1,1995,0,0,0,0,0,0,0,0,0,0
171270,3,1,1995,0,0,0,0,0,0,0,0,0,0
171271,1,1,1995,0,0,0,0,0,0,0,0,0,0
171272,1,1,1995,5,5,5,5,5,5,5,5,5,5
171273,1,1,1995,26,26,26,26,26,26,26,26,26,26
171274,1,1,1995,0,0,0,0,0,0,0,0,0,0
171275,1,1,1995,0,0,0,0,0,0,0,0,0,0
171275,2,1,1995,0,0,0,0,0,0,0,0,0,0
171276,1,1,1995,1,1,1,1,1,1,1,1,1,1
171277,1,1,1995,25,25,25,25,25,25,25,25,25,25
171278,1,1,1995,0,0,0,0,0,0,0,0,0,0
171279,0,1,1995,0,0,0,0,0,0,0,0,0,0
171279,1,1,1995,0,0,0,0,0,0,0,0,0,0
171279,2,1,1995,0,0,0,0,0,0,0,0,0,0
171280,1,1,1995,23,23,23,23,23,23,23,23,23,23
171280,2,1,1995,0,0,0,0,0,0,0,0,0,0
171281,1,1,1995,0,0,0,0,0,0,0,0,0,0
171281,2,1,1995,0,0,0,0,0,0,0,0,0,0
171282,1,1,1995,16,16,16,16,16,16,16,16,16,16
171282,2,1,1995,0,0,0,0,0,0,0,0,0,0
171283,1,1,1995,34,32,0,13,14,0,10,16,13,12
171284,1,1,1995,0,0,0,0,0,0,0,0,0,0
171285,1,1,1995,0,0,0,0,0,0,0,0,0,0
171285,2,1,1995,0,0,0,0,0,0,0,0,0,0
171286,1,1,1995,0,0,0,0,0,0,0,0,0,0
171286,2,1,1995,0,0,0,0,0,0,0,0,0,0
171287,1,1,1995,0,0,0,0,0,0,0,0,0,0
171287,2,1,1995,0,0,0,0,0,0,0,0,0,0
171288,1,1,1995,0,0,0,0,0,0,0,0,0,0
171288,2,1,1995,0,0,0,0,0,0,0,0,0,0
171289,0,1,1995,0,0,0,0,0,0,0,0,0,0
171289,1,1,1995,0,0,0,0,0,0,0,0,0,0
171290,1,1,1995,13,12,36,28,7,16,30,3,15,13
171291,1,1,1995,0,0,0,0,0,0,0,0,0,0
171291,2,1,1995,0,0,0,0,0,0,0,0,0,0
171292,0,1,1995,30,26,0,27,48,11,0,10,13,0
171292,0,2,1995,0,0,0,0,0,0,0,0,0,0
171292,1,1,1995,0,0,0,2,5,8,0,0,0,0
171293,0,1,1995,0,0,0,0,0,0,0,0,0,0
171293,1,1,1995,0,0,0,0,0,0,0,0,0,0
171294,0,1,1995,0,0,0,0,0,0,0,0,0,0
171294,1,1,1995,0,0,0,0,16,0,0,0,0,0
171295,0,1,1995,0,0,5,0,0,0,0,0,8,0
171295,1,1,1995,5,5,5,5,5,5,5,5,5,5
171296,1,1,1995,0,0,0,0,0,0,0,0,0,0
171296,2,1,1995,0,0,0,0,0,0,0,0,0,0
171297,1,1,1995,35,35,35,35,35,35,35,35,35,35
171298,0,1,1995,0,0,0,0,0,0,0,0,0,0
171298,1,1,1995,0,0,0,0,0,0,0,0,0,0
171299,0,1,1995,0,0,0,0,5,8,0,0,0,28
171299,0,2,1995,0,29,0,0,0,0,0,0,0,0
171299,1,1,1995,0,0,0,0,0,0,0,0,0,0
171300,0,1,1995,19,19,19,19,19,19,19,19,19,19
171300,1,1,1995,0,0,0,0,0,0,0,0,0,0
171301,1,1,1995,0,0,0,0,0,0,0,0,0,0
171301,2,1,1995,0,0,0,0,0,0,0,0,0,0
171302,0,1,1995,0,0,0,0,0,0,0,0,0,0
171302,1,1,1995,0,0,0,0,0,0,15,0,0,21
171303,0,1,1995,19,19,19,19,19,19,19,19,19,19
171303,1,1,1995,0,0,0,0,0,0,0,0,0,0
171304,0,1,1995,27,27,27,27,27,27,27,27,27,27
171304,1,1,1995,0,0,14,0,0,0,16,10,0,19
171305,1,1,1995,0,0,0,0,0,0,0,0,0,0
171306,1,1,1995,0,0,0,0,0,0,0,0,0,0
171306,2,1,1995,2,2,2,2,2,2,2,2,2,2
171307,1,1,1995,0,0,0,0,0,0,0,0,0,0
171307,2,1,1995,0,0,0,0,0,0,0,0,0,0
171308,1,1,1995,0,0,0,0,0,0,0,0,0,0
171309,0,1,1995,0,0,0,0,0,0,0,0,0,0
171309,1,1,1995,0,0,0,0,0,0,0,0,0,0
171310,1,1,1995,22,33,18,15,34,9,16,21,8,19
171311,1,1,1995,15,15,15,15,15,15,15,15,15,15
171312,1,1,1995,0,0,0,0,0,0,0,0,0,0
171313,1,1,1995,0,0,0,0,0,0,0,0,0,0
171314,1,1,1995,0,0,0,0,0,0,0,0,0,0
171315,1,1,1995,0,14,11,11,10,0,14,6,7,6
171315,2,1,1995,0,0,0,0,0,0,0,0,0,0
171315,3,1,1995,0,0,0,0,0,0,0,0,0,0
171316,1,1,1995,0,12,0,0,0,0,7,0,0,0
171316,2,1,1995,18,3,8,32,21,14,0,0,23,0
171316,3,1,1995,0,0,0,0,0,0,0,9,0,0
171317,0,1,1995,9,9,9,9,9,9,9,9,9,9
171317,1,1,1995,0,0,0,0,0,0,0,0,0,0
171318,1,1,1995,20,20,20,20,20,20,20,20,20,20
171319,0,1,1995,0,0,0,0,0,0,0,0,0,0
171319,1,1,1995,0,0,0,0,0,0,0,0,0,0
171320,1,1,1995,0,0,0,0,0,0,0,0,0,0
171320,2,1,1995,0,0,0,0,0,0,0,0,0,0
171320,3,1,1995,0,0,0,0,0,0,0,0,0,0
171320,4,1,1995,0,0,0,0,0,0,0,0,0,0
171320,5,1,1995,0,0,0,0,0,0,0,0,0,0
171321,1,1,1995,26,26,26,26,26,26,26,26,26,26
171322,1,1,1995,22,22,22,22,22,22,22,22,22,22
171324,1,1,1995,14,8,10,10,24,18,0,2,13,0
171325,0,1,1995,0,0,0,0,0,0,0,0,0,0
171325,1,1,1995,30,30,30,30,30,30,30,30,30,30
171326,1,1,1995,0,0,0,0,0,0,0,0,0,0
171327,1,1,1995,24,24,24,24,24,24,24,24,24,24
171328,1,1,1995,0,0,0,0,0,0,0,0,0,0
171329,1,1,1995,32,32,32,32,32,32,32,32,32,32
171330,1,1,1995,11,11,11,11,11,11,11,11,11,11
171332,1,1,1995,0,0,0,0,0,0,0,0,0,0
171332,2,1,1995,0,0,0,0,0,0,0,0,0,0
171333,1,1,1995,0,0,0,0,0,0,0,0,0,0
171334,1,1,1995,0,0,10,0,0,0,0,0,0,0
171335,0,1,1995,0,0,0,0,0,0,0,0,0,0
171335,1,1,1995,0,0,0,0,0,0,0,17,0,14
171336,1,1,1995,0,0,0,0,0,0,0,0,0,0
171336,2,1,1995,0,0,0,0,0,0,0,4,0,0
171337,1,1,1995,7,9,21,13,24,0,16,14,0,0
171338,1,1,1995,0,0,0,0,0,0,0,0,0,0
171338,2,1,1995,0,0,0,0,0,0,0,0,0,0
171339,0,1,1995,10,10,10,10,10,10,10,10,10,10
171339,1,1,1995,0,0,0,0,0,0,0,0,0,0
171340,1,1,1995,23,23,23,23,23,23,23,23,23,23
171341,1,1,1995,19,19,19,19,19,19,19,19,19,19
171341,2,1,1995,0,0,0,0,0,0,0,0,0,0
171342,1,1,1995,23,4,0,0,15,40,0,0,15,12
171343,1,1,1995,8,8,8,8,8,8,8,8,8,8
171343,2,1,1995,0,0,0,0,0,0,0,0,0,0
171343,3,1,1995,0,0,0,0,0,0,0,0,0,0
171344,1,1,1995,20,20,20,20,20,20,20,20,20,20
171345,1,1,1995,0,0,0,0,0,0,0,0,0,0
171346,1,1,1995,0,0,0,0,0,0,0,0,0,0
171347,1,1,1995,0,0,0,0,0,0,0,0,0,0
171348,1,1,1995,0,0,0,0,0,0,0,0,0,0
171348,2,1,1995,0,0,0,0,0,0,0,0,0,0
171349,1,1,1995,0,0,0,0,0,0,0,0,0,0
171350,0,1,1995,0,0,0,0,0,0,0,0,0,0
171350,1,1,1995,0,6,0,11,11,9,16,0,38,0
171351,1,1,1995,16,16,16,16,16,16,16,16,16,16
171352,1,1,1995,0,0,0,0,0,0,0,0,0,12
171353,1,1,1995,0,0,0,0,0,0,0,0,0,0
171354,1,1,1995,12,12,12,12,12,12,12,12,12,12
171355,1,1,1995,29,29,29,29,29,29,29,29,29,29
171355,2,1,1995,0,0,0,0,0,0,0,0,0,0
171356,0,1,1995,0,0,0,0,0,0,0,0,0,0
171356,1,1,1995,0,0,0,0,0,0,0,0,0,0
171357,1,1,1995,0,0,3,11,0,0,0,0,0,0
171358,1,1,1995,18,18,18,18,18,18,18,18,18,18
171359,1,1,1995,0,0,0,0,0,0,0,0,0,0
171359,2,1,1995,0,0,0,0,0,0,9,0,0,0
171360,1,1,1995,0,0,0,0,0,0,0,0,0,0
171361,1,1,1995,3,3,3,3,3,3,3,3,3,3
171362,1,1,1995,12,12,12,12,12,12,12,12,12,12
171362,2,1,1995,0,0,0,0,0,0,0,0,0,9
171363,0,1,1995,27,27,27,27,27,27,27,27,27,27
171363,0,2,1995,5,5,5,5,5,5,5,5,5,5
171363,1,1,1995,5,17,21,5,9,5,11,9,25,0
171364,1,1,1995,0,0,0,0,0,0,0,0,0,0
171364,2,1,1995,0,0,0,0,0,0,0,0,0,0
171365,1,1,1995,0,0,0,0,0,0,0,0,0,0
171365,2,1,1995,0,0,0,0,0,0,0,0,0,0
171366,1,1,1995,9,9,9,9,9,9,9,9,9,9
171367,1,1,1995,21,21,21,21,21,21,21,21,21,21
171368,1,1,1995,0,0,0,0,0,0,0,0,0,0
171368,2,1,1995,0,0,0,0,0,0,0,0,0,0
171369,1,1,1995,23,23,23,23,23,23,23,23,23,23
171369,2,1,1995,0,0,0,0,0,0,0,0,0,0
171370,1,1,1995,16,0,0,0,0,0,0,18,0,0
171371,1,1,1995,19,19,19,19,19,19,19,19,19,19
171371,2,1,1995,19,19,19,19,19,19,19,19,19,19
171371,3,1,1995,0,0,0,0,0,0,0,0,0,0
171371,4,1,1995,0,0,0,0,0,5,0,0,0,0
171373,1,1,1995,17,17,17,17,17,17,17,17,17,17