ST_CASE,VEH_NO,PER_NO,YEAR,P1,P2,P3,P4,P5,P6,P7,P8,P9,P10
180493,1,1,1995,0,0,0,25,0,0,0,0,0,0
180493,2,1,1995,0,0,0,0,0,0,0,0,0,0
180494,1,1,1995,6,6,6,6,6,6,6,6,6,6
180495,1,1,1995,7,7,7,7,7,7,7,7,7,7
180495,2,1,1995,2,2,2,2,2,2,2,2,2,2
180496,1,1,1995,11,11,11,11,11,11,11,11,11,11
180496,2,1,1995,7,19,19,0,13,16,0,25,23,0
180497,1,1,1995,0,0,0,0,0,0,0,0,0,0
180498,1,1,1995,0,0,0,0,0,0,0,0,0,0
180498,2,1,1995,0,0,0,0,0,0,0,0,0,0
180499,0,1,1995,0,0,0,0,0,0,0,0,0,0
180499,1,1,1995,0,0,0,0,0,0,0,0,0,0
180500,1,1,1995,18,18,18,18,18,18,18,18,18,18
180501,0,1,1995,21,21,21,21,21,21,21,21,21,21
180501,1,1,1995,0,0,0,39,0,0,0,0,0,0
180502,1,1,1995,8,8,8,8,8,8,8,8,8,8
180502,2,1,1995,0,0,0,0,0,0,0,0,0,0
180503,1,1,1995,0,0,0,0,0,0,0,0,0,0
180503,2,1,1995,0,0,0,0,0,0,0,0,0,0
180504,1,1,1995,16,16,16,16,16,16,16,16,16,16
180505,1,1,1995,5,0,0,6,0,0,0,0,0,15
180506,1,1,1995,23,23,23,23,23,23,23,23,23,23
180506,2,1,1995,0,0,0,0,0,0,0,0,0,0
180507,1,1,1995,25,25,25,25,25,25,25,25,25,25
180508,0,1,1995,15,15,15,15,15,15,15,15,15,15
180508,1,1,1995,0,0,0,0,0,0,0,0,0,0
180509,1,1,1995,9,9,9,9,9,9,9,9,9,9
180509,2,1,1995,0,0,0,0,0,0,0,0,0,0
180510,1,1,1995,13,0,18,0,18,28,16,0,12,0
180511,1,1,1995,10,10,10,10,10,10,10,10,10,10
180511,2,1,1995,0,0,0,0,0,0,0,0,0,0
180512,2,1,1995,0,0,0,0,0,0,0,0,0,0
180513,0,1,1995,0,0,0,0,0,0,0,0,0,0
180513,1,1,1995,29,29,29,29,29,29,29,29,29,29
180514,1,1,1995,0,0,14,0,0,0,0,0,0,0
180515,1,1,1995,0,0,0,0,0,0,0,0,0,0
180515,2,1,1995,0,0,0,0,0,0,0,0,0,0
180516,1,1,1995,0,0,0,0,0,0,0,0,0,0
180516,2,1,1995,0,0,0,0,0,0,0,0,0,0
180517,1,1,1995,21,21,21,21,21,21,21,21,21,21
180518,1,1,1995,0,0,0,0,0,0,0,0,0,8
180519,1,1,1995,0,0,0,0,0,0,0,0,0,0
180519,2,1,1995,0,0,0,0,0,0,0,0,0,0
180520,1,1,1995,18,18,18,18,18,18,18,18,18,18
180521,1,1,1995,0,0,0,0,0,0,0,0,0,0
180521,2,1,1995,0,0,0,0,0,0,0,0,0,0
180522,0,1,1995,0,0,0,0,0,0,0,0,0,0
180522,1,1,1995,0,0,0,0,0,0,10,0,0,0
180523,1,1,1995,3,3,3,3,3,3,3,3,3,3
180524,1,1,1995,0,0,0,0,0,0,0,0,0,0
180524,2,1,1995,0,0,0,0,0,0,0,0,0,0
180525,0,1,1995,0,0,0,0,0,0,0,0,0,0
180525,1,1,1995,0,8,0,0,0,19,16,0,5,0
180526,1,1,1995,0,0,0,0,0,0,0,0,0,0
180527,1,1,1995,0,0,0,0,0,0,0,0,0,0
180528,1,1,1995,0,0,0,0,0,0,0,0,0,0
180528,2,1,1995,0,0,0,0,0,0,0,0,0,0
180529,1,1,1995,0,0,0,0,0,9,0,7,0,0
180530,1,1,1995,11,11,11,11,11,11,11,11,11,11
180531,1,1,1995,0,0,0,0,0,0,0,0,0,0
180532,1,1,1995,0,0,0,0,0,0,0,0,0,0
180532,2,1,1995,0,0,0,0,0,0,0,0,0,0
180533,1,1,1995,0,0,0,0,0,0,0,0,0,0
180533,2,1,1995,0,0,0,0,0,0,0,0,0,0
180534,1,1,1995,0,0,0,0,0,0,0,0,0,0
180535,1,1,1995,0,0,0,0,0,0,0,0,0,0
180535,2,1,1995,0,0,0,0,0,0,0,0,0,0
180536,1,1,1995,0,0,0,0,0,0,0,0,0,0
180536,2,1,1995,0,0,0,0,0,0,0,0,0,0
180536,3,1,1995,0,0,0,0,0,0,0,0,0,0
180537,1,1,1995,19,19,19,19,19,19,19,19,19,19
180538,1,1,1995,0,0,0,0,0,0,0,0,0,0
180538,2,1,1995,0,0,0,0,0,0,0,0,0,0
180539,1,1,1995,22,22,22,22,22,22,22,22,22,22
180540,1,1,1995,20,20,20,20,20,20,20,20,20,20
180541,0,1,1995,0,0,0,0,0,27,0,0,0,0
180541,1,1,1995,0,0,0,0,0,0,0,0,0,0
180542,1,1,1995,0,0,0,0,0,0,0,0,0,0
180543,1,1,1995,0,0,0,0,0,0,0,0,0,0
180543,2,1,1995,0,0,0,0,0,0,0,0,0,0
180544,1,1,1995,12,12,12,12,12,12,12,12,12,12
180545,1,1,1995,0,0,0,0,0,0,0,0,0,0
180546,0,1,1995,0,0,14,0,4,0,0,0,0,0
180546,1,1,1995,0,0,0,0,0,0,0,0,0,0
180547,1,1,1995,29,29,29,29,29,29,29,29,29,29
180547,2,1,1995,0,0,0,0,0,0,0,0,0,0
180548,1,1,1995,31,31,31,31,31,31,31,31,31,31
180548,2,1,1995,0,0,0,0,0,0,0,0,0,0
180549,1,1,1995,0,0,0,0,0,0,0,0,0,0
180550,1,1,1995,0,0,0,0,0,0,0,0,0,0
180550,2,1,1995,0,0,0,0,0,0,0,0,0,0
180550,3,1,1995,0,0,0,0,0,0,0,0,0,0
180550,4,1,1995,0,0,0,0,0,0,0,0,0,0
180550,5,1,1995,0,0,0,0,0,0,0,0,0,0
180551,0,1,1995,0,0,0,0,0,0,0,0,0,0
180551,1,1,1995,0,0,0,0,0,0,0,0,0,0
180552,1,1,1995,2,2,2,2,2,2,2,2,2,2
180552,2,1,1995,0,0,0,0,0,0,0,0,0,0
180553,1,1,1995,0,0,0,0,0,0,0,0,0,0
180553,2,1,1995,0,0,0,0,0,0,0,0,0,0
180553,3,1,1995,0,0,0,0,0,0,0,0,0,0
180554,1,1,1995,0,0,0,0,0,0,0,0,0,0
180554,2,1,1995,0,0,0,0,0,0,0,0,0,0
180555,1,1,1995,0,0,0,0,0,0,0,0,0,0
180556,1,1,1995,13,13,13,13,13,13,13,13,13,13
180557,1,1,1995,0,0,0,0,0,0,0,0,0,0
180557,2,1,1995,2,2,2,2,2,2,2,2,2,2
180558,1,1,1995,0,0,0,0,0,11,0,0,19,0
180559,0,1,1995,0,0,0,0,0,0,0,0,0,0
180559,1,1,1995,0,0,0,0,0,0,0,0,0,0
180560,1,1,1995,0,0,0,0,0,0,0,0,0,0
180560,2,1,1995,0,0,0,0,0,0,0,0,0,0
180561,1,1,1995,0,0,0,0,0,0,0,0,0,0
180561,2,1,1995,0,0,0,0,0,0,0,0,0,0
180562,1,1,1995,1,1,1,1,1,1,1,1,1,1
180563,1,1,1995,0,0,0,0,0,0,0,0,0,0
180563,2,1,1995,0,0,0,0,0,0,0,0,0,0
180564,1,1,1995,10,37,8,21,0,26,0,2,27,14
180565,1,1,1995,0,0,0,0,0,0,0,0,0,0
180565,2,1,1995,0,0,0,0,0,0,0,0,0,0
180566,1,1,1995,19,19,19,19,19,19,19,19,19,19
180567,0,1,1995,19,0,0,0,0,0,0,16,0,0
180567,1,1,1995,15,0,17,0,21,0,10,32,10,0
180567,2,1,1995,0,0,0,0,0,0,9,0,0,0
180567,3,1,1995,0,0,0,0,0,0,0,0,0,0
180568,1,1,1995,25,25,25,25,25,25,25,25,25,25
180569,0,1,1995,0,0,0,17,22,0,10,0,0,13
180569,1,1,1995,0,0,6,0,0,13,11,0,19,19
180570,0,1,1995,0,25,15,0,0,0,0,0,0,6
180570,1,1,1995,0,0,0,0,0,0,0,0,0,0
180571,1,1,1995,0,0,0,0,0,6,0,0,0,0
180572,0,1,1995,0,0,0,0,0,0,0,0,0,0
180572,1,1,1995,0,0,0,0,0,0,0,0,0,0
180573,0,1,1995,0,0,0,0,0,0,0,0,0,0
180573,1,1,1995,0,0,0,0,0,0,0,0,0,0
180574,1,1,1995,33,33,33,33,33,33,33,33,33,33
180575,1,1,1995,0,0,0,0,0,0,0,0,0,0
180576,1,1,1995,0,0,0,0,0,0,0,0,0,0
180577,1,1,1995,0,0,0,0,0,0,0,0,0,0
180578,0,1,1995,33,33,33,33,33,33,33,33,33,33
180578,1,1,1995,0,0,0,0,0,0,0,0,0,0
180579,1,1,1995,22,22,22,22,22,22,22,22,22,22
180579,2,1,1995,27,27,27,27,27,27,27,27,27,27
180580,1,1,1995,0,0,0,0,0,0,0,0,0,0
180580,2,1,1995,22,0,0,0,18,11,15,23,11,7
180581,1,1,1995,17,17,17,17,17,17,17,17,17,17
180582,1,1,1995,0,24,12,0,0,0,0,0,0,0
180582,2,1,1995,0,0,0,0,0,0,0,0,0,0
180583,1,1,1995,0,0,0,0,0,0,0,0,0,0
180583,2,1,1995,0,0,0,0,0,0,0,0,0,0
180584,1,1,1995,0,0,0,0,0,0,0,0,0,0
180584,2,1,1995,0,11,0,0,11,0,0,10,0,0
180584,3,1,1995,0,0,0,0,0,0,0,2,0,0
180585,1,1,1995,0,0,0,0,0,0,0,0,0,0
180585,2,1,1995,0,0,0,0,0,0,0,0,0,0
180586,1,1,1995,0,19,10,0,0,7,10,0,0,0
180587,1,1,1995,0,0,0,0,0,0,0,0,0,0
180588,1,1,1995,0,0,0,0,0,0,0,0,0,0
180588,2,1,1995,0,0,0,0,0,13,0,0,0,0
180589,1,1,1995,5,5,5,5,5,5,5,5,5,5
180589,2,1,1995,0,0,0,0,0,0,0,0,0,0
180590,0,1,1995,0,0,0,0,0,0,0,0,0,0
180590,1,1,1995,0,7,0,0,0,0,0,0,0,0
180591,1,1,1995,18,0,7,12,0,10,0,0,12,9
180592,0,1,1995,0,0,0,0,0,0,0,0,0,0
180592,1,1,1995,0,0,0,0,0,0,0,0,0,0
180593,1,1,1995,0,0,0,0,0,0,0,0,0,0
180594,1,1,1995,0,0,0,0,20,0,0,0,0,0
180595,0,1,1995,17,17,17,17,17,17,17,17,17,17
180595,1,1,1995,0,0,0,0,0,0,0,0,0,0
180596,1,1,1995,0,0,0,0,0,0,0,0,0,0
180597,1,1,1995,0,0,0,0,0,0,0,0,0,0
180597,2,1,1995,0,0,0,0,0,0,0,0,0,0
180598,1,1,1995,0,0,0,0,0,0,0,0,0,0
180598,2,1,1995,0,0,0,0,0,0,0,0,0,0
180598,3,1,1995,0,0,0,0,14,0,0,0,0,0
180599,1,1,1995,0,0,0,0,0,0,0,0,0,0
180599,2,1,1995,0,0,0,0,0,0,0,0,0,0
180600,1,1,1995,0,0,0,0,0,0,0,0,0,0
180600,2,1,1995,0,0,0,0,0,0,0,0,0,0
180601,1,1,1995,19,12,17,15,24,24,36,8,27,28
180601,2,1,1995,5,5,5,5,5,5,5,5,5,5
180602,1,1,1995,29,29,29,29,29,29,29,29,29,29
180603,1,1,1995,20,20,20,20,20,20,20,20,20,20
180603,2,1,1995,13,22,0,0,0,0,0,0,0,0
180604,0,1,1995,16,16,16,16,16,16,16,16,16,16
180604,1,1,1995,0,25,19,18,28,10,8,8,18,7
180605,1,1,1995,15,24,0,0,0,18,0,0,19,0
180606,1,1,1995,21,21,21,21,21,21,21,21,21,21
180607,1,1,1995,21,21,21,21,21,21,21,21,21,21
180607,2,1,1995,0,0,0,0,0,0,0,0,0,0
180608,1,1,1995,4,4,4,4,4,4,4,4,4,4
180608,2,1,1995,0,0,0,0,0,0,0,0,0,0
180609,1,1,1995,0,0,0,0,0,0,0,0,0,0
180610,1,1,1995,0,0,0,0,0,0,0,0,0,0
180610,2,1,1995,0,0,0,0,0,0,0,0,0,0
180611,1,1,1995,0,0,0,0,0,0,0,0,0,0
180611,2,1,1995,0,0,0,0,0,0,0,0,0,0
180612,1,1,1995,19,19,19,19,19,19,19,19,19,19
180613,1,1,1995,0,0,0,0,0,0,0,0,0,0
180613,2,1,1995,0,0,0,0,0,0,0,0,0,0
180613,3,1,1995,0,0,0,0,0,0,0,0,0,0
180614,0,1,1995,0,0,0,0,0,0,0,0,0,0
180614,1,1,1995,0,0,0,0,0,0,0,0,0,0
180615,1,1,1995,0,0,0,0,0,0,0,0,0,0
180615,2,1,1995,0,0,0,0,0,0,0,0,0,0
180616,1,1,1995,18,18,18,18,18,18,18,18,18,18
180617,1,1,1995,24,16,34,10,19,37,29,2,23,21
180618,1,1,1995,0,0,0,0,0,0,0,0,0,0
180619,1,1,1995,0,0,0,0,0,0,0,0,0,0
180619,2,1,1995,0,0,0,17,0,0,0,0,0,0
180620,1,1,1995,0,0,0,0,0,0,0,0,0,0
180620,2,1,1995,0,0,0,0,0,0,0,0,0,0
180620,3,1,1995,0,0,0,0,0,0,0,0,0,0
180621,1,1,1995,0,0,0,0,0,0,0,0,0,0
180621,2,1,1995,0,0,0,0,0,0,0,0,0,0
180622,0,1,1995,0,0,0,0,0,0,0,0,0,0
180622,1,1,1995,0,0,0,0,0,0,0,0,0,0
180623,1,1,1995,0,0,0,0,0,0,0,0,0,0
180623,2,1,1995,0,0,0,0,0,0,0,0,0,0
180624,1,1,1995,7,7,7,7,7,7,7,7,7,7
180624,2,1,1995,0,0,0,8,0,0,0,0,0,7
180625,1,1,1995,0,0,0,0,0,0,0,0,0,15
180625,2,1,1995,0,0,0,0,0,0,0,0,0,0
180626,1,1,1995,0,0,0,0,0,0,0,0,0,0
180626,2,1,1995,0,0,0,0,0,0,0,0,0,0
180627,0,1,1995,0,0,0,0,0,0,0,0,0,0
180627,1,1,1995,0,0,0,0,0,0,0,0,0,0
180628,1,1,1995,0,0,0,0,0,0,0,0,0,0
180628,2,1,1995,0,0,0,0,0,0,0,0,0,0
180629,1,1,1995,0,0,0,0,0,0,0,0,0,0
180629,2,1,1995,0,0,0,0,0,0,0,0,0,0
180630,1,1,1995,36,36,36,36,36,36,36,36,36,36
180631,1,1,1995,19,19,19,19,19,19,19,19,19,19
180632,1,1,1995,0,0,0,0,0,0,0,0,0,0
180632,2,1,1995,0,0,0,0,0,0,0,0,0,0
180632,3,1,1995,0,0,0,0,0,0,0,0,0,0
180632,4,1,1995,0,0,0,0,0,0,0,0,0,0
180633,1,1,1995,0,0,0,21,0,0,0,0,0,0
180634,1,1,1995,0,13,0,0,0,11,0,0,0,0
180635,1,1,1995,0,0,0,0,0,0,0,0,0,0
180635,2,1,1995,0,0,0,0,0,0,0,0,0,0
180636,1,1,1995,0,0,0,0,0,0,0,0,0,0
180636,2,1,1995,0,0,0,8,0,0,0,0,0,0
180637,1,1,1995,0,0,0,15,0,0,0,0,0,0
180637,2,1,1995,0,0,0,0,0,0,0,0,0,0
180638,1,1,1995,0,0,0,0,0,0,0,0,0,0
180638,2,1,1995,0,0,0,0,0,0,0,0,0,0
180638,3,1,1995,3,3,3,3,3,3,3,3,3,3
180639,1,1,1995,0,0,0,0,0,0,0,0,0,0
180640,1,1,1995,0,0,0,0,0,0,0,0,0,0
180640,2,1,1995,0,0,0,0,0,0,0,0,0,0
180641,1,1,1995,0,0,0,0,0,0,5,0,0,0
180642,1,1,1995,19,11,14,24,22,14,15,30,16,9
180643,1,1,1995,0,0,0,0,0,0,0,0,0,0
180643,2,1,1995,0,0,0,0,0,0,0,0,0,0
180644,1,1,1995,0,0,0,0,0,0,0,0,0,0
180644,2,1,1995,0,0,0,0,0,0,0,0,0,0
180645,1,1,1995,0,0,0,0,0,0,0,0,0,0
180645,2,1,1995,0,0,0,10,0,0,0,0,0,0
180646,0,1,1995,0,0,0,5,0,0,0,0,0,0
180646,1,1,1995,12,12,12,12,12,12,12,12,12,12
180647,1,1,1995,0,0,0,0,14,0,8,0,0,0
180647,2,1,1995,0,0,0,0,0,0,0,0,0,0
180648,1,1,1995,0,0,0,0,0,0,0,0,0,0
180648,2,1,1995,0,0,0,0,0,0,0,0,0,0
180649,1,1,1995,33,26,18,20,14,26,17,33,31,28
180650,0,1,1995,0,0,0,0,0,0,0,0,0,0
180650,1,1,1995,0,0,0,0,0,0,0,0,0,0
180651,1,1,1995,0,0,0,0,0,0,0,0,0,0
180651,2,1,1995,0,0,0,0,0,0,0,0,0,0
180652,1,1,1995,25,25,25,25,25,25,25,25,25,25
180653,1,1,1995,21,21,21,21,21,21,21,21,21,21
180653,2,1,1995,0,0,0,0,0,0,0,0,0,0
180653,3,1,1995,0,0,0,0,0,0,0,0,0,0
180655,1,1,1995,0,0,0,0,0,0,0,0,0,0
180656,1,1,1995,0,0,16,17,0,0,0,0,9,0
180656,2,1,1995,0,0,0,0,0,0,0,0,0,0
180657,1,1,1995,0,0,0,0,0,0,0,0,0,0
180658,1,1,1995,19,19,19,19,19,19,19,19,19,19
180658,2,1,1995,0,0,0,0,0,0,0,0,0,0
180659,1,1,1995,5,5,5,5,5,5,5,5,5,5
180660,1,1,1995,27,27,27,27,27,27,27,27,27,27
180661,1,1,1995,27,27,27,27,27,27,27,27,27,27
180662,1,1,1995,0,0,0,0,0,0,0,0,0,0
180662,2,1,1995,2,2,2,2,2,2,2,2,2,2
180663,1,1,1995,0,0,0,0,0,0,0,0,0,0
180663,2,1,1995,0,0,0,0,0,0,0,0,0,0
180664,1,1,1995,0,0,0,0,0,0,0,0,0,0
180665,1,1,1995,0,0,0,0,0,0,0,0,0,0
180666,1,1,1995,6,5,12,8,9,0,0,8,0,19
180667,1,1,1995,0,0,0,0,0,0,0,0,0,0
180668,1,1,1995,22,22,22,22,22,22,22,22,22,22
180668,2,1,1995,0,0,0,0,0,0,0,0,0,0
180669,1,1,1995,3,19,0,0,0,0,0,0,0,15
180670,1,1,1995,23,18,17,4,8,20,17,9,6,6
180670,2,1,1995,0,0,0,0,0,0,0,0,0,0
180672,1,1,1995,15,15,15,15,15,15,15,15,15,15
180672,2,1,1995,0,0,0,0,0,0,0,0,0,0
180673,1,1,1995,0,0,0,0,0,0,0,0,0,0
180673,2,1,1995,0,0,0,0,0,0,0,0,0,0
180673,3,1,1995,0,0,0,0,0,0,0,0,0,0
180674,1,1,1995,0,0,0,0,0,11,0,0,0,0
180674,2,1,1995,0,0,0,0,0,0,0,0,0,0
180675,1,1,1995,0,0,0,0,0,0,0,0,0,0
180675,2,1,1995,0,0,0,0,0,0,0,0,0,0
180676,1,1,1995,0,0,0,0,0,0,0,0,0,18
180677,1,1,1995,4,0,0,0,0,0,0,0,0,0
180678,0,1,1995,0,0,0,0,0,0,0,0,0,0
180678,1,1,1995,0,0,0,0,0,0,0,0,0,0
180679,1,1,1995,23,23,23,23,23,23,23,23,23,23
180680,1,1,1995,0,0,0,0,0,0,0,0,0,0
180680,2,1,1995,0,0,0,0,0,0,0,0,0,0
180680,3,1,1995,0,0,0,0,0,0,0,0,0,0
180681,1,1,1995,13,13,13,13,13,13,13,13,13,13
180681,2,1,1995,0,0,0,0,0,0,0,0,0,0
180682,0,1,1995,0,0,0,0,0,0,0,0,0,0
180682,1,1,1995,0,0,0,0,0,0,0,0,0,0
180683,1,1,1995,18,18,18,18,18,18,18,18,18,18
180684,1,1,1995,0,0,0,0,0,0,0,0,0,0
180685,1,1,1995,0,0,0,0,0,0,0,0,0,0
180686,1,1,1995,0,0,0,0,0,0,0,0,0,0
180686,2,1,1995,0,0,0,0,0,0,0,0,0,0
180686,3,1,1995,0,0,0,0,0,0,0,0,0,0
180687,1,1,1995,0,0,0,0,0,0,0,0,21,0
180687,2,1,1995,0,0,0,0,0,0,0,0,0,0
180687,3,1,1995,0,0,0,0,0,0,0,0,0,0
180688,1,1,1995,0,0,0,0,0,0,0,0,0,0
180689,1,1,1995,0,0,0,0,0,0,0,0,0,0
180689,2,1,1995,12,12,12,12,12,12,12,12,12,12
180690,1,1,1995,0,0,0,0,0,0,0,0,0,0
180690,2,1,1995,0,0,0,0,0,0,0,0,0,0
180691,1,1,1995,20,20,20,20,20,20,20,20,20,20
180691,2,1,1995,0,0,0,0,0,0,0,0,0,0
180692,1,1,1995,12,0,0,0,29,0,0,0,0,19
180693,1,1,1995,0,0,0,0,0,0,0,0,0,0
180693,2,1,1995,0,0,0,0,0,0,0,0,0,0
180694,1,1,1995,0,0,0,0,0,0,0,0,0,0
180694,2,1,1995,0,0,0,0,0,0,0,0,0,0
180695,1,1,1995,20,20,20,20,20,20,20,20,20,20
180696,1,1,1995,0,0,0,0,0,0,0,0,0,0
180696,2,1,1995,0,0,0,0,0,0,0,0,0,0
180696,3,1,1995,0,0,0,0,0,0,0,0,0,0
180697,1,1,1995,0,0,0,0,0,0,0,0,0,0
180697,2,1,1995,0,0,0,0,0,0,0,0,0,0
180698,1,1,1995,0,0,0,0,0,0,0,0,0,0
180698,2,1,1995,0,0,0,0,0,0,0,0,0,0
180699,1,1,1995,13,13,13,13,13,13,13,13,13,13
180700,1,1,1995,28,28,28,28,28,28,28,28,28,28
180701,1,1,1995,0,0,0,0,0,0,0,0,0,0
180702,1,1,1995,11,11,11,11,11,11,11,11,11,11
180703,1,1,1995,16,16,16,16,16,16,16,16,16,16
180704,1,1,1995,5,0,0,0,0,0,0,0,0,0
180704,2,1,1995,0,0,0,0,14,0,0,0,0,0
180705,1,1,1995,7,7,7,7,7,7,7,7,7,7
180706,1,1,1995,0,0,0,0,0,0,0,0,0,0
180706,2,1,1995,0,0,0,0,0,0,0,0,0,0
180707,1,1,1995,0,0,0,0,0,0,0,0,0,0
180707,2,1,1995,0,0,0,0,0,0,0,0,0,0
180707,3,1,1995,0,0,0,0,12,0,0,28,0,0
180708,1,1,1995,0,0,0,0,0,0,0,0,0,0
180708,2,1,1995,15,15,15,15,15,15,15,15,15,15
180708,3,1,1995,0,0,0,0,0,0,0,0,0,16
180709,1,1,1995,0,0,0,0,0,0,0,0,0,0
180709,2,1,1995,0,0,0,0,0,0,0,0,0,0
180710,0,1,1995,0,0,0,0,0,0,0,0,0,0
180710,1,1,1995,0,0,0,0,0,0,0,0,0,0
180711,1,1,1995,19,21,8,23,21,16,17,9,23,22
180712,1,1,1995,0,0,0,0,0,0,0,0,0,0
180712,2,1,1995,0,0,0,0,0,0,10,0,0,0
180713,0,1,1995,0,0,0,0,0,0,0,0,10,0
180713,1,1,1995,0,0,0,0,0,0,0,0,0,0
180714,1,1,1995,0,0,0,0,0,0,0,0,0,0
180715,1,1,1995,0,0,0,0,0,0,0,0,0,0
180715,2,1,1995,0,0,0,0,0,0,0,0,0,0
180716,1,1,1995,0,0,0,0,0,0,0,0,0,9
180716,2,1,1995,0,0,0,0,0,0,34,0,0,0
180717,1,1,1995,32,0,0,0,0,0,0,0,0,0
180717,2,1,1995,0,0,0,0,0,0,0,0,0,0
180717,3,1,1995,0,0,0,0,0,0,0,0,0,0
180717,4,1,1995,0,0,0,0,0,0,0,0,0,0
180717,5,1,1995,0,0,0,0,0,0,0,0,0,0
180718,1,1,1995,0,0,0,0,0,0,0,0,0,0
180718,2,1,1995,16,16,16,16,16,16,16,16,16,16
180719,1,1,1995,0,0,0,0,0,0,0,0,10,0
180719,2,1,1995,0,0,0,0,0,0,0,0,0,0
180720,0,1,1995,16,16,16,16,16,16,16,16,16,16
180720,1,1,1995,0,0,0,0,0,0,0,0,0,0
180721,1,1,1995,0,0,0,0,0,0,0,0,0,0
180722,0,1,1995,33,33,33,33,33,33,33,33,33,33
180722,1,1,1995,0,0,0,0,0,0,0,0,0,0
180723,1,1,1995,12,12,12,12,12,12,12,12,12,12
180724,1,1,1995,17,17,17,17,17,17,17,17,17,17
180725,1,1,1995,21,21,21,21,21,21,21,21,21,21
180725,2,1,1995,0,0,0,0,0,0,0,0,0,0
180726,1,1,1995,0,0,0,0,0,0,0,0,0,0
180726,2,1,1995,0,0,0,0,0,0,0,0,0,0
180727,1,1,1995,0,0,0,0,0,0,0,0,0,0
180727,2,1,1995,0,0,0,0,0,0,0,0,0,0
180728,1,1,1995,7,19,5,7,12,19,2,8,14,6
180728,2,1,1995,14,0,0,0,0,0,5,25,0,0
180730,1,1,1995,0,0,0,0,0,0,0,0,0,0
180730,2,1,1995,0,0,0,0,0,0,0,0,0,0
180730,3,1,1995,0,0,0,0,0,0,0,0,0,0
180731,1,1,1995,0,0,0,0,0,0,0,0,0,0
180731,2,1,1995,0,0,0,0,0,0,0,0,0,0
180732,1,1,1995,0,19,0,0,0,0,8,27,8,16
180732,2,1,1995,0,0,0,0,0,0,0,0,0,0
180733,1,1,1995,14,0,0,4,0,22,0,0,18,0
180734,1,1,1995,0,0,0,0,0,0,0,0,0,0
180735,1,1,1995,0,0,0,0,0,0,0,0,0,0
180736,1,1,1995,2,2,2,2,2,2,2,2,2,2
180737,1,1,1995,0,0,0,0,0,0,0,0,0,0
180738,1,1,1995,0,0,0,0,0,0,0,0,0,0
180739,1,1,1995,0,0,0,0,0,0,0,0,0,0
180740,1,1,1995,0,0,0,0,0,0,0,0,0,0
180740,2,1,1995,0,0,0,0,0,0,0,0,0,0
180740,3,1,1995,0,0,0,0,0,0,0,0,0,0
180741,1,1,1995,0,0,0,0,0,0,0,0,0,0
180742,1,1,1995,0,0,0,0,0,0,0,0,0,0
180743,1,1,1995,0,0,0,0,0,0,0,0,0,0
180744,1,2,1995,9,9,14,0,0,0,16,9,0,0
180745,1,1,1995,11,11,11,11,11,11,11,11,11,11
180746,0,1,1995,0,0,27,16,0,0,0,0,0,20
180746,1,1,1995,0,0,0,0,0,0,0,0,0,0
180747,0,1,1995,0,0,0,0,0,0,0,0,0,0
180747,1,1,1995,0,0,0,0,0,0,0,0,0,0
180748,1,1,1995,0,0,0,0,0,0,0,0,0,0
180748,2,1,1995,0,0,0,0,0,0,0,0,0,0
180749,0,1,1995,19,0,46,17,0,0,0,0,0,0
180749,1,1,1995,0,0,0,0,0,0,0,0,0,0
180750,1,1,1995,0,0,0,0,0,0,0,0,0,0
180750,2,1,1995,0,0,0,0,0,0,0,0,0,0
180751,1,1,1995,0,0,0,0,0,0,0,0,0,0
180751,2,1,1995,0,0,0,0,0,0,0,0,0,0
180752,0,1,1995,0,0,0,0,0,0,0,0,0,0
180752,1,1,1995,0,0,0,0,0,0,0,0,0,0
180753,1,1,1995,0,0,0,0,0,0,0,0,0,0
180754,1,1,1995,11,11,11,11,11,11,11,11,11,11
180755,0,1,1995,0,0,0,0,0,0,0,0,0,0
180755,1,1,1995,0,0,0,0,0,0,0,0,0,0
180756,1,1,1995,17,16,5,32,11,22,28,14,0,14
180757,1,1,1995,0,0,0,0,0,0,0,0,0,0
180757,2,1,1995,0,0,0,0,0,0,0,0,0,0
180758,1,1,1995,0,0,0,0,0,0,0,0,0,0
180758,2,1,1995,0,0,0,0,0,0,0,0,0,0
180759,1,1,1995,0,0,0,0,0,0,0,0,0,0
180760,1,1,1995,0,0,0,0,0,0,0,0,0,0
180760,2,1,1995,0,0,0,0,0,0,0,0,0,0
180760,3,1,1995,0,0,0,0,0,0,0,0,0,0
180761,1,1,1995,14,31,0,20,0,0,0,0,0,0
180761,2,1,1995,0,0,0,0,0,0,0,0,0,0
180762,1,1,1995,5,5,5,5,5,5,5,5,5,5
180763,1,1,1995,0,0,0,0,0,0,0,0,0,0
180764,1,1,1995,0,0,0,23,0,0,12,0,0,0
180765,1,1,1995,26,26,26,26,26,26,26,26,26,26
180766,1,1,1995,0,0,0,0,0,0,0,0,0,0
180766,2,1,1995,0,0,0,0,0,0,0,0,0,0
180767,1,1,1995,0,0,0,0,0,0,0,0,0,0
180767,2,1,1995,0,6,0,0,0,0,0,0,0,0
180768,0,1,1995,0,0,0,0,0,0,0,0,0,0
180768,1,1,1995,0,0,0,0,0,0,0,0,0,0
180768,2,1,1995,0,0,0,0,0,0,0,0,0,0
180769,1,1,1995,0,0,0,0,0,0,0,0,0,0
180769,2,1,1995,26,0,0,0,0,0,0,0,0,0