ST_CASE,VEH_NO,PER_NO,YEAR,P1,P2,P3,P4,P5,P6,P7,P8,P9,P10
180770,1,1,1995,0,0,0,0,0,0,0,0,0,0
180770,2,1,1995,0,0,0,0,0,0,0,0,0,0
180771,1,1,1995,0,0,0,0,0,0,0,0,0,0
180771,2,1,1995,0,0,0,0,0,0,4,0,0,11
180772,1,1,1995,12,13,18,28,11,11,6,29,8,13
180772,2,1,1995,0,0,0,0,0,0,0,0,0,0
180772,3,1,1995,19,10,16,9,18,7,12,14,12,6
180773,1,1,1995,0,0,0,0,0,0,0,0,0,0
180774,1,1,1995,23,23,23,23,23,23,23,23,23,23
180775,1,1,1995,0,0,0,0,0,0,0,0,0,0
180776,1,1,1995,0,0,0,0,0,0,0,0,0,0
180777,1,1,1995,0,0,0,0,0,0,0,27,0,22
180778,1,1,1995,0,0,0,0,0,0,0,0,0,0
180778,2,1,1995,0,0,0,0,0,0,0,0,0,0
180779,1,1,1995,0,0,0,0,0,0,0,0,0,0
180780,1,1,1995,0,0,0,0,0,0,0,0,0,0
180780,2,1,1995,0,0,0,0,0,0,0,0,0,0
180781,1,1,1995,0,0,0,0,0,0,0,0,0,0
180782,1,1,1995,11,11,11,11,11,11,11,11,11,11
180783,1,1,1995,0,0,0,12,0,0,21,0,0,0
180784,1,1,1995,0,0,0,0,0,0,0,0,0,0
180785,0,1,1995,0,0,0,0,0,0,0,0,0,0
180785,1,1,1995,0,0,0,0,0,0,0,7,8,2
180786,1,1,1995,0,0,0,0,0,0,0,0,0,0
180786,2,1,1995,0,0,0,0,14,0,0,0,0,0
180787,0,1,1995,0,0,0,0,0,0,0,0,0,0
180787,1,1,1995,0,0,0,0,0,0,0,0,0,0
180788,1,1,1995,28,28,28,28,28,28,28,28,28,28
180789,0,1,1995,47,47,47,47,47,47,47,47,47,47
180789,1,1,1995,13,0,0,0,0,12,0,0,28,23
180790,1,1,1995,0,0,0,0,0,0,0,0,0,0
180790,2,1,1995,0,0,0,0,0,0,0,0,0,0
180791,1,1,1995,23,23,23,23,23,23,23,23,23,23
180792,0,1,1995,0,0,0,0,0,0,0,0,0,0
180792,1,1,1995,0,0,0,0,0,0,0,0,0,0
180793,1,1,1995,35,0,0,20,20,27,24,23,0,9
180794,1,1,1995,0,0,0,0,0,0,0,0,0,0
180794,2,1,1995,0,0,0,0,0,0,0,0,0,0
180794,3,1,1995,0,0,0,0,0,0,0,0,0,0
180795,1,1,1995,0,0,0,0,0,0,0,0,0,0
180795,2,1,1995,0,0,0,0,0,0,0,0,0,0
180796,1,1,1995,0,0,0,0,0,0,0,0,0,0
180796,2,1,1995,0,0,0,0,0,0,0,0,0,0
180797,0,1,1995,0,0,0,0,0,0,0,0,0,0
180797,1,1,1995,0,0,0,0,0,0,0,0,15,17
180797,2,1,1995,0,0,0,0,0,0,0,0,0,0
180798,1,1,1995,0,0,0,0,0,0,0,0,0,0
180798,2,1,1995,0,0,0,0,0,0,0,0,0,0
180798,3,1,1995,0,0,0,0,0,0,0,0,0,0
180801,1,1,1995,3,3,3,3,3,3,3,3,3,3
180802,1,1,1995,0,0,0,0,0,0,0,0,0,0
180803,1,1,1995,0,0,0,0,0,0,0,0,0,0
180804,1,1,1995,0,0,0,0,0,0,0,0,0,0
180804,2,1,1995,0,0,0,0,0,0,0,0,0,0
180805,1,1,1995,0,0,0,0,0,0,0,0,0,0
180805,2,1,1995,0,0,0,0,0,0,0,0,0,0
180805,3,1,1995,0,0,0,0,0,0,0,0,0,0
180806,1,1,1995,0,0,0,0,0,0,0,0,0,0
180806,2,1,1995,0,0,0,0,0,0,0,18,0,0
180807,1,1,1995,29,29,29,29,29,29,29,29,29,29
180807,2,1,1995,0,0,0,0,0,0,0,0,0,0
180808,1,1,1995,0,0,0,0,0,5,0,0,0,0
180808,2,1,1995,0,0,0,0,0,0,0,0,0,0
180809,1,1,1995,0,0,0,0,0,0,0,0,0,0
180809,2,1,1995,0,0,0,0,0,0,0,0,0,0
180810,1,1,1995,0,0,0,0,0,0,0,0,0,0
180810,2,1,1995,0,0,0,0,0,0,0,0,0,0
180811,1,1,1995,11,11,11,11,11,11,11,11,11,11
180812,1,1,1995,23,23,23,23,23,23,23,23,23,23
180813,1,1,1995,0,0,0,0,0,0,0,0,0,0
180813,2,1,1995,0,0,0,0,0,0,0,0,0,0
180814,1,1,1995,0,0,0,0,0,0,0,0,0,0
180815,1,1,1995,0,0,0,0,0,0,0,0,0,0
180815,2,1,1995,0,0,0,0,0,0,0,0,0,0
180816,1,1,1995,0,0,0,0,0,0,0,0,0,0
180816,2,1,1995,0,0,0,0,0,0,0,0,0,0
180817,1,1,1995,12,12,12,12,12,12,12,12,12,12
180817,2,1,1995,0,0,0,0,0,0,0,0,0,0
180818,1,1,1995,0,0,0,0,0,0,0,0,0,0
180819,1,1,1995,0,0,0,0,0,0,0,0,0,0
180819,2,1,1995,0,0,0,0,18,0,8,0,0,0
180821,1,1,1995,0,0,0,0,0,0,0,0,0,0
180821,2,1,1995,0,0,0,0,0,0,0,0,0,0
180822,1,1,1995,2,2,2,2,2,2,2,2,2,2
180822,2,1,1995,0,0,0,0,0,0,0,0,0,0
180823,1,1,1995,0,0,0,0,0,0,0,0,0,0
180824,1,1,1995,0,0,0,0,0,0,0,0,0,0
180824,2,1,1995,0,0,0,0,0,0,0,0,0,0
180825,1,1,1995,4,18,0,0,24,18,0,0,19,0
180826,1,1,1995,0,0,0,0,0,0,0,0,0,0
180826,2,1,1995,0,0,0,0,0,0,0,0,0,0
180827,1,1,1995,0,0,0,0,0,0,0,0,0,0
180828,1,1,1995,0,0,0,0,0,0,0,0,0,0
180828,2,1,1995,0,0,0,0,0,0,0,0,0,0
180829,1,1,1995,0,0,0,0,0,0,0,0,0,0
180830,1,1,1995,22,22,22,22,22,22,22,22,22,22
180830,2,1,1995,0,0,0,0,0,0,0,0,0,0
180831,0,1,1995,0,0,0,0,0,0,0,0,24,0
180831,1,1,1995,0,0,0,0,0,0,0,0,0,0
180832,1,1,1995,0,0,0,0,0,0,0,0,0,0
180832,2,1,1995,0,0,0,0,0,0,0,0,0,0
180833,1,1,1995,0,0,0,0,0,0,0,0,0,0
180833,2,1,1995,0,0,0,0,0,0,0,0,0,0
180833,3,1,1995,0,0,0,0,0,0,0,0,0,0
180834,1,1,1995,0,0,0,0,0,0,0,0,0,0
180834,2,1,1995,0,0,0,0,0,0,0,0,0,0
180835,0,1,1995,8,0,0,0,0,0,0,0,9,0
180835,1,1,1995,14,12,21,13,15,21,5,3,0,24
180836,1,1,1995,23,23,23,23,23,23,23,23,23,23
180837,1,1,1995,2,2,2,2,2,2,2,2,2,2
180838,1,1,1995,0,0,0,0,0,0,0,0,0,0
180838,2,1,1995,0,0,0,0,0,0,0,0,0,0
180839,1,1,1995,0,0,0,0,0,0,0,0,0,0
180840,1,1,1995,0,0,0,0,0,0,0,0,0,0
180840,2,1,1995,0,0,0,0,0,0,0,0,0,0
180841,1,1,1995,0,0,0,0,0,0,0,0,0,0
180841,2,1,1995,0,0,0,0,0,0,0,0,0,0
180842,1,1,1995,0,0,0,0,0,0,0,0,0,0
180842,2,1,1995,0,0,0,0,0,0,0,0,0,0
180843,1,1,1995,0,0,0,0,0,0,0,0,0,0
180843,2,1,1995,0,0,0,0,0,0,0,0,0,0
180844,1,1,1995,0,0,0,0,0,0,0,0,0,0
180844,2,1,1995,0,0,0,0,0,0,0,0,0,0
180845,0,1,1995,0,0,0,0,0,0,0,0,0,0
180845,1,1,1995,0,0,0,0,0,0,0,0,0,0
180846,0,1,1995,9,0,4,0,7,0,0,9,0,0
180846,0,2,1995,11,15,5,0,26,16,0,16,0,0
180846,1,1,1995,0,7,11,17,16,18,11,0,11,20
180847,1,1,1995,0,0,0,0,0,0,0,0,0,0
180847,2,1,1995,0,18,0,0,0,0,0,0,0,0
180848,2,1,1995,0,0,0,0,0,0,0,0,0,0
180849,1,1,1995,24,24,24,24,24,24,24,24,24,24
180850,1,1,1995,0,0,0,0,19,0,0,19,0,0
180851,1,1,1995,0,0,0,0,0,0,0,0,0,0
180851,2,1,1995,9,9,9,9,9,9,9,9,9,9
180852,1,1,1995,16,28,4,9,0,0,26,0,0,20
180852,2,1,1995,19,0,0,0,0,0,0,15,0,0
180853,0,1,1995,4,4,4,4,4,4,4,4,4,4
180853,1,1,1995,0,0,0,0,0,0,0,0,0,0
180854,1,1,1995,0,0,0,0,0,0,0,0,0,0
180854,2,1,1995,0,0,0,0,0,0,0,0,0,0
180854,3,1,1995,0,0,0,21,0,0,0,0,0,0
180856,1,1,1995,12,12,12,12,12,12,12,12,12,12
180856,2,1,1995,0,0,0,0,0,0,0,0,0,0
180857,1,1,1995,0,0,0,0,0,0,0,0,0,0
180857,2,1,1995,0,0,0,0,0,0,0,0,0,0
180858,1,1,1995,25,25,25,25,25,25,25,25,25,25
180858,2,1,1995,0,0,0,0,0,0,0,0,0,0
180859,1,1,1995,10,10,10,10,10,10,10,10,10,10
180860,1,1,1995,0,0,0,0,0,0,0,0,0,0
180860,2,1,1995,0,0,0,0,0,0,0,0,0,0
180861,1,1,1995,0,0,0,0,0,0,0,16,0,0
180861,2,1,1995,0,0,0,0,0,0,9,0,0,0
180862,1,1,1995,0,0,0,0,0,0,0,0,0,0
180862,2,1,1995,0,0,17,0,0,0,0,0,0,0
180863,1,1,1995,0,0,0,0,0,0,0,0,0,0
180863,2,1,1995,16,0,0,0,0,0,0,3,10,0
180864,1,1,1995,20,20,20,20,20,20,20,20,20,20
180864,2,1,1995,0,0,0,0,0,0,0,0,0,0
180864,3,1,1995,0,0,0,0,0,0,4,0,0,0
180865,1,1,1995,0,0,9,17,0,0,0,0,0,0
180866,1,1,1995,6,11,9,13,12,31,16,27,31,33
180867,1,1,1995,11,0,16,12,19,11,28,10,12,15
180868,1,1,1995,0,0,0,0,0,0,0,0,0,0
180868,2,1,1995,0,0,0,0,0,0,0,0,0,0
180869,1,1,1995,0,0,0,0,0,0,0,0,0,0
180869,2,1,1995,0,0,0,0,0,0,0,0,0,0
180870,1,1,1995,0,0,0,0,0,0,0,0,0,0
180870,2,1,1995,0,0,0,0,0,0,0,0,0,0
180871,1,1,1995,0,20,0,0,0,0,37,15,0,0
180871,2,1,1995,0,0,0,0,0,0,0,0,0,0
180872,1,1,1995,0,0,0,0,0,0,0,0,0,0
180874,0,1,1995,27,22,0,10,20,0,0,0,24,24
180874,1,1,1995,0,0,0,0,0,24,0,0,0,0
180875,1,1,1995,8,8,8,8,8,8,8,8,8,8
180876,1,1,1995,0,0,0,0,0,0,0,0,0,0
180876,2,1,1995,0,0,0,0,0,0,0,0,0,0
180877,1,1,1995,0,0,0,0,0,0,10,0,0,0
180877,2,1,1995,0,0,0,0,0,0,0,0,0,0
190001,1,1,1995,0,0,0,0,0,18,0,0,0,17
190001,2,1,1995,0,0,0,0,0,0,0,0,0,0
190002,1,1,1995,0,0,0,0,0,0,0,0,0,0
190003,1,1,1995,0,15,0,0,0,11,0,0,0,0
190003,2,1,1995,0,0,0,0,0,0,0,0,0,0
190004,1,1,1995,0,0,0,0,0,0,0,0,16,0
190005,1,1,1995,0,0,0,19,0,0,0,0,0,0
190006,1,1,1995,0,0,0,0,0,0,0,0,0,0
190006,2,1,1995,19,19,19,19,19,19,19,19,19,19
190007,1,1,1995,6,6,0,0,0,0,0,0,13,0
190007,2,1,1995,0,0,0,0,0,0,0,0,0,0
190008,1,1,1995,0,0,0,0,0,0,0,0,0,0
190009,0,1,1995,0,7,0,0,0,0,18,7,0,13
190009,1,1,1995,0,0,0,0,0,8,0,0,7,0
190010,1,1,1995,4,4,4,4,4,4,4,4,4,4
190010,2,1,1995,0,19,0,6,0,0,17,18,24,0
190011,1,1,1995,19,19,19,19,19,19,19,19,19,19
190012,1,1,1995,0,0,0,0,0,0,0,0,0,0
190013,1,1,1995,15,24,31,0,16,0,18,0,0,11
190014,1,1,1995,12,12,12,12,12,12,12,12,12,12
190015,1,1,1995,30,30,30,30,30,30,30,30,30,30
190016,1,1,1995,0,0,0,0,0,0,0,0,0,0
190016,2,1,1995,0,0,0,0,0,0,0,0,0,0
190017,1,1,1995,0,0,0,0,0,0,0,0,0,0
190017,2,1,1995,0,0,0,0,0,0,0,0,0,0
190018,1,1,1995,0,0,0,0,0,0,0,0,0,0
190018,2,1,1995,0,0,0,0,0,0,0,0,0,0
190019,1,1,1995,15,15,15,15,15,15,15,15,15,15
190020,1,1,1995,20,20,20,20,20,20,20,20,20,20
190021,1,1,1995,0,0,25,0,24,23,11,17,0,0
190021,2,1,1995,0,0,0,0,0,0,0,0,0,0
190022,1,1,1995,3,3,3,3,3,3,3,3,3,3
190022,2,1,1995,0,19,20,0,17,23,0,24,0,30
190023,1,1,1995,0,0,0,0,0,0,0,0,0,0
190023,2,1,1995,0,22,0,0,0,0,0,0,0,0
190025,1,1,1995,0,0,32,0,0,0,14,0,12,0
190025,2,1,1995,0,14,0,0,0,0,0,0,0,0
190026,1,1,1995,0,0,0,13,0,0,0,0,0,0
190027,0,1,1995,0,0,0,0,0,0,0,0,0,0
190027,1,1,1995,12,15,0,0,0,10,13,0,0,17
190028,1,1,1995,0,10,19,26,14,11,39,4,12,24
190029,1,1,1995,0,0,0,0,0,0,0,0,0,0
190029,2,1,1995,0,0,0,0,0,0,0,0,0,0
190030,0,1,1995,14,14,14,14,14,14,14,14,14,14
190030,1,1,1995,12,12,12,12,12,12,12,12,12,12
190031,0,1,1995,0,0,0,0,0,0,0,0,0,23
190031,1,1,1995,0,0,0,0,0,0,0,0,0,0
190032,1,1,1995,26,26,26,26,26,26,26,26,26,26
190033,1,1,1995,0,0,0,0,0,0,0,0,0,0
190033,2,1,1995,10,10,10,10,10,10,10,10,10,10
190034,1,1,1995,15,15,15,15,15,15,15,15,15,15
190035,1,1,1995,2,2,2,2,2,2,2,2,2,2
190036,1,1,1995,5,5,5,5,5,5,5,5,5,5
190036,2,1,1995,14,14,14,14,14,14,14,14,14,14
190037,1,1,1995,0,21,0,5,0,0,0,0,0,0
190038,1,1,1995,0,6,25,16,0,0,0,29,20,25
190039,1,1,1995,0,0,0,0,0,0,0,0,0,0
190039,2,1,1995,0,0,0,0,0,0,0,0,0,0
190040,1,1,1995,31,31,31,31,31,31,31,31,31,31
190041,1,1,1995,40,18,16,0,12,11,12,13,4,20
190042,1,1,1995,0,0,3,0,0,0,0,0,0,0
190042,2,1,1995,0,0,0,0,0,0,0,0,11,0
190043,1,1,1995,0,0,0,0,0,0,0,0,0,0
190043,2,1,1995,0,0,0,0,0,0,0,0,0,0
190044,1,1,1995,21,21,21,21,21,21,21,21,21,21
190044,2,1,1995,0,0,11,0,0,11,11,8,0,23
190045,1,1,1995,0,0,0,10,0,0,22,15,0,0
190045,2,1,1995,0,0,0,0,0,0,0,0,0,0
190046,1,1,1995,0,0,0,0,0,0,0,0,0,18
190046,2,1,1995,21,0,0,0,25,0,0,0,0,0
190046,3,1,1995,0,0,0,0,0,0,0,0,23,13
190047,1,1,1995,0,0,17,0,0,0,0,0,0,0
190047,2,1,1995,0,0,0,0,0,0,0,0,0,0
190047,3,1,1995,0,0,0,0,0,0,0,0,0,0
190048,1,1,1995,7,7,7,7,7,7,7,7,7,7
190049,1,1,1995,0,0,0,0,0,0,0,0,0,0
190049,2,1,1995,0,0,0,0,0,5,0,0,0,0
190050,1,1,1995,5,0,0,0,0,0,0,0,0,0
190050,2,1,1995,0,0,15,0,0,0,0,0,0,0
190050,3,1,1995,0,0,0,0,0,0,0,0,0,14
190050,4,1,1995,0,0,0,0,0,0,0,0,0,0
190051,0,1,1995,11,0,0,0,12,0,0,0,0,0
190051,1,1,1995,0,0,0,7,0,12,0,0,0,0
190052,0,1,1995,0,0,0,0,0,0,0,0,0,0
190052,1,1,1995,0,0,0,0,0,0,0,0,0,0
190053,1,1,1995,0,0,0,0,0,0,0,0,0,0
190053,2,1,1995,0,0,0,0,0,0,0,11,0,0
190054,1,1,1995,30,30,30,30,30,30,30,30,30,30
190055,1,1,1995,23,23,23,23,23,23,23,23,23,23
190056,1,1,1995,17,17,17,17,17,17,17,17,17,17
190057,1,1,1995,0,0,0,0,0,0,0,0,0,0
190058,1,1,1995,0,0,0,0,0,0,0,0,0,0
190058,2,1,1995,0,0,0,0,0,0,0,0,0,0
190059,1,1,1995,0,0,0,0,0,0,0,0,0,0
190059,2,1,1995,0,0,0,0,0,0,0,0,0,0
190060,1,1,1995,0,0,0,0,0,12,0,0,11,19
190060,2,1,1995,6,6,6,6,6,6,6,6,6,6
190061,1,1,1995,0,0,0,0,0,0,0,0,0,0
190061,2,1,1995,0,0,0,0,0,0,0,0,0,0
190062,1,1,1995,15,0,0,0,0,0,0,0,30,0
190063,1,1,1995,0,0,0,0,0,0,0,0,0,0
190064,1,1,1995,0,0,0,0,0,0,0,0,0,0
190064,2,1,1995,0,0,0,0,0,0,0,0,0,0
190065,1,1,1995,16,0,0,0,9,12,10,0,0,0
190066,1,1,1995,0,0,0,0,0,0,0,0,0,0
190066,2,1,1995,0,0,0,26,0,0,0,0,0,0
190067,1,1,1995,0,0,0,0,0,0,0,0,0,0
190067,2,1,1995,0,0,0,0,0,0,0,0,0,0
190068,1,1,1995,0,0,0,0,0,0,0,0,0,0
190068,2,1,1995,6,0,0,0,0,0,20,16,0,15
190069,1,1,1995,0,0,0,0,0,12,0,0,17,0
190070,0,1,1995,0,0,0,0,0,0,0,0,0,0
190070,1,1,1995,0,0,0,0,0,0,0,0,0,0
190071,1,1,1995,0,0,0,0,0,0,0,0,0,0
190072,1,1,1995,0,0,10,0,0,0,0,0,0,0
190072,2,1,1995,0,0,0,0,0,0,0,0,0,0
190073,1,1,1995,0,0,0,0,0,0,0,0,0,0
190074,1,1,1995,10,10,10,10,10,10,10,10,10,10
190075,1,1,1995,6,6,6,6,6,6,6,6,6,6
190076,1,1,1995,0,0,0,0,0,0,0,0,0,0
190076,2,1,1995,0,0,9,0,0,0,0,0,0,0
190077,1,1,1995,0,0,0,0,0,0,0,0,13,0
190077,2,1,1995,16,16,16,16,16,16,16,16,16,16
190078,1,1,1995,0,0,0,0,0,0,0,0,0,0
190078,2,1,1995,0,0,0,0,0,0,0,0,0,0
190079,1,1,1995,32,32,32,32,32,32,32,32,32,32
190080,1,1,1995,0,0,0,0,0,0,0,0,0,0
190080,2,1,1995,0,0,0,0,0,0,0,0,0,0
190080,3,1,1995,0,0,0,0,0,0,0,0,0,0
190082,1,1,1995,6,6,6,6,6,6,6,6,6,6
190082,2,1,1995,0,15,0,0,11,10,0,0,0,11
190083,1,1,1995,27,27,27,27,27,27,27,27,27,27
190084,1,1,1995,22,22,22,22,22,22,22,22,22,22
190085,1,1,1995,20,20,20,20,20,20,20,20,20,20
190086,1,1,1995,0,0,0,0,0,0,0,0,0,0
190086,2,1,1995,0,0,0,0,0,0,0,0,0,0
190087,1,1,1995,12,12,12,12,12,12,12,12,12,12
190088,1,1,1995,27,27,27,27,27,27,27,27,27,27
190089,1,1,1995,24,24,24,24,24,24,24,24,24,24
190090,1,1,1995,21,21,21,21,21,21,21,21,21,21
190091,0,1,1995,0,0,0,0,0,0,0,0,0,0
190091,1,1,1995,0,0,0,0,0,0,0,0,0,0
190092,1,1,1995,1,1,1,1,1,1,1,1,1,1
190093,1,1,1995,0,0,0,3,0,0,14,0,0,0
190094,1,1,1995,33,33,33,33,33,33,33,33,33,33
190095,1,1,1995,0,0,0,8,0,0,0,0,0,0
190095,2,1,1995,0,0,0,0,0,0,0,0,0,0
190096,1,1,1995,0,0,0,0,0,0,0,0,0,0
190096,2,1,1995,0,0,0,0,0,0,0,0,0,0
190097,0,1,1995,0,0,0,0,0,0,0,0,0,0
190097,1,1,1995,0,0,0,0,0,0,0,0,0,0
190098,1,1,1995,20,8,16,24,20,23,0,12,10,18
190099,1,1,1995,0,0,0,0,8,0,0,0,0,0
190099,2,1,1995,0,0,0,0,0,0,0,0,0,0
190100,1,1,1995,30,30,30,30,30,30,30,30,30,30
190101,1,1,1995,11,0,0,0,0,0,0,0,10,0
190101,2,1,1995,0,0,0,0,0,0,0,0,0,0
190102,1,1,1995,0,0,0,0,0,0,0,0,0,32
190103,1,1,1995,21,21,21,21,21,21,21,21,21,21
190103,2,1,1995,8,8,8,8,8,8,8,8,8,8
190104,1,1,1995,0,0,0,0,0,0,0,0,0,0
190104,2,1,1995,0,0,0,0,0,0,0,0,0,0
190105,1,1,1995,0,0,0,0,0,0,0,0,0,0
190105,2,1,1995,0,0,0,14,10,0,0,0,32,8
190106,1,1,1995,0,0,0,0,0,0,0,0,0,0
190106,2,1,1995,0,0,0,0,0,0,0,0,0,0
190106,3,1,1995,0,0,0,0,0,0,0,0,0,0
190107,1,1,1995,0,0,0,23,0,0,0,0,0,0
190107,2,1,1995,0,0,0,0,0,0,0,0,0,0
190107,3,1,1995,0,0,0,0,0,0,0,0,0,0
190108,1,1,1995,0,0,0,4,0,0,0,0,0,0
190108,2,1,1995,0,0,0,0,0,0,0,0,0,0
190109,1,1,1995,0,0,0,0,0,0,0,0,0,0
190109,2,1,1995,14,25,0,0,20,8,0,14,0,0
190110,1,1,1995,0,0,0,11,0,0,0,0,0,0
190110,2,1,1995,0,0,0,0,5,0,0,0,0,0
190111,1,1,1995,0,0,0,0,0,0,0,0,0,0
190112,1,1,1995,0,0,0,0,0,0,0,0,0,0
190113,1,1,1995,17,17,17,17,17,17,17,17,17,17
190114,1,1,1995,20,20,20,20,20,20,20,20,20,20
190114,2,1,1995,0,0,0,0,0,0,0,0,0,0
190114,3,1,1995,0,0,0,0,0,0,0,0,0,0
190115,0,1,1995,0,0,0,0,10,0,0,0,0,0
190115,1,1,1995,10,0,0,0,0,0,0,0,0,29
190117,1,1,1995,0,0,0,0,0,0,0,0,0,0
190117,2,1,1995,0,0,0,0,0,0,0,0,0,0
190118,1,1,1995,0,0,0,0,0,0,0,0,0,0
190118,2,1,1995,0,0,0,0,0,0,0,0,0,0
190119,1,1,1995,0,0,0,0,0,0,0,0,0,0
190119,2,1,1995,0,0,0,0,0,5,0,0,0,0
190120,1,1,1995,0,0,0,0,0,0,0,0,0,0
190120,2,1,1995,0,0,0,0,0,0,13,0,0,0
190121,1,1,1995,21,21,21,21,21,21,21,21,21,21
190122,0,1,1995,0,0,0,0,0,0,0,0,0,0
190122,1,1,1995,0,0,0,0,0,0,0,0,0,0
190123,1,1,1995,12,0,0,0,0,0,0,0,0,7
190124,1,1,1995,5,5,5,5,5,5,5,5,5,5
190125,1,1,1995,0,0,0,0,0,0,0,0,0,0
190125,2,1,1995,28,0,0,0,0,0,0,0,0,0
190126,1,1,1995,0,0,0,0,0,0,0,0,0,0
190126,2,1,1995,0,0,0,0,0,0,0,0,0,0
190127,1,1,1995,31,31,31,31,31,31,31,31,31,31
190128,1,1,1995,0,0,0,0,0,0,0,0,0,0
190129,1,1,1995,0,0,11,11,0,0,0,8,0,0
190129,2,1,1995,16,0,0,0,10,0,17,0,0,16
190130,1,1,1995,0,0,0,0,0,0,0,0,0,0
190131,1,1,1995,0,0,0,0,0,0,0,0,0,0
190131,2,1,1995,0,0,0,0,0,0,0,0,0,0
190132,1,1,1995,0,0,0,0,0,0,0,0,0,0
190132,2,1,1995,0,0,0,0,0,0,0,0,0,0
190133,1,1,1995,0,0,0,0,0,0,0,0,0,0
190133,2,1,1995,0,0,0,0,0,0,0,0,0,0
190134,1,1,1995,0,0,0,0,0,0,0,0,0,0
190135,0,1,1995,0,0,0,0,0,0,0,0,0,0
190135,1,1,1995,0,11,0,0,0,0,0,0,0,0
190136,1,1,1995,0,0,0,0,0,0,0,0,0,0
190136,2,1,1995,0,0,0,0,0,0,0,0,0,0
190137,1,1,1995,0,22,26,21,0,0,24,42,0,20
190137,2,1,1995,0,0,0,0,0,0,0,0,0,0
190138,1,1,1995,0,0,0,0,0,0,0,0,0,0
190139,1,1,1995,0,0,0,0,0,0,0,0,0,0
190139,2,1,1995,0,0,0,0,0,0,0,0,0,0
190140,1,1,1995,26,26,26,26,26,26,26,26,26,26
190141,1,1,1995,0,0,0,0,0,0,0,0,0,0
190141,2,1,1995,0,0,0,0,0,0,0,0,0,0
190141,3,1,1995,0,0,0,0,0,0,0,0,9,35
190142,1,1,1995,0,0,0,0,0,10,0,9,0,0
190142,2,1,1995,0,0,0,0,0,0,0,0,16,0
190143,1,1,1995,0,0,0,0,0,0,0,0,0,0
190143,2,1,1995,0,0,0,0,0,0,0,0,0,0
190144,1,1,1995,22,22,22,22,22,22,22,22,22,22
190145,1,1,1995,0,0,0,0,0,0,0,0,0,0
190145,2,1,1995,19,32,8,13,0,0,0,0,0,0
190146,1,1,1995,0,0,0,0,0,0,0,0,0,0
190147,1,1,1995,0,0,0,0,0,0,0,0,0,0
190147,2,1,1995,0,0,0,0,0,0,0,0,0,0
190148,1,1,1995,0,0,0,0,0,0,0,0,0,0
190149,1,1,1995,16,12,0,0,0,0,0,0,20,0
190150,1,1,1995,0,0,0,0,0,0,0,0,0,0
190150,2,1,1995,0,0,0,0,0,0,0,0,0,0
190151,1,1,1995,0,0,0,0,0,0,0,0,0,0
190152,1,1,1995,0,0,0,0,0,0,0,0,0,0
190152,2,1,1995,0,0,0,0,0,0,0,0,0,0
190153,1,1,1995,0,0,0,0,0,0,0,0,0,0
190153,2,1,1995,0,0,0,0,0,0,0,0,0,0
190154,1,1,1995,0,0,0,21,0,0,11,8,11,24
190154,2,1,1995,0,23,2,0,0,0,0,0,12,0
190154,3,1,1995,0,8,0,10,0,9,8,0,16,0
190156,1,1,1995,0,0,0,0,0,0,0,0,0,0
190156,2,1,1995,0,0,0,0,0,0,0,0,0,0
190157,1,1,1995,7,7,7,7,7,7,7,7,7,7
190158,1,1,1995,0,0,0,0,0,0,0,0,0,0
190158,2,1,1995,0,0,0,0,0,0,0,0,0,0
190159,1,1,1995,13,13,13,13,13,13,13,13,13,13
190159,2,1,1995,0,0,0,0,0,0,0,0,0,0
190160,1,1,1995,0,0,0,0,0,0,0,0,0,0
190160,2,1,1995,2,2,2,2,2,2,2,2,2,2
190161,1,1,1995,15,15,15,15,15,15,15,15,15,15
190162,1,1,1995,10,10,10,10,10,10,10,10,10,10
190162,2,1,1995,25,0,0,0,0,0,0,0,0,27
190163,1,1,1995,0,0,0,0,0,0,0,0,0,0
190163,2,1,1995,0,0,0,0,0,0,0,0,0,0
190164,1,1,1995,31,31,31,31,31,31,31,31,31,31
190165,1,1,1995,0,0,6,0,0,12,21,0,7,11
190166,1,1,1995,0,10,28,0,17,0,0,10,0,0
190167,1,1,1995,0,0,0,0,12,0,0,0,18,0
190168,1,1,1995,0,0,0,0,0,0,0,0,0,0
190168,2,1,1995,0,0,0,0,0,0,0,0,0,0
190169,0,1,1995,0,0,0,25,0,0,0,30,0,0
190169,1,1,1995,0,0,0,0,0,0,0,0,0,0
190170,0,1,1995,0,0,0,0,0,0,0,0,0,0
190170,0,2,1995,0,0,0,0,0,8,18,19,0,11
190170,1,1,1995,0,0,0,0,0,0,0,0,0,0
190171,1,1,1995,0,7,0,0,0,0,0,0,0,4
190171,2,1,1995,22,22,22,22,22,22,22,22,22,22
190172,0,1,1995,0,0,0,0,0,0,0,0,0,0
190172,1,1,1995,0,0,0,0,0,0,0,0,0,0
190173,1,1,1995,0,0,0,14,0,0,9,16,0,19
190174,1,1,1995,0,0,0,0,0,0,0,0,0,0
190175,1,1,1995,0,6,29,0,0,0,0,0,0,0
190175,2,1,1995,0,0,0,0,0,0,0,0,0,0
190176,1,1,1995,0,0,0,0,0,0,0,0,0,0
190177,1,1,1995,15,15,15,15,15,15,15,15,15,15
190178,1,1,1995,15,15,15,15,15,15,15,15,15,15
190179,1,1,1995,11,0,0,0,0,0,0,0,0,0