ST_CASE,VEH_NO,PER_NO,YEAR,P1,P2,P3,P4,P5,P6,P7,P8,P9,P10
190180,1,1,1995,12,0,15,0,15,19,10,0,23,17
190181,1,1,1995,11,0,13,0,0,0,9,27,0,0
190182,1,1,1995,18,18,18,18,18,18,18,18,18,18
190183,1,1,1995,25,25,25,25,25,25,25,25,25,25
190184,1,1,1995,0,0,0,0,0,0,0,0,0,0
190184,2,1,1995,0,0,0,0,0,0,0,0,0,0
190185,1,1,1995,14,14,14,14,14,14,14,14,14,14
190185,2,1,1995,0,0,0,0,0,0,0,0,0,0
190186,1,1,1995,0,0,0,0,0,0,0,0,0,0
190186,2,1,1995,0,17,10,0,0,0,0,0,0,0
190186,3,1,1995,0,0,0,0,0,0,0,0,0,0
190187,1,1,1995,0,0,0,0,0,0,0,0,0,0
190187,2,1,1995,0,0,0,0,0,0,0,0,0,0
190188,1,1,1995,13,13,13,13,13,13,13,13,13,13
190189,1,1,1995,22,22,22,22,22,22,22,22,22,22
190189,2,1,1995,11,0,0,13,26,12,0,8,0,10
190190,1,1,1995,20,16,0,0,0,0,0,14,0,0
190190,2,1,1995,0,13,0,0,0,0,0,0,0,0
190191,1,1,1995,0,0,0,0,0,0,0,0,0,0
190191,2,1,1995,0,0,0,0,0,0,0,0,0,0
190192,1,1,1995,20,20,20,20,20,20,20,20,20,20
190193,1,1,1995,0,15,18,21,0,28,9,20,15,12
190194,1,1,1995,23,23,23,23,23,23,23,23,23,23
190195,1,1,1995,15,15,15,15,15,15,15,15,15,15
190195,2,1,1995,0,0,0,0,0,0,0,0,0,0
190196,1,1,1995,16,16,16,16,16,16,16,16,16,16
190196,2,1,1995,0,0,0,0,0,0,0,0,0,0
190197,1,1,1995,0,0,0,0,0,0,0,0,0,0
190197,2,1,1995,0,0,0,0,0,0,0,0,0,0
190198,1,1,1995,0,0,0,0,0,0,0,0,0,0
190199,1,1,1995,25,25,25,25,25,25,25,25,25,25
190200,1,1,1995,7,11,0,10,5,13,0,13,8,0
190200,2,1,1995,0,0,0,0,0,0,0,0,0,0
190200,3,1,1995,0,0,0,0,0,0,0,0,0,0
190202,1,1,1995,0,0,0,0,0,0,0,0,0,0
190203,1,1,1995,0,0,0,0,0,0,27,22,0,0
190203,2,1,1995,0,0,0,0,0,0,0,0,0,0
190203,3,1,1995,0,0,0,13,0,0,0,0,0,0
190204,1,1,1995,0,0,0,0,0,17,0,0,0,0
190206,1,1,1995,15,15,15,15,15,15,15,15,15,15
190207,1,1,1995,27,27,27,27,27,27,27,27,27,27
190208,1,1,1995,0,0,0,0,0,0,0,0,0,0
190208,2,1,1995,1,1,1,1,1,1,1,1,1,1
190209,1,1,1995,8,0,0,0,7,0,0,0,0,0
190210,1,1,1995,26,26,26,26,26,26,26,26,26,26
190211,1,1,1995,0,0,0,0,0,0,0,0,10,0
190212,1,1,1995,0,0,0,0,0,0,0,0,0,0
190212,2,1,1995,0,0,0,0,0,0,0,0,0,0
190212,3,1,1995,0,0,0,0,0,0,0,0,0,0
190213,1,1,1995,0,0,0,0,0,0,0,0,0,0
190213,2,1,1995,0,0,0,0,0,0,0,0,0,0
190214,1,1,1995,0,4,2,0,0,0,0,0,0,0
190214,2,1,1995,0,0,0,0,0,0,0,0,0,0
190215,1,1,1995,0,0,0,0,0,0,0,0,0,0
190216,1,1,1995,17,17,17,17,17,17,17,17,17,17
190217,1,1,1995,10,11,25,0,0,0,0,0,0,0
190217,2,1,1995,0,0,0,0,0,0,0,0,0,0
190218,1,1,1995,0,0,0,4,11,0,21,2,14,5
190219,1,1,1995,0,12,9,0,0,0,0,0,0,0
190219,2,1,1995,18,0,0,0,6,0,0,0,0,0
190220,1,1,1995,0,0,0,0,0,0,0,0,0,0
190220,2,1,1995,0,0,0,0,0,0,0,0,0,0
190221,1,1,1995,0,0,0,15,0,0,0,11,0,33
190221,2,1,1995,0,0,0,0,0,0,0,0,0,0
190222,1,1,1995,13,13,13,13,13,13,13,13,13,13
190223,1,1,1995,1,1,1,1,1,1,1,1,1,1
190223,2,1,1995,0,0,0,0,0,0,0,0,0,0
190224,1,1,1995,0,0,0,0,0,0,0,0,0,0
190224,2,1,1995,0,0,0,0,0,0,0,0,0,0
190225,1,1,1995,26,26,26,26,26,26,26,26,26,26
190226,1,1,1995,0,0,0,0,0,0,0,0,0,0
190226,2,1,1995,0,0,0,0,0,0,0,0,0,0
190227,1,1,1995,0,0,0,0,0,0,0,0,0,0
190227,2,1,1995,0,0,0,0,0,0,0,0,0,0
190228,1,1,1995,0,0,0,0,0,0,0,0,0,0
190228,2,1,1995,0,0,0,0,0,0,0,13,0,0
190229,1,1,1995,0,0,0,0,0,13,0,0,0,0
190229,2,1,1995,0,0,25,28,0,19,0,0,0,0
190230,1,1,1995,0,0,0,0,0,0,11,0,0,0
190230,2,1,1995,5,0,0,0,9,7,0,0,14,0
190231,1,1,1995,0,0,0,0,0,0,0,0,0,0
190232,1,1,1995,22,22,22,22,22,22,22,22,22,22
190233,1,1,1995,0,0,0,15,0,0,0,0,0,0
190234,1,1,1995,0,0,0,0,0,0,0,0,0,0
190234,2,1,1995,0,0,0,0,0,0,0,0,0,0
190235,1,1,1995,2,2,2,2,2,2,2,2,2,2
190235,2,1,1995,0,0,0,11,0,0,0,0,0,0
190236,1,1,1995,0,0,0,0,0,0,0,0,0,0
190236,2,1,1995,0,0,0,0,0,0,6,0,0,0
190237,1,1,1995,0,0,5,0,0,0,0,0,0,0
190237,2,1,1995,0,0,0,0,0,0,0,0,0,0
190238,1,1,1995,0,0,0,5,0,0,0,0,0,16
190238,2,1,1995,0,0,1,0,0,0,0,0,0,0
190239,1,1,1995,28,28,28,28,28,28,28,28,28,28
190239,2,1,1995,0,0,0,0,0,0,0,0,0,4
190239,3,1,1995,0,0,0,0,0,0,0,26,0,0
190240,1,1,1995,0,0,0,0,0,0,0,0,0,0
190240,2,1,1995,0,10,0,17,3,13,9,13,0,0
190242,1,1,1995,4,0,0,21,0,0,0,0,0,0
190243,1,1,1995,0,0,0,0,0,0,0,0,0,0
190244,1,1,1995,0,0,0,0,0,0,0,0,0,0
190244,2,1,1995,0,0,0,0,0,0,0,0,0,0
190245,1,1,1995,0,0,0,0,0,0,0,0,9,0
190245,2,1,1995,0,0,0,0,0,0,0,0,0,0
190246,1,1,1995,15,15,15,15,15,15,15,15,15,15
190247,1,1,1995,0,0,0,0,0,0,0,0,0,0
190247,2,1,1995,0,0,0,0,0,0,0,0,0,0
190248,0,1,1995,0,0,0,0,0,0,0,0,0,0
190248,0,2,1995,0,0,0,0,0,0,0,0,0,0
190248,3,1,1995,0,0,0,0,0,0,0,0,0,0
190249,1,1,1995,0,0,0,0,0,0,0,17,0,0
190250,0,1,1995,28,28,28,28,28,28,28,28,28,28
190250,1,1,1995,0,0,0,0,0,0,0,0,0,0
190251,0,1,1995,11,11,11,11,11,11,11,11,11,11
190251,1,1,1995,13,13,13,13,13,13,13,13,13,13
190252,1,1,1995,0,0,0,0,0,0,0,16,11,0
190252,2,1,1995,0,0,0,0,0,0,0,0,12,0
190253,1,1,1995,20,20,20,20,20,20,20,20,20,20
190255,1,1,1995,0,22,0,0,0,0,0,0,0,0
190255,2,1,1995,0,0,0,0,0,0,0,9,0,0
190255,3,1,1995,0,0,0,0,0,0,0,0,0,0
190256,1,1,1995,3,3,3,3,3,3,3,3,3,3
190257,1,1,1995,0,0,0,0,0,0,0,0,0,0
190257,2,1,1995,0,0,0,0,0,0,0,0,0,0
190259,1,1,1995,3,3,3,3,3,3,3,3,3,3
190260,1,1,1995,16,13,0,11,0,0,0,0,0,0
190261,1,1,1995,0,0,0,0,0,0,0,0,0,0
190261,2,1,1995,0,0,0,0,0,0,0,0,0,0
190262,1,1,1995,9,9,9,9,9,9,9,9,9,9
190263,1,1,1995,21,0,0,0,0,0,0,0,0,0
190263,2,1,1995,0,0,0,0,0,0,0,0,0,0
190264,1,1,1995,0,0,0,0,0,0,0,0,0,0
190264,2,1,1995,0,0,0,0,0,20,0,0,0,0
190265,1,1,1995,0,0,0,0,0,0,0,0,0,0
190266,0,1,1995,0,0,0,0,0,0,0,0,0,0
190266,1,1,1995,0,0,0,0,0,0,0,0,0,0
190268,0,1,1995,0,0,0,0,0,0,0,0,0,0
190268,1,1,1995,0,0,0,0,0,0,0,0,0,0
190269,1,1,1995,15,15,15,15,15,15,15,15,15,15
190271,1,1,1995,0,0,0,0,0,0,0,0,0,0
190271,2,1,1995,0,0,0,9,0,0,17,0,0,18
190272,1,1,1995,0,0,0,0,0,0,0,0,0,0
190273,1,1,1995,0,0,0,0,0,0,0,0,0,0
190273,2,1,1995,0,0,0,0,0,28,0,8,0,0
190275,1,1,1995,0,0,0,0,0,9,0,0,0,0
190275,2,1,1995,0,0,0,2,0,0,0,0,13,0
190275,3,1,1995,0,0,0,0,0,0,0,0,0,0
190276,1,1,1995,0,0,0,0,0,0,0,0,0,0
190276,2,1,1995,0,0,0,0,0,0,0,0,0,0
190277,1,1,1995,9,9,9,9,9,9,9,9,9,9
190277,2,1,1995,0,0,0,0,0,0,0,0,0,0
190278,1,1,1995,10,10,10,10,10,10,10,10,10,10
190278,2,1,1995,0,0,0,0,0,0,0,0,0,0
190279,1,1,1995,0,0,0,0,0,0,0,0,0,0
190280,1,1,1995,0,0,0,0,0,0,0,0,0,0
190280,2,1,1995,0,0,0,0,0,0,0,0,0,0
190280,3,1,1995,0,0,0,0,0,0,0,0,0,0
190281,1,1,1995,16,0,0,0,0,0,0,0,0,0
190281,2,1,1995,0,0,0,0,0,0,0,0,0,0
190282,1,1,1995,17,17,17,17,17,17,17,17,17,17
190284,0,1,1995,12,6,15,4,16,11,15,24,7,29
190284,1,1,1995,22,11,12,14,0,15,28,0,16,15
190285,1,1,1995,0,16,16,27,0,0,13,0,17,0
190286,1,1,1995,9,9,9,9,9,9,9,9,9,9
190287,1,1,1995,0,20,14,0,12,30,0,0,0,0
190287,2,1,1995,0,0,0,0,0,5,0,0,0,0
190288,1,1,1995,0,0,0,0,0,0,0,0,0,0
190289,1,1,1995,0,0,0,0,0,0,0,0,0,0
190291,1,1,1995,9,9,9,9,9,9,9,9,9,9
190292,1,1,1995,0,0,0,0,0,0,0,0,0,0
190292,2,1,1995,0,8,0,0,0,0,20,0,0,0
190293,1,1,1995,0,0,0,0,0,0,0,0,0,15
190293,2,1,1995,0,0,0,0,0,0,0,0,0,0
190294,0,1,1995,20,16,13,0,0,14,32,9,7,0
190294,1,1,1995,0,0,0,0,0,0,0,0,0,0
190295,1,1,1995,18,18,18,18,18,18,18,18,18,18
190296,1,1,1995,11,11,11,11,11,11,11,11,11,11
190297,1,1,1995,0,0,0,0,0,0,0,0,0,0
190298,1,1,1995,3,3,3,3,3,3,3,3,3,3
190298,2,1,1995,2,2,2,2,2,2,2,2,2,2
190299,1,1,1995,0,0,0,0,0,0,0,0,0,0
190300,1,1,1995,0,0,0,0,26,38,0,36,6,0
190301,1,1,1995,15,10,16,8,7,11,26,14,18,0
190302,1,1,1995,0,0,0,0,0,0,0,0,0,0
190302,2,1,1995,0,0,0,0,0,0,0,0,0,0
190303,0,1,1995,0,0,0,0,0,0,0,0,0,0
190303,1,1,1995,0,0,0,0,0,0,0,0,0,0
190304,1,1,1995,21,21,21,21,21,21,21,21,21,21
190305,1,1,1995,0,15,0,0,0,0,0,0,0,10
190306,1,1,1995,7,0,0,0,17,0,0,0,0,0
190307,1,1,1995,0,0,0,15,0,0,0,0,20,0
190307,2,1,1995,0,0,0,0,0,0,0,0,5,0
190307,3,1,1995,0,0,0,0,0,8,0,0,0,0
190308,1,1,1995,2,2,2,2,2,2,2,2,2,2
190309,1,1,1995,0,0,0,0,0,0,0,0,0,0
190309,2,1,1995,0,0,0,0,0,0,0,0,0,0
190310,1,1,1995,0,0,0,0,0,0,0,0,0,0
190311,0,1,1995,0,0,0,0,0,0,0,0,0,0
190311,0,2,1995,0,0,0,0,0,0,0,0,0,0
190311,0,3,1995,0,0,0,0,0,0,0,0,0,0
190311,1,1,1995,0,0,0,0,0,0,0,0,0,0
190312,1,1,1995,0,0,0,0,0,0,0,0,0,0
190313,1,1,1995,17,17,17,17,17,17,17,17,17,17
190314,1,1,1995,0,0,0,0,0,0,0,0,0,0
190314,2,1,1995,0,0,0,0,0,0,0,0,0,0
190314,3,1,1995,0,0,0,0,0,0,0,0,0,0
190315,1,1,1995,24,24,24,24,24,24,24,24,24,24
190316,0,1,1995,0,0,0,0,0,0,0,0,0,0
190316,1,1,1995,0,0,0,0,0,0,0,0,24,0
190317,1,1,1995,5,19,25,17,11,13,22,14,19,28
190318,0,1,1995,12,0,0,0,0,0,0,0,0,0
190318,1,1,1995,0,0,0,0,0,0,0,0,0,0
190319,1,1,1995,0,0,0,0,0,0,0,0,0,0
190321,1,1,1995,0,4,0,0,23,0,9,0,0,0
190321,2,1,1995,0,0,0,0,0,0,0,0,0,0
190322,1,1,1995,25,25,25,25,25,25,25,25,25,25
190324,1,1,1995,0,0,0,0,0,0,0,0,0,0
190324,2,1,1995,2,2,2,2,2,2,2,2,2,2
190325,1,1,1995,13,13,13,13,13,13,13,13,13,13
190325,2,1,1995,0,0,0,0,0,0,0,0,0,0
190327,1,1,1995,0,0,0,0,0,0,0,0,0,0
190327,2,1,1995,0,0,0,0,0,0,0,0,0,0
190328,1,1,1995,26,0,0,0,0,0,0,0,0,0
190328,2,1,1995,0,0,0,0,0,0,0,0,0,0
190329,1,1,1995,0,0,0,0,0,0,0,0,0,0
190331,1,1,1995,0,0,0,0,0,0,0,0,0,0
190331,2,1,1995,0,0,0,0,0,0,0,0,0,0
190332,1,1,1995,0,0,0,0,0,0,0,0,11,0
190332,2,1,1995,10,10,10,10,10,10,10,10,10,10
190333,1,1,1995,0,0,0,0,0,0,0,0,0,0
190333,2,1,1995,0,0,0,0,0,0,0,0,0,0
190334,1,1,1995,0,0,0,0,0,0,19,11,0,0
190335,1,1,1995,0,0,0,0,0,0,0,0,0,0
190336,1,1,1995,0,0,0,0,0,0,2,0,0,0
190336,2,1,1995,0,0,0,0,0,12,0,0,0,0
190337,1,1,1995,19,19,19,19,19,19,19,19,19,19
190338,1,1,1995,0,0,0,0,0,0,12,0,0,0
190338,2,1,1995,2,0,0,12,0,0,0,0,0,0
190339,1,1,1995,0,4,11,0,0,0,0,0,0,6
190339,2,1,1995,0,0,0,0,0,0,0,0,4,0
190340,1,1,1995,0,0,0,0,0,0,0,0,0,0
190340,2,1,1995,0,0,0,0,0,0,0,0,0,0
190341,1,1,1995,0,0,0,0,0,0,0,0,0,0
190341,2,1,1995,0,0,0,0,0,0,0,0,0,0
190341,3,1,1995,0,0,0,0,0,0,0,0,0,0
190341,4,1,1995,0,0,0,0,0,0,0,0,0,0
190341,5,1,1995,0,0,0,0,0,0,0,0,0,0
190341,6,1,1995,0,0,0,0,0,0,0,0,0,0
190341,7,1,1995,0,0,0,0,0,0,0,0,0,11
190341,8,1,1995,0,0,0,0,0,0,0,0,0,0
190342,1,1,1995,19,19,19,19,19,19,19,19,19,19
190343,1,1,1995,0,0,0,0,0,0,0,0,0,0
190343,2,1,1995,0,0,0,0,0,0,0,0,0,0
190344,1,1,1995,18,18,20,0,13,10,32,21,0,22
190345,1,1,1995,0,0,0,0,0,0,0,0,0,0
190345,2,1,1995,0,0,0,0,0,0,0,0,0,0
190346,1,1,1995,0,0,0,0,0,0,0,0,0,0
190347,1,1,1995,0,0,0,0,0,0,0,0,0,0
190347,2,1,1995,0,0,20,0,11,0,0,0,0,13
190348,1,1,1995,0,0,0,0,0,0,0,0,0,0
190349,1,1,1995,0,17,0,0,13,0,0,0,0,0
190349,2,1,1995,0,0,0,0,0,0,0,0,0,0
190350,1,1,1995,0,0,0,0,0,0,0,0,0,0
190350,2,1,1995,0,0,0,0,0,0,7,0,0,0
190351,1,1,1995,0,0,0,0,0,0,0,0,0,0
190351,2,1,1995,0,0,0,0,0,0,0,0,0,0
190352,1,1,1995,0,0,23,32,0,15,15,0,0,0
190352,2,1,1995,0,0,0,0,0,0,0,0,0,0
190353,1,1,1995,0,0,0,0,0,0,0,0,0,0
190353,2,1,1995,0,0,0,7,0,0,0,0,0,0
190354,1,1,1995,10,10,10,10,10,10,10,10,10,10
190355,1,1,1995,22,22,22,22,22,22,22,22,22,22
190355,2,1,1995,0,0,12,0,0,0,0,0,12,0
190356,1,1,1995,0,0,0,0,0,0,0,0,0,0
190357,1,1,1995,0,5,0,0,0,0,0,0,0,0
190357,2,1,1995,0,0,0,0,0,0,0,0,14,0
190358,1,1,1995,0,0,0,0,0,0,0,0,0,0
190358,2,1,1995,0,0,0,0,0,0,0,0,0,0
190359,1,1,1995,14,14,14,14,14,14,14,14,14,14
190360,1,1,1995,0,0,0,0,0,0,0,0,0,0
190360,2,1,1995,0,0,0,0,0,0,0,0,0,0
190361,1,1,1995,13,18,6,19,14,30,38,0,15,0
190362,1,1,1995,0,0,0,0,0,0,0,0,0,0
190362,2,1,1995,0,0,0,0,0,0,0,0,0,0
190363,1,1,1995,0,0,0,0,0,0,0,0,0,0
190363,2,1,1995,0,0,0,0,0,0,0,0,0,0
190364,1,1,1995,0,0,0,0,0,0,0,0,0,0
190364,2,1,1995,0,0,0,0,0,0,0,0,0,0
190365,1,1,1995,0,0,0,0,0,0,0,0,0,0
190365,2,1,1995,0,0,0,0,0,0,0,0,0,0
190366,1,1,1995,0,0,0,0,0,0,0,0,0,10
190366,2,1,1995,6,14,0,0,0,0,0,0,0,0
190367,1,1,1995,0,12,0,0,0,0,0,0,8,0
190367,2,1,1995,11,11,11,11,11,11,11,11,11,11
190368,1,1,1995,0,0,0,0,0,0,0,0,0,0
190368,2,1,1995,0,0,0,13,11,0,14,0,11,0
190369,1,1,1995,0,0,0,0,0,0,0,0,0,0
190369,2,1,1995,0,0,0,0,0,0,0,0,0,0
190370,1,1,1995,32,11,0,18,32,0,31,0,0,10
190371,1,1,1995,0,0,0,0,0,0,0,0,0,0
190371,2,1,1995,0,0,6,0,0,0,0,0,0,0
190372,1,1,1995,0,0,0,0,0,0,0,0,0,0
190372,2,1,1995,0,0,0,0,0,0,0,0,0,0
190373,1,1,1995,5,0,0,0,0,0,0,0,0,0
190373,2,1,1995,14,0,0,16,0,0,18,13,38,10
190374,1,1,1995,0,0,0,28,22,0,0,0,12,0
190375,0,1,1995,0,0,0,0,0,0,0,0,0,0
190375,1,1,1995,0,0,0,0,0,0,0,0,0,0
190376,1,1,1995,0,0,0,0,0,0,0,0,0,0
190376,2,1,1995,19,19,19,19,19,19,19,19,19,19
190377,0,1,1995,0,0,0,0,0,0,0,0,0,0
190377,1,1,1995,0,0,9,0,0,0,0,0,0,0
190378,0,1,1995,0,0,0,0,23,15,0,35,0,0
190378,1,1,1995,0,0,0,0,0,0,0,0,0,0
190379,1,1,1995,0,0,0,0,0,0,0,0,0,0
190379,2,1,1995,0,0,0,0,0,0,0,0,0,0
190380,1,1,1995,15,15,0,20,0,6,0,26,10,0
190381,1,1,1995,0,0,0,0,0,0,0,0,0,0
190382,1,1,1995,0,0,0,0,0,0,0,0,0,0
190383,1,1,1995,0,0,0,0,0,0,0,0,0,0
190383,2,1,1995,0,0,0,0,0,0,0,0,0,0
190384,1,1,1995,26,26,26,26,26,26,26,26,26,26
190385,1,1,1995,0,0,0,12,0,0,0,0,0,16
190385,2,1,1995,15,15,15,15,15,15,15,15,15,15
190386,1,1,1995,0,0,0,0,0,0,0,0,0,0
190386,2,1,1995,0,0,0,0,0,0,0,0,0,0
190387,1,1,1995,0,0,0,0,0,0,0,0,0,0
190387,2,1,1995,0,0,0,6,0,0,37,7,8,0
190388,1,1,1995,22,22,22,22,22,22,22,22,22,22
190388,2,1,1995,0,0,0,0,0,0,0,0,0,0
190388,3,1,1995,0,0,0,0,0,0,0,0,0,0
190389,1,1,1995,18,18,18,18,18,18,18,18,18,18
190390,1,1,1995,19,19,19,19,19,19,19,19,19,19
190391,1,1,1995,18,18,18,18,18,18,18,18,18,18
190391,2,1,1995,7,7,7,7,7,7,7,7,7,7
190392,1,1,1995,0,0,0,0,0,0,0,0,0,0
190392,2,1,1995,0,0,0,0,0,0,0,0,0,0
190393,1,1,1995,0,0,0,0,0,0,0,0,0,0
190393,2,1,1995,0,0,0,0,0,0,0,0,0,0
190394,1,1,1995,10,0,0,0,0,17,0,18,26,0
190394,2,1,1995,0,0,0,0,0,0,0,0,0,0
190395,1,1,1995,9,9,9,9,9,9,9,9,9,9
190395,2,1,1995,25,26,7,18,0,10,38,12,24,11
190395,3,1,1995,0,6,0,0,0,0,17,0,14,9
190396,1,1,1995,0,0,0,0,0,0,0,0,0,0
190396,2,1,1995,0,0,0,0,0,0,0,0,0,0
190397,1,1,1995,29,29,29,29,29,29,29,29,29,29
190398,1,1,1995,21,21,21,21,21,21,21,21,21,21
190399,1,1,1995,0,0,0,0,0,0,0,0,0,0
190399,2,1,1995,0,0,0,0,0,0,0,0,0,0
190400,1,1,1995,27,25,12,20,26,31,20,0,0,31
190401,0,1,1995,0,0,39,15,0,0,0,0,0,22
190401,0,2,1995,0,18,12,0,19,0,4,17,37,16
190401,1,1,1995,19,19,19,19,19,19,19,19,19,19
190401,2,1,1995,0,12,12,0,0,0,0,0,17,0
190402,1,1,1995,0,25,0,9,0,11,14,22,0,7
190403,1,1,1995,15,15,15,15,15,15,15,15,15,15
190404,0,1,1995,0,14,0,15,0,23,4,12,17,0
190404,1,1,1995,0,0,17,0,19,7,21,16,7,27
190405,1,1,1995,0,0,0,0,0,0,0,0,0,0
190405,2,1,1995,0,0,11,0,0,0,0,0,0,0
190406,1,1,1995,0,0,0,0,0,0,0,0,0,0
190407,1,1,1995,0,0,10,12,0,16,0,11,15,0
190408,1,1,1995,0,0,0,0,0,0,0,0,0,0
190408,2,1,1995,0,0,0,0,0,0,0,0,0,0
190408,3,1,1995,0,0,0,0,0,0,0,0,0,0
190409,1,1,1995,0,0,0,0,0,0,16,0,0,0
190409,2,1,1995,0,0,0,0,0,0,0,0,0,0
190410,1,1,1995,0,0,0,0,0,0,0,0,0,0
190410,2,1,1995,0,12,0,0,0,0,0,0,0,0
190411,1,1,1995,0,0,0,0,0,0,0,0,0,0
190411,2,1,1995,0,0,0,0,0,0,0,0,0,0
190412,1,1,1995,0,0,0,0,0,0,0,0,0,0
190412,2,1,1995,0,0,0,0,0,0,0,0,0,0
190412,3,1,1995,0,0,0,0,0,0,0,0,0,0
190413,1,1,1995,12,12,12,12,12,12,12,12,12,12
190414,1,1,1995,26,26,26,26,26,26,26,26,26,26
190415,1,1,1995,0,0,0,0,0,0,0,0,0,0
190416,1,1,1995,0,0,0,0,0,0,0,0,0,0
190417,1,1,1995,17,17,17,17,17,17,17,17,17,17
190418,1,1,1995,0,0,0,0,11,0,0,0,0,0
190418,2,1,1995,17,30,16,12,22,30,12,5,0,22
190419,1,1,1995,0,0,0,0,0,0,0,0,0,0
190419,2,1,1995,0,16,0,14,0,0,0,0,0,0
190419,3,1,1995,0,0,0,0,13,0,19,0,0,0
190420,1,1,1995,0,0,0,0,0,0,0,0,0,0
190420,2,1,1995,0,0,0,0,0,0,0,0,0,0
190421,1,1,1995,0,0,0,0,0,0,0,0,0,0
190421,2,1,1995,0,0,13,0,0,0,0,0,13,0
190422,1,1,1995,18,0,26,8,0,9,0,22,0,0
190423,1,1,1995,9,9,9,9,9,9,9,9,9,9
190424,1,1,1995,0,0,0,0,0,0,0,0,0,0
190424,2,1,1995,0,6,0,0,0,0,0,0,4,4
190425,1,1,1995,8,8,8,8,8,8,8,8,8,8
190425,2,1,1995,0,0,0,0,0,0,0,0,0,0
190426,1,1,1995,0,0,0,0,0,0,0,0,0,0
190426,2,1,1995,0,0,0,0,0,0,0,0,0,0
190427,1,1,1995,16,16,16,16,16,16,16,16,16,16
190427,2,1,1995,5,5,5,5,5,5,5,5,5,5
190428,0,1,1995,0,0,0,0,0,0,0,0,0,0
190428,1,1,1995,0,0,0,0,0,0,0,0,0,0
190429,0,1,1995,0,0,0,0,0,0,0,0,0,0
190430,1,1,1995,8,8,8,8,8,8,8,8,8,8
190430,2,1,1995,8,8,8,8,8,8,8,8,8,8
190431,1,1,1995,0,0,0,0,0,0,0,0,0,0
190431,2,1,1995,0,0,0,0,0,0,0,0,0,0
190432,1,1,1995,0,0,0,0,0,8,0,0,0,0
190432,2,1,1995,0,0,0,0,0,0,0,0,0,13
190433,1,1,1995,0,0,0,0,0,0,0,0,0,0
190433,2,1,1995,0,0,0,0,0,0,0,0,0,0
190434,1,1,1995,0,0,0,0,0,0,0,0,0,0
190434,2,1,1995,0,0,0,0,0,7,14,0,0,0
190435,1,1,1995,0,19,0,5,12,9,0,0,11,7
190436,1,1,1995,1,1,1,1,1,1,1,1,1,1
190436,2,1,1995,0,0,0,0,0,0,0,0,0,0
190437,1,1,1995,0,0,0,0,0,0,0,0,0,0
190437,2,1,1995,0,0,0,0,0,0,0,0,0,0
190438,1,1,1995,0,11,0,26,0,0,0,0,0,12
190439,1,1,1995,0,0,15,0,0,0,0,0,0,16
190440,1,1,1995,0,0,0,19,0,0,0,0,17,0
190441,1,1,1995,0,0,0,0,0,0,0,0,0,0
190441,2,1,1995,0,0,0,17,0,0,0,0,0,0
190442,1,1,1995,31,31,31,31,31,31,31,31,31,31
190442,2,1,1995,0,13,0,0,0,0,0,0,0,0
190443,1,1,1995,0,0,0,0,0,0,0,0,0,0
190443,2,1,1995,0,0,0,0,0,0,0,0,0,0
190444,1,1,1995,0,0,0,0,0,0,0,0,0,0
190444,2,1,1995,18,18,18,18,18,18,18,18,18,18
190445,1,1,1995,7,7,7,7,7,7,7,7,7,7
190446,0,1,1995,0,0,0,0,0,0,0,0,0,0
190446,1,1,1995,0,0,0,0,0,0,0,0,0,0
190447,1,1,1995,16,16,16,16,16,16,16,16,16,16
190448,1,1,1995,29,29,29,29,29,29,29,29,29,29
190449,1,1,1995,29,29,29,29,29,29,29,29,29,29
190449,2,1,1995,0,0,0,0,0,0,0,0,0,0
190449,3,1,1995,0,0,0,0,0,0,0,0,0,0
190450,1,1,1995,0,0,0,0,0,0,0,0,0,0
190450,2,1,1995,0,0,0,0,0,0,0,0,0,0
190451,1,1,1995,19,19,19,19,19,19,19,19,19,19
190452,1,1,1995,0,0,0,0,0,0,0,0,0,0
190453,1,1,1995,20,20,20,20,20,20,20,20,20,20
190454,1,1,1995,15,15,15,15,15,15,15,15,15,15
190454,2,1,1995,0,0,0,0,0,0,0,0,0,0
190455,1,1,1995,28,28,28,28,28,28,28,28,28,28
190456,1,1,1995,0,0,33,0,9,6,13,24,34,9
190456,2,1,1995,0,0,13,0,17,0,0,0,0,7
190457,1,1,1995,0,0,0,0,10,0,0,0,0,0
190457,2,1,1995,0,0,0,0,0,28,0,0,0,0
190458,1,1,1995,0,0,0,0,0,0,0,0,0,0
190458,2,1,1995,0,0,0,0,0,0,0,0,0,0
190459,0,1,1995,0,0,0,0,0,0,0,0,0,0
190459,1,1,1995,0,0,0,0,0,0,0,0,0,0
190461,1,1,1995,0,0,0,0,0,0,0,0,0,0
190461,2,1,1995,0,0,0,0,0,0,0,0,0,0
190462,1,1,1995,0,0,0,0,0,0,0,0,0,0
190462,2,1,1995,0,0,0,0,0,0,0,0,0,0
190463,1,1,1995,4,4,4,4,4,4,4,4,4,4
190464,1,1,1995,10,10,10,10,10,10,10,10,10,10
190465,1,1,1995,0,0,0,0,0,0,0,0,0,0
190465,2,1,1995,0,0,0,0,0,0,0,0,0,0
200001,1,1,1995,0,0,0,0,0,0,0,0,0,0
200002,1,1,1995,0,0,0,0,0,0,0,0,0,0