ST_CASE,VEH_NO,PER_NO,YEAR,P1,P2,P3,P4,P5,P6,P7,P8,P9,P10
200003,1,1,1995,23,23,23,23,23,23,23,23,23,23
200004,1,1,1995,0,0,0,0,0,0,0,0,0,0
200005,1,1,1995,0,0,0,0,0,26,0,0,0,0
200005,2,1,1995,0,0,0,0,0,0,0,0,0,0
200007,1,1,1995,12,12,12,12,12,12,12,12,12,12
200008,1,1,1995,0,0,0,0,0,0,0,0,0,0
200008,2,1,1995,0,0,0,0,0,0,0,0,0,0
200009,1,1,1995,0,0,0,0,0,0,0,0,0,0
200010,1,1,1995,0,0,0,0,0,10,0,0,0,0
200010,2,1,1995,0,0,0,0,0,0,0,0,0,0
200011,1,1,1995,10,0,0,18,0,25,20,0,0,12
200012,1,1,1995,4,4,4,4,4,4,4,4,4,4
200013,1,1,1995,32,32,32,32,32,32,32,32,32,32
200014,1,1,1995,0,15,34,0,0,19,22,31,0,0
200015,1,1,1995,0,0,0,0,0,0,0,0,0,0
200015,2,1,1995,0,0,0,0,0,0,0,0,0,0
200016,1,1,1995,26,26,26,26,26,26,26,26,26,26
200016,2,1,1995,11,0,6,0,0,0,0,16,0,0
200017,1,1,1995,30,30,30,30,30,30,30,30,30,30
200018,1,1,1995,34,34,34,34,34,34,34,34,34,34
200019,1,1,1995,0,0,0,0,0,4,0,0,0,0
200020,1,1,1995,0,0,0,0,0,0,0,0,0,0
200020,2,1,1995,0,0,0,0,0,0,0,0,0,0
200021,1,1,1995,0,0,0,0,0,0,0,0,0,0
200021,2,1,1995,0,0,0,0,0,0,0,0,0,0
200022,1,1,1995,0,0,0,0,0,0,0,0,0,0
200022,2,1,1995,0,0,0,0,0,0,0,0,0,0
200023,1,1,1995,0,0,0,0,0,0,0,0,0,0
200023,2,1,1995,0,0,0,0,0,0,0,0,0,0
200025,0,1,1995,0,0,0,0,0,0,0,0,0,0
200025,1,1,1995,0,0,0,0,0,0,0,0,0,0
200026,1,1,1995,0,0,0,0,0,0,0,0,0,0
200026,2,1,1995,0,0,0,0,0,0,0,0,0,0
200027,1,1,1995,19,19,19,19,19,19,19,19,19,19
200028,1,1,1995,0,0,0,0,0,0,0,0,0,0
200028,2,1,1995,0,0,0,0,0,0,0,0,0,0
200029,1,1,1995,21,21,21,21,21,21,21,21,21,21
200030,1,1,1995,0,0,0,0,13,26,13,0,0,0
200031,1,1,1995,0,0,0,0,0,0,0,0,0,0
200032,1,1,1995,0,0,0,0,0,0,0,0,0,0
200032,2,1,1995,0,0,0,0,0,0,0,0,0,0
200033,1,1,1995,0,0,0,0,0,0,0,0,0,0
200034,1,1,1995,13,13,13,13,13,13,13,13,13,13
200035,1,5,1995,0,0,0,0,0,0,0,0,0,0
200035,2,1,1995,9,0,0,0,0,0,0,0,14,8
200036,1,1,1995,0,0,0,0,0,0,0,0,0,0
200037,1,1,1995,0,0,0,0,0,0,0,0,0,0
200037,2,1,1995,0,0,0,11,0,0,0,0,0,0
200038,0,1,1995,0,0,0,0,0,0,0,0,0,0
200038,1,1,1995,0,0,0,0,0,0,0,0,0,0
200039,1,1,1995,0,0,0,0,0,0,0,0,0,0
200040,1,1,1995,23,23,23,23,23,23,23,23,23,23
200041,1,1,1995,29,8,19,10,26,18,17,23,18,16
200041,2,1,1995,0,0,0,11,0,0,0,0,0,29
200042,1,1,1995,0,0,0,0,0,0,0,0,0,0
200042,2,1,1995,0,0,0,0,0,0,0,0,0,0
200043,1,1,1995,13,0,16,29,17,20,0,0,0,22
200044,1,1,1995,18,18,18,18,18,18,18,18,18,18
200045,1,1,1995,0,0,0,0,0,0,0,0,0,0
200045,2,1,1995,0,0,0,0,0,0,0,0,0,0
200046,1,1,1995,0,0,0,0,0,0,0,0,0,0
200046,2,1,1995,0,0,0,0,0,0,0,0,0,0
200047,1,1,1995,0,0,0,0,0,0,0,0,0,0
200047,2,1,1995,0,0,0,0,0,0,0,0,0,0
200048,1,1,1995,0,0,0,0,0,0,0,0,0,0
200049,1,1,1995,35,35,35,35,35,35,35,35,35,35
200050,1,1,1995,0,0,0,0,0,0,0,0,0,0
200050,2,1,1995,0,0,0,0,0,0,0,0,0,0
200051,1,1,1995,0,0,23,0,0,0,0,0,0,0
200052,1,1,1995,16,15,0,0,0,0,0,0,0,5
200052,2,1,1995,0,0,0,0,0,0,0,0,0,0
200053,1,1,1995,0,0,0,0,0,0,0,0,0,0
200053,2,1,1995,0,0,0,0,0,0,0,0,0,0
200054,1,1,1995,6,0,19,0,0,0,0,0,21,0
200055,1,1,1995,0,0,0,0,0,0,0,0,0,0
200055,2,1,1995,0,0,0,0,0,0,0,0,0,0
200056,1,1,1995,13,13,13,13,13,13,13,13,13,13
200057,1,1,1995,0,0,0,0,0,0,0,0,0,0
200057,2,1,1995,0,0,0,0,0,0,0,0,0,0
200058,1,1,1995,23,23,23,23,23,23,23,23,23,23
200059,1,1,1995,27,27,27,27,27,27,27,27,27,27
200059,2,1,1995,0,0,0,0,0,0,0,0,0,0
200060,1,1,1995,20,20,20,20,20,20,20,20,20,20
200060,2,1,1995,0,0,0,0,0,0,0,0,0,0
200061,1,1,1995,0,0,0,0,0,0,0,0,0,0
200062,1,1,1995,33,3,18,13,0,47,33,0,28,10
200062,2,1,1995,0,0,0,0,0,0,0,0,0,0
200062,3,1,1995,0,0,0,0,0,0,0,0,0,0
200063,1,1,1995,0,0,0,0,0,0,0,0,0,0
200063,2,1,1995,0,0,0,0,0,0,0,0,0,0
200064,0,1,1995,0,0,0,0,0,0,0,0,0,0
200064,0,2,1995,0,0,0,0,0,0,0,0,0,0
200064,1,1,1995,0,0,0,0,0,0,0,0,0,0
200065,1,1,1995,0,0,0,0,0,0,0,0,0,0
200065,2,1,1995,0,0,0,0,0,0,0,0,0,0
200066,1,1,1995,17,17,17,17,17,17,17,17,17,17
200067,1,1,1995,0,0,0,0,0,0,0,0,0,0
200067,2,1,1995,0,0,0,0,0,0,0,0,0,0
200068,1,1,1995,0,0,0,0,0,0,0,0,0,0
200068,2,1,1995,0,0,0,0,0,0,0,0,0,0
200069,1,1,1995,0,0,0,0,0,0,0,0,0,0
200069,2,1,1995,0,0,0,0,0,0,0,0,0,0
200070,1,1,1995,15,15,15,15,15,15,15,15,15,15
200071,1,1,1995,13,13,13,13,13,13,13,13,13,13
200072,1,1,1995,0,0,0,0,0,0,0,0,0,0
200073,1,1,1995,17,17,17,17,17,17,17,17,17,17
200074,1,1,1995,27,27,27,27,27,27,27,27,27,27
200075,1,1,1995,0,0,0,0,0,0,0,0,0,0
200075,2,1,1995,0,0,0,15,15,0,0,0,0,0
200076,1,1,1995,23,23,23,23,23,23,23,23,23,23
200076,2,1,1995,0,0,0,0,0,0,0,0,0,0
200077,1,1,1995,0,0,0,0,0,18,0,0,0,0
200078,1,1,1995,0,0,0,0,0,0,0,17,0,32
200079,1,1,1995,0,0,0,0,0,0,0,0,0,0
200080,1,1,1995,29,29,29,29,29,29,29,29,29,29
200081,1,1,1995,0,0,17,0,0,18,0,0,0,0
200081,2,1,1995,0,0,0,0,0,0,0,0,0,0
200082,1,1,1995,0,0,0,0,0,0,0,0,0,0
200082,2,1,1995,0,9,0,0,0,0,0,0,0,0
200083,1,1,1995,23,23,23,23,23,23,23,23,23,23
200084,1,1,1995,2,2,2,2,2,2,2,2,2,2
200084,2,1,1995,0,0,0,0,0,0,9,0,0,0
200085,1,1,1995,0,0,0,0,0,0,0,0,0,0
200086,1,1,1995,31,31,31,31,31,31,31,31,31,31
200087,1,1,1995,0,0,0,0,0,0,0,0,0,0
200087,2,1,1995,0,0,0,0,0,0,0,0,0,0
200088,1,1,1995,0,0,0,0,0,0,0,0,0,0
200089,1,1,1995,12,12,12,12,12,12,12,12,12,12
200091,0,1,1995,0,0,0,0,0,0,0,0,0,0
200091,1,1,1995,0,0,0,0,0,0,0,0,0,0
200092,1,1,1995,0,0,0,0,0,0,0,0,0,0
200092,2,1,1995,0,0,0,0,0,0,0,0,0,0
200092,3,1,1995,0,0,0,0,0,0,0,0,0,0
200093,1,1,1995,5,5,5,5,5,5,5,5,5,5
200094,1,1,1995,0,0,0,0,0,22,0,0,0,0
200095,1,1,1995,18,18,18,18,18,18,18,18,18,18
200096,1,1,1995,0,0,0,0,0,0,0,0,0,0
200096,2,1,1995,0,0,0,0,0,0,0,0,0,0
200097,0,1,1995,17,17,17,17,17,17,17,17,17,17
200097,1,1,1995,0,0,0,0,0,0,0,0,0,11
200098,1,1,1995,22,22,22,22,22,22,22,22,22,22
200099,1,1,1995,0,0,0,0,0,0,0,0,0,0
200099,2,1,1995,0,0,0,0,0,0,0,0,0,0
200100,1,1,1995,0,0,0,0,0,0,0,0,0,0
200100,2,1,1995,0,0,0,0,0,0,0,0,0,0
200101,1,1,1995,0,0,0,0,0,0,0,0,0,0
200102,0,1,1995,21,21,21,21,21,21,21,21,21,21
200102,1,1,1995,0,0,0,0,0,0,0,0,0,0
200103,1,1,1995,13,13,13,13,13,13,13,13,13,13
200104,1,1,1995,21,21,21,21,21,21,21,21,21,21
200105,1,1,1995,0,0,0,0,0,0,0,0,0,0
200105,2,1,1995,0,0,0,0,0,0,0,0,0,0
200106,1,1,1995,0,0,0,0,0,0,0,0,0,0
200106,2,1,1995,0,0,0,0,0,0,0,0,0,0
200107,0,1,1995,0,0,0,0,0,0,19,0,0,18
200107,1,1,1995,0,0,0,0,0,0,0,0,0,0
200107,2,1,1995,0,0,0,0,0,0,0,0,0,0
200108,1,1,1995,0,0,0,0,0,0,0,0,0,0
200108,2,1,1995,0,0,0,0,0,0,0,0,0,0
200109,1,1,1995,28,28,28,28,28,28,28,28,28,28
200110,1,1,1995,10,10,10,10,10,10,10,10,10,10
200111,1,1,1995,0,0,0,0,0,0,0,0,0,0
200112,1,1,1995,0,0,0,0,0,0,0,0,0,0
200112,2,1,1995,0,0,0,0,0,0,4,0,0,0
200113,1,1,1995,0,0,0,0,0,0,0,0,0,0
200113,2,1,1995,35,35,35,35,35,35,35,35,35,35
200114,1,1,1995,23,23,23,23,23,23,23,23,23,23
200115,1,1,1995,22,22,22,22,22,22,22,22,22,22
200116,1,1,1995,0,0,0,0,0,0,0,0,0,0
200116,2,1,1995,0,0,0,0,0,0,0,0,0,0
200117,1,1,1995,15,15,15,15,15,15,15,15,15,15
200118,1,1,1995,6,6,6,6,6,6,6,6,6,6
200118,2,1,1995,0,0,0,0,0,0,0,0,0,0
200119,1,1,1995,0,0,0,0,0,0,0,0,0,0
200119,2,1,1995,0,0,0,0,0,0,0,0,0,0
200120,1,1,1995,0,0,0,0,0,0,0,0,0,0
200120,2,1,1995,0,0,0,0,0,0,0,0,0,0
200121,1,1,1995,20,20,20,20,20,20,20,20,20,20
200122,1,1,1995,0,0,0,0,0,0,0,0,0,0
200122,2,1,1995,0,0,0,0,0,0,0,0,0,0
200123,1,1,1995,2,2,2,2,2,2,2,2,2,2
200124,1,1,1995,0,0,0,28,0,24,8,0,0,0
200125,1,1,1995,0,0,0,0,0,0,0,0,0,0
200126,1,1,1995,0,0,0,0,0,0,0,0,0,0
200127,1,1,1995,0,0,0,0,0,0,0,0,0,0
200128,1,1,1995,0,0,0,0,0,0,0,0,0,0
200128,2,1,1995,0,0,0,0,0,0,0,0,0,8
200129,1,1,1995,14,14,14,14,14,14,14,14,14,14
200129,2,1,1995,0,0,0,0,0,0,0,0,0,0
200130,0,1,1995,0,0,0,0,0,0,0,0,0,0
200131,1,1,1995,0,0,0,0,0,0,0,0,0,0
200132,1,1,1995,13,0,4,9,20,12,0,0,17,7
200133,1,1,1995,0,28,0,0,0,0,0,0,6,0
200134,1,1,1995,30,30,30,30,30,30,30,30,30,30
200134,2,1,1995,0,0,0,0,0,0,0,0,0,0
200135,1,1,1995,0,0,0,0,0,0,0,23,0,0
200136,1,1,1995,0,0,0,0,0,0,0,0,0,0
200137,1,1,1995,20,13,27,18,8,17,13,16,25,15
200138,1,1,1995,0,0,0,15,0,0,17,22,19,29
200139,1,1,1995,0,0,0,0,0,0,0,0,0,0
200139,2,1,1995,0,11,0,0,0,16,0,14,0,12
200140,1,1,1995,31,31,31,31,31,31,31,31,31,31
200141,1,1,1995,0,0,0,0,0,0,0,0,0,0
200141,2,1,1995,0,0,0,0,0,0,0,0,0,0
200142,1,1,1995,23,0,12,31,7,15,17,15,29,10
200143,1,1,1995,16,13,22,18,22,28,20,21,20,33
200144,1,1,1995,0,0,0,0,0,0,0,0,0,0
200145,1,1,1995,0,0,0,0,0,0,0,0,0,0
200145,2,1,1995,0,0,0,0,0,0,0,0,0,0
200146,0,1,1995,0,0,0,0,0,0,0,0,0,0
200146,1,1,1995,0,0,0,0,0,0,0,0,0,0
200147,1,1,1995,14,14,14,14,14,14,14,14,14,14
200148,1,1,1995,28,28,28,28,28,28,28,28,28,28
200149,0,1,1995,0,0,0,0,0,0,0,0,0,0
200149,1,1,1995,0,0,0,0,0,0,0,0,0,0
200150,1,1,1995,0,0,0,0,0,0,0,0,0,13
200151,1,1,1995,0,0,0,0,0,0,0,0,0,0
200151,2,1,1995,0,0,0,0,0,0,0,0,0,0
200152,1,1,1995,0,0,0,0,0,0,0,0,0,0
200152,2,1,1995,0,0,0,0,0,0,0,0,0,0
200152,3,1,1995,0,0,0,0,0,0,0,0,0,0
200153,1,1,1995,22,22,22,22,22,22,22,22,22,22
200154,1,1,1995,17,17,17,17,17,17,17,17,17,17
200155,1,1,1995,24,24,24,24,24,24,24,24,24,24
200156,1,1,1995,0,0,0,0,0,0,0,0,0,0
200157,1,1,1995,0,19,21,5,1,0,5,3,0,6
200157,2,1,1995,19,19,19,19,19,19,19,19,19,19
200158,1,1,1995,28,28,28,28,28,28,28,28,28,28
200159,0,1,1995,0,0,0,0,0,0,0,0,0,0
200159,1,1,1995,0,0,0,0,0,0,0,0,0,0
200160,1,1,1995,0,0,0,0,0,0,0,0,0,0
200160,2,1,1995,0,0,0,0,0,0,0,0,0,0
200161,1,1,1995,0,0,0,0,0,0,0,0,0,0
200161,2,1,1995,0,0,0,0,0,0,0,0,0,0
200162,1,1,1995,0,0,0,0,0,0,0,0,0,0
200162,2,1,1995,0,0,0,0,0,0,0,0,0,0
200163,1,1,1995,0,0,0,0,0,0,0,0,0,0
200163,2,1,1995,0,0,0,0,0,0,0,0,0,0
200164,1,1,1995,0,0,0,0,0,0,0,0,0,0
200164,2,1,1995,0,0,0,0,0,0,0,0,0,0
200165,1,1,1995,19,19,19,19,19,19,19,19,19,19
200166,1,1,1995,0,0,0,0,0,0,0,0,0,0
200166,2,1,1995,0,0,0,0,0,0,0,0,0,0
200167,1,1,1995,23,23,23,23,23,23,23,23,23,23
200168,1,1,1995,0,0,0,0,0,0,0,0,0,0
200169,1,1,1995,0,0,0,0,0,0,0,0,0,0
200170,1,1,1995,28,28,28,28,28,28,28,28,28,28
200171,1,1,1995,0,0,0,0,0,0,0,0,0,0
200172,0,1,1995,0,0,0,0,0,0,0,0,0,0
200172,1,1,1995,0,0,0,0,0,0,0,0,0,0
200173,1,1,1995,0,0,0,0,0,0,0,0,0,0
200173,2,1,1995,0,0,0,0,0,0,0,0,0,0
200174,1,1,1995,0,0,0,0,0,0,0,0,0,0
200175,1,1,1995,6,23,5,23,0,14,18,10,17,17
200176,1,1,1995,0,0,0,0,0,0,0,0,0,0
200176,2,1,1995,0,0,0,0,0,0,0,0,0,0
200177,1,1,1995,0,0,0,0,0,0,0,0,0,0
200177,2,1,1995,0,0,0,0,0,0,0,0,0,4
200177,3,1,1995,0,0,0,0,0,0,0,0,0,0
200178,0,1,1995,0,0,0,0,0,0,0,0,0,0
200178,1,1,1995,0,0,0,0,0,0,0,0,0,0
200179,1,1,1995,17,17,17,17,17,17,17,17,17,17
200181,1,1,1995,10,10,10,10,10,10,10,10,10,10
200181,2,1,1995,10,10,10,10,10,10,10,10,10,10
200182,1,1,1995,4,4,4,4,4,4,4,4,4,4
200182,2,1,1995,0,0,0,0,0,0,0,0,0,0
200183,0,1,1995,0,0,0,0,0,0,0,0,0,0
200183,1,1,1995,0,0,0,0,0,0,0,0,0,0
200184,1,1,1995,10,10,10,10,10,10,10,10,10,10
200185,0,1,1995,0,0,0,0,0,0,0,0,0,0
200185,1,1,1995,16,8,9,15,5,11,16,12,4,22
200186,1,1,1995,0,0,0,0,0,0,0,0,0,0
200187,1,1,1995,0,0,0,0,0,0,0,0,0,0
200188,1,1,1995,19,19,19,19,19,19,19,19,19,19
200188,2,1,1995,0,0,0,0,0,0,0,0,0,0
200189,1,1,1995,0,0,0,0,0,0,0,0,0,0
200190,0,1,1995,0,0,0,0,0,0,0,0,0,0
200190,1,1,1995,0,0,0,0,0,0,0,0,0,0
200191,1,1,1995,0,0,0,0,0,0,0,0,0,0
200192,1,1,1995,0,0,0,0,0,0,0,0,0,0
200192,2,1,1995,3,3,3,3,3,3,3,3,3,3
200194,1,1,1995,0,0,0,0,0,0,0,0,0,0
200194,2,1,1995,0,0,0,0,0,0,0,0,0,0
200195,1,1,1995,19,0,0,0,0,0,0,0,0,0
200195,2,1,1995,0,0,0,0,0,0,0,0,0,0
200196,1,1,1995,10,10,10,10,10,10,10,10,10,10
200196,2,1,1995,0,0,0,0,0,0,0,0,0,0
200197,1,1,1995,20,20,20,20,20,20,20,20,20,20
200198,1,1,1995,0,0,0,3,0,14,0,0,0,0
200198,2,1,1995,0,0,0,0,0,0,0,0,0,0
200199,1,1,1995,0,0,0,0,0,0,0,0,0,0
200199,2,1,1995,5,18,13,0,0,0,25,0,18,0
200200,1,1,1995,17,17,17,17,17,17,17,17,17,17
200201,1,1,1995,0,43,0,0,24,0,0,26,0,0
200202,1,1,1995,0,0,0,0,0,0,0,0,0,13
200202,2,1,1995,0,0,0,0,0,0,0,23,0,0
200203,1,1,1995,0,0,0,0,0,0,0,0,0,0
200203,2,1,1995,0,0,0,0,0,0,0,0,0,0
200204,0,1,1995,0,0,0,0,0,0,0,0,0,0
200204,1,1,1995,0,0,0,0,0,0,0,0,0,0
200205,1,1,1995,0,0,0,0,21,0,0,0,0,0
200206,1,1,1995,0,0,0,6,0,0,0,0,0,0
200206,2,1,1995,0,0,0,0,0,0,0,0,0,0
200206,3,1,1995,21,5,0,0,0,0,0,0,0,0
200206,4,1,1995,0,0,0,0,0,0,0,0,0,23
200207,1,1,1995,0,0,0,0,0,0,0,0,0,0
200208,1,1,1995,22,22,22,22,22,22,22,22,22,22
200209,1,1,1995,0,0,0,0,0,0,0,0,0,0
200210,1,1,1995,0,0,0,0,0,0,0,0,0,0
200210,2,1,1995,18,18,18,18,18,18,18,18,18,18
200211,1,1,1995,0,0,0,0,0,0,0,0,0,0
200211,2,1,1995,0,0,0,0,0,0,0,0,0,0
200212,1,1,1995,0,0,0,0,0,0,0,0,0,0
200212,2,1,1995,0,0,0,0,0,0,0,0,0,0
200213,1,1,1995,16,20,0,14,12,28,12,17,36,31
200214,1,1,1995,0,0,0,0,0,0,0,0,0,11
200215,1,1,1995,0,0,0,0,0,0,0,0,0,0
200215,2,1,1995,0,0,0,0,0,0,0,0,0,0
200216,1,1,1995,0,0,0,0,0,0,0,0,0,0
200216,2,1,1995,0,0,0,0,0,0,0,0,0,0
200217,1,1,1995,0,17,0,0,0,0,0,0,0,0
200217,2,1,1995,0,0,0,0,0,0,0,0,27,0
200218,1,1,1995,0,0,0,0,0,0,0,0,0,0
200219,1,1,1995,4,4,4,4,4,4,4,4,4,4
200219,2,1,1995,0,0,0,0,0,0,0,0,0,0
200220,1,1,1995,13,13,13,13,13,13,13,13,13,13
200220,2,1,1995,0,0,0,0,0,0,0,0,0,0
200221,1,1,1995,23,23,23,23,23,23,23,23,23,23
200222,1,1,1995,0,0,0,0,0,0,0,0,0,0
200223,1,1,1995,0,0,0,0,0,0,0,20,5,0
200224,1,1,1995,17,17,17,17,17,17,17,17,17,17
200225,1,1,1995,0,0,0,0,0,0,0,12,0,0
200226,1,1,1995,0,0,0,0,0,0,0,0,0,0
200226,2,1,1995,0,0,0,0,0,0,0,0,0,0
200227,1,1,1995,0,0,7,0,6,0,0,0,0,19
200227,2,1,1995,0,0,0,0,0,0,0,0,0,0
200228,0,1,1995,0,0,0,0,18,0,0,0,0,0
200228,1,1,1995,2,4,14,7,0,17,5,8,18,0
200229,1,1,1995,19,19,19,19,19,19,19,19,19,19
200229,2,1,1995,0,0,10,0,0,7,7,0,37,15
200230,1,1,1995,0,0,12,3,0,0,0,0,0,0
200231,1,1,1995,11,11,11,11,11,11,11,11,11,11
200232,1,1,1995,15,15,15,15,15,15,15,15,15,15
200233,1,1,1995,21,21,21,21,21,21,21,21,21,21
200233,2,1,1995,0,0,0,0,0,0,0,0,0,0
200234,1,1,1995,7,7,7,7,7,7,7,7,7,7
200235,0,1,1995,0,0,0,0,0,0,0,0,0,0
200235,1,1,1995,0,0,0,0,0,0,0,0,0,0
200236,1,1,1995,0,0,0,0,0,0,0,0,0,0
200236,2,1,1995,0,0,0,20,12,0,0,0,0,0
200237,1,1,1995,0,0,0,0,0,0,0,0,0,0
200237,2,1,1995,0,0,0,0,0,0,0,0,0,0
200238,1,1,1995,0,0,0,0,0,0,0,0,0,0
200238,2,1,1995,0,0,0,0,0,0,0,0,0,0
200239,0,1,1995,0,0,0,0,0,0,0,0,0,0
200239,1,1,1995,0,0,0,0,0,0,0,2,0,0
200239,2,1,1995,0,0,0,0,0,0,0,0,0,0
200240,1,1,1995,0,0,0,0,0,0,0,0,0,0
200241,1,1,1995,26,26,26,26,26,26,26,26,26,26
200243,1,1,1995,0,0,0,0,8,0,24,0,12,0
200244,1,1,1995,25,25,25,25,25,25,25,25,25,25
200245,1,1,1995,0,0,0,0,0,0,0,0,0,0
200246,0,1,1995,7,7,7,7,7,7,7,7,7,7
200246,1,1,1995,7,7,7,7,7,7,7,7,7,7
200247,1,1,1995,0,12,0,0,17,0,0,0,0,0
200248,1,1,1995,0,0,0,0,0,0,0,0,0,0
200248,2,1,1995,0,0,0,0,0,0,0,0,24,0
200249,1,1,1995,0,0,0,0,0,0,0,0,0,0
200250,1,1,1995,26,26,26,26,26,26,26,26,26,26
200251,1,1,1995,0,0,0,0,0,0,0,0,2,0
200251,2,1,1995,0,0,0,0,0,0,0,0,0,0
200251,3,1,1995,12,0,0,0,13,0,0,13,2,0
200252,1,1,1995,20,20,20,20,20,20,20,20,20,20
200252,2,1,1995,17,3,0,13,0,0,19,16,4,0
200253,1,1,1995,0,0,0,0,0,0,0,0,0,0
200253,2,1,1995,0,0,0,0,0,0,0,0,0,0
200254,1,1,1995,0,0,0,0,0,0,0,0,0,0
200254,2,1,1995,0,0,0,0,0,0,0,0,0,0
200255,0,1,1995,0,0,0,0,0,0,0,0,0,0
200255,1,1,1995,0,0,0,0,0,0,0,0,0,0
200256,1,1,1995,0,0,0,0,0,0,0,0,0,0
200256,2,1,1995,0,0,0,0,0,0,37,0,0,0
200257,1,1,1995,21,21,21,21,21,21,21,21,21,21
200258,0,1,1995,0,0,0,0,0,0,0,0,0,0
200258,1,1,1995,0,0,0,0,0,0,0,0,0,0
200259,1,1,1995,28,28,28,28,28,28,28,28,28,28
200260,1,1,1995,26,26,26,26,26,26,26,26,26,26
200261,1,1,1995,6,6,6,6,6,6,6,6,6,6
200262,1,1,1995,0,0,0,0,0,0,0,0,0,0
200262,2,1,1995,0,0,0,0,0,0,0,0,0,0
200263,1,1,1995,0,0,0,0,0,0,0,0,0,0
200264,0,1,1995,0,0,0,0,0,0,0,0,0,0
200264,1,1,1995,0,0,0,0,0,0,0,0,0,0
200265,1,1,1995,0,0,0,0,0,0,0,0,0,0
200265,2,1,1995,6,6,6,6,6,6,6,6,6,6
200266,0,1,1995,0,0,0,0,0,0,0,0,0,0
200266,0,2,1995,5,0,0,0,0,0,0,0,0,0
200266,1,1,1995,0,0,0,0,0,0,0,0,0,0
200267,1,1,1995,19,19,19,19,19,19,19,19,19,19
200268,1,1,1995,0,0,0,0,0,0,0,0,0,0
200268,2,1,1995,0,0,0,0,0,0,4,0,0,0
200269,1,1,1995,0,0,0,0,0,0,0,0,0,0
200269,2,1,1995,0,0,0,0,0,0,0,0,0,0
200270,0,1,1995,23,0,45,0,23,35,0,0,5,17
200270,0,2,1995,0,0,0,13,10,21,0,0,42,0
200270,1,1,1995,0,0,0,0,0,0,0,0,0,0
200271,1,1,1995,0,0,0,0,0,0,0,0,0,0
200271,2,1,1995,0,0,0,0,0,0,0,0,0,0
200272,1,1,1995,11,11,11,11,11,11,11,11,11,11
200273,1,1,1995,0,0,0,0,0,0,0,0,0,0
200274,0,1,1995,0,0,0,0,0,0,0,0,0,0
200274,0,2,1995,0,0,0,0,0,0,0,0,0,0
200274,1,1,1995,0,0,0,0,0,0,0,0,0,0
200275,1,1,1995,0,0,0,0,0,0,0,0,0,0
200275,2,1,1995,0,0,0,0,0,0,0,0,0,0
200275,3,1,1995,0,0,0,0,0,0,0,0,0,7
200275,4,1,1995,0,0,0,0,0,0,0,0,0,0
200276,1,1,1995,9,9,9,9,9,9,9,9,9,9
200277,1,1,1995,0,0,0,0,0,0,0,0,0,0
200277,2,1,1995,0,0,0,0,0,0,0,0,0,0
200277,3,1,1995,0,0,0,0,0,0,0,0,0,0
200277,4,1,1995,0,0,0,0,0,0,0,0,0,0
200278,1,1,1995,0,0,0,0,0,0,0,0,0,0
200279,1,1,1995,12,12,12,12,12,12,12,12,12,12
200280,0,1,1995,0,0,0,0,0,0,0,0,0,0
200280,1,1,1995,0,0,0,0,0,0,0,0,0,0
200281,1,1,1995,0,0,0,0,0,0,0,0,0,0
200281,2,1,1995,0,0,0,0,0,0,0,0,0,0
200282,1,1,1995,0,0,0,0,0,0,0,0,0,0
200283,1,1,1995,0,0,0,0,0,0,0,0,0,0
200284,1,1,1995,0,0,0,0,0,0,0,0,0,0
200284,2,1,1995,0,0,0,0,0,0,0,0,0,0
200285,1,1,1995,8,8,8,8,8,8,8,8,8,8
200286,1,1,1995,0,0,0,0,0,0,0,0,0,0
200286,2,1,1995,0,0,0,0,0,0,0,0,0,0
200287,1,1,1995,0,0,0,0,0,0,0,0,0,0
200287,2,1,1995,0,0,0,0,0,0,0,18,0,0
200288,0,1,1995,19,16,25,21,18,20,20,22,15,22
200288,1,1,1995,0,0,0,0,0,0,0,0,0,10
200289,1,1,1995,0,0,0,0,0,0,0,0,0,0
200289,2,1,1995,0,0,0,0,0,0,0,0,0,0
200289,3,1,1995,0,0,0,0,0,0,0,0,0,0
200289,4,1,1995,0,0,0,0,0,0,0,0,0,0
200290,1,1,1995,26,26,26,26,26,26,26,26,26,26
200291,1,1,1995,0,0,0,0,0,0,0,0,0,0
200291,2,1,1995,0,0,0,0,0,0,0,0,0,0
200292,1,1,1995,0,0,0,0,0,0,0,0,0,0
200293,1,1,1995,0,0,0,0,0,0,0,0,0,0
200294,1,1,1995,13,0,0,24,22,22,13,24,27,45
200295,1,1,1995,0,0,0,0,0,0,0,0,0,0
200296,1,1,1995,0,0,0,0,0,0,0,0,0,0
200296,2,1,1995,0,0,0,0,0,0,0,14,0,0
200297,1,1,1995,13,13,13,13,13,13,13,13,13,13
200297,2,1,1995,0,0,0,0,20,0,0,19,22,0
200298,1,1,1995,0,0,0,0,0,0,0,0,0,0
200298,2,1,1995,0,0,0,0,0,0,0,0,0,0
200299,1,1,1995,0,0,0,0,0,0,0,0,0,0
200299,2,1,1995,0,0,0,0,0,0,0,0,0,0
200300,1,1,1995,0,0,0,0,0,0,0,0,0,0
200301,1,1,1995,0,0,0,0,0,0,0,0,0,0
200302,1,1,1995,0,0,0,0,0,0,0,0,0,0