ST_CASE,VEH_NO,PER_NO,YEAR,P1,P2,P3,P4,P5,P6,P7,P8,P9,P10
210188,2,1,1995,5,5,5,5,5,5,5,5,5,5
210189,1,1,1995,0,0,0,0,0,0,0,0,0,0
210189,2,1,1995,0,0,0,0,0,0,0,0,0,0
210190,1,1,1995,0,0,0,0,0,0,0,0,0,0
210191,1,1,1995,0,0,0,0,0,0,0,0,0,0
210192,1,1,1995,0,0,0,0,0,0,0,0,0,0
210193,1,1,1995,26,26,26,26,26,26,26,26,26,26
210194,1,1,1995,10,10,10,10,10,10,10,10,10,10
210195,1,1,1995,25,25,25,25,25,25,25,25,25,25
210196,1,1,1995,12,12,12,12,12,12,12,12,12,12
210197,1,1,1995,0,7,0,0,0,0,0,0,0,0
210198,1,1,1995,0,0,0,0,15,0,0,0,0,0
210199,1,1,1995,16,22,0,14,0,7,0,0,0,19
210200,1,1,1995,0,0,0,0,0,0,0,0,0,0
210200,2,1,1995,0,0,0,0,0,0,0,0,0,0
210201,1,1,1995,0,0,0,0,0,0,0,0,0,0
210201,2,1,1995,0,0,0,0,0,0,0,0,0,0
210201,3,1,1995,0,0,0,0,0,0,0,0,0,0
210202,1,1,1995,0,0,0,0,0,0,0,0,0,0
210202,2,1,1995,0,0,0,0,0,0,0,24,0,0
210203,1,1,1995,0,0,0,0,0,0,0,0,0,0
210203,2,1,1995,0,0,0,0,0,0,0,0,0,0
210204,1,1,1995,0,0,0,0,0,0,0,0,0,0
210204,2,1,1995,0,0,0,0,0,0,0,0,0,0
210205,1,1,1995,0,0,0,0,0,0,0,0,0,0
210205,2,1,1995,0,0,0,0,0,0,0,0,0,0
210206,1,1,1995,9,9,9,9,9,9,9,9,9,9
210207,1,1,1995,0,0,0,0,16,0,0,0,0,0
210208,1,1,1995,14,14,14,14,14,14,14,14,14,14
210209,1,1,1995,11,11,11,11,11,11,11,11,11,11
210210,1,1,1995,0,0,0,0,0,0,0,0,0,0
210211,1,1,1995,0,0,0,0,0,0,0,0,0,0
210211,2,1,1995,0,0,0,0,0,0,0,0,0,0
210212,1,1,1995,0,0,0,0,0,0,0,0,0,21
210212,2,1,1995,0,0,0,0,7,0,0,0,0,0
210213,1,1,1995,0,0,0,0,0,0,0,0,0,0
210213,2,1,1995,0,0,0,0,0,0,0,0,0,0
210214,1,1,1995,0,0,0,0,0,0,0,0,0,0
210214,2,1,1995,0,0,0,0,0,0,0,0,0,0
210215,1,1,1995,0,0,0,0,0,0,0,0,0,0
210215,2,1,1995,0,0,0,0,0,0,0,0,0,0
210216,1,1,1995,0,0,0,0,0,0,0,0,0,0
210216,2,1,1995,0,0,0,0,0,0,0,0,0,0
210217,1,1,1995,9,9,9,9,9,9,9,9,9,9
210218,1,1,1995,0,0,0,0,0,0,0,0,0,0
210219,1,1,1995,13,13,13,13,13,13,13,13,13,13
210220,1,1,1995,0,0,0,0,0,0,0,0,0,0
210220,2,1,1995,0,0,0,0,0,0,0,0,0,0
210221,1,1,1995,31,31,31,31,31,31,31,31,31,31
210222,1,1,1995,0,0,0,0,0,0,0,0,0,0
210222,2,1,1995,0,0,0,0,0,0,0,0,0,0
210223,1,1,1995,8,0,0,0,6,0,0,8,0,0
210223,2,1,1995,0,0,0,0,0,0,0,0,0,0
210224,1,1,1995,0,0,0,0,0,0,0,0,0,0
210224,2,1,1995,0,0,0,0,0,0,0,0,0,0
210225,0,1,1995,0,0,0,0,0,0,0,0,0,0
210225,1,1,1995,0,0,0,0,0,0,0,0,0,0
210226,1,1,1995,10,10,10,10,10,10,10,10,10,10
210227,1,1,1995,0,0,17,0,0,0,0,0,0,0
210227,2,1,1995,0,0,0,0,0,0,0,0,0,0
210228,1,1,1995,0,0,0,0,0,0,0,0,0,0
210228,2,1,1995,0,0,0,0,0,0,0,0,0,0
210229,1,1,1995,0,0,0,0,0,0,0,0,0,0
210229,2,1,1995,0,0,0,0,0,0,0,0,0,0
210230,1,1,1995,0,14,0,0,0,0,0,0,0,0
210230,2,1,1995,0,0,0,0,0,0,0,0,0,0
210231,1,2,1995,0,13,9,0,0,13,0,0,0,0
210232,1,1,1995,11,11,11,11,11,11,11,11,11,11
210232,2,1,1995,0,0,0,0,0,0,0,0,0,0
210233,1,1,1995,0,0,0,0,0,0,0,0,0,0
210233,2,1,1995,0,0,0,0,0,0,0,0,0,0
210234,1,1,1995,0,0,0,0,0,0,0,0,0,0
210234,2,1,1995,0,0,0,0,0,0,0,0,0,0
210235,1,1,1995,0,0,0,0,0,0,0,0,0,0
210235,2,1,1995,0,0,0,0,0,0,0,0,0,0
210236,1,1,1995,0,0,0,0,0,0,0,0,0,0
210236,2,1,1995,0,0,0,0,0,0,0,0,0,0
210236,3,1,1995,0,0,0,0,0,0,0,0,0,0
210237,1,1,1995,2,0,0,0,0,0,0,0,0,0
210237,2,1,1995,0,0,0,0,0,0,0,0,0,0
210238,1,1,1995,0,0,0,0,0,0,0,0,0,0
210238,2,1,1995,0,0,0,0,0,0,0,0,0,0
210239,1,1,1995,0,0,0,0,0,0,0,0,0,0
210239,2,1,1995,0,0,0,0,0,0,0,0,0,0
210240,1,1,1995,0,0,0,0,0,0,0,0,0,0
210241,0,1,1995,6,6,6,6,6,6,6,6,6,6
210241,1,1,1995,0,0,0,0,0,0,0,0,0,0
210242,1,1,1995,28,10,0,0,28,0,0,0,0,0
210243,1,1,1995,0,0,0,0,0,0,0,0,0,0
210244,1,1,1995,14,14,14,14,14,14,14,14,14,14
210245,0,1,1995,11,11,11,11,11,11,11,11,11,11
210245,1,1,1995,0,0,0,0,0,0,0,0,0,0
210246,1,1,1995,0,0,0,0,0,0,0,0,0,0
210247,1,1,1995,0,0,0,0,0,0,0,0,0,0
210247,2,1,1995,0,0,0,0,0,0,0,0,0,0
210248,1,1,1995,0,0,0,0,0,0,0,0,0,0
210248,2,1,1995,0,0,0,0,0,0,0,0,0,0
210249,1,1,1995,0,0,0,0,0,0,0,0,0,0
210249,2,1,1995,0,0,0,0,0,0,0,0,0,0
210250,1,1,1995,0,0,0,0,0,0,0,0,0,0
210251,0,1,1995,0,0,0,0,0,0,0,0,0,0
210251,1,1,1995,0,0,0,0,0,0,12,0,0,0
210252,1,1,1995,1,1,1,1,1,1,1,1,1,1
210253,1,1,1995,0,0,0,0,0,0,0,0,0,0
210254,1,1,1995,0,0,0,0,0,0,0,0,0,24
210255,1,1,1995,0,0,0,0,0,0,0,0,0,0
210256,1,1,1995,0,0,0,0,0,0,0,0,23,0
210257,1,1,1995,0,0,0,0,0,0,0,0,0,0
210257,2,1,1995,0,0,0,0,0,0,0,0,0,0
210258,1,1,1995,24,24,24,24,24,24,24,24,24,24
210259,1,1,1995,23,23,23,23,23,23,23,23,23,23
210260,0,1,1995,0,0,0,0,0,0,0,0,0,0
210260,1,1,1995,0,0,0,0,0,0,0,0,0,0
210261,1,1,1995,0,0,0,0,0,0,0,0,0,0
210262,1,1,1995,0,0,0,0,0,0,0,6,0,13
210263,1,1,1995,0,0,0,0,0,0,0,0,0,0
210264,1,1,1995,14,14,14,14,14,14,14,14,14,14
210265,1,1,1995,0,0,0,0,0,0,0,0,0,0
210265,2,1,1995,0,0,0,0,0,0,0,0,0,0
210266,1,1,1995,24,24,24,24,24,24,24,24,24,24
210267,1,1,1995,30,30,30,30,30,30,30,30,30,30
210268,1,1,1995,0,0,0,0,0,0,0,0,0,0
210269,1,1,1995,0,0,0,0,0,0,0,0,0,0
210270,1,1,1995,0,0,0,0,0,0,0,0,0,0
210270,2,1,1995,0,0,0,0,0,0,0,0,0,0
210271,1,1,1995,0,0,0,0,0,0,0,0,0,0
210271,2,1,1995,0,0,0,0,0,0,0,0,0,0
210272,1,1,1995,13,0,30,0,23,0,0,0,0,0
210273,1,1,1995,26,26,26,26,26,26,26,26,26,26
210274,1,1,1995,5,15,8,19,21,17,13,12,9,6
210275,1,1,1995,0,0,0,0,0,0,0,0,0,0
210275,2,1,1995,0,0,0,0,0,0,0,0,0,0
210276,1,1,1995,0,0,0,0,0,0,0,0,0,0
210276,2,1,1995,0,0,0,0,0,0,0,0,0,0
210277,1,1,1995,0,0,0,0,0,0,0,0,0,0
210277,2,1,1995,3,3,3,3,3,3,3,3,3,3
210278,1,1,1995,0,0,0,0,0,0,0,0,0,0
210278,2,1,1995,0,0,0,0,0,0,0,0,0,0
210279,0,1,1995,0,0,0,0,0,0,0,0,0,0
210279,1,1,1995,0,0,0,0,0,0,0,0,0,0
210280,0,1,1995,22,22,22,22,22,22,22,22,22,22
210280,1,1,1995,0,0,0,0,0,0,0,0,0,0
210281,0,1,1995,0,0,0,0,0,0,0,0,0,0
210281,0,2,1995,0,0,0,0,0,0,0,0,8,0
210281,1,1,1995,0,0,0,0,0,0,0,0,0,0
210282,1,1,1995,12,12,12,12,12,12,12,12,12,12
210283,1,1,1995,1,1,1,1,1,1,1,1,1,1
210284,1,1,1995,5,5,5,5,5,5,5,5,5,5
210285,1,1,1995,0,13,0,0,0,0,0,0,0,0
210286,1,1,1995,0,0,0,0,0,0,0,0,0,0
210286,2,1,1995,1,1,1,1,1,1,1,1,1,1
210287,1,1,1995,0,0,0,0,0,0,0,0,0,0
210288,1,1,1995,0,0,0,0,0,0,0,0,0,0
210289,0,1,1995,0,0,0,0,0,0,0,0,0,0
210289,1,1,1995,0,0,0,0,0,0,0,0,0,0
210290,1,1,1995,27,27,27,27,27,27,27,27,27,27
210291,0,1,1995,0,0,0,0,0,0,0,0,0,0
210291,1,1,1995,0,0,0,0,0,0,0,0,0,0
210292,1,1,1995,0,0,0,0,0,0,0,0,0,0
210293,1,1,1995,0,0,0,0,0,0,0,0,0,0
210294,0,1,1995,12,12,12,12,12,12,12,12,12,12
210294,1,1,1995,0,0,0,0,0,0,0,0,0,0
210295,1,1,1995,0,0,0,0,0,0,0,0,0,0
210296,1,1,1995,21,21,21,21,21,21,21,21,21,21
210297,1,1,1995,0,0,0,0,0,0,0,0,0,0
210297,2,1,1995,0,0,0,0,0,0,0,0,0,0
210298,1,1,1995,0,0,0,7,0,0,0,0,0,0
210298,2,1,1995,0,0,0,0,0,0,0,0,0,0
210299,1,1,1995,0,0,0,0,0,0,0,0,21,18
210299,2,1,1995,0,0,0,0,0,0,0,0,13,0
210299,3,1,1995,0,0,0,0,0,0,0,0,0,0
210300,1,1,1995,0,0,0,0,0,0,0,0,0,0
210300,2,1,1995,0,0,0,0,0,0,0,0,0,0
210301,1,1,1995,18,18,18,18,18,18,18,18,18,18
210301,2,1,1995,11,11,11,11,11,11,11,11,11,11
210302,1,1,1995,0,13,0,0,0,0,0,0,0,0
210303,1,1,1995,0,0,0,0,0,0,0,0,18,0
210304,1,1,1995,0,0,0,0,20,0,0,0,0,0
210305,1,1,1995,20,20,20,20,20,20,20,20,20,20
210305,2,1,1995,0,0,0,0,0,0,0,0,24,0
210306,1,1,1995,0,0,0,0,0,0,0,0,0,0
210307,1,1,1995,0,0,0,0,0,0,0,0,0,0
210308,1,1,1995,0,0,0,0,0,0,0,0,0,0
210309,1,1,1995,0,0,0,0,0,17,0,0,0,0
210310,1,1,1995,0,0,0,0,0,0,0,0,0,0
210311,1,1,1995,22,22,22,22,22,22,22,22,22,22
210312,1,1,1995,0,0,0,0,0,0,0,0,0,0
210312,2,1,1995,0,0,0,0,0,0,0,0,0,0
210313,1,1,1995,0,0,0,0,0,0,0,0,0,0
210314,1,1,1995,0,0,0,0,0,0,0,0,0,0
210314,2,1,1995,0,0,0,0,0,0,0,0,0,0
210315,1,1,1995,0,0,0,0,0,0,0,0,0,0
210316,1,2,1995,8,13,11,33,0,18,33,21,0,31
210317,1,1,1995,0,0,0,0,0,0,0,0,0,0
210317,2,1,1995,0,0,0,12,0,0,0,0,0,0
210318,1,1,1995,0,0,0,0,0,22,0,0,0,0
210318,2,1,1995,0,0,0,2,0,0,0,0,0,0
210319,1,1,1995,15,31,22,8,4,12,4,15,32,0
210319,2,1,1995,0,0,0,0,0,0,0,0,0,15
210320,1,1,1995,14,0,0,0,0,0,0,0,0,0
210320,2,1,1995,0,0,0,0,0,0,0,0,0,0
210321,1,1,1995,0,0,0,0,0,0,0,7,0,0
210321,2,1,1995,0,0,0,0,0,0,0,0,0,0
210322,1,1,1995,18,0,0,0,0,0,0,11,0,0
210322,2,1,1995,0,0,0,0,0,0,0,0,0,0
210323,1,1,1995,0,17,16,8,10,11,23,10,14,5
210324,1,1,1995,0,0,0,0,0,0,0,0,0,0
210325,1,1,1995,17,0,0,0,0,0,0,0,0,0
210326,1,1,1995,19,19,19,19,19,19,19,19,19,19
210327,1,1,1995,0,0,0,0,0,0,0,0,0,0
210328,1,1,1995,1,1,1,1,1,1,1,1,1,1
210329,1,1,1995,2,2,2,2,2,2,2,2,2,2
210330,1,1,1995,0,0,0,0,0,0,0,0,0,0
210331,1,1,1995,11,29,16,0,21,6,0,0,8,25
210332,1,1,1995,0,0,0,0,0,0,0,0,0,0
210333,1,1,1995,15,15,15,15,15,15,15,15,15,15
210334,1,1,1995,0,0,0,0,0,0,0,0,0,0
210335,0,1,1995,0,0,0,0,0,0,0,0,0,0
210335,1,1,1995,0,0,0,0,0,0,0,0,0,0
210336,1,1,1995,27,27,27,27,27,27,27,27,27,27
210337,1,1,1995,0,0,0,0,0,0,0,0,0,0
210338,1,1,1995,0,0,0,0,0,0,0,0,0,0
210339,1,1,1995,0,0,0,0,0,0,0,0,0,0
210339,2,1,1995,0,0,0,0,0,0,0,0,0,0
210340,1,1,1995,0,0,0,0,0,0,0,13,0,14
210340,2,1,1995,0,0,0,0,0,0,0,0,0,0
210341,1,1,1995,0,0,0,0,0,0,0,0,0,0
210341,2,1,1995,2,2,2,2,2,2,2,2,2,2
210342,1,1,1995,0,0,0,0,0,0,0,0,0,0
210342,2,1,1995,1,1,1,1,1,1,1,1,1,1
210343,1,1,1995,0,0,0,0,0,0,0,0,0,0
210343,2,1,1995,16,16,16,16,16,16,16,16,16,16
210344,1,1,1995,11,11,11,11,11,11,11,11,11,11
210344,2,1,1995,0,0,0,0,0,0,0,0,0,0
210345,1,1,1995,0,0,0,0,0,0,0,0,0,0
210345,2,1,1995,0,0,0,0,0,0,0,0,0,0
210345,3,1,1995,0,0,0,0,0,0,0,0,0,0
210346,1,1,1995,21,21,21,21,21,21,21,21,21,21
210347,1,1,1995,15,15,15,15,15,15,15,15,15,15
210348,1,1,1995,13,13,13,8,25,5,11,22,12,16
210349,0,1,1995,0,0,0,0,0,0,0,0,0,0
210349,1,1,1995,0,0,0,0,0,0,0,0,0,0
210350,1,1,1995,0,0,0,0,0,0,0,0,0,0
210350,2,1,1995,0,0,0,0,0,0,0,0,0,0
210351,1,1,1995,0,0,0,0,0,0,0,0,0,0
210352,1,1,1995,0,0,0,0,0,0,0,0,0,0
210353,1,1,1995,0,0,0,0,0,0,0,0,0,0
210353,2,1,1995,0,0,0,0,0,0,0,0,0,0
210354,1,1,1995,0,0,0,0,0,0,0,0,0,0
210355,1,1,1995,0,0,0,0,0,0,0,0,0,0
210356,1,1,1995,1,1,1,1,1,1,1,1,1,1
210357,1,1,1995,0,0,0,0,0,0,0,0,0,0
210357,2,1,1995,0,0,0,0,0,0,0,0,0,0
210358,1,1,1995,0,0,0,0,0,0,0,0,0,0
210358,2,1,1995,0,0,0,0,0,0,0,0,0,0
210359,1,1,1995,26,26,26,26,26,26,26,26,26,26
210359,2,1,1995,0,0,0,0,0,0,0,0,0,0
210360,1,1,1995,0,0,0,0,0,0,0,0,0,0
210360,2,1,1995,0,0,0,0,0,0,0,0,0,0
210361,1,1,1995,0,0,0,0,0,0,0,0,0,0
210361,2,1,1995,0,0,0,0,0,0,0,0,0,0
210362,1,1,1995,0,0,0,0,0,0,0,0,0,0
210362,2,1,1995,0,0,0,0,0,0,0,0,0,0
210363,1,1,1995,0,0,0,0,0,0,0,0,0,0
210363,2,1,1995,0,0,0,0,0,0,0,0,0,0
210364,1,1,1995,0,0,0,0,0,0,0,0,0,0
210364,2,1,1995,0,0,0,0,0,0,0,0,0,0
210364,3,1,1995,0,0,0,0,0,0,0,0,0,0
210365,1,1,1995,11,11,11,11,11,11,11,11,11,11
210366,1,1,1995,27,27,27,27,27,27,27,27,27,27
210367,1,1,1995,0,0,0,0,0,0,0,0,0,0
210367,2,1,1995,0,0,0,0,0,0,0,0,0,0
210367,3,1,1995,0,0,0,0,0,0,0,10,0,24
210368,1,1,1995,25,25,25,25,25,25,25,25,25,25
210369,1,1,1995,14,0,15,0,22,8,41,0,18,14
210370,1,1,1995,1,1,1,1,1,1,1,1,1,1
210371,1,1,1995,22,22,22,22,22,22,22,22,22,22
210372,1,1,1995,0,0,0,0,0,0,0,0,0,0
210372,2,1,1995,0,0,0,0,0,0,0,0,0,0
210373,1,1,1995,19,19,19,19,19,19,19,19,19,19
210373,2,1,1995,0,0,0,0,0,0,0,0,0,0
210374,1,1,1995,0,0,0,0,0,0,0,0,0,0
210374,2,1,1995,0,0,0,0,0,0,0,0,0,0
210375,1,1,1995,0,0,0,0,0,0,0,0,0,0
210375,2,1,1995,0,0,0,0,0,0,0,0,0,0
210375,3,1,1995,0,0,0,0,0,0,0,0,0,0
210376,1,1,1995,0,0,0,0,0,0,0,0,0,0
210377,1,1,1995,0,0,0,0,0,0,0,0,0,0
210377,2,1,1995,0,0,0,0,0,0,0,0,0,0
210378,1,1,1995,0,0,0,0,0,0,0,0,0,0
210378,2,1,1995,0,0,0,0,0,0,0,0,0,0
210379,1,1,1995,0,0,0,0,0,0,0,0,0,0
210379,2,1,1995,0,0,0,0,0,0,0,0,0,0
210380,1,1,1995,0,0,0,0,0,0,0,0,0,0
210380,2,1,1995,0,0,0,0,0,0,0,0,0,0
210381,1,1,1995,0,0,0,0,0,0,0,0,0,0
210381,2,1,1995,0,0,0,0,0,0,0,0,0,0
210382,0,1,1995,13,13,13,13,13,13,13,13,13,13
210382,1,1,1995,0,0,0,0,0,0,0,0,0,0
210383,1,1,1995,0,0,0,0,0,0,0,0,0,0
210384,1,1,1995,14,0,0,0,0,0,0,17,0,12
210385,1,1,1995,0,0,0,0,0,0,0,0,0,0
210385,2,1,1995,0,0,0,0,0,0,0,0,0,0
210385,3,1,1995,0,0,0,0,0,0,0,0,0,0
210385,4,1,1995,0,0,0,0,0,0,0,0,0,0
210386,1,1,1995,0,0,0,0,0,0,0,0,0,0
210386,2,1,1995,0,0,0,0,0,0,0,0,16,0
210387,1,1,1995,0,0,0,0,0,0,0,0,0,0
210387,2,1,1995,0,0,0,0,0,0,0,0,0,0
210388,1,1,1995,0,0,0,0,14,0,0,0,0,0
210388,2,1,1995,0,0,0,0,0,0,0,0,0,0
210389,1,1,1995,0,0,0,0,0,0,0,0,0,0
210389,2,1,1995,0,0,0,0,0,0,0,0,0,0
210390,1,1,1995,0,0,0,0,0,0,0,0,0,0
210391,1,1,1995,38,34,48,18,28,17,16,28,21,26
210392,1,1,1995,0,0,0,0,0,0,0,0,0,0
210393,1,1,1995,0,17,0,0,0,0,0,0,0,0
210394,1,1,1995,0,0,0,31,23,35,11,21,17,0
210395,0,1,1995,0,0,0,0,0,0,0,0,0,0
210395,1,1,1995,0,0,0,0,0,0,0,0,13,0
210396,1,1,1995,0,0,0,0,0,0,0,0,0,0
210396,2,1,1995,0,0,0,0,0,0,0,0,0,0
210397,1,1,1995,16,18,0,0,0,0,0,0,9,0
210397,2,1,1995,0,0,0,0,0,0,0,0,0,0
210397,3,1,1995,0,0,0,0,0,0,0,0,0,0
210398,1,1,1995,0,0,0,0,0,0,0,0,0,0
210398,2,1,1995,0,0,0,0,0,0,0,0,0,0
210398,3,1,1995,0,12,0,0,0,0,0,0,0,0
210398,4,1,1995,0,0,0,0,0,0,0,0,0,0
210399,1,1,1995,31,31,31,31,31,31,31,31,31,31
210399,2,1,1995,0,21,0,0,13,0,0,0,22,0
210400,1,1,1995,16,16,16,16,16,16,16,16,16,16
210401,0,1,1995,13,30,11,14,14,13,39,2,15,53
210401,1,1,1995,0,0,0,0,0,0,0,0,0,0
210402,1,1,1995,0,14,0,0,0,0,0,0,0,0
210402,2,1,1995,0,0,0,0,0,0,0,0,0,0
210403,1,1,1995,10,10,10,10,10,10,10,10,10,10
210404,1,1,1995,17,17,17,17,17,17,17,17,17,17
210404,2,1,1995,0,0,0,0,0,0,0,0,0,0
210405,1,1,1995,0,0,0,0,0,0,0,0,0,0
210405,2,1,1995,0,0,0,0,0,0,0,0,0,0
210406,1,1,1995,0,0,0,0,0,0,0,0,0,0
210406,2,1,1995,0,0,0,0,0,0,0,0,0,0
210407,1,1,1995,0,0,0,0,0,0,0,0,0,0
210407,2,1,1995,0,0,0,0,0,0,0,0,0,18
210408,1,1,1995,0,0,0,0,0,0,0,0,0,0
210408,2,1,1995,0,0,0,0,0,0,0,0,0,0
210409,1,1,1995,0,0,0,0,0,0,0,0,0,0
210409,2,1,1995,0,0,0,0,0,0,0,0,0,0
210410,1,1,1995,0,0,0,0,0,0,0,0,0,0
210411,1,1,1995,16,16,16,16,16,16,16,16,16,16
210412,1,1,1995,0,0,0,0,0,0,0,0,0,0
210413,1,1,1995,0,0,0,0,0,0,0,0,0,0
210414,1,1,1995,26,26,26,26,26,26,26,26,26,26
210415,1,1,1995,0,0,0,0,0,0,0,0,0,0
210416,1,1,1995,0,0,0,0,0,0,0,0,0,0
210417,1,1,1995,0,0,0,0,0,0,0,0,0,0
210418,0,1,1995,0,14,4,10,5,0,0,13,26,0
210418,0,2,1995,6,14,9,14,0,15,5,0,0,20
210418,0,3,1995,9,9,9,9,9,9,9,9,9,9
210418,1,1,1995,0,0,0,0,0,0,0,0,0,0
210419,1,1,1995,0,0,0,0,0,0,0,0,0,0
210420,1,1,1995,0,0,0,0,0,0,0,0,0,0
210421,1,1,1995,0,0,9,0,0,0,0,0,0,0
210422,1,1,1995,22,22,22,22,22,22,22,22,22,22
210423,1,1,1995,0,0,0,0,0,0,0,0,0,0
210424,1,1,1995,0,0,0,0,0,0,0,0,0,0
210425,1,1,1995,0,0,0,0,0,0,0,0,0,0
210425,2,1,1995,0,0,0,0,0,0,0,0,0,0
210426,1,1,1995,20,20,20,20,20,20,20,20,20,20
210427,1,1,1995,0,0,0,0,17,9,13,21,12,0
210428,0,1,1995,17,17,17,17,17,17,17,17,17,17
210428,1,1,1995,0,0,0,0,0,0,0,0,0,0
210429,1,1,1995,20,0,14,19,19,0,18,29,13,32
210430,0,1,1995,0,0,0,0,0,0,0,0,0,0
210430,1,1,1995,0,0,0,0,0,0,0,0,0,0
210431,1,1,1995,0,0,0,0,0,0,0,0,0,0
210431,2,1,1995,0,0,0,0,0,0,0,0,0,0
210432,0,1,1995,25,19,32,0,22,14,0,13,16,47
210432,1,1,1995,0,0,0,0,0,0,0,0,0,0
210433,1,1,1995,0,0,0,0,0,0,0,0,0,0
210434,1,1,1995,15,15,15,15,15,15,15,15,15,15
210435,1,1,1995,0,0,0,0,0,0,0,0,0,0
210435,2,1,1995,18,0,20,0,0,0,0,0,0,0
210436,1,1,1995,0,0,0,0,0,0,0,0,0,0
210436,2,1,1995,8,0,0,0,0,0,0,37,0,0
210437,1,1,1995,19,19,19,19,19,19,19,19,19,19
210438,1,1,1995,0,0,0,0,0,0,0,0,0,0
210439,0,1,1995,18,18,18,18,18,18,18,18,18,18
210439,1,1,1995,0,0,0,0,0,0,0,0,0,0
210440,1,1,1995,0,0,0,0,0,0,0,0,0,0
210440,2,1,1995,0,0,0,0,0,0,0,0,0,0
210441,1,1,1995,0,0,0,0,0,0,0,0,0,0
210441,2,1,1995,0,0,0,0,0,0,0,0,0,0
210443,1,1,1995,13,13,13,13,13,13,13,13,13,13
210444,1,1,1995,12,12,12,12,12,12,12,12,12,12
210445,1,1,1995,0,0,0,0,0,0,0,0,0,0
210445,2,1,1995,0,0,0,0,0,0,0,0,0,0
210446,1,1,1995,0,0,0,0,0,15,0,8,33,0
210446,2,1,1995,0,0,0,0,0,0,0,0,0,0
210446,3,1,1995,0,9,0,0,0,0,0,14,0,0
210447,1,1,1995,0,0,0,0,0,0,0,0,0,0
210447,2,1,1995,0,0,0,0,0,0,0,0,0,0
210447,3,1,1995,0,0,0,0,0,0,0,0,0,0
210448,1,1,1995,0,0,0,0,0,0,0,0,0,0
210448,2,1,1995,0,0,0,0,0,0,0,0,0,0
210448,3,1,1995,0,0,0,0,0,0,0,0,0,0
210449,1,1,1995,0,0,0,0,0,0,0,0,0,0
210449,2,1,1995,0,0,0,0,0,0,0,0,0,0
210450,1,1,1995,0,0,0,0,0,0,0,0,0,0
210450,2,1,1995,0,0,0,0,0,0,0,0,0,0
210451,1,1,1995,3,3,3,3,3,3,3,3,3,3
210451,2,1,1995,0,0,0,19,0,0,0,0,0,0
210452,1,1,1995,10,22,0,0,0,0,0,0,0,0
210453,1,1,1995,6,6,6,6,6,6,6,6,6,6
210454,1,1,1995,23,23,23,23,23,23,23,23,23,23
210455,1,1,1995,24,32,27,13,19,24,20,28,18,14
210455,2,1,1995,0,0,0,0,0,0,0,0,0,0
210456,1,1,1995,0,0,0,0,0,0,0,0,0,0
210457,1,1,1995,0,0,0,0,0,0,0,0,0,0
210458,1,1,1995,0,0,0,0,0,0,0,0,0,0
210458,2,1,1995,1,1,1,1,1,1,1,1,1,1
210459,1,1,1995,13,13,13,13,13,13,13,13,13,13
210460,1,1,1995,0,0,0,0,0,0,0,0,0,0
210460,2,1,1995,0,0,0,0,0,0,0,0,0,0
210461,1,1,1995,0,0,0,0,0,0,0,0,0,0
210461,2,1,1995,0,0,0,0,0,0,0,0,0,0
210462,1,1,1995,17,24,13,19,20,10,0,14,30,15
210463,1,1,1995,0,0,0,0,0,0,0,0,0,0
210463,2,1,1995,0,0,0,0,0,0,0,0,0,0
210464,1,1,1995,0,0,0,0,0,0,0,0,0,0
210464,2,1,1995,0,0,0,0,0,0,0,0,0,0
210465,1,1,1995,16,16,16,16,16,16,16,16,16,16
210465,2,1,1995,6,6,6,6,6,6,6,6,6,6
210466,1,1,1995,0,0,0,0,0,0,0,0,0,0
210466,2,1,1995,0,0,0,0,0,0,0,0,0,0
210467,1,1,1995,8,27,24,23,13,26,0,15,22,9
210467,2,1,1995,0,0,0,0,0,0,0,0,0,0
210469,1,1,1995,15,0,0,0,0,0,0,0,0,0
210470,1,1,1995,0,0,0,0,0,0,0,0,0,0
210471,1,1,1995,0,0,0,0,0,0,0,0,0,0
210471,2,1,1995,0,0,0,0,0,0,0,0,0,0
210472,1,1,1995,12,12,12,12,12,12,12,12,12,12
210473,1,1,1995,0,0,0,0,0,0,0,0,0,0
210474,1,1,1995,0,0,0,0,0,0,0,0,0,0
210475,0,1,1995,0,0,0,0,0,0,0,0,0,0
210475,0,2,1995,0,0,0,0,0,0,0,0,0,0
210475,1,1,1995,0,0,0,0,0,0,0,0,0,0
210475,2,1,1995,0,0,0,0,0,0,0,0,0,0
210476,1,1,1995,0,0,0,4,0,0,0,0,0,0
210476,2,1,1995,0,0,0,0,0,0,0,0,0,0
210477,1,1,1995,0,0,0,0,0,0,0,0,0,0
210478,1,1,1995,0,0,0,0,0,0,0,0,0,0
210478,2,1,1995,0,0,0,0,0,0,0,0,0,0
210479,0,1,1995,0,0,0,0,0,0,0,0,0,0
210479,1,1,1995,0,0,0,0,0,0,0,0,0,0
210479,2,1,1995,0,0,0,0,0,0,0,0,0,0
210480,1,1,1995,18,18,18,18,18,18,18,18,18,18
210481,1,1,1995,0,0,0,0,0,0,7,0,0,0
210482,1,1,1995,0,0,0,0,0,0,0,0,0,0
210483,1,1,1995,0,20,0,0,0,29,0,0,0,31
210484,1,1,1995,0,0,0,0,0,0,0,0,0,0
210484,2,1,1995,10,10,10,10,10,10,10,10,10,10
210485,1,1,1995,22,29,7,25,24,0,15,25,32,19
210486,1,1,1995,0,0,0,0,16,13,0,0,0,0
210487,0,1,1995,0,0,0,0,0,0,0,0,0,0