ST_CASE,VEH_NO,PER_NO,YEAR,P1,P2,P3,P4,P5,P6,P7,P8,P9,P10
210487,1,1,1995,0,0,0,0,0,0,0,0,0,0
210488,1,1,1995,0,0,0,0,0,0,0,0,0,15
210489,1,1,1995,0,0,0,0,9,0,0,0,0,18
210490,1,1,1995,0,0,0,0,0,0,0,0,0,0
210490,2,1,1995,0,0,0,0,0,0,0,0,0,0
210491,1,1,1995,0,0,0,0,0,0,0,0,0,0
210491,2,1,1995,4,0,0,0,0,0,0,0,0,0
210491,3,1,1995,0,0,0,0,0,0,0,0,0,0
210492,1,1,1995,0,0,0,0,0,0,0,0,0,0
210492,2,1,1995,0,0,0,0,0,0,0,30,0,0
210493,1,1,1995,22,22,22,22,22,22,22,22,22,22
210493,2,1,1995,0,0,0,14,0,0,0,25,0,0
210494,1,1,1995,12,12,12,12,12,12,12,12,12,12
210494,2,1,1995,0,0,0,0,0,0,0,0,0,0
210495,1,1,1995,0,0,0,0,0,0,0,0,0,0
210495,2,1,1995,0,0,0,0,0,0,0,0,0,0
210496,1,1,1995,0,0,0,0,0,0,0,0,0,0
210497,0,1,1995,0,0,0,0,0,0,0,0,0,0
210497,1,1,1995,0,0,0,0,0,0,0,0,0,0
210498,0,1,1995,0,20,28,0,27,15,6,15,0,40
210498,1,1,1995,0,0,0,0,0,0,0,0,0,0
210499,1,1,1995,0,0,0,0,0,0,0,0,0,0
210500,1,1,1995,12,12,12,12,12,12,12,12,12,12
210501,1,1,1995,0,0,0,0,0,0,0,0,0,0
210502,1,1,1995,0,0,0,0,0,0,0,0,0,0
210503,1,1,1995,7,7,7,7,7,7,7,7,7,7
210504,1,1,1995,0,0,0,0,0,0,0,0,0,0
210504,2,1,1995,14,38,8,34,11,22,20,18,18,14
210505,1,1,1995,25,25,25,25,25,25,25,25,25,25
210506,1,1,1995,0,0,0,0,0,0,0,0,0,0
210506,2,1,1995,0,0,0,0,0,0,0,0,0,0
210507,1,1,1995,17,17,17,17,17,17,17,17,17,17
210507,2,1,1995,0,0,0,0,0,0,0,0,0,0
210508,1,1,1995,0,0,0,0,0,0,0,0,0,0
210508,2,1,1995,0,0,0,0,0,0,0,0,0,0
210509,1,1,1995,0,0,0,0,0,0,0,0,0,0
210509,2,1,1995,0,0,0,0,0,0,0,0,0,0
210509,3,1,1995,0,0,0,0,0,0,0,0,0,0
210509,4,1,1995,0,0,0,0,0,0,0,0,0,0
210510,1,1,1995,0,0,0,0,0,0,0,0,0,0
210510,2,1,1995,0,0,0,0,0,0,0,0,0,0
210511,1,1,1995,0,0,0,0,0,0,0,0,0,0
210511,2,1,1995,0,0,0,0,0,0,0,0,0,0
210512,1,1,1995,16,21,0,16,17,10,0,21,0,0
210513,1,1,1995,14,14,14,14,14,14,14,14,14,14
210514,1,1,1995,10,10,10,10,10,10,10,10,10,10
210515,1,1,1995,22,22,22,22,22,22,22,22,22,22
210516,1,1,1995,12,16,20,10,7,13,14,19,15,3
210516,2,1,1995,0,0,0,28,0,0,0,0,0,22
210517,1,1,1995,0,0,0,0,0,0,0,0,0,0
210517,2,1,1995,0,0,0,0,0,0,0,0,0,0
210518,1,1,1995,7,7,7,7,7,7,7,7,7,7
210518,2,1,1995,0,0,0,0,0,0,0,0,0,0
210519,1,1,1995,0,0,0,0,0,0,0,0,0,0
210520,1,1,1995,13,13,13,13,13,13,13,13,13,13
210521,1,1,1995,0,0,0,0,0,0,0,0,11,0
210522,1,1,1995,17,17,17,17,17,17,17,17,17,17
210523,1,1,1995,0,0,0,0,0,13,0,24,0,0
210523,2,1,1995,0,0,0,14,18,0,0,0,0,13
210524,1,1,1995,22,22,22,22,22,22,22,22,22,22
210525,1,1,1995,0,0,0,0,0,0,0,0,0,0
210526,0,1,1995,0,14,0,0,0,0,0,0,0,0
210526,1,1,1995,0,0,0,0,0,0,0,0,0,0
210527,1,1,1995,35,35,35,35,35,35,35,35,35,35
210527,2,1,1995,0,0,0,0,0,0,0,0,0,0
210528,1,1,1995,0,0,0,0,36,0,27,0,0,0
210528,2,1,1995,0,0,0,0,0,0,0,0,0,0
210529,1,1,1995,0,0,0,0,0,0,0,0,0,0
210529,2,1,1995,0,0,0,0,0,0,0,0,0,0
210530,1,1,1995,0,0,0,0,0,0,0,0,0,0
210531,1,1,1995,0,0,0,0,0,0,0,0,0,0
210531,2,1,1995,0,0,0,0,0,0,0,0,0,0
210532,1,1,1995,0,0,0,0,0,0,0,0,16,0
210532,2,1,1995,0,0,0,0,0,0,0,0,0,0
210533,1,1,1995,0,0,0,0,0,0,0,0,0,0
210533,2,1,1995,0,0,0,0,0,0,0,0,0,0
210534,1,1,1995,0,0,0,0,0,0,0,0,0,0
210535,1,1,1995,0,0,0,0,0,0,0,14,0,0
210536,1,1,1995,0,0,0,0,0,0,0,0,0,0
210537,1,1,1995,15,15,15,15,15,15,15,15,15,15
210538,1,1,1995,27,27,27,27,27,27,27,27,27,27
210538,2,1,1995,0,0,0,0,0,0,0,0,0,0
210538,3,1,1995,0,0,0,0,0,0,0,0,0,0
210539,1,1,1995,0,0,0,0,0,0,0,0,0,0
210539,2,1,1995,0,0,0,0,0,0,0,0,0,0
210540,1,1,1995,0,0,0,0,0,0,0,0,0,0
210540,2,1,1995,0,0,0,0,0,0,0,0,0,0
210541,0,1,1995,0,0,0,0,0,0,0,0,0,0
210541,1,1,1995,0,0,20,0,0,0,0,0,0,0
210542,1,1,1995,0,0,0,0,0,0,0,0,0,0
210542,2,1,1995,0,0,0,0,0,0,0,0,0,0
210542,3,1,1995,0,0,0,0,0,0,0,0,0,0
210543,1,1,1995,0,6,0,0,7,0,0,0,0,0
210543,2,1,1995,9,0,0,0,26,0,0,0,0,0
210543,3,1,1995,0,0,0,0,0,0,0,0,0,0
210544,0,1,1995,0,0,0,0,0,0,0,0,0,0
210544,1,1,1995,0,0,0,0,0,0,0,0,0,0
210545,1,1,1995,0,0,0,0,0,0,0,0,0,0
210545,2,1,1995,0,0,0,0,0,0,0,0,0,0
210546,1,1,1995,29,8,20,0,21,14,11,0,22,25
210547,1,1,1995,0,0,0,0,0,0,0,0,0,7
210547,2,1,1995,0,0,0,0,0,0,0,0,0,0
210548,1,1,1995,0,0,0,0,0,0,0,0,0,0
210548,2,1,1995,0,0,0,0,0,0,0,0,0,0
210549,1,1,1995,22,23,14,21,15,18,22,19,16,12
210550,1,1,1995,0,0,0,0,0,0,0,0,0,0
210551,1,1,1995,0,0,0,0,0,0,0,0,0,0
210552,1,1,1995,0,14,0,0,0,31,0,0,0,0
210553,1,1,1995,0,0,0,0,0,0,0,0,0,0
210553,2,1,1995,0,0,0,0,0,0,0,0,0,0
210554,1,1,1995,0,0,0,0,0,0,0,0,0,0
210554,2,1,1995,0,0,0,0,0,0,0,0,0,0
210554,3,1,1995,0,0,0,0,0,0,0,0,0,0
210555,1,1,1995,0,0,0,0,0,0,0,0,0,0
210555,2,1,1995,0,0,0,0,0,0,0,0,0,0
210556,1,1,1995,0,0,0,0,0,0,0,0,0,0
210556,2,1,1995,0,0,0,0,0,0,0,25,0,0
210556,3,1,1995,0,0,0,0,0,0,0,0,0,0
210557,1,1,1995,25,25,25,25,25,25,25,25,25,25
210558,1,1,1995,0,0,0,0,0,0,0,0,0,0
210559,1,1,1995,0,0,0,0,0,0,0,0,0,0
210560,1,1,1995,20,20,20,20,20,20,20,20,20,20
210561,1,1,1995,0,0,0,0,0,0,0,0,0,0
210562,1,1,1995,12,0,13,7,8,20,0,14,5,14
210563,1,1,1995,9,9,9,9,9,9,9,9,9,9
210564,1,1,1995,0,0,0,17,0,0,0,0,0,0
210565,1,1,1995,0,0,0,0,0,0,0,0,0,0
210566,1,1,1995,14,14,14,14,14,14,14,14,14,14
210567,1,1,1995,0,0,0,0,0,0,0,0,0,0
210567,2,1,1995,0,8,0,0,0,0,0,0,0,0
210568,1,1,1995,0,0,0,0,0,0,0,0,0,0
210568,2,1,1995,0,0,0,0,0,0,0,0,0,0
210569,1,1,1995,14,14,14,14,14,14,14,14,14,14
210569,2,1,1995,14,14,14,14,14,14,14,14,14,14
210570,1,1,1995,0,0,0,0,0,0,0,0,0,0
210570,2,1,1995,0,0,0,0,0,0,0,0,0,0
210570,3,1,1995,0,0,0,0,0,0,0,0,0,0
210571,1,1,1995,0,0,0,0,0,0,0,0,0,0
210571,2,1,1995,0,0,0,0,0,0,0,0,0,0
210572,1,1,1995,0,0,0,0,0,0,0,0,0,0
210572,2,1,1995,0,0,0,0,0,0,0,0,0,0
210573,1,1,1995,0,0,0,0,0,0,0,0,0,0
210573,2,1,1995,0,0,0,0,0,0,0,0,0,0
210574,1,1,1995,9,0,11,17,8,17,15,9,0,2
210574,2,1,1995,0,0,0,0,0,0,0,0,0,0
210575,1,1,1995,0,0,0,0,0,0,0,0,0,0
210575,2,1,1995,0,0,0,0,0,0,0,0,0,0
210576,1,1,1995,7,7,7,7,7,7,7,7,7,7
210577,1,1,1995,0,0,0,0,0,0,0,0,0,0
210579,1,1,1995,15,23,24,16,35,15,5,30,8,0
210579,2,1,1995,0,0,32,0,0,0,0,0,0,12
210581,1,1,1995,0,0,0,0,0,0,0,0,0,0
210582,1,1,1995,28,28,28,28,28,28,28,28,28,28
210583,1,1,1995,0,0,0,0,0,0,0,0,0,0
210583,2,1,1995,0,0,0,0,0,0,0,0,0,0
210584,0,1,1995,0,0,0,0,0,0,0,0,10,0
210584,1,1,1995,0,0,0,0,0,0,0,0,0,0
210585,1,1,1995,0,0,0,0,0,0,0,0,0,0
210585,2,1,1995,0,0,0,9,0,0,0,0,0,0
210585,3,1,1995,0,0,0,0,0,0,0,0,0,0
210586,1,1,1995,0,0,0,0,0,0,25,0,0,0
210586,2,1,1995,0,0,0,0,0,0,0,0,0,0
210586,3,1,1995,0,0,0,0,0,0,0,0,0,0
210587,1,1,1995,0,0,0,0,0,0,0,0,0,0
210587,2,1,1995,0,0,0,0,0,0,0,0,0,0
210588,1,1,1995,0,0,0,0,0,0,0,0,0,0
210588,2,1,1995,0,0,0,0,0,0,0,0,0,0
210588,3,1,1995,0,0,0,0,0,0,0,0,0,0
210588,4,1,1995,0,0,0,0,0,0,0,0,0,0
210589,1,1,1995,0,0,0,0,0,0,0,0,0,0
210589,2,1,1995,0,0,0,0,0,0,0,0,0,0
210590,1,1,1995,0,0,0,0,0,0,0,0,0,0
210590,2,1,1995,0,0,0,0,0,0,0,0,0,0
210591,1,1,1995,0,0,0,0,0,0,0,0,0,0
210591,2,1,1995,0,0,0,0,0,0,0,0,0,0
210592,1,1,1995,38,38,38,38,38,38,38,38,38,38
210592,2,1,1995,0,0,0,0,0,0,0,0,0,0
210593,1,1,1995,0,0,0,0,0,0,0,0,0,0
210594,1,1,1995,0,0,17,28,0,0,0,4,0,0
210595,1,1,1995,0,0,0,0,0,0,0,0,0,0
210595,2,1,1995,0,0,0,0,0,0,0,0,0,0
210596,1,1,1995,0,0,0,0,0,0,0,0,0,0
210597,1,1,1995,0,0,0,0,0,0,0,0,0,0
210597,2,1,1995,0,0,0,0,0,0,0,0,0,0
210598,1,1,1995,17,17,17,17,17,17,17,17,17,17
210598,2,1,1995,0,0,0,0,0,0,0,0,0,0
210599,1,1,1995,11,11,11,11,11,11,11,11,11,11
210600,0,1,1995,0,0,15,0,0,0,23,0,0,0
210600,1,1,1995,0,0,0,0,0,0,0,0,0,0
210601,1,1,1995,0,0,0,0,16,0,0,0,0,0
210601,2,1,1995,0,0,0,0,0,0,23,0,0,0
210602,1,1,1995,0,0,0,0,0,0,0,0,0,0
210603,1,1,1995,37,27,15,16,14,21,31,28,0,36
210604,1,1,1995,19,22,20,13,5,6,16,12,8,14
210605,0,1,1995,0,0,0,0,0,0,0,0,0,0
210605,1,1,1995,0,0,0,0,0,0,0,0,0,0
210606,0,1,1995,0,19,0,0,8,0,0,0,22,16
210606,1,1,1995,0,0,0,0,0,0,0,0,0,0
210607,1,1,1995,0,0,0,0,0,0,0,0,0,0
210607,2,1,1995,0,0,0,0,0,0,0,0,0,0
210608,1,1,1995,0,0,0,0,0,0,0,0,0,0
210608,2,1,1995,0,0,0,0,0,0,0,0,0,0
210609,0,1,1995,15,17,18,24,16,29,8,13,15,30
210609,1,1,1995,0,0,0,0,0,0,0,0,0,0
210610,1,1,1995,0,0,0,0,0,0,0,0,0,0
210610,2,1,1995,0,0,0,0,0,0,0,0,0,0
210611,1,1,1995,0,0,0,0,0,0,0,0,0,0
210612,1,1,1995,0,0,0,0,0,0,0,0,0,0
210613,1,1,1995,0,0,0,0,0,0,0,0,0,0
210613,2,1,1995,0,0,0,0,0,0,0,0,0,0
210614,1,1,1995,12,12,12,12,12,12,12,12,12,12
210615,1,1,1995,0,0,0,0,0,0,0,0,0,0
210616,1,1,1995,22,0,0,0,0,10,0,0,0,0
210617,1,1,1995,22,11,20,14,15,8,34,27,16,30
210618,1,1,1995,19,19,19,19,19,19,19,19,19,19
210619,1,1,1995,26,0,0,12,27,31,30,18,22,20
210620,1,1,1995,0,0,0,0,0,0,0,0,0,0
210620,2,1,1995,0,0,0,0,0,0,0,0,0,0
210621,1,1,1995,5,5,5,5,5,5,5,5,5,5
210622,1,1,1995,0,0,0,0,0,0,0,0,0,0
210623,1,1,1995,0,0,0,0,0,0,0,0,0,0
210623,2,1,1995,0,0,0,0,0,0,0,0,0,0
210624,1,1,1995,0,0,0,0,0,0,0,0,0,0
210625,1,1,1995,27,27,27,27,27,27,27,27,27,27
210626,1,1,1995,14,14,14,14,14,14,14,14,14,14
210627,1,1,1995,0,0,0,0,0,0,0,0,0,0
210627,2,1,1995,0,26,0,0,0,0,0,0,0,0
210628,0,1,1995,0,0,0,0,0,0,11,0,0,0
210628,1,1,1995,0,0,0,0,0,0,0,0,0,0
210629,1,1,1995,9,9,9,9,9,9,9,9,9,9
210630,1,1,1995,14,14,14,14,14,14,14,14,14,14
210631,1,1,1995,0,0,0,0,0,0,0,0,0,0
210632,1,1,1995,0,0,0,0,0,0,0,0,0,0
210633,1,1,1995,11,18,10,17,12,6,9,18,13,15
210634,1,1,1995,14,14,14,14,14,14,14,14,14,14
210635,1,1,1995,0,0,0,0,0,0,0,0,0,0
210635,2,1,1995,0,0,0,24,0,0,0,0,0,0
210636,1,1,1995,0,0,0,0,0,0,0,0,0,0
210636,2,1,1995,0,0,0,0,0,0,0,0,0,0
210637,1,1,1995,0,0,0,0,0,0,0,0,0,0
210637,2,1,1995,0,0,0,0,0,0,0,0,0,0
210638,1,1,1995,0,0,0,0,0,0,0,0,0,0
210638,2,1,1995,0,0,0,0,0,0,0,0,0,0
210639,1,1,1995,8,8,8,8,8,8,8,8,8,8
210639,2,1,1995,0,0,0,0,0,0,0,0,0,0
210640,1,1,1995,0,0,0,0,0,0,0,0,0,0
210640,2,1,1995,0,0,0,0,0,0,0,0,0,0
210641,1,1,1995,23,3,6,11,3,16,0,0,10,12
210641,2,1,1995,32,10,18,14,31,17,10,5,19,17
210642,1,1,1995,13,13,13,13,13,13,13,13,13,13
210642,2,1,1995,0,0,0,0,0,0,0,0,0,0
210643,1,1,1995,29,29,29,29,29,29,29,29,29,29
210643,2,1,1995,0,0,0,0,0,0,0,0,0,0
210644,0,1,1995,0,0,0,39,20,0,10,38,16,0
210644,1,1,1995,0,0,0,0,0,0,0,0,0,0
210645,1,1,1995,29,29,29,29,29,29,29,29,29,29
210646,1,1,1995,0,0,0,0,0,0,0,0,0,0
210647,1,1,1995,13,13,13,13,13,13,13,13,13,13
210648,1,1,1995,21,14,27,27,17,11,11,8,25,7
210649,0,1,1995,27,0,0,0,0,0,10,22,0,0
210649,1,1,1995,0,0,0,0,0,0,0,0,0,0
210650,0,1,1995,0,0,0,0,0,0,0,0,0,0
210650,1,1,1995,0,0,0,0,0,0,0,0,0,0
210651,1,1,1995,15,15,15,15,15,15,15,15,15,15
210652,1,1,1995,12,12,12,12,12,12,12,12,12,12
210653,0,1,1995,0,0,0,0,0,0,0,0,0,0
210653,1,1,1995,0,0,0,0,0,0,0,0,0,0
210654,1,1,1995,0,19,0,0,0,22,0,0,0,0
210655,1,1,1995,20,20,20,20,20,20,20,20,20,20
210655,2,1,1995,14,14,14,14,14,14,14,14,14,14
210656,1,1,1995,0,0,0,0,0,0,0,0,0,0
210656,2,1,1995,0,0,0,0,0,0,0,0,0,0
210657,1,1,1995,0,0,0,0,0,0,0,0,0,0
210657,2,1,1995,0,0,0,0,0,0,0,0,0,0
210658,1,1,1995,0,0,0,0,0,0,0,0,0,0
210658,2,1,1995,0,0,0,0,0,0,0,0,0,0
210659,1,1,1995,0,0,0,0,0,0,0,0,0,0
210659,2,1,1995,0,0,0,0,0,0,0,0,0,0
210660,1,1,1995,29,29,29,29,29,29,29,29,29,29
210660,2,1,1995,0,0,0,0,0,0,0,0,0,0
210661,1,1,1995,28,28,28,28,28,28,28,28,28,28
210661,2,1,1995,0,0,0,0,0,0,0,0,0,0
210662,1,1,1995,0,0,0,0,0,0,0,0,0,0
210662,2,1,1995,0,0,0,0,0,0,0,0,0,0
210663,1,1,1995,0,0,0,0,0,0,0,0,0,0
210663,2,1,1995,0,0,0,0,0,0,0,0,0,0
210664,1,1,1995,13,22,0,0,0,15,0,0,0,20
210665,1,1,1995,0,0,0,0,0,0,0,0,0,0
210666,1,1,1995,0,0,0,0,0,0,0,0,0,0
210666,2,1,1995,0,0,0,0,0,5,0,0,0,0
210666,3,1,1995,0,0,0,0,0,0,0,3,0,0
210666,4,1,1995,0,0,0,0,0,0,0,0,0,0
210667,1,1,1995,18,18,18,18,18,18,18,18,18,18
210667,2,1,1995,0,0,0,0,0,0,0,0,0,0
210667,3,1,1995,0,0,0,0,0,0,0,0,0,0
210668,1,1,1995,21,21,21,21,21,21,21,21,21,21
210668,2,1,1995,0,0,0,0,0,0,0,0,0,0
210669,1,2,1995,0,0,0,0,0,0,0,0,0,0
210669,2,1,1995,0,0,0,0,0,0,0,0,0,0
210670,1,1,1995,0,0,0,0,0,0,0,0,0,0
210670,2,1,1995,0,0,0,0,0,0,0,0,0,0
210671,1,1,1995,0,0,0,0,11,0,0,0,0,0
210671,2,1,1995,0,0,0,0,0,0,0,0,0,0
210672,1,1,1995,0,0,0,0,0,0,0,0,0,0
210672,2,1,1995,0,0,0,0,0,0,0,0,0,0
210673,1,1,1995,0,0,0,0,0,0,0,0,10,0
210673,2,1,1995,0,0,0,0,0,0,0,0,0,0
210674,0,1,1995,0,0,0,0,0,0,0,0,0,0
210674,1,1,1995,0,0,0,0,0,0,0,0,0,0
210675,1,1,1995,0,0,0,0,0,0,0,0,0,0
210675,2,1,1995,0,0,0,0,0,0,0,0,0,0
210676,1,1,1995,0,0,0,0,0,0,0,0,0,0
210677,1,1,1995,27,9,0,38,16,17,13,16,20,0
210678,1,1,1995,18,41,19,41,26,36,0,14,15,30
210679,1,1,1995,9,0,0,0,0,0,0,0,0,0
210680,1,1,1995,0,0,0,0,0,0,10,0,0,0
210680,2,1,1995,0,0,0,0,0,0,0,0,0,0
210681,1,1,1995,17,13,25,18,34,15,14,18,25,27
210682,1,1,1995,18,19,26,21,18,20,14,18,11,0
210683,1,1,1995,0,0,0,0,0,0,0,0,0,0
210684,1,1,1995,21,0,37,0,0,25,0,0,0,13
210685,1,1,1995,0,0,0,0,0,0,0,0,0,0
210685,2,1,1995,0,0,0,0,0,0,0,0,0,0
210686,0,1,1995,0,0,0,0,0,11,0,0,0,0
210686,1,1,1995,0,0,0,0,0,0,0,0,0,0
210687,1,1,1995,0,0,0,0,0,0,0,0,0,0
210687,2,1,1995,0,0,0,0,0,0,0,0,0,0
210687,3,1,1995,0,0,0,0,0,0,0,0,0,0
210688,1,1,1995,30,16,12,8,19,23,16,24,22,23
210689,1,1,1995,0,0,0,0,0,0,0,0,0,0
210689,2,1,1995,0,24,0,0,0,0,0,0,0,0
210691,1,1,1995,0,0,0,0,0,0,0,0,0,0
210691,2,1,1995,0,0,0,0,0,0,0,0,0,0
210692,1,1,1995,0,0,0,0,0,0,0,0,0,0
210692,2,1,1995,0,0,0,0,0,0,0,0,0,0
210692,3,1,1995,0,0,0,0,0,0,0,0,0,0
210693,0,1,1995,16,0,0,22,0,0,0,0,0,0
210693,1,1,1995,18,12,0,0,0,0,0,3,0,0
210694,1,1,1995,0,0,0,0,0,0,0,0,0,0
210695,1,1,1995,0,0,0,0,0,0,0,0,0,0
210696,1,1,1995,9,9,9,9,9,9,9,9,9,9
210697,1,1,1995,0,0,0,0,0,0,0,0,0,0
210697,2,1,1995,0,0,0,0,0,0,0,0,0,0
210698,1,1,1995,0,0,0,0,0,0,0,0,0,0
210698,2,1,1995,0,0,0,0,0,0,0,0,0,0
210699,1,1,1995,0,0,0,0,0,0,0,0,0,0
210699,2,1,1995,0,0,0,0,0,0,0,0,0,0
210700,1,1,1995,0,0,0,0,0,0,0,0,0,0
210701,1,1,1995,0,0,0,0,0,0,0,0,0,0
210701,2,1,1995,0,0,0,0,0,0,0,0,0,0
210703,1,1,1995,19,19,19,19,19,19,19,19,19,19
210704,1,1,1995,0,0,0,0,0,0,0,0,0,0
210704,2,1,1995,0,0,0,0,0,0,0,0,0,0
210705,1,1,1995,18,18,18,18,18,18,18,18,18,18
210706,1,1,1995,0,0,0,0,0,0,0,0,0,0
210707,1,1,1995,0,0,0,0,8,0,0,0,0,0
210708,1,1,1995,5,11,10,17,18,9,9,9,26,29
210709,0,1,1995,0,18,0,34,0,0,0,0,0,0
210709,1,1,1995,0,0,0,0,0,0,0,0,0,0
210710,1,1,1995,0,0,0,0,0,0,0,0,30,0
210710,2,1,1995,0,0,0,0,0,0,0,0,0,0
210711,1,1,1995,0,0,0,0,0,0,0,0,0,0
210711,2,1,1995,0,0,0,0,0,0,0,0,0,0
210712,1,1,1995,12,12,12,12,12,12,12,12,12,12
210712,2,1,1995,3,3,3,3,3,3,3,3,3,3
210713,1,1,1995,0,0,0,0,0,0,0,0,0,0
210713,2,1,1995,0,0,0,0,9,0,0,0,0,0
210713,3,1,1995,0,0,0,0,0,0,0,0,0,0
210715,0,1,1995,21,19,15,19,0,11,29,26,24,0
210715,1,1,1995,0,5,17,28,0,23,0,0,11,0
210715,2,1,1995,0,0,0,0,0,0,0,0,0,0
210716,1,1,1995,0,0,0,0,0,0,0,0,0,0
210717,1,1,1995,27,27,27,27,27,27,27,27,27,27
210717,2,1,1995,0,0,0,0,0,0,0,0,0,0
210718,1,1,1995,0,0,0,0,0,15,0,0,0,0
210718,2,1,1995,11,11,11,11,11,11,11,11,11,11
210719,1,1,1995,12,10,8,8,26,0,0,18,10,7
210720,1,1,1995,13,13,13,13,13,13,13,13,13,13
210721,1,1,1995,33,33,33,33,33,33,33,33,33,33
210722,0,1,1995,17,14,0,0,9,0,0,0,0,0
210722,1,1,1995,0,0,0,0,0,0,0,0,0,0
210723,1,1,1995,0,0,0,0,0,0,0,0,0,0
210723,2,1,1995,0,0,0,0,0,0,0,0,0,0
210723,3,1,1995,0,0,0,0,0,0,0,0,0,0
210724,1,1,1995,0,22,0,0,0,0,0,0,0,0
210725,1,1,1995,18,20,16,13,30,32,13,12,12,11
210726,1,1,1995,16,0,0,0,0,0,0,0,0,0
210727,1,1,1995,0,0,0,0,0,0,0,0,0,0
210728,1,1,1995,0,0,0,0,0,0,0,0,0,0
210729,1,1,1995,13,13,13,13,13,13,13,13,13,13
210729,2,1,1995,0,0,0,0,0,0,0,0,0,0
210730,1,1,1995,15,11,4,2,10,2,13,4,7,13
210730,2,1,1995,0,0,0,0,0,0,0,0,0,0
210731,1,1,1995,22,22,22,22,22,22,22,22,22,22
210731,2,1,1995,0,0,0,0,0,0,0,0,0,0
210732,1,1,1995,0,0,0,0,0,0,0,0,0,0
210732,2,1,1995,0,0,0,0,0,0,0,0,0,0
210733,1,1,1995,0,34,34,17,0,0,0,0,31,0
210734,1,1,1995,12,21,0,26,0,0,0,0,19,0
210735,1,1,1995,34,11,10,14,18,24,30,15,0,11
210736,1,1,1995,23,23,23,23,23,23,23,23,23,23
210737,1,1,1995,0,0,0,0,0,0,0,0,0,17
210737,2,1,1995,0,0,0,3,0,0,0,0,0,0
210738,1,1,1995,0,0,0,0,0,0,0,0,0,0
210738,2,1,1995,0,0,0,0,0,0,0,0,0,0
210739,1,1,1995,0,0,0,0,0,0,0,0,0,0
210739,2,1,1995,13,0,0,0,0,0,0,0,0,0
210740,1,1,1995,0,0,0,0,0,0,0,0,0,0
210741,2,1,1995,0,0,0,0,0,0,0,0,0,0
210742,1,1,1995,0,0,0,0,25,0,0,0,0,0
210743,1,1,1995,0,0,0,0,0,0,0,0,0,0
210743,2,1,1995,0,0,0,0,0,0,0,0,0,0
210744,1,1,1995,23,23,23,23,23,23,23,23,23,23
220001,1,1,1995,0,0,0,0,0,0,0,0,0,0
220001,2,1,1995,0,0,0,0,0,0,0,0,0,0
220002,0,1,1995,23,23,23,23,23,23,23,23,23,23
220002,1,1,1995,0,0,0,0,0,0,0,0,0,0
220003,0,1,1995,32,32,32,32,32,32,32,32,32,32
220003,1,1,1995,0,0,0,0,0,0,0,0,0,0
220004,1,1,1995,0,0,0,0,0,0,0,0,0,0
220004,2,1,1995,0,0,0,0,0,0,0,0,0,0
220004,3,1,1995,0,0,0,0,0,0,0,0,0,0
220005,1,1,1995,0,0,0,0,0,0,0,0,0,0
220006,1,1,1995,0,0,0,0,0,0,0,0,0,0
220006,2,1,1995,0,0,0,0,0,0,0,0,0,0
220007,1,1,1995,0,0,0,0,0,0,0,0,0,0
220008,0,1,1995,0,0,0,38,0,0,0,0,0,0
220008,1,1,1995,0,0,0,0,0,0,0,0,0,0
220009,0,1,1995,29,29,29,29,29,29,29,29,29,29
220009,1,1,1995,22,0,9,10,0,17,21,0,11,20
220010,0,1,1995,0,0,0,0,0,0,0,0,0,0
220010,1,1,1995,0,0,0,0,0,0,0,0,0,0
220011,1,1,1995,18,18,18,18,18,18,18,18,18,18
220012,1,1,1995,20,20,20,20,20,20,20,20,20,20
220013,1,1,1995,19,19,19,19,19,19,19,19,19,19
220014,1,1,1995,18,18,18,18,18,18,18,18,18,18
220014,2,1,1995,0,0,0,0,0,0,0,0,0,0
220015,1,1,1995,13,0,0,0,0,0,0,0,0,0
220015,2,1,1995,0,0,0,0,0,0,0,0,0,0
220015,3,1,1995,0,0,0,0,0,0,0,0,0,0
220016,1,1,1995,10,10,10,10,10,10,10,10,10,10
220017,1,1,1995,0,0,0,0,0,0,0,0,0,0
220017,2,1,1995,0,0,0,0,0,0,0,0,0,0
220017,3,1,1995,0,0,0,0,0,0,0,0,0,0
220018,0,1,1995,13,13,13,13,13,13,13,13,13,13
220018,1,1,1995,0,0,0,0,0,0,0,0,0,0
220019,0,1,1995,0,0,0,0,0,0,0,0,0,0
220019,1,1,1995,0,0,0,0,0,0,0,0,0,0
220020,1,1,1995,33,33,33,33,33,33,33,33,33,33
220020,2,1,1995,0,0,0,0,0,0,0,0,0,0
220021,1,1,1995,0,0,0,0,0,0,0,0,0,0
220021,2,1,1995,0,0,0,0,0,0,0,0,0,0
220021,3,1,1995,0,0,0,0,0,0,0,0,0,0
220022,1,1,1995,22,22,22,22,22,22,22,22,22,22
220023,1,1,1995,0,0,0,0,0,0,0,0,0,0
220024,1,1,1995,20,20,20,20,20,20,20,20,20,20
220025,1,1,1995,0,0,0,0,0,0,0,0,0,0
220025,2,1,1995,0,0,0,0,0,0,0,0,0,0
220026,0,1,1995,0,0,0,0,0,0,0,0,0,0
220026,1,1,1995,0,0,0,0,0,0,0,0,0,8
220026,2,1,1995,0,0,0,0,0,0,0,0,0,0
220026,3,1,1995,0,0,0,0,0,0,0,0,0,0