ST_CASE,VEH_NO,PER_NO,YEAR,P1,P2,P3,P4,P5,P6,P7,P8,P9,P10
220288,1,1,1995,0,0,0,0,0,0,0,0,0,0
220288,2,1,1995,0,0,0,0,0,0,0,0,0,0
220289,1,1,1995,0,0,0,0,0,0,0,0,0,0
220289,2,1,1995,0,0,0,0,0,0,0,0,0,0
220290,1,1,1995,10,10,10,10,10,10,10,10,10,10
220291,1,1,1995,23,23,23,23,23,23,23,23,23,23
220292,1,1,1995,0,0,0,0,0,0,0,0,0,0
220293,0,1,1995,0,0,0,0,0,0,0,0,0,0
220293,1,1,1995,0,0,0,0,0,0,0,0,0,0
220294,1,1,1995,2,2,2,2,2,2,2,2,2,2
220294,2,1,1995,0,0,0,0,0,0,0,0,0,0
220295,0,1,1995,0,0,0,0,0,0,0,0,0,0
220295,1,1,1995,0,0,0,0,0,0,0,0,0,0
220298,1,1,1995,9,9,9,9,9,9,9,9,9,9
220299,1,1,1995,0,0,0,0,0,0,0,0,0,0
220300,1,1,1995,0,0,0,0,0,0,0,0,0,0
220300,2,1,1995,0,0,0,0,0,0,0,0,0,0
220301,1,1,1995,14,7,17,20,8,0,22,36,26,13
220301,2,1,1995,15,10,20,0,8,0,11,0,14,18
220302,1,1,1995,0,20,15,0,0,12,0,23,0,8
220303,1,1,1995,0,0,0,0,0,0,0,0,0,0
220304,1,1,1995,23,23,23,23,23,23,23,23,23,23
220305,1,1,1995,6,6,6,6,6,6,6,6,6,6
220306,1,1,1995,0,0,0,0,0,0,0,0,0,0
220307,0,1,1995,0,0,0,0,0,0,0,0,0,0
220307,1,1,1995,0,0,0,0,0,0,0,0,0,0
220308,1,1,1995,0,0,0,0,0,0,0,0,0,0
220308,2,1,1995,1,1,1,1,1,1,1,1,1,1
220309,0,1,1995,0,0,0,0,0,0,0,0,0,0
220309,1,1,1995,0,0,0,0,0,0,0,0,0,0
220310,1,1,1995,24,24,24,24,24,24,24,24,24,24
220311,1,1,1995,9,9,9,9,9,9,9,9,9,9
220312,1,1,1995,0,0,0,0,0,0,0,0,0,0
220312,2,1,1995,0,0,0,0,0,0,0,0,0,0
220313,1,1,1995,0,0,0,0,0,0,0,0,0,0
220313,2,1,1995,0,0,0,0,0,0,0,0,0,0
220314,1,1,1995,0,0,0,0,0,0,0,0,0,0
220314,2,1,1995,0,0,0,0,0,0,0,0,0,0
220315,1,1,1995,21,21,21,21,21,21,21,21,21,21
220316,1,1,1995,0,0,0,0,0,0,0,0,0,0
220317,1,1,1995,0,0,0,0,0,0,0,0,0,0
220318,1,1,1995,17,17,17,17,17,17,17,17,17,17
220319,1,1,1995,13,13,13,13,13,13,13,13,13,13
220320,1,1,1995,27,27,27,27,27,27,27,27,27,27
220321,0,1,1995,0,4,0,0,11,27,0,5,0,0
220321,1,1,1995,0,0,0,0,0,0,0,0,0,0
220322,1,1,1995,0,0,0,0,0,0,0,0,0,0
220322,2,1,1995,0,0,0,0,0,0,0,0,0,0
220323,1,1,1995,0,0,0,0,0,0,0,0,0,0
220324,1,1,1995,21,21,21,21,21,21,21,21,21,21
220325,1,1,1995,20,20,20,20,20,20,20,20,20,20
220325,2,1,1995,7,7,7,7,7,7,7,7,7,7
220326,0,1,1995,0,0,0,0,0,23,39,18,0,0
220326,1,1,1995,0,0,10,0,0,0,0,20,0,0
220327,1,1,1995,0,0,0,0,0,0,0,0,0,0
220328,1,1,1995,13,13,13,13,13,13,13,13,13,13
220329,0,1,1995,0,0,0,0,0,0,0,0,0,0
220329,0,2,1995,0,13,0,0,0,0,24,21,22,0
220329,1,1,1995,0,0,0,0,0,0,0,0,0,0
220330,1,1,1995,0,0,0,0,0,0,0,0,0,0
220331,0,1,1995,18,24,31,28,6,16,11,16,21,8
220331,1,1,1995,0,0,0,0,0,0,0,0,0,0
220332,0,1,1995,0,0,0,0,0,0,0,0,0,0
220332,1,1,1995,0,0,0,8,0,0,0,0,0,0
220333,0,1,1995,0,0,0,36,0,0,9,0,27,17
220333,1,1,1995,0,0,0,0,0,0,0,0,0,0
220335,1,1,1995,7,7,7,7,7,7,7,7,7,7
220335,2,1,1995,0,0,0,0,0,0,0,0,0,0
220336,1,1,1995,0,0,11,0,0,0,0,8,0,21
220337,0,1,1995,0,0,0,0,0,0,0,0,0,0
220337,1,1,1995,0,0,0,0,0,0,0,0,0,0
220338,1,1,1995,0,0,0,0,0,0,0,0,0,0
220339,0,1,1995,20,20,20,20,20,20,20,20,20,20
220339,1,1,1995,0,0,0,0,0,0,0,0,0,0
220340,1,1,1995,0,0,0,0,0,0,0,0,0,0
220340,2,1,1995,0,0,0,0,0,0,0,0,0,0
220341,0,1,1995,0,0,0,20,0,0,0,0,0,0
220341,1,1,1995,0,0,0,0,0,0,0,0,0,0
220343,1,1,1995,9,9,9,9,9,9,9,9,9,9
220344,1,1,1995,14,18,13,33,17,11,21,20,0,29
220345,1,1,1995,0,0,0,0,0,0,0,0,0,0
220346,1,1,1995,0,0,0,0,0,0,0,0,0,0
220346,2,1,1995,0,0,0,0,0,0,0,0,0,0
220347,1,1,1995,0,0,0,0,0,0,0,0,0,0
220348,1,1,1995,11,11,11,11,11,11,11,11,11,11
220348,2,1,1995,0,0,0,0,0,0,0,0,0,3
220349,0,1,1995,0,10,13,12,8,26,19,15,21,20
220349,1,1,1995,10,0,0,0,0,0,9,0,9,0
220350,1,1,1995,4,4,4,4,4,4,4,4,4,4
220351,1,1,1995,0,0,0,0,0,0,0,0,0,0
220351,2,1,1995,0,0,0,0,0,0,0,0,0,0
220352,1,1,1995,0,0,0,0,0,0,0,0,0,0
220352,2,1,1995,0,0,0,0,0,0,0,0,0,0
220353,1,1,1995,23,23,23,23,23,23,23,23,23,23
220353,2,1,1995,0,0,0,0,0,0,5,0,11,0
220354,1,1,1995,0,0,0,0,0,0,0,0,19,0
220355,1,1,1995,18,18,18,18,18,18,18,18,18,18
220355,2,1,1995,0,0,0,0,0,0,0,0,0,0
220356,0,1,1995,0,0,0,0,0,0,0,0,0,0
220356,1,1,1995,16,19,0,0,17,0,17,4,11,7
220357,1,1,1995,0,0,0,0,0,0,0,0,0,0
220358,1,1,1995,0,0,0,0,0,0,0,0,0,0
220358,2,1,1995,0,0,0,0,0,0,0,0,0,0
220359,0,1,1995,0,0,0,0,0,0,0,0,0,0
220359,1,1,1995,0,0,0,0,0,0,0,0,0,0
220360,0,1,1995,0,0,0,0,0,23,0,0,0,25
220360,1,1,1995,0,11,0,37,23,10,15,0,13,33
220361,1,1,1995,25,25,25,25,25,25,25,25,25,25
220362,1,1,1995,14,11,20,0,16,15,0,17,14,0
220362,2,1,1995,0,0,0,0,0,0,0,0,0,0
220363,1,1,1995,0,0,0,0,0,0,0,0,0,0
220363,2,1,1995,0,0,0,0,0,0,8,0,0,0
220364,1,1,1995,0,0,0,0,0,0,0,0,0,0
220366,1,1,1995,20,20,20,20,20,20,20,20,20,20
220367,1,1,1995,12,10,18,9,0,17,14,2,11,0
220368,1,1,1995,0,0,0,0,0,0,15,0,16,0
220369,1,1,1995,0,0,0,0,0,0,0,0,0,0
220369,2,1,1995,0,0,0,0,0,0,0,0,0,0
220370,1,1,1995,32,32,32,32,32,32,32,32,32,32
220371,1,1,1995,0,0,0,0,0,0,0,0,0,0
220372,1,1,1995,0,0,0,0,0,0,0,0,0,0
220373,1,1,1995,19,19,19,19,19,19,19,19,19,19
220373,2,1,1995,0,0,0,0,0,0,0,0,0,0
220374,0,1,1995,37,37,37,37,37,37,37,37,37,37
220374,1,1,1995,0,0,0,0,0,0,0,0,0,0
220375,0,1,1995,10,10,10,10,10,10,10,10,10,10
220375,1,1,1995,0,0,0,0,0,0,0,0,0,0
220376,1,1,1995,9,9,9,9,9,9,9,9,9,9
220377,1,1,1995,0,0,0,0,0,0,0,0,0,0
220377,2,1,1995,0,0,0,0,0,0,0,0,0,0
220377,3,1,1995,0,0,0,0,0,0,0,0,0,0
220377,4,1,1995,0,0,0,0,0,0,0,0,0,0
220377,5,1,1995,0,0,0,0,0,0,0,0,0,0
220378,1,1,1995,0,0,0,0,0,0,0,0,0,0
220378,2,1,1995,0,0,0,0,0,0,0,0,0,0
220379,0,1,1995,0,0,0,0,0,0,0,0,0,0
220379,1,1,1995,0,0,0,0,0,0,0,0,0,0
220380,0,1,1995,0,0,0,0,0,0,0,0,0,0
220380,1,1,1995,0,0,0,0,0,0,0,0,0,0
220381,1,1,1995,3,3,3,3,3,3,3,3,3,3
220382,1,1,1995,18,18,18,18,18,18,18,18,18,18
220383,1,1,1995,0,0,0,0,0,0,0,0,0,0
220383,2,1,1995,0,0,0,0,0,0,0,0,0,0
220384,1,1,1995,20,0,0,0,0,0,0,17,0,0
220384,2,1,1995,0,0,0,0,0,0,0,0,0,0
220385,1,1,1995,11,11,11,11,11,11,11,11,11,11
220386,1,1,1995,25,25,25,25,25,25,25,25,25,25
220387,1,1,1995,48,32,42,21,16,13,31,14,26,17
220388,1,1,1995,12,12,12,12,12,12,12,12,12,12
220388,2,1,1995,0,0,0,0,0,0,0,0,0,0
220389,1,1,1995,0,0,0,0,0,0,0,0,0,0
220389,2,1,1995,9,0,0,0,0,0,0,0,0,0
220390,1,1,1995,10,10,10,10,10,10,10,10,10,10
220391,1,1,1995,0,0,0,0,0,0,0,0,0,0
220391,2,1,1995,0,0,0,0,0,0,0,0,16,0
220392,1,1,1995,9,9,9,9,9,9,9,9,9,9
220393,1,1,1995,15,15,15,15,15,15,15,15,15,15
220394,0,1,1995,0,0,22,0,0,0,0,0,0,23
220394,1,1,1995,17,16,13,0,0,0,0,0,0,0
220395,1,1,1995,17,17,17,17,17,17,17,17,17,17
220396,1,1,1995,0,0,0,0,0,0,0,0,0,0
220396,2,1,1995,0,0,0,0,0,0,0,0,0,0
220397,0,1,1995,23,23,23,23,23,23,23,23,23,23
220397,1,1,1995,0,0,0,0,0,0,0,0,0,0
220398,1,1,1995,2,2,2,2,2,2,2,2,2,2
220399,1,1,1995,0,0,0,0,0,0,0,0,0,0
220401,1,1,1995,16,16,16,16,16,16,16,16,16,16
220401,2,1,1995,17,0,0,0,0,0,0,0,0,0
220402,1,1,1995,5,5,5,5,5,5,5,5,5,5
220402,2,1,1995,8,8,8,8,8,8,8,8,8,8
220402,3,1,1995,0,0,0,0,0,0,0,0,0,0
220403,1,1,1995,15,17,0,25,0,0,14,19,15,16
220404,1,1,1995,0,0,0,0,0,0,0,0,2,0
220404,2,1,1995,0,0,0,0,0,0,0,0,0,0
220405,1,1,1995,0,0,0,0,0,0,0,0,0,0
220405,2,1,1995,0,0,0,0,0,0,0,0,0,0
220406,1,1,1995,5,5,5,5,5,5,5,5,5,5
220406,2,1,1995,0,0,0,0,0,0,0,0,0,0
220407,0,1,1995,11,13,3,0,3,8,10,0,8,0
220407,1,1,1995,15,9,35,12,17,25,20,17,22,10
220408,1,1,1995,13,13,13,13,13,13,13,13,13,13
220408,2,1,1995,8,8,8,8,8,8,8,8,8,8
220409,1,1,1995,0,0,0,0,0,0,0,0,0,0
220409,2,1,1995,9,9,9,9,9,9,9,9,9,9
220409,3,1,1995,0,0,0,0,0,0,0,0,0,0
220410,1,1,1995,0,0,0,0,0,0,0,0,0,0
220410,2,1,1995,0,0,0,0,0,0,0,0,0,0
220411,1,1,1995,25,25,25,25,25,25,25,25,25,25
220412,1,1,1995,0,0,0,0,0,0,0,0,0,0
220412,2,1,1995,0,0,0,0,0,0,0,0,0,0
220413,1,1,1995,0,0,0,0,0,0,0,0,0,0
220414,0,1,1995,0,0,0,0,0,0,0,0,0,0
220414,1,1,1995,0,0,0,0,0,0,0,0,0,0
220415,1,1,1995,44,44,44,44,44,44,44,44,44,44
220416,1,1,1995,0,0,0,0,0,0,0,0,0,0
220417,1,1,1995,16,16,16,16,16,16,16,16,16,16
220417,2,1,1995,17,17,17,17,17,17,17,17,17,17
220418,1,1,1995,9,9,9,9,9,9,9,9,9,9
220419,1,1,1995,0,0,0,0,0,0,0,0,0,0
220419,2,1,1995,0,0,0,0,0,0,0,0,0,0
220420,1,1,1995,0,0,0,0,0,0,0,0,0,0
220421,1,1,1995,7,7,7,7,7,7,7,7,7,7
220421,2,1,1995,19,19,19,19,19,19,19,19,19,19
220422,1,1,1995,0,0,0,0,0,0,0,0,0,0
220423,1,1,1995,27,27,27,27,27,27,27,27,27,27
220424,1,1,1995,0,0,0,0,0,0,0,0,0,0
220424,2,1,1995,0,0,0,0,0,0,0,0,0,0
220425,1,1,1995,0,0,0,0,0,0,0,0,0,0
220426,1,1,1995,0,0,0,0,0,0,0,0,0,0
220427,1,1,1995,8,8,8,8,8,8,8,8,8,8
220428,1,1,1995,0,0,0,0,0,0,0,0,0,0
220428,2,1,1995,0,0,0,0,0,0,0,0,0,0
220429,1,1,1995,13,13,13,13,13,13,13,13,13,13
220429,2,1,1995,0,0,0,0,0,0,0,0,0,0
220430,1,1,1995,43,33,14,7,15,14,24,30,0,12
220431,1,1,1995,9,9,9,9,9,9,9,9,9,9
220432,1,1,1995,0,0,0,0,0,0,0,0,0,0
220433,1,1,1995,0,6,10,25,15,12,0,0,0,0
220434,1,1,1995,0,15,27,8,0,8,17,12,19,8
220435,1,1,1995,0,0,0,0,0,0,0,0,0,0
220435,2,1,1995,0,0,0,0,0,0,0,0,0,0
220436,1,1,1995,6,6,6,6,6,6,6,6,6,6
220437,1,1,1995,0,0,0,0,0,0,0,0,0,0
220438,1,1,1995,0,0,0,0,0,0,0,0,0,0
220438,2,1,1995,0,0,0,0,0,0,0,0,0,0
220439,0,1,1995,0,0,0,0,0,0,0,0,0,0
220439,1,1,1995,0,0,10,7,0,0,0,0,0,22
220440,1,1,1995,0,0,0,0,0,0,0,0,0,0
220440,2,1,1995,9,9,9,9,9,9,9,9,9,9
220441,1,1,1995,0,0,0,0,0,0,0,0,0,0
220441,2,1,1995,0,0,0,0,0,0,0,0,0,0
220441,3,1,1995,0,0,0,0,0,0,0,0,0,0
220442,1,1,1995,0,22,17,0,0,18,0,13,5,0
220443,0,1,1995,0,0,0,0,0,0,0,0,0,0
220443,1,1,1995,0,0,0,0,0,0,0,0,0,0
220444,1,1,1995,0,0,0,0,0,0,0,0,0,0
220444,2,1,1995,0,0,0,0,0,0,0,0,0,0
220445,1,1,1995,0,0,0,0,0,0,0,0,0,0
220445,2,1,1995,12,12,12,12,12,12,12,12,12,12
220446,1,1,1995,0,0,0,0,0,0,0,0,0,0
220446,2,1,1995,25,0,0,0,28,0,0,33,14,6
220447,1,1,1995,21,21,21,21,21,21,21,21,21,21
220448,1,1,1995,24,24,24,24,24,24,24,24,24,24
220448,2,1,1995,0,0,0,0,0,0,0,0,0,0
220449,1,1,1995,25,25,25,25,25,25,25,25,25,25
220450,1,1,1995,31,31,31,31,31,31,31,31,31,31
220450,2,1,1995,0,0,0,0,0,0,0,0,0,0
220451,1,1,1995,0,0,0,0,0,0,0,0,0,0
220451,2,1,1995,3,3,3,3,3,3,3,3,3,3
220452,1,1,1995,12,12,12,12,12,12,12,12,12,12
220453,1,1,1995,23,23,23,23,23,23,23,23,23,23
220454,1,1,1995,13,13,13,13,13,13,13,13,13,13
220455,1,1,1995,7,7,7,7,7,7,7,7,7,7
220455,2,1,1995,0,0,0,0,0,0,0,0,0,0
220456,1,1,1995,0,0,0,0,0,0,0,0,0,0
220456,2,1,1995,0,0,0,0,0,0,0,0,0,0
220457,1,1,1995,1,1,1,1,1,1,1,1,1,1
220457,2,1,1995,0,0,0,0,15,12,0,0,15,0
220459,1,1,1995,11,0,0,0,0,0,0,0,0,0
220459,2,1,1995,0,0,0,0,0,0,0,0,0,0
220460,1,1,1995,0,0,0,0,0,0,0,0,0,0
220461,1,1,1995,16,16,16,16,16,16,16,16,16,16
220462,1,1,1995,0,0,0,0,0,0,0,0,0,0
220462,2,1,1995,0,0,0,0,0,0,0,0,0,0
220463,1,1,1995,0,0,0,0,0,0,0,0,0,0
220464,1,1,1995,0,0,0,0,0,0,0,0,0,0
220465,1,1,1995,12,12,12,12,12,12,12,12,12,12
220465,2,1,1995,17,17,17,17,17,17,17,17,17,17
220466,1,1,1995,0,0,11,0,0,0,0,0,10,0
220467,1,1,1995,0,0,0,0,0,0,0,0,0,0
220468,0,1,1995,23,23,23,23,23,23,23,23,23,23
220468,1,1,1995,0,0,0,0,0,0,0,0,0,0
220469,1,1,1995,16,16,16,16,16,16,16,16,16,16
220470,0,1,1995,0,0,0,0,0,0,0,0,0,0
220470,1,1,1995,0,0,0,0,0,0,0,0,0,0
220471,1,1,1995,0,0,0,0,0,0,0,0,0,0
220471,2,1,1995,0,0,0,0,0,0,0,0,0,0
220471,3,1,1995,0,0,0,0,0,12,0,0,19,0
220472,1,1,1995,0,0,0,0,0,0,0,0,0,0
220472,2,1,1995,0,0,0,0,0,0,0,0,0,0
220473,0,1,1995,39,45,0,11,0,0,13,19,34,0
220473,1,1,1995,19,0,0,0,0,0,0,24,0,0
220474,1,1,1995,0,0,0,0,0,0,0,0,0,0
220475,1,1,1995,0,0,0,0,0,0,0,0,0,0
220476,1,1,1995,0,0,0,0,0,0,0,0,0,0
220477,1,1,1995,0,0,28,0,0,0,0,0,0,0
220478,1,1,1995,0,0,0,0,0,0,0,0,0,0
220479,1,1,1995,15,0,3,6,0,17,15,0,21,4
220480,1,1,1995,0,0,0,22,0,0,0,0,0,0
220480,2,1,1995,0,0,0,0,0,0,0,0,0,0
220481,1,1,1995,0,0,0,0,0,0,0,0,0,0
220481,2,1,1995,0,0,0,0,0,0,0,0,0,0
220483,1,1,1995,0,0,0,0,0,0,0,0,0,0
220483,2,1,1995,0,0,0,0,0,0,0,0,0,0
220484,1,1,1995,0,0,21,14,7,0,0,17,0,23
220485,1,1,1995,0,0,0,0,0,0,0,0,0,0
220485,2,1,1995,0,0,0,0,0,0,0,0,0,0
220485,3,1,1995,0,0,0,0,0,0,0,0,0,0
220486,1,1,1995,0,0,0,27,0,0,0,0,0,0
220487,1,1,1995,0,0,0,0,0,0,0,0,0,0
220487,2,1,1995,0,0,0,0,0,0,0,0,0,0
220488,1,1,1995,0,0,0,0,0,0,0,0,0,0
220488,2,1,1995,0,0,0,0,0,0,0,0,0,0
220489,1,1,1995,0,20,31,20,16,0,4,18,0,0
220490,1,1,1995,0,0,0,0,0,0,0,0,0,0
220490,2,1,1995,0,0,0,0,0,0,0,0,0,0
220491,1,1,1995,14,14,14,14,14,14,14,14,14,14
220492,1,1,1995,0,0,0,0,0,0,0,0,0,0
220493,1,1,1995,37,37,37,37,37,37,37,37,37,37
220493,2,1,1995,0,0,0,0,0,0,0,0,0,0
220494,1,1,1995,0,0,0,0,0,0,0,0,0,0
220494,2,1,1995,0,30,6,5,8,14,20,0,0,0
220495,1,1,1995,14,14,14,14,14,14,14,14,14,14
220496,1,1,1995,11,11,11,11,11,11,11,11,11,11
220496,2,1,1995,0,0,0,0,0,0,0,0,0,0
220497,1,1,1995,19,19,19,19,19,19,19,19,19,19
220498,1,1,1995,0,0,0,0,0,0,0,0,0,0
220498,2,1,1995,0,0,0,0,0,0,0,0,0,0
220499,0,1,1995,19,8,0,13,13,0,0,29,0,0
220499,1,1,1995,11,11,11,11,11,11,11,11,11,11
220500,1,1,1995,3,3,3,3,3,3,3,3,3,3
220501,1,1,1995,20,20,20,20,20,20,20,20,20,20
220502,1,1,1995,13,13,13,13,13,13,13,13,13,13
220502,2,1,1995,0,0,0,0,0,0,0,0,0,0
220503,1,1,1995,0,0,0,0,0,0,0,0,0,0
220503,2,1,1995,0,0,0,0,0,0,0,0,0,0
220504,1,1,1995,0,0,34,0,0,13,30,27,13,0
220505,1,1,1995,1,1,1,1,1,1,1,1,1,1
220505,2,1,1995,0,0,0,0,0,0,0,0,0,0
220506,1,1,1995,18,18,18,18,18,18,18,18,18,18
220506,2,1,1995,0,0,0,0,0,0,0,0,0,0
220507,0,1,1995,18,18,18,18,18,18,18,18,18,18
220507,1,1,1995,0,0,0,0,0,0,0,0,0,0
220507,2,1,1995,0,0,0,0,0,0,0,0,0,0
220508,1,1,1995,26,26,26,26,26,26,26,26,26,26
220509,1,1,1995,26,26,26,26,26,26,26,26,26,26
220509,2,1,1995,5,5,5,5,5,5,5,5,5,5
220510,1,1,1995,0,0,0,0,0,0,0,0,0,0
220510,2,1,1995,0,0,0,0,0,0,0,0,0,0
220511,0,1,1995,27,0,0,18,0,19,11,25,24,11
220511,1,1,1995,17,0,0,21,8,26,34,18,0,0
220512,1,1,1995,21,21,21,21,21,21,21,21,21,21
220513,1,1,1995,6,6,6,6,6,6,6,6,6,6
220514,1,1,1995,12,12,12,12,12,12,12,12,12,12
220515,1,1,1995,0,16,0,37,17,19,18,38,0,21
220516,0,1,1995,32,12,21,0,23,25,29,11,13,15
220516,1,1,1995,0,0,0,0,0,0,0,0,0,0
220517,1,1,1995,0,0,0,0,0,0,0,0,0,0
220517,2,1,1995,0,0,0,0,0,0,0,0,0,0
220518,1,1,1995,0,0,0,0,0,0,0,0,0,0
220518,2,1,1995,0,0,0,0,0,0,0,0,0,0
220519,1,1,1995,0,0,0,0,0,0,0,0,0,0
220519,2,1,1995,0,0,0,0,0,0,0,0,0,0
220520,1,1,1995,11,12,24,8,13,7,25,22,19,9
220520,2,1,1995,23,0,0,28,0,0,24,0,0,0
220521,1,1,1995,0,0,0,0,0,0,0,0,0,0
220521,2,1,1995,0,0,0,0,0,0,0,0,0,0
220522,1,1,1995,0,0,0,0,0,0,0,0,0,0
220522,2,1,1995,0,0,0,0,0,0,0,0,0,0
220523,1,1,1995,25,25,25,25,25,25,25,25,25,25
220523,2,1,1995,0,0,0,0,0,0,0,0,0,0
220524,0,1,1995,18,0,0,17,0,0,0,0,0,0
220524,1,1,1995,0,0,0,0,0,0,0,0,0,0
220525,1,1,1995,0,0,0,0,0,0,0,0,0,0
220526,0,1,1995,0,0,0,0,0,0,0,0,0,0
220526,1,1,1995,0,0,0,0,0,0,0,0,0,0
220527,1,1,1995,0,0,0,0,0,0,0,0,0,0
220528,1,1,1995,16,16,16,16,16,16,16,16,16,16
220528,2,1,1995,1,1,1,1,1,1,1,1,1,1
220529,1,1,1995,11,11,11,11,11,11,11,11,11,11
220529,2,1,1995,0,0,0,0,0,0,0,0,0,0
220530,1,1,1995,11,11,11,11,11,11,11,11,11,11
220531,1,1,1995,0,0,0,0,0,0,0,0,0,0
220531,2,1,1995,0,0,0,0,0,0,0,0,0,0
220532,0,1,1995,16,16,16,16,16,16,16,16,16,16
220532,1,1,1995,0,0,0,0,0,0,0,0,0,0
220533,1,1,1995,23,23,23,23,23,23,23,23,23,23
220533,2,1,1995,0,0,0,0,0,0,0,0,0,0
220534,1,1,1995,6,6,6,6,6,6,6,6,6,6
220535,1,1,1995,0,0,0,0,0,0,0,0,0,0
220535,2,1,1995,0,0,0,0,0,0,0,0,0,0
220536,1,1,1995,8,8,8,8,8,8,8,8,8,8
220537,0,1,1995,0,0,0,0,0,0,0,0,0,0
220537,1,1,1995,20,20,20,20,20,20,20,20,20,20
220538,1,1,1995,13,0,0,3,0,26,20,0,0,0
220538,2,1,1995,0,0,0,0,0,0,0,0,0,0
220539,1,1,1995,0,0,0,0,0,0,0,0,0,0
220539,2,1,1995,0,0,0,0,0,0,0,0,0,0
220539,3,1,1995,0,0,0,0,0,0,0,0,0,0
220540,1,1,1995,10,10,10,10,10,10,10,10,10,10
220541,1,1,1995,15,15,15,15,15,15,15,15,15,15
220542,1,1,1995,15,15,15,15,15,15,15,15,15,15
220543,1,1,1995,9,9,9,9,9,9,9,9,9,9
220544,1,1,1995,0,0,0,0,13,0,0,0,0,6
220545,0,1,1995,15,15,15,15,15,15,15,15,15,15
220545,1,1,1995,0,0,0,0,0,0,0,0,0,0
220546,1,1,1995,13,13,13,13,13,13,13,13,13,13
220547,1,1,1995,18,18,18,18,18,18,18,18,18,18
220547,2,1,1995,0,0,0,0,0,0,0,0,0,0
220548,1,1,1995,0,0,0,0,0,0,0,0,0,0
220548,2,1,1995,0,0,0,0,0,0,0,0,0,0
220549,1,1,1995,36,0,21,27,25,25,31,15,22,24
220550,1,1,1995,17,17,17,17,17,17,17,17,17,17
220550,2,1,1995,0,0,0,0,0,0,0,0,0,0
220551,1,1,1995,13,13,13,13,13,13,13,13,13,13
220552,1,1,1995,19,19,19,19,19,19,19,19,19,19
220553,1,1,1995,15,15,15,15,15,15,15,15,15,15
220554,0,1,1995,0,0,0,0,0,0,0,0,0,0
220554,1,1,1995,0,0,0,0,0,0,0,0,0,0
220555,1,1,1995,28,0,0,0,0,0,0,0,0,0
220556,1,1,1995,28,28,28,28,28,28,28,28,28,28
220556,2,1,1995,0,0,0,0,0,0,0,0,0,0
220557,1,1,1995,11,11,11,11,11,11,11,11,11,11
220558,0,1,1995,25,0,0,0,14,0,0,18,0,0
220558,1,1,1995,0,0,0,0,0,0,0,0,0,0
220558,2,1,1995,0,0,0,0,0,0,0,0,0,0
220559,1,1,1995,0,16,0,0,0,0,0,0,0,0
220559,2,1,1995,0,0,0,0,0,0,0,0,0,0
220560,0,1,1995,17,17,17,17,17,17,17,17,17,17
220560,1,1,1995,3,3,3,3,3,3,3,3,3,3
220561,1,1,1995,22,22,22,22,22,22,22,22,22,22
220562,0,1,1995,0,0,0,0,0,0,0,0,0,0
220562,1,1,1995,0,0,0,0,0,0,0,0,0,0
220563,0,1,1995,0,0,0,0,28,27,0,0,0,0
220563,1,1,1995,0,0,0,0,0,0,0,0,0,0
220564,1,1,1995,24,24,24,24,24,24,24,24,24,24
220565,1,1,1995,24,24,24,24,24,24,24,24,24,24
220565,2,1,1995,0,0,0,0,0,0,0,0,0,0
220566,1,1,1995,16,16,16,16,16,16,16,16,16,16
220567,1,1,1995,6,6,6,6,6,6,6,6,6,6
220567,2,1,1995,0,0,0,0,0,0,0,0,0,0
220567,3,1,1995,0,0,0,0,0,0,0,0,0,0
220568,0,1,1995,12,14,0,0,0,0,0,0,29,0
220568,1,1,1995,0,0,0,0,0,0,0,0,0,0
220569,1,1,1995,0,0,0,0,0,0,0,0,0,0
220570,1,1,1995,0,0,0,0,0,0,0,0,0,0
220570,2,1,1995,0,0,0,0,0,0,0,0,0,0
220571,1,1,1995,0,0,0,0,0,0,0,0,0,0
220571,2,1,1995,0,0,0,0,0,0,0,0,0,0
220572,1,1,1995,17,32,18,10,11,30,23,14,24,31
220573,0,1,1995,26,26,26,26,26,26,26,26,26,26
220573,1,1,1995,16,12,0,8,23,0,0,0,0,13
220574,1,1,1995,0,0,0,0,0,0,0,0,0,0
220575,1,1,1995,0,19,0,18,0,0,0,0,0,18
220576,1,1,1995,18,18,18,18,18,18,18,18,18,18
220577,1,1,1995,17,17,17,17,17,17,17,17,17,17
220578,1,1,1995,0,0,0,0,16,0,0,13,16,0
220579,1,1,1995,0,0,0,0,0,0,0,0,0,0
220579,2,1,1995,0,0,0,0,0,0,0,0,0,0
220580,1,1,1995,6,6,6,6,6,6,6,6,6,6
220581,1,1,1995,20,20,20,20,20,20,20,20,20,20
220582,0,1,1995,13,13,13,13,13,13,13,13,13,13
220582,1,1,1995,0,0,0,0,0,0,0,0,0,0
220583,1,1,1995,0,0,0,0,0,0,0,0,0,0