ST_CASE,VEH_NO,PER_NO,YEAR,P1,P2,P3,P4,P5,P6,P7,P8,P9,P10
220584,1,1,1995,5,0,17,0,0,0,0,0,0,0
220584,2,1,1995,0,0,0,0,0,0,0,27,0,0
220585,0,1,1995,0,0,0,0,0,0,0,0,0,0
220585,1,1,1995,0,0,0,0,0,0,0,0,0,0
220586,1,1,1995,32,32,32,32,32,32,32,32,32,32
220588,1,1,1995,0,0,0,0,0,0,0,0,0,0
220589,1,1,1995,23,23,23,23,23,23,23,23,23,23
220589,2,1,1995,0,0,0,0,0,0,0,0,0,0
220590,1,1,1995,0,0,0,0,0,0,0,0,0,0
220591,0,1,1995,0,0,0,0,0,0,0,0,0,0
220591,1,1,1995,0,0,0,0,0,0,0,0,0,16
220591,2,1,1995,0,0,0,0,0,0,0,0,0,0
220592,1,1,1995,0,16,7,31,28,23,22,30,33,0
220593,1,1,1995,11,11,11,11,11,11,11,11,11,11
220594,1,1,1995,0,0,0,0,0,0,0,0,0,0
220595,1,1,1995,0,11,0,0,0,0,24,0,0,0
220596,1,1,1995,0,0,0,0,0,0,0,0,0,0
220596,2,1,1995,0,0,0,0,0,0,0,0,0,0
220597,1,1,1995,0,0,0,0,0,15,0,0,0,0
220598,0,1,1995,6,0,0,24,0,0,0,0,0,0
220598,1,1,1995,0,0,0,0,0,0,0,0,0,0
220599,1,1,1995,0,0,0,0,0,0,0,0,0,0
220599,2,1,1995,0,0,0,0,0,0,0,0,0,0
220600,1,1,1995,14,14,14,14,14,14,14,14,14,14
220601,1,1,1995,0,0,0,0,0,0,0,0,0,0
220601,2,1,1995,0,0,0,0,0,0,0,0,0,0
220601,3,1,1995,0,0,0,0,0,0,0,0,0,0
220601,4,1,1995,0,0,0,0,0,0,0,0,0,0
220602,1,1,1995,32,32,32,32,32,32,32,32,32,32
220603,1,1,1995,0,0,0,0,0,0,0,0,0,0
220603,2,1,1995,0,0,0,0,0,0,0,0,0,0
220604,0,1,1995,0,0,0,0,0,0,0,0,0,0
220604,1,1,1995,0,0,0,0,0,0,0,0,0,0
220605,1,1,1995,37,37,37,37,37,37,37,37,37,37
220606,1,1,1995,0,0,0,0,0,0,0,0,0,0
220606,2,1,1995,0,0,0,0,0,0,0,0,0,0
220607,0,1,1995,0,0,18,0,22,28,0,0,0,32
220607,1,1,1995,1,1,1,1,1,1,1,1,1,1
220608,1,1,1995,18,18,18,18,18,18,18,18,18,18
220609,0,1,1995,0,0,0,0,0,0,0,0,0,0
220609,1,1,1995,13,13,13,13,13,13,13,13,13,13
220610,1,1,1995,0,0,0,0,0,0,0,0,0,0
220611,1,1,1995,12,12,12,12,12,12,12,12,12,12
220612,0,1,1995,0,0,0,0,0,0,0,0,0,0
220612,1,1,1995,3,3,3,3,3,3,3,3,3,3
220613,1,1,1995,14,14,14,14,14,14,14,14,14,14
220613,2,1,1995,0,0,0,0,0,0,0,0,0,0
220614,1,1,1995,0,0,0,0,0,0,0,0,0,0
220614,2,1,1995,0,0,0,0,0,0,0,0,0,0
220615,1,1,1995,1,1,1,1,1,1,1,1,1,1
220616,1,1,1995,0,0,0,0,0,0,0,0,0,0
220616,2,1,1995,0,0,0,0,0,0,0,0,0,0
220617,0,1,1995,0,0,0,0,0,0,0,0,0,0
220617,1,1,1995,0,0,0,16,0,0,0,0,0,0
220618,1,1,1995,6,6,6,6,6,6,6,6,6,6
220619,1,1,1995,23,23,23,23,23,23,23,23,23,23
220619,2,1,1995,0,0,0,0,0,0,0,0,0,0
220619,3,1,1995,0,0,0,0,0,0,0,0,0,0
220620,1,1,1995,27,27,27,27,27,27,27,27,27,27
220621,0,1,1995,21,21,21,21,21,21,21,21,21,21
220621,0,2,1995,8,6,18,14,16,13,17,9,0,43
220621,1,1,1995,10,10,10,10,10,10,10,10,10,10
220622,1,1,1995,4,4,4,4,4,4,4,4,4,4
220623,1,1,1995,0,0,0,0,0,0,0,0,0,0
220623,2,1,1995,0,0,0,0,0,0,0,0,0,0
220624,1,1,1995,24,24,24,24,24,24,24,24,24,24
220625,1,1,1995,23,23,23,23,23,23,23,23,23,23
220626,0,1,1995,30,30,30,30,30,30,30,30,30,30
220626,1,1,1995,0,0,0,0,0,0,0,0,0,0
220627,1,1,1995,7,27,17,9,11,0,0,17,23,15
220627,2,1,1995,0,0,9,0,0,0,0,0,0,0
220628,1,1,1995,0,0,0,0,0,0,0,0,0,0
220628,2,1,1995,0,0,0,0,0,0,0,0,0,0
220629,1,1,1995,0,0,0,0,0,0,0,0,0,0
220629,2,1,1995,0,0,0,0,0,0,0,0,0,0
220630,1,1,1995,0,0,0,0,0,0,0,0,0,0
220631,1,1,1995,29,29,29,29,29,29,29,29,29,29
220631,2,1,1995,0,0,0,0,0,0,0,0,0,0
220632,1,1,1995,0,0,0,0,0,0,0,0,0,0
220632,2,1,1995,0,0,8,0,12,0,0,0,0,0
220633,1,1,1995,27,27,27,27,27,27,27,27,27,27
220634,1,1,1995,7,7,7,7,7,7,7,7,7,7
220635,1,1,1995,0,0,0,0,0,0,0,0,0,0
220636,1,1,1995,0,0,0,0,0,0,0,0,0,0
220636,2,1,1995,0,0,0,0,0,0,0,0,0,0
220637,1,1,1995,0,0,0,0,0,0,0,0,0,0
220637,2,1,1995,0,0,0,0,0,0,0,0,0,0
220638,0,1,1995,20,20,20,20,20,20,20,20,20,20
220638,1,1,1995,0,0,0,0,0,0,0,0,0,0
220639,1,1,1995,0,0,0,0,0,0,0,0,0,0
220640,1,1,1995,20,20,20,20,20,20,20,20,20,20
220640,2,1,1995,0,0,0,0,0,0,0,0,0,0
220641,1,1,1995,25,25,25,25,25,25,25,25,25,25
220642,0,1,1995,0,0,0,0,0,0,0,0,0,0
220643,1,1,1995,15,15,15,15,15,15,15,15,15,15
220644,1,1,1995,0,0,0,0,0,0,0,0,0,0
220645,1,1,1995,0,0,0,0,20,28,0,0,0,0
220646,1,1,1995,22,22,22,22,22,22,22,22,22,22
220647,1,1,1995,8,8,8,8,8,8,8,8,8,8
220648,1,1,1995,13,13,13,13,13,13,13,13,13,13
220649,1,1,1995,0,0,0,0,0,0,0,0,0,0
220650,0,1,1995,9,9,9,9,9,9,9,9,9,9
220650,1,1,1995,15,15,15,15,15,15,15,15,15,15
220651,1,1,1995,18,18,18,18,18,18,18,18,18,18
220652,1,1,1995,0,21,0,18,20,33,22,18,29,33
220653,1,1,1995,4,4,4,4,4,4,4,4,4,4
220654,1,1,1995,24,24,24,24,24,24,24,24,24,24
220655,1,1,1995,0,0,0,0,0,0,0,0,0,0
220656,1,1,1995,34,34,34,34,34,34,34,34,34,34
220656,2,1,1995,0,4,0,7,0,0,0,6,0,0
220656,3,1,1995,8,8,8,8,8,8,8,8,8,8
220657,1,1,1995,5,5,5,5,5,5,5,5,5,5
220658,1,1,1995,0,0,0,0,0,0,0,0,0,0
220659,0,1,1995,0,0,0,0,0,0,0,0,0,0
220659,1,1,1995,0,0,0,0,0,0,0,0,0,0
220660,1,1,1995,15,0,8,0,16,0,0,0,14,39
220661,0,1,1995,0,0,0,0,0,0,0,0,0,0
220661,1,1,1995,0,0,0,0,0,0,0,0,0,0
220662,1,1,1995,0,0,0,0,26,13,0,0,5,0
220662,2,1,1995,0,0,0,0,0,0,0,0,0,0
220663,0,1,1995,0,0,0,0,0,0,0,0,0,0
220663,1,1,1995,0,0,0,0,0,0,0,0,0,0
220665,1,1,1995,14,22,30,36,18,30,15,6,7,23
220666,0,1,1995,0,0,0,0,0,0,0,0,0,0
220666,1,1,1995,14,16,0,20,15,20,9,10,4,0
220667,1,1,1995,0,0,0,0,0,0,0,0,0,0
220667,2,1,1995,0,0,0,0,0,0,0,0,0,0
220668,1,1,1995,16,16,16,16,16,16,16,16,16,16
220669,1,1,1995,0,0,0,0,0,0,0,0,0,0
220669,2,1,1995,0,0,0,0,0,0,0,0,0,0
220670,1,1,1995,0,0,0,0,0,0,0,0,0,0
220671,1,1,1995,8,8,8,8,8,8,8,8,8,8
220671,2,1,1995,10,10,10,10,10,10,10,10,10,10
220672,1,1,1995,0,0,0,0,0,0,0,0,0,0
220673,1,1,1995,0,0,0,0,0,0,0,0,0,0
220674,1,1,1995,17,17,17,17,17,17,17,17,17,17
220675,0,1,1995,33,0,15,6,26,25,26,0,26,0
220675,1,1,1995,0,0,0,0,0,0,0,0,0,0
220676,1,1,1995,19,19,19,19,19,19,19,19,19,19
220677,1,1,1995,18,18,18,18,18,18,18,18,18,18
220678,1,1,1995,0,0,0,0,0,0,0,0,0,0
220679,1,1,1995,0,0,0,0,0,0,0,0,0,0
220679,2,1,1995,0,5,0,0,0,0,0,0,0,0
220680,0,1,1995,0,0,0,22,0,0,0,0,0,44
220680,1,1,1995,0,0,0,0,0,0,0,0,0,0
220681,1,1,1995,9,9,9,9,9,9,9,9,9,9
220682,1,1,1995,15,15,15,15,15,15,15,15,15,15
220682,2,1,1995,0,0,0,0,0,0,0,0,0,0
220683,1,1,1995,25,25,25,25,25,25,25,25,25,25
220684,1,1,1995,9,9,9,9,9,9,9,9,9,9
220685,1,1,1995,0,0,0,16,0,10,0,0,0,0
220686,0,3,1995,0,0,0,0,0,0,0,0,0,0
220686,1,1,1995,0,0,0,0,0,0,0,0,0,0
220687,1,1,1995,16,16,16,16,16,16,16,16,16,16
220688,1,1,1995,0,15,25,17,0,16,0,0,0,29
220688,2,1,1995,0,0,0,0,0,0,0,0,0,0
220688,3,1,1995,0,0,0,0,0,0,0,0,0,0
220689,0,1,1995,10,10,10,10,10,10,10,10,10,10
220689,1,1,1995,0,0,0,0,0,0,0,0,0,0
220690,1,1,1995,0,0,0,0,0,0,0,0,0,0
220690,2,1,1995,0,0,0,0,6,0,0,0,0,0
220690,3,1,1995,0,0,0,0,0,0,0,0,0,0
220691,1,1,1995,25,10,0,0,24,20,0,28,15,0
220692,1,1,1995,13,9,19,7,26,24,15,14,16,18
220693,1,1,1995,0,0,0,0,26,0,0,0,0,0
220694,1,1,1995,0,0,0,0,0,0,0,0,0,0
220694,2,1,1995,0,0,0,0,0,0,0,0,0,0
220695,0,1,1995,12,12,12,12,12,12,12,12,12,12
220695,1,1,1995,0,0,0,0,0,0,0,0,0,0
220695,2,1,1995,0,0,0,0,0,0,0,0,0,0
220696,0,1,1995,19,19,19,19,19,19,19,19,19,19
220696,1,1,1995,0,0,0,0,0,0,0,6,0,0
220697,1,1,1995,0,0,0,0,0,0,0,0,0,0
220697,2,1,1995,0,0,0,0,0,0,0,0,0,0
220698,0,1,1995,0,0,0,0,0,0,0,0,0,0
220698,1,1,1995,0,0,0,0,0,0,0,0,0,0
220699,1,1,1995,14,30,19,17,17,11,17,17,16,15
220700,1,1,1995,16,16,16,16,16,16,16,16,16,16
220701,0,1,1995,0,0,0,0,0,0,0,0,0,0
220701,1,1,1995,0,0,0,0,0,0,0,0,0,0
220701,2,1,1995,0,0,0,0,0,0,0,0,0,0
220702,1,1,1995,2,2,2,2,2,2,2,2,2,2
220703,1,1,1995,0,0,0,0,0,0,0,0,0,0
220703,2,1,1995,0,0,0,0,0,0,0,0,0,0
220704,1,1,1995,0,0,0,0,13,0,0,0,0,0
220704,2,1,1995,0,0,0,0,0,0,0,0,0,0
220705,1,1,1995,11,11,11,11,11,11,11,11,11,11
220706,1,1,1995,5,5,5,5,5,5,5,5,5,5
220707,1,1,1995,13,0,20,0,17,8,0,2,4,21
220708,1,1,1995,0,0,0,0,0,0,0,0,0,0
220708,2,1,1995,0,0,0,0,0,0,0,0,0,0
220709,1,1,1995,28,28,28,28,28,28,28,28,28,28
220710,0,1,1995,0,0,0,35,0,15,23,0,47,0
220710,1,1,1995,6,6,6,6,6,6,6,6,6,6
220711,0,1,1995,11,11,11,11,11,11,11,11,11,11
220711,1,1,1995,0,0,0,0,0,0,0,0,0,0
220713,1,1,1995,10,10,10,10,10,10,10,10,10,10
220714,0,1,1995,0,0,0,0,0,0,0,0,0,0
220714,1,1,1995,0,0,0,0,0,0,0,0,0,0
220715,0,1,1995,0,0,0,0,0,0,0,0,0,0
220715,1,1,1995,0,0,0,0,0,0,0,0,0,0
220716,0,1,1995,0,0,0,0,0,0,0,0,0,0
220716,1,1,1995,0,0,0,0,0,0,0,0,0,0
220717,0,1,1995,0,0,0,0,0,0,0,0,0,0
220717,1,1,1995,0,0,0,0,0,0,0,0,0,0
220718,0,1,1995,0,0,0,0,0,0,0,0,0,0
220718,1,1,1995,0,0,0,0,0,0,0,0,0,0
220719,1,1,1995,0,0,0,0,0,0,0,0,0,0
220720,1,1,1995,0,0,0,0,0,0,0,0,0,0
220721,1,1,1995,14,14,14,14,14,14,14,14,14,14
220722,0,1,1995,11,29,0,0,0,11,0,0,13,0
220722,1,1,1995,11,11,11,11,11,11,11,11,11,11
220723,0,1,1995,0,0,0,0,0,0,0,0,0,0
220723,1,1,1995,21,25,0,18,0,16,0,24,10,22
220724,1,1,1995,0,0,0,0,0,0,0,0,0,0
220725,1,1,1995,0,0,0,0,0,0,0,0,0,0
220725,2,1,1995,0,0,0,0,0,0,0,0,0,0
220726,1,1,1995,0,0,0,0,0,0,0,0,0,0
220726,2,1,1995,0,0,0,0,0,0,0,0,0,0
220727,1,1,1995,7,7,7,7,7,7,7,7,7,7
220727,2,1,1995,0,0,0,0,0,0,0,0,0,0
220728,0,1,1995,35,35,35,35,35,35,35,35,35,35
220728,1,1,1995,10,10,10,10,10,10,10,10,10,10
220729,1,1,1995,0,0,0,0,0,0,0,0,0,0
220731,1,1,1995,0,0,0,0,0,0,0,0,0,0
220731,2,1,1995,0,0,0,0,0,0,0,0,0,0
220732,1,1,1995,0,0,0,0,0,0,0,0,0,0
220733,0,1,1995,15,15,15,15,15,15,15,15,15,15
220733,1,1,1995,0,0,0,0,0,0,0,0,0,0
220734,1,1,1995,28,28,28,28,28,28,28,28,28,28
220734,2,1,1995,0,0,0,0,0,0,0,0,0,0
220735,1,1,1995,34,34,34,34,34,34,34,34,34,34
220736,1,1,1995,16,16,16,16,16,16,16,16,16,16
220737,1,1,1995,0,0,0,0,0,0,0,0,0,0
220737,2,1,1995,0,0,0,0,0,0,0,0,0,0
220738,1,1,1995,32,32,32,32,32,32,32,32,32,32
220738,2,1,1995,0,0,0,0,0,0,0,0,0,0
220739,1,1,1995,3,3,3,3,3,3,3,3,3,3
220739,2,1,1995,10,10,10,10,10,10,10,10,10,10
220740,0,1,1995,0,0,0,0,0,0,0,0,0,0
220740,1,1,1995,0,0,0,0,0,0,0,0,0,0
220741,0,1,1995,19,19,19,19,19,19,19,19,19,19
220741,1,1,1995,15,15,15,15,15,15,15,15,15,15
220742,1,1,1995,12,12,12,12,12,12,12,12,12,12
220743,0,1,1995,0,0,0,0,0,0,27,0,0,0
220743,0,2,1995,0,0,0,0,24,0,0,16,11,0
220743,1,1,1995,0,0,0,0,0,0,0,0,0,0
220744,0,1,1995,0,0,0,0,0,0,0,0,0,0
220744,1,1,1995,0,0,0,0,0,0,0,0,0,0
220745,1,1,1995,0,0,0,9,0,0,0,0,0,0
220745,2,1,1995,0,0,0,0,0,0,0,0,0,0
220745,3,1,1995,0,0,0,0,0,0,0,0,0,0
220745,4,1,1995,0,0,0,0,0,0,0,0,0,0
220745,5,1,1995,0,0,0,0,0,0,0,0,0,0
220745,6,1,1995,0,0,0,0,0,0,0,0,0,0
220746,0,1,1995,31,31,31,31,31,31,31,31,31,31
220746,1,1,1995,0,0,0,0,0,0,0,0,0,0
220747,0,1,1995,17,17,17,17,17,17,17,17,17,17
220747,1,1,1995,17,17,17,17,17,17,17,17,17,17
220748,1,1,1995,0,0,0,0,0,0,0,0,0,0
220748,2,1,1995,16,16,16,16,16,16,16,16,16,16
220749,1,1,1995,0,0,0,0,0,0,9,19,0,17
220750,1,1,1995,0,30,18,0,0,18,28,26,25,0
220751,1,1,1995,9,17,18,0,0,0,0,0,20,16
220752,1,1,1995,0,0,0,0,0,0,0,0,0,3
220752,2,1,1995,0,0,0,0,0,0,0,0,0,0
220753,0,1,1995,0,0,0,0,0,0,0,0,0,0
220753,1,1,1995,0,0,0,0,0,0,0,0,0,0
220754,1,1,1995,0,0,0,0,0,0,0,0,0,0
220755,1,1,1995,13,13,13,13,13,13,13,13,13,13
220756,0,1,1995,0,0,0,0,0,0,0,0,0,0
220756,1,1,1995,0,0,0,0,0,0,0,0,0,0
220757,0,1,1995,0,0,0,0,0,0,0,0,0,0
220757,1,1,1995,13,13,13,13,13,13,13,13,13,13
220758,0,1,1995,36,36,36,36,36,36,36,36,36,36
220758,1,1,1995,0,0,0,0,0,0,17,0,23,0
220759,1,1,1995,0,0,0,0,0,0,0,0,0,0
220759,2,1,1995,0,0,0,0,0,0,0,0,0,0
220760,1,1,1995,10,10,10,10,10,10,10,10,10,10
220761,1,1,1995,0,0,0,0,0,0,0,0,0,0
220761,2,1,1995,0,0,0,0,0,0,0,0,0,0
220762,0,1,1995,0,0,0,0,0,0,0,0,16,0
220762,1,1,1995,0,0,0,0,0,0,0,0,0,0
220763,0,1,1995,4,0,0,0,0,0,0,34,13,0
220763,1,1,1995,2,2,2,2,2,2,2,2,2,2
220764,0,1,1995,0,0,16,0,25,0,17,0,19,0
220764,1,1,1995,0,0,0,0,0,0,0,0,0,0
220765,0,1,1995,0,0,0,0,0,0,0,14,0,0
220765,1,1,1995,16,16,16,16,16,16,16,16,16,16
220766,0,1,1995,0,0,0,0,0,0,0,0,0,0
220766,1,1,1995,14,14,14,14,14,14,14,14,14,14
220767,1,1,1995,0,0,0,0,0,0,0,0,0,0
220768,0,1,1995,0,0,0,0,0,0,0,0,0,0
220768,1,1,1995,0,0,0,0,0,0,0,0,0,0
220769,1,1,1995,15,15,15,15,15,15,15,15,15,15
220770,1,1,1995,7,7,7,7,7,7,7,7,7,7
220771,1,1,1995,5,5,5,5,5,5,5,5,5,5
220772,1,1,1995,0,0,0,0,0,0,0,0,0,0
220773,1,1,1995,23,23,23,23,23,23,23,23,23,23
220774,1,1,1995,0,0,0,0,0,0,0,0,0,0
220774,2,1,1995,0,0,0,0,0,0,0,0,0,0
220775,1,1,1995,0,0,0,0,0,0,0,0,0,0
220775,2,1,1995,0,0,0,0,0,0,0,0,0,0
220776,0,1,1995,11,30,13,16,28,0,24,0,29,18
220776,1,1,1995,17,17,17,17,17,17,17,17,17,17
220777,0,1,1995,20,20,20,20,20,20,20,20,20,20
220777,1,1,1995,12,12,12,12,12,12,12,12,12,12
220778,1,1,1995,19,19,19,19,19,19,19,19,19,19
220778,2,1,1995,22,0,0,6,0,20,0,0,0,13
220779,1,1,1995,17,17,17,17,17,17,17,17,17,17
220779,2,1,1995,0,0,0,0,0,0,0,0,0,0
220779,3,1,1995,0,0,0,0,0,0,0,0,0,0
220780,1,1,1995,25,25,25,25,25,25,25,25,25,25
220781,1,1,1995,0,0,0,0,0,0,0,0,0,0
220781,2,1,1995,0,0,0,0,0,10,0,0,0,0
220782,1,1,1995,0,0,0,0,0,0,0,0,0,0
220782,2,1,1995,0,0,11,0,7,0,21,0,35,0
220783,1,1,1995,36,36,36,36,36,36,36,36,36,36
220784,1,1,1995,0,0,0,0,0,0,0,0,0,0
220784,2,1,1995,1,1,1,1,1,1,1,1,1,1
220785,1,1,1995,33,30,27,20,12,25,5,28,9,19
220786,1,1,1995,0,0,0,0,0,5,0,0,0,0
220786,2,1,1995,0,0,0,0,0,0,0,0,0,0
220787,1,1,1995,16,16,16,16,16,16,16,16,16,16
220788,1,1,1995,0,0,0,0,0,0,0,0,0,0
220789,1,1,1995,0,0,0,19,0,29,0,0,0,0
220790,1,1,1995,0,0,0,0,0,0,0,0,0,0
220791,0,1,1995,9,9,9,9,9,9,9,9,9,9
220791,1,1,1995,0,0,0,18,0,0,0,21,0,0
220792,1,1,1995,0,0,0,17,0,0,6,16,40,0
220793,1,1,1995,19,19,0,15,17,0,0,94,0,0
220794,1,1,1995,0,0,0,0,0,0,0,0,0,0
220795,0,1,1995,0,0,0,0,0,0,0,0,0,0
220795,1,1,1995,0,0,0,0,0,0,0,0,0,0
220796,0,1,1995,0,0,0,3,0,0,12,0,0,0
220796,1,1,1995,0,0,0,0,0,0,0,0,0,24
230001,1,1,1995,0,0,0,0,0,0,0,0,0,0
230002,1,1,1995,0,0,0,0,0,0,0,0,0,0
230002,2,1,1995,0,0,0,0,0,0,0,0,0,0
230003,1,1,1995,18,18,18,18,18,18,18,18,18,18
230003,2,1,1995,0,0,0,0,0,0,0,0,0,0
230003,3,1,1995,0,0,0,0,0,0,0,0,0,0
230003,4,1,1995,0,0,0,0,0,0,0,0,0,0
230004,1,1,1995,0,0,0,0,0,0,0,0,0,0
230004,2,1,1995,0,0,0,0,0,0,0,0,0,0
230005,0,1,1995,0,0,0,0,0,0,0,0,0,0
230005,1,1,1995,0,0,0,0,0,0,0,0,0,0
230006,1,1,1995,0,0,0,0,0,0,0,0,0,0
230006,2,1,1995,0,0,0,0,0,0,0,0,0,0
230007,1,1,1995,0,0,0,0,0,0,0,0,0,0
230007,2,1,1995,0,0,0,0,0,0,0,0,0,0
230008,1,1,1995,0,0,0,0,0,0,0,0,0,0
230008,2,1,1995,0,0,0,0,0,0,0,0,0,0
230009,1,1,1995,0,0,0,0,0,0,0,0,0,0
230009,2,1,1995,0,0,0,0,0,0,0,0,0,0
230010,1,1,1995,0,0,0,0,0,0,0,0,0,0
230011,1,1,1995,16,16,16,16,16,16,16,16,16,16
230012,1,1,1995,0,0,0,0,0,0,0,0,0,0
230012,2,1,1995,0,0,0,0,0,0,0,0,0,0
230013,1,1,1995,0,0,0,0,0,0,0,0,0,0
230013,2,1,1995,0,0,0,0,0,0,0,0,0,0
230014,1,1,1995,15,15,15,15,15,15,15,15,15,15
230015,1,1,1995,0,0,0,0,0,0,0,0,0,0
230015,2,1,1995,21,21,21,21,21,21,21,21,21,21
230016,1,1,1995,0,0,0,0,0,0,0,0,0,0
230016,2,1,1995,0,0,0,0,0,0,0,0,0,0
230017,1,1,1995,0,0,0,0,0,0,0,0,0,0
230017,2,1,1995,0,0,0,0,0,0,0,0,0,0
230017,3,1,1995,0,0,0,0,0,0,0,0,0,0
230017,4,1,1995,0,0,0,0,0,0,0,0,0,0
230018,1,1,1995,15,15,15,15,15,15,15,15,15,15
230019,1,1,1995,31,31,31,31,31,31,31,31,31,31
230020,0,1,1995,0,0,0,0,0,0,0,0,0,0
230020,1,1,1995,0,0,0,0,0,0,0,0,0,0
230021,1,1,1995,0,0,0,0,0,0,0,0,0,0
230021,2,1,1995,0,0,0,0,0,0,0,0,0,0
230022,1,1,1995,25,25,25,25,25,25,25,25,25,25
230023,1,1,1995,0,0,0,0,0,0,0,0,0,0
230024,1,1,1995,15,9,0,0,19,0,0,0,0,0
230025,0,1,1995,0,0,0,0,0,0,0,0,0,0
230025,1,1,1995,0,0,0,0,0,0,0,0,0,0
230026,1,1,1995,0,0,0,0,0,0,0,0,0,0
230027,1,1,1995,0,0,0,0,0,0,0,0,0,0
230028,1,1,1995,24,24,24,24,24,24,24,24,24,24
230029,1,1,1995,10,10,10,10,10,10,10,10,10,10
230030,1,1,1995,0,0,0,0,0,0,0,0,0,0
230030,2,1,1995,0,0,0,0,0,0,0,0,0,0
230031,1,1,1995,0,0,0,0,0,0,0,0,0,0
230032,1,1,1995,0,0,0,0,0,0,0,0,0,0
230032,2,1,1995,0,0,0,0,0,0,0,0,0,0
230033,1,1,1995,0,0,0,0,0,0,0,0,0,0
230033,2,1,1995,0,0,0,0,0,0,0,0,0,0
230033,3,1,1995,0,0,0,0,0,0,0,0,0,0
230033,4,1,1995,0,0,0,0,0,0,0,0,0,0
230034,1,1,1995,0,0,0,0,0,0,0,0,0,0
230034,2,1,1995,0,0,0,0,0,0,0,0,0,0
230035,1,1,1995,0,0,0,0,0,0,0,0,0,0
230035,2,1,1995,0,0,0,0,0,0,0,0,0,0
230036,1,1,1995,14,14,14,14,14,14,14,14,14,14
230037,1,1,1995,0,0,0,0,0,0,0,0,0,0
230038,1,1,1995,13,13,13,13,13,13,13,13,13,13
230039,1,1,1995,11,11,11,11,11,11,11,11,11,11
230040,1,1,1995,0,0,0,0,0,0,0,0,0,0
230040,2,1,1995,0,0,0,0,0,0,0,0,0,0
230041,1,1,1995,21,21,21,21,21,21,21,21,21,21
230042,1,1,1995,23,23,23,23,23,23,23,23,23,23
230043,1,1,1995,0,0,0,0,0,0,0,0,0,0
230043,2,1,1995,0,0,0,0,0,0,0,0,0,0
230044,1,1,1995,0,0,0,0,0,0,0,0,0,0
230045,1,1,1995,17,17,17,17,17,17,17,17,17,17
230046,1,1,1995,20,20,20,20,20,20,20,20,20,20
230047,1,1,1995,0,0,0,0,0,0,0,0,0,0
230048,1,1,1995,0,0,0,0,0,0,0,0,0,0
230048,2,1,1995,0,0,0,0,0,0,0,0,0,0
230049,1,1,1995,20,20,20,20,20,20,20,20,20,20
230049,2,1,1995,0,0,0,0,0,0,0,0,0,0
230050,1,1,1995,0,0,0,0,0,0,0,0,0,0
230050,2,1,1995,0,0,0,0,0,0,0,0,0,0
230051,0,1,1995,0,0,0,28,0,0,0,0,0,0
230051,1,1,1995,0,0,0,18,6,19,0,0,0,0
230052,1,1,1995,0,0,0,0,0,0,0,0,0,0
230052,2,1,1995,0,0,0,0,0,0,0,0,0,0
230053,1,1,1995,0,0,0,0,0,0,0,0,0,0
230054,1,1,1995,0,0,0,0,0,0,0,0,0,0
230055,1,1,1995,7,7,7,7,7,7,7,7,7,7
230056,1,1,1995,20,20,20,20,20,20,20,20,20,20
230057,1,1,1995,0,0,0,0,0,0,0,0,0,0
230057,2,1,1995,0,0,0,0,0,0,0,0,0,0
230058,1,1,1995,0,0,0,0,0,0,0,0,0,0
230059,1,1,1995,0,0,0,0,0,0,0,0,0,0
230059,2,1,1995,0,0,0,0,0,0,0,0,0,0
230060,1,1,1995,0,0,0,0,0,0,0,0,0,0
230060,2,1,1995,0,0,0,0,0,0,0,0,0,0
230061,0,1,1995,0,0,0,0,0,0,0,0,0,0
230061,1,1,1995,0,0,0,0,0,0,0,0,0,0
230062,1,1,1995,0,0,0,0,0,0,0,0,0,0
230063,1,1,1995,0,0,0,0,0,0,0,0,0,0
230064,1,1,1995,0,0,0,0,0,0,0,0,0,0
230064,2,1,1995,0,0,0,0,0,0,0,0,0,0
230065,1,1,1995,0,0,0,0,0,0,0,0,0,0
230065,2,1,1995,0,0,0,0,0,0,0,0,0,0
230065,3,1,1995,0,0,0,0,0,0,0,0,0,0
230066,1,1,1995,0,0,0,0,0,0,0,0,0,0
230066,2,1,1995,0,0,0,0,0,0,0,0,0,0
230067,1,1,1995,7,7,7,7,7,7,7,7,7,7
230067,2,1,1995,0,0,0,0,0,0,0,0,0,0
230068,1,1,1995,0,0,0,0,0,0,0,0,0,0
230068,2,1,1995,0,0,0,0,0,0,0,0,0,0
230068,3,1,1995,0,0,0,0,0,0,0,0,0,0
230069,1,1,1995,17,17,17,17,17,17,17,17,17,17
230070,1,1,1995,0,0,0,0,0,0,0,0,0,0
230071,1,1,1995,0,0,0,0,0,0,0,0,0,0
230071,2,1,1995,0,0,0,0,0,0,0,0,0,0
230072,1,1,1995,0,0,0,0,0,0,0,0,0,0
230072,2,1,1995,0,0,0,0,0,0,0,0,0,0
230073,1,1,1995,22,22,22,22,22,22,22,22,22,22