ST_CASE,VEH_NO,PER_NO,YEAR,P1,P2,P3,P4,P5,P6,P7,P8,P9,P10
230074,1,1,1995,0,0,0,0,0,0,0,0,0,0
230074,2,1,1995,0,0,0,0,0,0,0,0,0,0
230075,1,1,1995,0,0,0,0,0,0,0,0,0,0
230075,2,1,1995,0,0,0,0,0,0,0,0,0,0
230076,1,1,1995,15,15,15,15,15,15,15,15,15,15
230077,1,1,1995,0,0,0,0,0,0,0,0,0,0
230078,1,1,1995,0,0,0,0,0,0,0,0,0,0
230078,2,1,1995,0,0,0,0,0,0,0,0,0,0
230078,3,1,1995,0,0,0,0,0,0,0,0,0,0
230079,1,1,1995,0,0,0,0,0,0,0,0,0,0
230080,1,1,1995,13,13,13,13,13,13,13,13,13,13
230081,1,1,1995,26,26,26,26,26,26,26,26,26,26
230082,1,1,1995,0,0,0,0,0,0,0,0,0,0
230083,1,1,1995,14,14,14,14,14,14,14,14,14,14
230084,1,1,1995,0,0,0,0,0,0,0,0,0,0
230085,1,1,1995,0,0,0,0,0,0,0,0,0,0
230086,1,1,1995,0,0,0,0,0,0,0,0,0,0
230087,1,1,1995,0,0,0,0,0,0,0,0,0,0
230088,1,1,1995,19,19,19,19,19,19,19,19,19,19
230089,1,1,1995,8,8,8,8,8,8,8,8,8,8
230090,1,1,1995,5,5,5,5,5,5,5,5,5,5
230091,1,1,1995,0,0,0,0,0,0,0,0,0,0
230092,1,1,1995,13,13,13,13,13,13,13,13,13,13
230093,1,1,1995,0,0,0,0,0,0,0,0,0,0
230094,1,1,1995,0,0,0,0,0,0,0,0,0,0
230095,1,1,1995,0,0,0,0,0,0,0,0,0,0
230096,1,1,1995,0,0,0,0,0,0,0,0,0,0
230097,1,1,1995,22,22,22,22,22,22,22,22,22,22
230098,1,1,1995,0,0,0,0,0,0,0,0,0,0
230099,1,1,1995,17,17,17,17,17,17,17,17,17,17
230100,1,1,1995,0,0,0,0,0,0,0,0,0,0
230100,2,1,1995,0,0,0,0,0,0,0,0,0,0
230101,1,1,1995,0,0,0,0,0,0,0,0,0,0
230102,1,1,1995,0,0,0,0,0,0,0,0,0,0
230103,1,1,1995,0,0,0,0,0,0,0,0,0,0
230104,1,1,1995,0,0,0,0,0,0,0,0,0,0
230105,1,1,1995,0,0,0,0,0,0,0,0,0,0
230106,1,1,1995,13,13,13,13,13,13,13,13,13,13
230107,1,1,1995,0,0,0,0,0,0,0,0,0,0
230108,1,1,1995,17,17,17,17,17,17,17,17,17,17
230109,1,1,1995,0,0,0,0,0,0,0,0,0,0
230110,1,1,1995,20,20,20,20,20,20,20,20,20,20
230111,1,1,1995,0,0,0,0,0,0,0,0,0,0
230112,1,1,1995,23,23,23,23,23,23,23,23,23,23
230113,1,1,1995,13,13,13,13,13,13,13,13,13,13
230114,1,1,1995,20,20,20,20,20,20,20,20,20,20
230115,1,1,1995,0,0,0,0,0,0,0,0,0,0
230116,1,1,1995,12,12,12,12,12,12,12,12,12,12
230117,1,1,1995,0,0,0,0,0,0,0,0,0,0
230117,2,1,1995,0,0,0,0,0,0,0,0,0,0
230118,0,1,1995,1,1,1,1,1,1,1,1,1,1
230118,1,1,1995,7,0,0,0,0,0,0,0,0,0
230119,1,1,1995,0,0,0,0,0,0,0,0,0,0
230119,2,1,1995,0,0,0,0,0,0,0,0,0,0
230120,0,1,1995,0,0,0,0,0,0,0,0,0,0
230120,1,1,1995,0,0,0,0,0,0,0,0,0,0
230121,0,1,1995,0,0,0,0,0,0,0,0,0,0
230121,1,1,1995,0,0,0,0,0,0,0,0,0,0
230122,0,1,1995,0,0,0,0,0,0,0,0,0,0
230122,1,1,1995,0,0,0,0,0,0,0,0,0,0
230123,1,1,1995,0,0,0,0,0,0,0,0,0,0
230123,2,1,1995,0,0,0,0,0,0,0,0,0,0
230124,1,1,1995,0,0,0,0,0,0,0,0,0,0
230124,2,1,1995,0,0,0,0,0,0,0,0,0,0
230125,1,1,1995,29,29,29,29,29,29,29,29,29,29
230126,1,1,1995,0,0,0,0,0,0,0,0,0,0
230126,2,1,1995,0,0,0,0,0,0,0,0,0,0
230127,0,1,1995,0,0,0,0,0,0,0,0,0,0
230127,1,1,1995,23,18,10,17,21,18,9,22,11,22
230128,1,1,1995,0,0,0,0,0,0,0,0,0,0
230129,1,1,1995,0,0,0,0,0,0,0,0,0,0
230129,2,1,1995,11,11,11,11,11,11,11,11,11,11
230130,1,1,1995,0,0,0,0,0,0,0,0,0,0
230130,2,1,1995,6,27,0,0,0,0,0,0,0,0
230131,0,1,1995,0,0,0,0,0,0,0,0,0,0
230131,1,1,1995,35,24,18,8,9,16,16,26,8,13
230132,1,1,1995,0,0,0,0,0,0,0,0,0,0
230132,2,1,1995,0,0,0,0,0,0,0,0,0,0
230133,1,1,1995,0,0,0,0,0,0,0,0,0,0
230134,0,1,1995,0,0,0,0,0,0,0,0,0,0
230134,0,2,1995,0,0,0,0,0,0,0,0,0,0
230134,1,1,1995,15,15,15,15,15,15,15,15,15,15
230135,1,1,1995,17,17,17,17,17,17,17,17,17,17
230135,2,1,1995,0,0,0,0,0,0,0,0,0,0
230136,1,1,1995,0,0,18,0,0,13,0,0,0,20
230136,2,1,1995,0,0,0,0,0,0,0,0,0,0
230137,1,1,1995,0,0,0,0,0,0,0,0,0,0
230137,2,1,1995,0,0,0,0,0,0,0,0,0,0
230138,0,1,1995,13,13,13,13,13,13,13,13,13,13
230138,1,1,1995,0,0,0,0,0,0,0,0,0,0
230139,1,1,1995,0,0,0,0,0,0,0,0,0,0
230139,2,1,1995,0,0,0,0,0,0,0,0,0,0
230140,1,1,1995,0,0,0,0,0,0,0,0,0,0
230140,2,1,1995,0,0,0,0,0,0,0,0,0,0
230141,1,1,1995,0,0,0,0,0,0,0,0,0,0
230141,2,1,1995,0,0,0,0,0,0,0,0,0,0
230142,1,1,1995,0,0,0,0,0,0,0,0,0,0
230142,2,1,1995,6,0,0,18,0,0,0,0,0,0
230143,1,1,1995,0,0,0,0,0,0,0,0,0,0
230143,2,1,1995,0,0,0,0,0,0,0,0,0,0
230144,1,1,1995,0,0,0,0,0,0,0,0,0,0
230144,2,1,1995,0,0,0,0,0,0,0,0,0,0
230145,1,1,1995,19,19,19,19,19,19,19,19,19,19
230145,2,1,1995,0,0,0,0,0,0,0,0,0,0
230146,1,1,1995,0,0,0,0,0,0,0,0,0,0
230146,2,1,1995,0,0,0,0,0,0,0,0,0,0
230147,1,1,1995,0,0,0,0,0,0,0,0,0,0
230147,2,1,1995,0,0,0,0,0,0,0,0,0,0
230148,1,1,1995,0,0,0,0,0,0,0,0,0,0
230149,1,1,1995,0,0,0,0,0,0,0,0,0,0
230149,2,1,1995,0,0,0,0,0,0,0,0,0,0
230150,0,1,1995,0,0,0,0,0,0,0,0,0,0
230150,1,1,1995,3,3,3,3,3,3,3,3,3,3
230151,1,1,1995,0,0,0,0,0,0,0,0,0,0
230151,2,1,1995,0,0,0,0,0,0,0,0,0,0
230151,3,1,1995,0,0,0,0,0,0,0,0,0,0
230152,1,1,1995,16,16,16,16,16,16,16,16,16,16
230152,2,1,1995,0,0,0,0,0,0,0,0,0,0
230153,1,1,1995,26,26,26,26,26,26,26,26,26,26
230154,1,1,1995,0,0,0,0,0,0,0,0,0,0
230154,2,1,1995,0,0,0,0,0,0,0,0,0,0
230155,1,1,1995,0,0,0,0,0,0,0,0,0,0
230155,2,1,1995,0,0,0,0,0,0,0,0,0,0
230156,1,1,1995,0,0,0,0,0,0,0,0,0,0
230156,2,1,1995,0,0,0,0,0,0,0,0,0,0
230157,1,1,1995,0,0,0,0,0,0,0,0,0,0
230157,2,1,1995,0,0,0,0,0,0,0,0,0,0
230158,1,1,1995,21,6,9,24,0,13,14,30,14,19
230159,1,1,1995,0,0,0,0,0,0,0,0,0,0
230159,2,1,1995,0,0,0,0,0,0,0,0,0,0
230159,3,1,1995,0,0,0,0,0,0,0,0,0,0
230160,1,1,1995,0,0,0,0,0,0,0,0,0,0
230160,2,1,1995,0,0,0,0,0,0,0,0,0,0
230161,1,1,1995,9,9,9,9,9,9,9,9,9,9
230162,1,1,1995,0,0,0,0,0,0,0,0,0,0
230162,2,1,1995,0,0,0,0,0,0,0,0,0,0
230162,3,1,1995,0,0,0,0,0,0,0,0,0,0
230163,1,1,1995,0,0,0,0,0,0,0,0,0,0
230164,1,1,1995,0,0,0,0,0,0,0,0,0,0
230164,2,1,1995,0,0,0,0,0,0,0,0,0,0
230165,1,1,1995,0,0,0,0,0,0,0,0,0,0
230165,2,1,1995,0,0,0,0,0,0,0,0,0,0
230166,1,1,1995,0,0,0,0,0,0,0,0,0,0
230166,2,1,1995,0,0,0,0,0,0,0,0,0,0
230167,1,1,1995,0,0,0,0,0,0,0,0,0,0
230167,2,1,1995,0,0,0,0,0,0,0,0,0,0
230168,1,1,1995,0,0,0,0,0,0,0,0,0,0
230168,2,1,1995,0,0,0,0,0,0,0,0,0,0
230169,1,1,1995,0,0,0,0,0,0,0,0,0,0
230169,2,1,1995,0,0,0,10,0,0,0,24,0,26
230170,1,1,1995,0,0,0,0,0,0,0,0,0,0
230170,2,1,1995,0,0,0,0,0,0,0,0,0,0
230170,3,1,1995,0,0,0,0,0,0,0,0,0,0
230170,4,1,1995,0,0,0,0,0,0,0,0,0,0
240001,0,1,1995,6,6,6,6,6,6,6,6,6,6
240001,1,1,1995,7,7,7,7,7,7,7,7,7,7
240001,2,1,1995,0,35,0,17,0,29,26,26,0,11
240002,1,1,1995,20,20,20,20,20,20,20,20,20,20
240003,1,1,1995,0,0,0,0,0,0,0,0,4,0
240003,2,1,1995,0,0,0,0,0,0,0,0,0,0
240004,1,1,1995,0,0,0,13,0,13,0,0,0,0
240004,2,1,1995,0,0,0,0,0,0,0,0,0,0
240005,1,1,1995,25,25,25,25,25,25,25,25,25,25
240005,2,1,1995,0,0,0,0,0,0,0,0,0,0
240006,1,1,1995,0,0,0,0,0,0,0,0,0,0
240006,2,1,1995,0,0,0,13,0,0,0,0,0,0
240007,0,1,1995,0,0,0,0,0,0,0,0,0,0
240007,1,1,1995,0,0,0,0,0,0,0,0,0,0
240008,1,1,1995,0,0,0,0,0,0,0,0,0,0
240008,2,1,1995,0,0,0,0,0,0,0,0,0,0
240009,1,1,1995,0,0,0,0,0,0,0,0,0,0
240009,2,1,1995,0,0,0,0,0,0,0,0,0,0
240010,1,1,1995,0,0,0,0,0,0,0,0,0,0
240011,0,1,1995,0,0,0,0,0,0,0,0,0,0
240011,1,1,1995,0,22,0,0,0,0,0,0,0,0
240011,2,1,1995,0,0,0,0,0,0,0,0,0,0
240011,3,1,1995,0,0,0,0,0,0,0,0,0,0
240012,1,1,1995,12,12,12,12,12,12,12,12,12,12
240013,1,1,1995,6,6,6,6,6,6,6,6,6,6
240013,2,1,1995,12,14,0,0,4,0,15,19,7,0
240014,1,1,1995,22,22,22,22,22,22,22,22,22,22
240015,1,1,1995,11,11,11,11,11,11,11,11,11,11
240015,2,1,1995,0,0,0,0,0,0,0,0,0,0
240016,0,1,1995,44,44,44,44,44,44,44,44,44,44
240016,0,2,1995,33,35,52,29,0,16,24,12,26,0
240016,1,3,1995,0,0,0,0,0,0,0,0,0,0
240016,2,1,1995,0,0,0,0,0,0,0,0,0,0
240017,1,1,1995,0,0,0,0,0,0,0,0,0,0
240017,2,1,1995,0,0,0,0,0,0,0,0,0,0
240017,3,1,1995,0,0,0,0,0,0,0,0,0,0
240018,0,1,1995,0,0,0,0,0,0,0,0,0,0
240018,1,1,1995,0,0,0,0,0,0,11,0,0,0
240019,1,1,1995,0,0,0,0,0,0,0,0,0,0
240019,2,1,1995,0,0,0,0,0,0,0,0,0,0
240020,0,1,1995,25,25,25,25,25,25,25,25,25,25
240020,1,1,1995,0,0,0,0,0,0,0,0,0,7
240021,1,1,1995,0,0,0,0,0,0,0,0,0,14
240021,2,1,1995,0,0,0,0,0,13,0,0,0,0
240022,0,1,1995,0,0,0,0,0,0,0,0,0,15
240022,1,1,1995,0,0,0,0,0,0,0,0,0,0
240023,1,1,1995,11,11,11,11,11,11,11,11,11,11
240024,1,1,1995,6,6,6,6,6,6,6,6,6,6
240025,1,1,1995,6,0,28,15,18,10,13,23,8,13
240025,2,1,1995,6,6,6,6,6,6,6,6,6,6
240026,1,1,1995,0,0,0,0,0,0,0,0,0,0
240026,2,1,1995,0,0,0,0,0,0,0,0,0,0
240027,1,1,1995,0,0,0,0,0,0,0,0,0,0
240028,0,1,1995,0,0,0,0,0,0,0,0,0,0
240028,1,1,1995,0,0,0,0,0,0,0,0,0,0
240029,0,1,1995,0,0,0,0,0,0,0,0,0,0
240029,1,1,1995,0,0,0,0,0,0,0,0,0,0
240030,0,1,1995,0,0,0,0,0,0,0,0,0,0
240030,1,1,1995,0,0,0,0,0,20,0,15,0,3
240031,1,1,1995,0,0,0,0,0,0,0,0,0,0
240031,2,1,1995,0,0,0,0,0,0,0,0,0,0
240032,0,1,1995,0,0,0,0,0,0,0,0,0,0
240032,1,1,1995,0,0,0,0,0,0,0,0,0,0
240033,1,1,1995,25,25,25,25,25,25,25,25,25,25
240034,1,1,1995,0,0,0,0,0,0,0,0,0,0
240034,2,1,1995,28,16,12,18,13,27,36,18,14,25
240035,1,1,1995,0,0,0,0,0,0,0,0,0,0
240035,2,1,1995,0,0,0,0,0,0,0,0,0,0
240036,1,1,1995,0,0,0,0,0,0,0,0,0,0
240037,0,1,1995,22,22,22,22,22,22,22,22,22,22
240037,1,1,1995,0,0,0,0,0,0,0,0,0,0
240038,1,1,1995,0,0,0,0,0,0,0,0,0,0
240038,2,1,1995,0,0,0,0,0,0,0,0,0,0
240039,1,1,1995,0,0,0,0,0,0,0,0,0,0
240039,2,1,1995,11,0,0,0,0,12,0,0,0,0
240040,1,1,1995,0,0,0,0,0,0,0,0,0,0
240040,2,1,1995,24,24,24,24,24,24,24,24,24,24
240041,0,1,1995,0,0,0,0,0,0,0,0,0,0
240041,1,1,1995,0,0,0,0,0,0,0,0,0,0
240042,1,1,1995,10,0,0,21,23,10,22,26,0,15
240043,1,1,1995,0,0,0,0,0,0,0,0,0,0
240044,1,1,1995,0,0,0,0,0,0,0,0,0,0
240045,1,1,1995,0,0,0,0,0,0,0,0,0,0
240045,2,1,1995,0,0,0,0,0,0,0,0,0,0
240046,1,1,1995,17,6,24,14,39,32,22,27,15,19
240047,1,1,1995,0,0,0,0,0,0,0,0,0,8
240047,2,1,1995,0,0,0,0,0,0,0,0,0,0
240048,1,1,1995,0,0,0,0,0,0,0,0,0,0
240049,1,1,1995,4,18,17,11,7,12,22,16,6,16
240050,1,1,1995,0,0,0,0,0,0,0,0,0,0
240050,2,1,1995,0,0,0,0,0,0,0,0,0,0
240051,1,1,1995,17,28,15,27,18,22,14,37,28,26
240051,2,1,1995,0,0,0,0,19,0,0,0,0,0
240051,3,1,1995,0,0,0,0,0,0,0,0,0,0
240052,1,1,1995,15,15,15,15,15,15,15,15,15,15
240052,2,1,1995,0,0,0,0,0,0,0,0,0,0
240053,0,1,1995,20,0,0,0,0,0,0,0,0,0
240053,1,1,1995,0,0,0,0,0,0,0,0,0,0
240053,2,1,1995,0,0,0,0,0,0,0,0,0,0
240054,1,1,1995,0,0,0,0,0,0,0,0,0,0
240055,1,1,1995,17,17,17,32,7,18,14,11,0,16
240055,2,1,1995,0,0,0,25,0,0,0,0,0,0
240056,1,1,1995,0,0,0,0,0,0,0,0,0,0
240056,2,1,1995,0,0,0,0,0,0,0,0,0,0
240057,1,1,1995,0,0,0,0,0,0,0,0,0,0
240057,2,1,1995,0,0,0,0,0,0,0,0,0,0
240057,3,1,1995,0,0,0,0,0,0,0,0,0,0
240058,1,1,1995,0,0,0,0,0,0,0,0,0,0
240058,2,1,1995,0,0,0,0,0,0,0,0,0,0
240059,0,1,1995,0,0,0,0,0,8,0,0,0,13
240059,1,1,1995,0,0,0,0,0,0,0,0,0,0
240060,0,1,1995,31,31,31,31,31,31,31,31,31,31
240060,1,1,1995,0,0,0,0,0,0,0,0,23,0
240061,1,1,1995,0,0,0,0,0,0,0,0,0,0
240062,0,1,1995,28,0,0,0,0,0,0,17,0,12
240062,1,1,1995,0,0,4,0,0,0,0,0,0,0
240063,1,1,1995,20,11,15,5,16,13,6,14,10,12
240063,2,1,1995,0,0,0,0,0,0,0,0,0,0
240064,1,1,1995,0,0,0,0,0,0,0,0,0,0
240064,2,1,1995,0,0,0,0,0,0,0,0,0,0
240065,1,1,1995,0,0,0,0,5,0,0,0,0,0
240066,1,1,1995,17,17,17,17,17,17,17,17,17,17
240066,2,2,1995,0,0,0,0,0,0,0,0,0,0
240067,1,1,1995,3,3,3,3,3,3,3,3,3,3
240067,2,1,1995,0,0,0,0,0,0,0,0,0,0
240068,1,1,1995,0,0,0,0,0,0,0,0,0,0
240068,2,1,1995,0,0,0,0,0,0,0,0,0,0
240068,3,1,1995,0,0,0,0,0,0,0,0,0,0
240069,1,1,1995,0,0,0,0,0,0,6,0,0,0
240069,2,1,1995,0,0,0,0,0,0,0,0,0,0
240070,1,1,1995,27,11,7,10,24,30,9,4,9,25
240071,0,1,1995,0,0,0,0,0,0,0,0,0,0
240071,1,1,1995,0,0,0,0,0,0,19,0,0,0
240072,1,1,1995,0,0,0,0,0,0,0,0,0,0
240072,2,1,1995,0,0,0,0,0,0,0,0,0,0
240073,1,1,1995,16,16,16,16,16,16,16,16,16,16
240073,2,1,1995,0,0,0,0,23,0,0,0,0,0
240074,1,1,1995,0,0,0,0,0,0,0,0,0,0
240074,2,1,1995,0,0,0,0,0,0,0,0,0,4
240075,1,1,1995,12,12,12,12,12,12,12,12,12,12
240076,1,1,1995,0,0,0,0,0,0,0,0,0,0
240077,1,1,1995,16,16,16,16,16,16,16,16,16,16
240078,1,1,1995,0,0,0,0,0,0,0,0,0,0
240078,2,1,1995,0,0,0,0,0,0,0,0,0,0
240079,1,1,1995,8,11,18,0,9,12,16,14,22,17
240079,2,1,1995,9,9,9,9,9,9,9,9,9,9
240080,1,1,1995,16,18,11,9,10,15,18,12,6,10
240081,1,1,1995,4,4,4,4,4,4,4,4,4,4
240082,1,1,1995,0,0,0,0,0,0,0,0,0,0
240082,2,1,1995,1,1,1,1,1,1,1,1,1,1
240083,1,1,1995,0,21,0,0,15,0,0,0,0,0
240084,1,1,1995,18,26,17,0,0,16,20,32,0,0
240085,1,1,1995,19,19,19,19,19,19,19,19,19,19
240085,2,1,1995,3,11,14,26,13,6,20,12,20,13
240086,1,1,1995,0,0,0,0,0,0,0,0,0,0
240086,2,1,1995,0,0,0,0,0,0,0,0,0,0
240087,1,1,1995,0,0,0,0,0,0,0,0,0,0
240087,2,1,1995,0,0,0,0,0,0,0,0,0,0
240087,3,1,1995,0,0,0,0,0,0,0,17,0,0
240088,1,1,1995,0,0,0,0,0,0,0,0,0,0
240089,1,1,1995,0,0,0,0,0,0,0,0,0,0
240089,2,1,1995,0,0,0,0,0,0,0,0,0,0
240090,0,1,1995,21,21,21,21,21,21,21,21,21,21
240090,1,1,1995,0,0,0,0,0,0,0,0,0,0
240091,0,1,1995,20,0,16,21,38,15,0,22,17,19
240091,1,1,1995,13,13,15,22,12,5,21,11,23,14
240092,0,1,1995,19,19,19,19,19,19,19,19,19,19
240092,1,1,1995,0,0,0,0,0,0,0,0,0,0
240093,0,1,1995,0,0,0,0,0,0,0,0,0,0
240093,1,1,1995,0,0,0,0,0,0,0,0,0,0
240094,0,1,1995,0,0,0,0,0,0,0,0,0,0
240094,1,1,1995,0,0,0,0,0,0,0,0,0,0
240095,1,1,1995,0,0,0,0,0,0,0,0,0,0
240095,2,1,1995,0,0,6,0,0,0,0,0,0,0
240096,1,1,1995,0,0,0,0,0,0,0,0,0,0
240096,2,1,1995,0,0,0,0,0,0,0,0,0,0
240097,1,1,1995,0,0,0,0,0,0,0,0,0,0
240097,2,1,1995,0,0,0,0,0,0,0,0,0,0
240098,1,1,1995,24,24,24,24,24,24,24,24,24,24
240100,1,1,1995,34,34,34,34,34,34,34,34,34,34
240101,1,1,1995,7,7,7,7,7,7,7,7,7,7
240102,1,1,1995,0,0,0,0,0,0,0,0,0,0
240102,2,1,1995,0,0,0,0,0,0,0,0,0,0
240103,1,1,1995,10,11,14,26,18,14,9,23,25,9
240104,0,1,1995,0,0,0,0,0,0,0,0,0,0
240104,1,1,1995,0,0,0,0,0,0,0,0,0,0
240105,1,1,1995,0,0,0,0,0,0,0,0,0,0
240106,1,1,1995,0,0,0,0,0,0,0,0,0,0
240106,2,1,1995,0,4,0,0,0,0,0,0,0,0
240107,0,1,1995,13,24,0,0,0,0,26,0,0,0
240107,1,1,1995,0,0,0,0,0,0,0,0,46,0
240108,1,1,1995,0,0,0,0,0,0,0,0,0,0
240108,2,1,1995,6,0,0,0,0,0,0,0,0,0
240109,1,1,1995,0,0,0,0,0,0,0,0,0,0
240109,2,1,1995,0,0,0,0,0,0,0,0,0,0
240110,1,1,1995,25,25,25,25,25,25,25,25,25,25
240111,0,1,1995,0,0,0,0,0,0,0,0,0,0
240111,1,1,1995,0,0,0,0,0,0,0,0,0,0
240112,1,1,1995,0,0,0,0,0,0,0,0,0,0
240112,2,1,1995,0,0,0,0,0,0,0,0,0,0
240113,1,1,1995,0,0,0,0,0,0,0,0,0,0
240114,1,1,1995,0,0,0,0,0,0,0,0,0,0
240114,2,1,1995,0,0,0,0,0,0,0,0,0,0
240115,0,1,1995,0,0,0,0,0,0,0,0,0,0
240115,1,1,1995,0,0,5,0,0,0,0,0,0,11
240116,0,1,1995,28,16,29,30,10,16,20,9,0,19
240116,1,1,1995,0,0,0,0,0,0,0,0,0,0
240117,0,1,1995,0,8,9,0,0,0,21,33,0,27
240117,1,1,1995,0,0,0,0,0,0,0,0,0,0
240118,1,1,1995,0,0,0,0,0,0,0,0,0,0
240119,1,1,1995,0,0,0,0,0,0,0,0,0,0
240120,0,1,1995,29,23,0,26,9,35,21,16,14,12
240120,1,1,1995,0,0,0,0,0,0,15,0,0,0
240121,1,1,1995,20,20,20,20,20,20,20,20,20,20
240121,2,1,1995,20,20,20,20,20,20,20,20,20,20
240122,1,1,1995,0,0,0,0,0,0,0,0,0,0
240123,1,1,1995,0,0,0,0,0,0,0,0,0,0
240123,2,1,1995,0,0,0,0,0,0,0,0,0,0
240124,1,1,1995,15,15,15,15,15,15,15,15,15,15
240125,1,1,1995,0,0,0,0,0,0,0,0,0,0
240125,2,1,1995,0,0,0,0,0,0,0,0,0,0
240126,1,1,1995,0,0,0,0,0,0,0,0,0,0
240126,2,1,1995,0,0,0,0,0,0,0,0,0,0
240127,1,1,1995,0,23,0,21,0,8,23,8,3,11
240128,1,1,1995,0,25,0,0,11,17,7,0,0,0
240129,1,1,1995,0,0,0,0,18,6,0,0,0,15
240130,1,1,1995,27,27,27,27,27,27,27,27,27,27
240130,2,1,1995,0,0,0,0,0,0,0,0,0,0
240131,1,1,1995,0,0,0,0,0,0,0,0,0,0
240132,1,1,1995,0,0,0,0,0,0,0,0,0,0
240132,2,1,1995,0,0,0,0,0,0,0,0,0,0
240133,1,1,1995,0,0,0,0,0,0,0,0,0,0
240133,2,1,1995,0,0,0,0,0,0,0,0,0,0
240134,1,1,1995,0,0,0,0,0,0,0,0,0,0
240134,2,1,1995,0,0,0,0,0,0,0,0,0,0
240135,1,1,1995,0,0,0,5,0,7,3,7,15,8
240135,2,1,1995,0,0,0,0,0,0,0,0,0,0
240136,1,1,1995,8,8,8,8,8,8,8,8,8,8
240137,1,1,1995,21,21,21,21,21,21,21,21,21,21
240137,2,1,1995,0,0,0,0,0,0,0,0,0,0
240138,1,1,1995,0,0,16,0,0,12,0,0,0,0
240139,0,1,1995,0,0,0,0,0,0,0,0,0,0
240139,1,1,1995,0,0,0,0,0,0,0,0,0,0
240140,1,1,1995,0,0,0,0,0,0,0,0,0,0
240141,1,1,1995,0,0,0,0,0,0,0,0,0,0
240141,2,1,1995,0,2,0,0,0,0,0,0,0,0
240142,1,1,1995,0,36,0,0,6,0,0,4,5,0
240142,2,1,1995,0,0,0,0,0,0,0,0,0,0
240143,1,1,1995,0,30,0,0,0,0,16,16,0,12
240144,1,1,1995,0,0,0,0,0,0,0,0,0,0
240144,2,1,1995,0,0,0,0,0,0,0,0,0,0
240145,1,1,1995,0,0,0,0,0,0,0,0,0,0
240146,1,1,1995,0,0,0,0,0,0,19,0,0,13
240147,1,1,1995,0,0,0,0,0,0,0,0,0,0
240147,2,1,1995,0,0,0,0,0,0,0,0,0,0
240148,1,1,1995,20,20,20,20,20,20,20,20,20,20
240148,2,1,1995,0,0,0,0,0,0,0,0,0,0
240149,1,1,1995,0,0,0,0,0,0,0,0,0,0
240149,2,1,1995,0,0,0,0,0,0,9,0,0,0
240150,1,1,1995,14,0,0,0,0,0,0,12,5,6
240151,1,1,1995,0,0,0,0,0,0,0,0,0,0
240151,2,1,1995,0,0,0,0,0,0,0,0,0,0
240152,1,1,1995,0,0,0,0,0,0,6,0,0,0
240152,2,1,1995,35,0,0,0,0,0,0,11,0,0
240153,1,1,1995,0,0,0,0,0,0,0,18,0,0
240154,1,1,1995,0,0,0,0,0,0,0,0,0,0
240154,2,1,1995,0,0,0,0,0,0,0,0,0,0
240155,0,1,1995,14,14,19,16,34,41,19,22,26,0
240155,1,1,1995,0,0,0,0,0,0,0,0,0,0
240156,1,1,1995,0,0,0,0,0,0,0,21,0,0
240157,0,1,1995,32,32,32,32,32,32,32,32,32,32
240157,1,1,1995,0,0,0,0,0,0,0,0,0,0
240158,1,1,1995,0,0,0,0,0,0,0,0,0,0
240158,2,1,1995,0,0,0,0,0,0,0,0,0,0
240159,0,1,1995,19,0,7,0,0,0,32,20,0,26
240159,0,2,1995,0,0,0,0,0,0,0,0,0,0
240159,1,1,1995,0,0,60,0,37,14,7,0,0,0
240160,1,1,1995,24,24,24,24,24,24,24,24,24,24
240161,1,1,1995,9,9,9,9,9,9,9,9,9,9
240162,1,1,1995,0,0,0,0,0,0,0,0,0,0
240162,2,1,1995,0,0,0,0,0,0,0,0,0,0
240163,1,1,1995,0,0,0,0,0,0,0,0,0,0
240163,2,1,1995,0,0,0,0,0,0,0,0,0,0
240164,0,1,1995,21,21,21,21,21,21,21,21,21,21
240164,1,1,1995,16,14,23,13,16,9,8,31,19,7
240165,1,1,1995,11,11,11,11,11,11,11,11,11,11
240166,1,1,1995,0,0,0,0,0,0,0,0,0,0
240166,2,1,1995,0,0,0,0,0,0,0,0,0,0
240167,1,1,1995,0,0,0,0,0,0,0,0,0,0
240168,1,1,1995,21,21,21,21,21,21,21,21,21,21
240168,2,1,1995,0,0,0,0,0,0,0,0,0,0
240169,1,1,1995,0,0,0,0,0,0,0,0,0,0
240169,2,1,1995,0,0,0,0,0,0,0,0,0,0
240170,0,1,1995,2,2,2,2,2,2,2,2,2,2
240170,0,2,1995,0,0,0,0,0,0,0,0,0,0
240170,1,1,1995,0,0,0,0,0,0,0,0,0,0
240171,1,1,1995,14,14,14,14,14,14,14,14,14,14
240172,1,1,1995,15,15,15,15,15,15,15,15,15,15
240173,1,1,1995,0,14,7,9,0,2,0,9,10,0
240174,1,1,1995,0,0,0,0,0,0,0,0,0,0
240175,1,1,1995,0,0,0,0,0,0,0,0,0,11
240176,0,1,1995,21,21,21,21,21,21,21,21,21,21
240176,1,1,1995,14,10,0,12,6,0,0,0,0,13
240177,1,1,1995,0,0,0,0,0,0,0,0,0,0
240177,2,1,1995,0,0,0,0,0,0,0,0,0,0
240178,1,1,1995,0,0,0,0,0,0,0,0,0,0
240178,2,1,1995,0,0,0,0,0,0,0,0,0,3
240179,0,1,1995,0,0,0,0,0,0,0,0,0,0
240179,1,1,1995,0,0,0,0,0,0,0,29,0,0
240180,0,1,1995,0,0,0,0,0,0,0,0,0,0