ST_CASE,VEH_NO,PER_NO,YEAR,P1,P2,P3,P4,P5,P6,P7,P8,P9,P10
240180,1,1,1995,14,4,0,0,0,0,0,9,0,0
240181,1,1,1995,0,0,0,0,0,0,0,0,0,0
240181,2,1,1995,0,0,0,0,0,0,0,0,0,0
240181,3,1,1995,0,0,0,0,0,0,0,0,0,0
240182,1,1,1995,0,0,0,0,0,0,0,0,0,0
240182,2,1,1995,0,0,0,16,0,0,0,0,0,0
240183,1,1,1995,0,0,0,0,0,0,0,0,0,0
240184,1,1,1995,1,1,1,1,1,1,1,1,1,1
240185,1,1,1995,0,0,0,0,0,0,0,0,0,0
240186,1,1,1995,0,0,0,0,0,0,0,0,0,0
240186,2,1,1995,0,0,0,0,0,0,0,0,0,0
240187,1,1,1995,21,21,21,21,21,21,21,21,21,21
240188,1,1,1995,20,20,20,20,20,20,20,20,20,20
240189,1,1,1995,0,0,0,0,0,0,0,0,0,0
240190,0,1,1995,14,14,14,14,14,14,14,14,14,14
240190,1,1,1995,12,0,0,0,0,0,0,0,0,0
240191,1,1,1995,0,0,0,0,0,0,0,0,0,0
240191,2,1,1995,0,0,0,0,0,0,0,0,0,0
240192,0,1,1995,0,0,0,0,0,0,0,0,0,0
240192,1,1,1995,0,0,0,0,0,0,0,0,0,0
240193,1,1,1995,0,0,0,0,0,0,0,0,0,0
240193,2,1,1995,0,0,0,0,0,0,0,0,0,0
240194,1,1,1995,15,15,15,15,15,15,15,15,15,15
240195,1,1,1995,0,0,0,0,0,0,0,0,0,0
240195,2,1,1995,0,0,0,0,0,0,0,0,0,0
240195,3,1,1995,0,0,0,0,0,0,0,0,0,0
240196,0,1,1995,14,14,14,14,14,14,14,14,14,14
240196,1,1,1995,0,0,0,0,0,0,0,0,0,0
240197,1,1,1995,0,0,0,0,0,0,0,0,0,0
240198,1,1,1995,0,0,0,0,0,0,0,0,0,0
240198,2,1,1995,0,0,0,0,0,0,0,0,0,0
240199,1,1,1995,17,17,17,17,17,17,17,17,17,17
240200,1,1,1995,12,0,0,0,7,14,0,0,10,0
240200,2,1,1995,0,0,0,0,0,0,25,0,0,0
240201,1,1,1995,0,15,16,27,7,11,0,32,21,42
240202,0,1,1995,0,0,0,0,0,0,0,0,0,0
240202,1,1,1995,0,0,0,0,0,0,0,0,0,0
240203,1,1,1995,13,13,13,13,13,13,13,13,13,13
240204,1,1,1995,23,23,23,23,23,23,23,23,23,23
240205,1,1,1995,0,0,0,0,15,0,14,19,0,13
240205,2,1,1995,0,0,0,0,0,0,0,0,0,0
240206,1,1,1995,6,36,32,10,21,9,3,25,21,23
240207,1,1,1995,0,0,0,0,0,0,0,0,0,0
240207,2,1,1995,0,0,0,0,0,0,0,0,0,0
240208,1,1,1995,27,27,27,27,27,27,27,27,27,27
240208,2,1,1995,0,0,0,0,0,0,0,0,0,0
240209,0,1,1995,0,0,0,0,0,0,0,0,0,0
240209,1,1,1995,0,0,0,0,0,0,0,0,0,0
240210,1,1,1995,0,0,0,0,0,0,0,0,0,0
240210,2,1,1995,8,32,6,18,0,13,18,0,7,18
240211,1,1,1995,13,11,18,14,30,0,6,9,22,33
240211,2,1,1995,0,0,0,0,0,0,0,0,0,0
240212,1,1,1995,0,0,0,0,0,0,0,0,0,0
240212,2,1,1995,0,0,0,0,0,0,0,0,0,0
240212,3,1,1995,0,0,0,0,0,0,0,0,0,0
240213,0,1,1995,0,0,0,0,29,0,0,12,0,0
240213,1,1,1995,0,0,0,0,0,0,0,0,0,0
240214,1,1,1995,18,0,0,0,13,0,0,0,14,0
240215,1,1,1995,28,28,28,28,28,28,28,28,28,28
240216,1,1,1995,0,0,0,0,0,0,0,0,0,0
240216,2,1,1995,0,0,0,0,0,0,0,0,0,0
240217,1,1,1995,6,17,11,26,0,0,17,22,26,11
240218,1,1,1995,0,0,0,0,0,0,0,0,0,0
240219,1,1,1995,0,29,0,7,0,3,0,0,21,34
240220,0,1,1995,0,0,0,0,0,0,0,0,0,0
240220,1,1,1995,0,0,0,0,0,0,0,0,0,0
240221,1,1,1995,0,0,0,0,0,0,0,0,0,0
240221,2,1,1995,0,0,0,0,0,0,0,0,0,0
240222,0,1,1995,31,31,31,31,31,31,31,31,31,31
240222,1,1,1995,13,22,15,3,12,13,8,9,12,24
240222,2,1,1995,0,0,0,0,0,0,0,0,0,0
240223,1,1,1995,5,5,5,5,5,5,5,5,5,5
240224,1,1,1995,23,23,23,23,23,23,23,23,23,23
240224,2,1,1995,0,0,0,0,0,0,0,0,0,0
240225,1,1,1995,2,2,2,2,2,2,2,2,2,2
240226,1,1,1995,14,0,0,0,0,0,0,0,19,7
240226,2,1,1995,0,0,0,0,0,0,0,0,0,0
240227,1,1,1995,0,0,0,0,0,0,0,0,0,0
240227,2,1,1995,0,0,0,0,0,0,21,0,0,0
240228,1,1,1995,0,0,0,0,0,0,0,0,0,13
240228,2,1,1995,0,0,0,0,0,0,0,0,0,0
240229,0,1,1995,0,0,0,0,0,0,0,0,0,0
240229,0,2,1995,0,0,0,0,0,0,0,0,0,0
240229,1,1,1995,22,13,4,9,5,7,0,16,0,10
240230,0,1,1995,15,0,22,17,14,9,17,36,60,37
240230,1,1,1995,0,0,0,0,0,0,0,0,0,0
240231,1,1,1995,21,21,21,21,21,21,21,21,21,21
240231,2,1,1995,0,0,0,0,0,0,0,0,0,0
240232,0,1,1995,15,9,11,21,16,33,9,17,24,29
240232,1,1,1995,0,0,0,0,0,0,0,0,0,0
240233,1,1,1995,8,8,8,8,8,8,8,8,8,8
240234,0,1,1995,0,0,0,0,0,0,0,0,0,0
240234,1,1,1995,0,0,0,0,0,0,0,0,0,0
240235,1,1,1995,0,0,0,0,0,0,0,0,0,0
240236,1,1,1995,0,0,0,0,0,0,0,0,0,0
240236,2,1,1995,0,0,0,0,0,0,0,0,0,0
240237,1,1,1995,0,0,0,0,0,0,0,0,0,0
240237,2,1,1995,0,0,0,0,0,0,0,0,0,0
240238,1,1,1995,0,0,0,0,0,0,0,0,0,0
240239,1,1,1995,9,17,9,17,11,25,16,15,28,46
240240,1,1,1995,0,0,0,0,0,0,0,0,0,0
240241,0,1,1995,14,14,14,14,14,14,14,14,14,14
240241,1,1,1995,0,0,4,0,0,0,0,0,0,0
240242,1,1,1995,0,0,0,0,0,0,0,0,0,0
240242,2,1,1995,0,0,0,0,0,0,0,0,0,0
240243,1,1,1995,16,16,7,20,11,14,15,22,12,6
240243,2,1,1995,20,20,20,20,20,20,20,20,20,20
240245,0,1,1995,15,15,15,15,15,15,15,15,15,15
240245,1,1,1995,22,17,25,5,0,0,27,0,0,0
240246,1,1,1995,0,0,0,0,0,0,0,0,0,0
240246,2,1,1995,0,0,0,0,0,4,0,0,0,0
240246,3,1,1995,0,0,0,0,0,0,0,0,0,0
240247,0,1,1995,0,0,0,0,0,0,0,0,0,0
240247,1,1,1995,0,0,0,0,0,0,0,0,0,0
240248,1,1,1995,0,0,0,0,0,0,0,0,0,0
240249,1,1,1995,0,0,0,0,0,0,0,0,0,0
240250,1,1,1995,0,0,0,0,0,0,0,0,0,0
240250,2,1,1995,0,0,0,0,11,0,0,0,0,0
240251,1,1,1995,0,0,0,0,0,0,0,0,0,0
240251,2,1,1995,0,0,0,0,0,0,0,0,0,0
240252,1,1,1995,17,17,17,17,17,17,17,17,17,17
240253,1,1,1995,0,0,0,0,0,0,0,0,0,20
240253,2,1,1995,0,0,0,0,0,0,0,0,0,0
240254,1,1,1995,15,0,0,0,0,0,0,0,0,0
240254,2,1,1995,0,0,0,0,0,0,0,0,0,0
240254,3,1,1995,0,0,0,0,0,0,0,0,0,0
240255,1,1,1995,0,0,0,0,0,0,0,0,0,0
240255,2,1,1995,0,0,0,0,0,0,0,0,0,0
240256,1,1,1995,0,0,0,0,0,0,0,0,0,0
240256,2,1,1995,0,0,0,0,0,0,0,0,0,0
240257,1,1,1995,22,22,22,22,22,22,22,22,22,22
240258,1,1,1995,9,9,9,9,9,9,9,9,9,9
240258,2,1,1995,0,0,0,0,0,0,21,20,0,20
240258,3,1,1995,0,0,0,0,23,0,0,0,0,0
240259,1,1,1995,0,0,0,0,0,0,0,0,0,0
240259,2,1,1995,0,0,0,0,0,0,0,0,0,0
240260,1,1,1995,0,0,0,0,0,0,0,0,0,0
240260,2,1,1995,0,0,0,0,0,13,0,0,0,0
240261,1,1,1995,0,0,0,0,0,0,0,0,0,0
240261,2,1,1995,0,0,0,0,0,0,0,0,0,0
240262,1,1,1995,0,0,0,0,0,0,0,0,0,18
240262,2,1,1995,0,0,4,0,0,0,0,0,0,0
240262,3,1,1995,0,0,0,0,0,0,0,0,0,0
240263,0,1,1995,0,0,0,0,0,0,0,0,0,0
240263,1,1,1995,7,0,0,0,0,0,0,0,0,0
240264,1,1,1995,9,0,0,0,0,0,0,0,0,0
240264,2,1,1995,0,0,0,0,0,0,0,0,0,0
240265,1,1,1995,0,0,0,0,0,0,0,0,0,0
240266,1,1,1995,3,23,22,19,14,20,6,7,21,19
240267,1,1,1995,15,15,15,15,15,15,15,15,15,15
240267,2,1,1995,0,0,0,0,0,0,0,0,0,17
240268,1,1,1995,19,5,14,19,19,16,22,14,19,7
240269,0,1,1995,0,0,0,0,0,0,0,0,0,0
240269,1,1,1995,0,0,0,0,0,0,0,0,0,0
240270,0,1,1995,16,0,22,0,0,0,24,0,0,0
240270,0,2,1995,0,0,0,0,0,0,0,0,0,0
240270,0,3,1995,0,0,0,0,0,0,0,0,0,0
240270,0,4,1995,0,0,0,0,0,0,0,0,0,0
240270,0,5,1995,0,0,0,0,0,0,0,0,0,0
240270,0,6,1995,0,0,0,0,0,0,0,0,0,0
240270,0,7,1995,0,0,0,0,0,0,0,0,0,0
240270,1,1,1995,0,24,0,0,0,0,0,0,0,0
240270,2,1,1995,0,0,0,0,0,0,0,0,0,0
240271,0,1,1995,25,25,25,25,25,25,25,25,25,25
240271,1,1,1995,0,0,0,0,0,0,0,0,0,0
240272,1,1,1995,19,28,27,17,21,24,28,17,24,22
240273,1,1,1995,0,0,0,0,0,0,0,0,0,0
240274,1,1,1995,0,0,0,0,0,0,0,0,0,0
240275,1,1,1995,0,0,0,0,0,0,0,0,0,0
240275,2,1,1995,0,0,0,0,0,0,0,0,0,0
240276,1,1,1995,0,0,0,0,0,0,0,0,0,0
240277,1,1,1995,4,0,0,0,0,0,0,0,0,0
240278,1,1,1995,0,0,0,0,0,0,0,0,0,0
240279,1,1,1995,0,0,0,0,0,0,0,0,0,0
240279,2,1,1995,0,0,0,0,0,0,0,0,0,0
240280,1,1,1995,0,0,0,0,0,0,0,0,0,0
240281,1,1,1995,0,0,0,0,0,0,0,0,0,0
240281,2,1,1995,0,0,0,0,0,0,0,0,0,0
240282,1,1,1995,0,0,0,0,0,0,0,0,0,0
240282,2,1,1995,0,0,0,0,0,0,0,0,0,0
240283,1,1,1995,0,0,0,0,0,0,0,0,0,0
240283,2,1,1995,0,0,0,0,0,0,0,0,0,0
240284,0,1,1995,0,0,0,0,0,0,0,0,0,0
240284,1,1,1995,0,0,0,0,0,0,0,0,6,0
240285,0,1,1995,18,0,32,22,0,0,25,22,24,0
240285,1,1,1995,17,17,17,17,17,17,17,17,17,17
240286,1,1,1995,0,0,0,0,0,0,0,0,0,0
240286,2,1,1995,0,0,0,0,0,0,0,0,0,0
240286,3,1,1995,0,0,21,0,0,0,0,0,0,0
240286,4,1,1995,0,0,0,0,0,0,9,0,0,0
240286,5,1,1995,0,0,0,0,0,0,0,0,7,0
240287,0,1,1995,0,0,0,0,0,0,0,0,0,0
240287,1,1,1995,0,0,0,0,0,0,0,0,0,0
240288,1,1,1995,9,20,16,28,13,3,26,32,36,10
240288,2,1,1995,0,0,0,0,0,0,0,0,0,0
240289,1,1,1995,11,11,12,11,13,14,8,4,21,20
240289,2,1,1995,0,0,0,0,0,0,0,0,0,0
240290,1,1,1995,0,0,0,0,0,0,0,0,0,0
240290,2,1,1995,0,0,0,0,0,0,0,0,0,0
240291,1,1,1995,0,0,0,0,0,0,0,0,0,0
240292,1,1,1995,0,0,0,0,0,0,0,0,0,0
240292,2,1,1995,18,18,18,18,18,18,18,18,18,18
240293,0,1,1995,17,17,17,17,17,17,17,17,17,17
240293,1,1,1995,0,0,0,17,0,0,0,0,0,0
240294,1,1,1995,9,9,9,9,9,9,9,9,9,9
240295,1,1,1995,9,20,12,20,0,21,2,21,20,12
240295,2,1,1995,0,0,0,0,0,0,0,0,0,0
240296,1,1,1995,0,15,9,0,0,0,0,0,16,7
240297,1,1,1995,0,0,0,0,0,0,0,0,0,0
240297,2,1,1995,0,0,0,0,0,0,0,0,13,0
240298,1,1,1995,16,15,26,17,15,22,2,14,6,13
240299,0,1,1995,0,0,0,0,0,0,0,0,0,0
240299,1,1,1995,4,4,4,4,4,4,4,4,4,4
240300,1,1,1995,0,0,0,0,0,0,0,0,0,0
240300,2,1,1995,0,0,0,0,0,0,0,0,0,0
240301,1,1,1995,14,27,29,22,13,23,21,0,18,36
240302,1,1,1995,0,0,0,0,0,0,0,0,0,0
240302,2,2,1995,0,0,0,0,0,0,0,0,0,0
240303,1,1,1995,0,0,0,0,0,0,0,0,0,0
240304,1,1,1995,0,0,0,0,0,0,0,0,0,0
240305,0,1,1995,0,0,0,0,0,0,0,0,0,0
240305,1,1,1995,0,8,0,0,0,0,0,0,0,0
240306,1,1,1995,2,0,0,0,17,0,0,0,0,0
240307,1,1,1995,0,0,0,0,0,0,0,0,0,0
240307,2,1,1995,0,0,0,0,0,0,0,0,0,0
240307,3,1,1995,0,0,0,0,0,0,0,0,0,0
240308,1,1,1995,7,7,7,7,7,7,7,7,7,7
240308,2,1,1995,0,0,0,0,0,0,0,0,0,0
240309,1,1,1995,0,0,0,0,0,0,0,0,0,0
240309,2,1,1995,0,0,0,0,0,0,0,0,0,0
240310,0,1,1995,0,0,0,0,0,0,0,0,0,0
240310,0,2,1995,0,0,24,19,0,12,0,0,18,0
240310,1,1,1995,0,0,0,0,0,0,0,0,0,0
240311,0,1,1995,0,0,0,0,0,0,0,4,0,20
240311,1,1,1995,0,0,0,0,0,0,0,0,0,0
240312,1,1,1995,3,3,3,3,3,3,3,3,3,3
240313,1,1,1995,0,0,0,0,0,0,0,0,0,0
240313,2,1,1995,0,0,0,0,0,0,0,0,0,0
240314,1,1,1995,11,16,33,28,27,10,11,22,25,16
240315,1,1,1995,0,0,0,0,0,0,0,0,0,0
240315,2,1,1995,20,0,0,0,0,0,0,0,0,0
240316,1,1,1995,0,0,0,0,0,0,0,0,0,0
240316,2,2,1995,0,0,0,0,0,0,0,0,0,0
240316,3,1,1995,0,0,0,0,0,0,0,0,0,0
240317,1,2,1995,0,0,0,0,0,0,0,0,0,0
240317,2,1,1995,0,0,11,0,15,20,0,0,17,0
240317,3,1,1995,0,0,0,0,0,0,0,0,0,0
240318,1,1,1995,0,0,0,0,0,0,0,0,0,0
240319,0,1,1995,13,13,13,13,13,13,13,13,13,13
240319,1,1,1995,0,0,0,0,0,0,0,0,0,0
240320,1,1,1995,0,0,0,0,0,0,0,0,0,0
240320,2,1,1995,0,5,0,0,0,0,0,0,0,0
240321,0,1,1995,20,20,20,20,20,20,20,20,20,20
240321,1,1,1995,18,0,0,0,0,0,0,0,0,0
240322,1,1,1995,0,0,0,0,0,0,0,0,0,0
240323,1,1,1995,0,0,0,0,0,0,0,0,0,0
240323,2,1,1995,0,0,0,0,0,0,0,0,0,0
240324,1,1,1995,0,0,0,0,0,0,0,0,0,0
240324,2,1,1995,0,0,0,0,0,0,0,0,0,0
240325,1,1,1995,0,0,0,0,0,0,0,0,0,0
240327,1,1,1995,0,0,0,0,0,0,0,0,0,0
240327,2,1,1995,0,0,0,0,0,0,0,0,0,0
240328,0,1,1995,0,0,0,0,0,0,0,0,0,0
240328,1,1,1995,0,0,0,0,0,0,0,0,0,0
240329,1,1,1995,0,0,0,0,0,0,0,0,0,0
240329,2,1,1995,0,0,0,0,0,0,0,0,0,0
240330,1,1,1995,0,0,0,0,0,0,0,0,0,0
240330,2,1,1995,0,0,0,0,0,0,0,0,0,0
240331,1,1,1995,0,0,0,0,0,0,0,0,23,0
240332,1,1,1995,0,0,0,0,0,0,0,0,0,0
240333,1,1,1995,0,0,0,0,0,0,0,0,0,0
240334,1,1,1995,0,0,0,0,0,0,0,0,0,0
240334,2,1,1995,0,0,0,0,0,0,0,0,0,0
240335,1,1,1995,15,15,15,15,15,15,15,15,15,15
240335,2,1,1995,0,0,0,0,0,0,0,0,0,0
240336,1,1,1995,12,12,12,12,12,12,12,12,12,12
240337,1,1,1995,7,0,0,0,0,0,8,0,0,0
240338,1,1,1995,0,0,0,0,0,0,0,0,0,0
240339,1,1,1995,15,18,13,0,24,18,13,9,18,25
240340,1,1,1995,0,0,0,0,0,0,0,0,0,0
240341,0,1,1995,4,4,4,4,4,4,4,4,4,4
240341,1,1,1995,10,0,0,0,0,0,0,0,10,0
240342,1,1,1995,13,13,13,13,13,13,13,13,13,13
240342,2,1,1995,10,15,0,0,0,0,32,24,0,31
240343,1,1,1995,0,0,0,0,0,0,0,0,0,0
240344,1,1,1995,0,0,0,19,0,0,0,0,0,0
240344,2,1,1995,0,0,0,0,0,0,0,0,0,0
240345,1,1,1995,0,0,0,0,0,0,0,0,0,0
240345,2,1,1995,9,27,23,13,16,0,9,4,15,19
240346,1,1,1995,10,10,10,10,10,10,10,10,10,10
240347,1,1,1995,15,7,12,8,20,20,15,13,15,5
240347,2,1,1995,0,0,0,0,0,0,0,0,0,0
240348,1,1,1995,4,4,4,4,4,4,4,4,4,4
240348,2,1,1995,0,0,0,0,0,0,0,0,0,0
240349,1,1,1995,0,0,0,0,0,0,0,0,0,0
240349,2,1,1995,0,0,0,0,0,0,0,0,0,0
240350,1,1,1995,0,0,0,0,0,0,0,0,0,0
240351,1,1,1995,0,0,0,0,0,0,0,0,0,0
240351,2,1,1995,0,0,0,0,0,0,0,0,0,0
240352,1,1,1995,0,0,0,0,0,0,0,0,0,0
240353,1,1,1995,0,0,0,0,0,0,0,0,0,0
240354,1,1,1995,1,1,1,1,1,1,1,1,1,1
240355,1,1,1995,0,0,0,0,0,0,0,0,0,0
240355,2,1,1995,0,10,0,0,0,0,0,0,0,0
240355,3,1,1995,0,0,0,0,0,0,0,0,0,0
240356,1,1,1995,0,0,0,0,0,0,0,0,0,0
240356,2,1,1995,0,0,0,0,0,0,0,0,0,0
240357,1,1,1995,17,23,12,14,11,10,15,28,0,26
240358,1,1,1995,14,14,14,14,14,14,14,14,14,14
240359,1,1,1995,33,33,33,33,33,33,33,33,33,33
240359,2,1,1995,0,0,0,0,0,0,0,0,0,0
240360,0,1,1995,0,0,0,0,0,0,0,0,0,0
240360,1,1,1995,0,0,0,0,0,0,0,0,0,0
240361,0,1,1995,19,19,19,19,19,19,19,19,19,19
240361,1,1,1995,0,0,0,0,0,0,0,0,0,0
240362,0,1,1995,0,0,0,0,0,0,0,0,0,0
240362,0,2,1995,0,0,9,0,0,23,19,6,18,0
240362,1,1,1995,0,0,0,0,0,0,0,0,0,0
240363,1,1,1995,0,0,0,0,0,0,0,0,0,8
240363,2,1,1995,0,0,0,0,0,0,0,0,0,0
240363,3,1,1995,0,0,0,0,0,0,0,0,0,0
240364,1,1,1995,0,0,13,0,0,18,8,0,0,13
240365,1,1,1995,0,0,0,0,0,0,0,0,0,0
240365,2,1,1995,0,0,0,0,0,0,0,0,0,0
240366,0,1,1995,0,0,0,0,0,0,0,0,0,0
240366,1,1,1995,0,0,0,0,0,0,0,0,0,0
240367,1,1,1995,0,0,0,0,0,0,0,0,0,0
240368,0,1,1995,21,7,9,33,10,19,0,0,0,40
240368,1,1,1995,0,0,0,0,11,0,0,0,0,0
240369,1,1,1995,0,0,0,0,0,0,0,0,0,0
240369,2,1,1995,0,0,0,0,17,0,0,0,0,0
240370,0,1,1995,0,0,0,0,0,0,0,0,0,0
240370,1,1,1995,0,0,0,0,0,0,0,0,0,0
240371,0,1,1995,0,0,0,0,0,0,0,0,0,0
240371,1,1,1995,0,0,0,0,0,0,0,0,0,0
240372,0,1,1995,0,0,0,0,0,0,0,0,0,0
240372,0,2,1995,0,0,0,0,0,0,0,0,0,0
240372,1,1,1995,0,0,0,0,0,0,0,0,0,0
240373,1,1,1995,0,0,0,0,0,0,0,0,0,0
240373,2,1,1995,0,0,0,0,0,0,0,0,0,0
240374,1,1,1995,0,0,0,0,0,0,0,0,0,0
240374,2,1,1995,0,0,0,0,0,0,0,0,0,0
240375,1,1,1995,14,14,14,14,14,14,14,14,14,14
240376,1,1,1995,0,0,0,0,0,0,0,0,0,0
240376,2,1,1995,0,0,0,0,0,0,0,0,0,0
240377,1,1,1995,0,0,0,0,0,0,0,0,0,0
240377,2,1,1995,7,0,0,0,0,0,0,0,0,0
240378,1,1,1995,0,28,0,0,0,0,0,0,17,24
240379,1,1,1995,14,19,10,16,28,15,27,23,17,33
240380,1,1,1995,0,0,0,0,0,0,0,0,0,0
240380,2,1,1995,0,0,0,0,0,0,0,0,0,0
240380,3,1,1995,0,0,0,0,0,0,0,0,0,0
240381,0,1,1995,6,6,6,6,6,6,6,6,6,6
240381,1,1,1995,0,0,0,0,0,0,0,0,0,0
240382,1,1,1995,2,20,14,4,26,11,0,7,11,6
240382,2,1,1995,0,0,0,0,0,0,15,0,0,0
240383,1,1,1995,18,20,0,0,0,0,0,0,0,0
240383,2,1,1995,0,0,0,0,0,0,0,0,0,0
240384,1,1,1995,0,18,37,27,27,12,39,21,11,25
240385,0,1,1995,35,35,35,35,35,35,35,35,35,35
240385,1,1,1995,0,0,0,0,0,0,0,0,0,0
240386,1,1,1995,0,0,0,0,0,0,0,0,0,0
240386,2,1,1995,0,0,0,0,0,0,0,0,0,0
240386,3,1,1995,0,0,0,0,0,0,0,0,0,0
240387,1,1,1995,0,0,0,0,0,0,0,0,0,0
240388,0,1,1995,0,0,0,0,0,0,0,0,0,0
240388,1,1,1995,0,0,0,0,0,0,0,0,0,0
240389,1,1,1995,3,3,3,3,3,3,3,3,3,3
240390,1,1,1995,0,0,0,0,0,0,0,0,0,0
240391,1,1,1995,18,20,29,26,10,0,19,0,5,25
240392,1,1,1995,0,0,0,0,0,0,0,0,0,0
240393,1,1,1995,0,0,0,0,0,0,0,19,0,0
240394,1,1,1995,23,23,23,23,23,23,23,23,23,23
240395,1,1,1995,0,0,20,0,0,9,8,27,0,0
240396,1,1,1995,0,0,0,0,0,17,0,0,0,0
240397,0,1,1995,0,0,0,0,0,0,0,0,0,0
240397,1,1,1995,0,0,0,0,0,0,0,0,0,0
240398,1,1,1995,0,0,0,0,0,0,0,0,0,0
240398,2,1,1995,0,0,0,0,0,0,0,0,0,0
240399,1,1,1995,0,0,0,0,0,0,0,0,0,0
240400,1,1,1995,0,0,0,0,0,0,0,0,0,0
240400,2,1,1995,0,0,0,0,0,0,0,0,0,0
240401,1,1,1995,30,30,30,30,30,30,30,30,30,30
240401,2,1,1995,0,0,0,0,0,0,0,0,0,0
240402,1,1,1995,0,0,0,0,0,0,0,0,0,10
240403,1,1,1995,0,0,0,0,18,0,0,0,0,25
240403,2,1,1995,0,0,0,0,0,0,0,0,0,0
240404,0,1,1995,0,0,0,0,0,0,0,0,0,0
240404,1,1,1995,0,0,0,0,0,0,0,0,0,0
240405,1,1,1995,0,0,0,0,0,0,0,0,0,0
240405,2,1,1995,0,0,0,0,0,0,0,0,0,0
240406,1,1,1995,0,0,0,0,0,0,0,24,0,0
240407,1,1,1995,0,0,0,0,0,0,0,0,0,0
240407,2,1,1995,0,0,0,0,0,0,0,0,0,0
240408,1,1,1995,0,0,0,0,0,0,5,15,0,0
240409,1,1,1995,0,0,0,0,0,0,0,0,0,0
240409,2,1,1995,0,0,0,0,0,0,0,0,0,0
240410,1,1,1995,9,9,9,9,9,9,9,9,9,9
240411,1,1,1995,0,0,0,0,0,0,13,0,0,0
240412,1,1,1995,0,0,0,0,0,28,14,39,22,0
240413,1,1,1995,0,0,0,0,0,0,0,0,0,0
240413,2,1,1995,0,0,0,0,0,0,0,0,0,0
240414,1,1,1995,0,0,0,0,0,0,0,0,0,0
240414,2,1,1995,0,0,10,0,0,0,0,0,0,0
240415,1,1,1995,0,0,0,0,0,0,0,0,0,0
240415,2,1,1995,0,0,0,0,0,0,0,0,0,0
240415,3,1,1995,0,0,0,0,0,0,0,0,0,0
240416,1,1,1995,13,13,13,13,13,13,13,13,13,13
240417,1,1,1995,20,20,20,20,20,20,20,20,20,20
240417,2,1,1995,0,0,0,0,0,0,0,0,0,0
240418,0,1,1995,0,0,0,0,0,0,0,0,0,0
240418,1,1,1995,0,0,0,0,0,0,0,0,0,0
240419,1,1,1995,0,0,0,0,0,0,0,0,0,0
240419,2,1,1995,0,0,0,0,0,0,0,0,0,0
240420,1,1,1995,0,0,10,0,0,13,0,0,0,0
240421,1,1,1995,27,27,27,27,27,27,27,27,27,27
240422,1,1,1995,24,5,25,10,19,8,12,23,12,11
240423,1,1,1995,30,30,30,30,30,30,30,30,30,30
240423,2,1,1995,0,20,13,29,0,23,20,0,22,0
240424,1,1,1995,22,22,22,22,22,22,22,22,22,22
240425,1,1,1995,0,0,0,0,0,0,0,0,0,0
240425,2,1,1995,0,0,0,0,0,0,0,0,0,0
240426,1,1,1995,0,0,0,0,0,0,0,0,0,0
240426,2,1,1995,0,0,0,0,0,0,0,0,0,21
240427,1,1,1995,0,0,0,0,0,0,0,0,0,0
240428,0,1,1995,9,9,9,9,9,9,9,9,9,9
240428,0,2,1995,10,10,10,10,10,10,10,10,10,10
240428,1,1,1995,16,16,16,16,16,16,16,16,16,16
240429,1,1,1995,3,3,3,3,3,3,3,3,3,3
240429,2,1,1995,0,0,0,0,0,0,0,0,0,0
240430,1,1,1995,0,0,15,28,20,0,0,0,10,11
240431,1,1,1995,0,0,0,0,0,0,0,0,0,0
240432,1,1,1995,0,0,0,0,0,0,0,0,0,0
240432,2,1,1995,0,9,0,0,20,9,0,0,0,0
240433,1,1,1995,23,0,0,0,0,0,44,5,0,24
240434,1,1,1995,0,0,0,0,0,0,0,0,0,0
240434,2,1,1995,0,0,0,0,0,0,0,0,0,0
240435,1,1,1995,1,1,1,1,1,1,1,1,1,1
240436,0,1,1995,0,0,0,0,0,0,0,0,0,0
240436,1,1,1995,0,0,0,0,0,0,0,0,0,0
240437,1,1,1995,0,0,0,0,0,0,0,0,0,0
240437,2,1,1995,0,0,0,0,0,0,0,0,0,0
240438,1,1,1995,0,0,0,0,0,0,0,0,0,0
240439,1,1,1995,0,0,0,0,0,0,0,0,0,0
240439,2,1,1995,0,0,0,0,0,22,0,0,0,0
240439,3,1,1995,0,0,0,0,0,0,0,0,0,0
240440,1,1,1995,0,0,0,0,0,0,0,0,0,0
240440,2,1,1995,0,0,0,0,0,0,0,0,0,0
240441,1,2,1995,0,0,0,0,0,0,0,0,0,0
240441,2,1,1995,0,0,0,0,0,0,0,0,0,0
240442,1,2,1995,0,0,0,0,0,0,0,0,0,0
240442,2,1,1995,21,21,21,21,21,21,21,21,21,21
240443,1,1,1995,6,6,6,6,6,6,6,6,6,6
240444,1,1,1995,0,0,0,0,0,0,0,0,0,0
240444,2,1,1995,0,0,0,0,0,0,0,0,0,0
240445,1,1,1995,0,0,0,0,0,0,0,0,0,0
240445,2,1,1995,0,0,0,0,0,0,0,0,0,0
240446,1,1,1995,0,0,0,0,0,0,0,0,0,0
240446,2,1,1995,0,0,0,0,0,0,0,16,0,0
240447,1,1,1995,0,0,0,0,0,0,0,0,0,0
240447,2,1,1995,0,0,0,0,0,0,0,0,0,0
240448,1,1,1995,0,15,0,0,0,0,0,0,0,0
240449,1,1,1995,0,0,0,0,0,0,0,0,0,0
240449,2,1,1995,0,0,0,0,0,0,0,0,0,0
240450,1,1,1995,0,0,0,0,0,0,0,0,0,0
240450,2,1,1995,0,0,0,0,0,0,0,0,0,0
240450,3,1,1995,0,0,0,0,0,0,0,0,0,0