ST_CASE,VEH_NO,PER_NO,YEAR,P1,P2,P3,P4,P5,P6,P7,P8,P9,P10
240451,1,1,1995,0,0,0,0,0,0,0,0,0,0
240451,2,1,1995,0,0,0,0,0,0,0,0,0,0
240452,0,1,1995,0,0,0,0,0,0,0,0,0,0
240452,1,1,1995,0,0,0,0,0,0,0,0,0,0
240453,0,1,1995,0,0,0,0,0,0,0,0,0,0
240453,1,1,1995,0,0,0,0,0,0,0,0,0,0
240454,0,1,1995,0,0,0,0,0,0,0,0,0,0
240454,1,1,1995,0,0,0,0,0,0,0,0,0,0
240455,0,1,1995,0,0,0,0,0,0,0,0,0,0
240455,1,1,1995,0,0,0,0,0,0,0,0,0,0
240456,0,1,1995,26,26,26,26,26,26,26,26,26,26
240456,1,1,1995,0,0,0,0,0,0,15,0,0,0
240457,1,1,1995,14,14,14,14,14,14,14,14,14,14
240457,2,1,1995,0,0,0,0,0,0,0,0,10,0
240458,1,1,1995,0,0,0,0,0,0,0,0,0,0
240458,2,1,1995,0,10,0,0,0,0,0,0,6,0
240459,1,1,1995,0,0,0,0,0,0,0,0,0,0
240459,2,1,1995,0,0,0,0,0,0,0,0,0,0
240460,1,1,1995,0,0,0,0,0,0,0,0,0,0
240461,1,1,1995,0,0,0,0,0,0,14,0,0,0
240461,2,1,1995,0,0,0,0,0,0,0,0,0,0
240461,3,1,1995,0,0,0,0,0,0,0,0,0,0
240462,1,1,1995,0,0,0,0,0,0,19,0,0,0
240462,2,1,1995,0,0,0,0,0,0,0,0,0,0
240462,3,1,1995,0,0,0,0,0,0,0,0,0,0
240463,1,1,1995,0,0,0,0,0,0,0,0,0,0
240463,2,1,1995,0,0,0,0,0,0,0,0,0,0
240464,0,1,1995,0,0,0,0,0,0,0,0,0,0
240464,1,1,1995,0,0,0,0,0,0,0,0,0,0
240465,1,1,1995,17,17,17,17,17,17,17,17,17,17
240466,1,1,1995,0,6,12,9,14,0,0,0,18,6
240467,1,1,1995,0,0,0,0,0,0,0,0,0,0
240467,2,1,1995,0,0,0,0,0,0,0,0,0,0
240468,1,1,1995,20,20,20,20,20,20,20,20,20,20
240469,1,1,1995,0,0,0,0,0,0,0,0,0,20
240469,2,1,1995,0,0,0,0,0,0,0,0,0,0
240470,1,1,1995,0,0,0,0,0,0,0,0,0,0
240470,2,1,1995,0,0,0,0,0,0,0,0,0,0
240471,0,1,1995,0,0,0,0,0,0,10,0,0,0
240471,1,1,1995,0,0,0,0,0,21,0,0,0,0
240472,0,1,1995,39,39,39,39,39,39,39,39,39,39
240472,1,1,1995,0,0,0,0,0,0,0,0,0,0
240473,0,1,1995,0,20,0,0,17,31,0,10,13,6
240473,1,1,1995,0,0,0,0,0,0,0,0,0,0
240474,1,1,1995,0,0,0,0,0,0,10,15,30,0
240475,1,1,1995,0,0,0,0,0,0,0,0,0,0
240475,2,1,1995,0,0,0,0,12,11,0,0,18,0
240476,1,1,1995,0,0,0,0,0,0,0,0,0,0
240476,2,1,1995,0,0,0,0,0,0,0,0,0,0
240477,1,1,1995,3,3,3,3,3,3,3,3,3,3
240478,1,1,1995,0,0,0,0,0,0,0,0,0,0
240478,2,1,1995,0,0,0,0,0,0,0,0,0,0
240479,1,1,1995,0,0,0,0,0,0,0,0,0,0
240479,2,1,1995,18,18,18,18,18,18,18,18,18,18
240480,1,1,1995,0,21,0,0,0,0,0,0,0,0
240481,1,1,1995,0,0,0,0,0,0,0,0,0,0
240482,1,1,1995,39,0,0,0,0,0,7,0,0,13
240483,1,1,1995,0,0,0,0,0,0,0,0,0,0
240483,2,1,1995,0,0,7,0,0,0,0,0,0,0
240483,3,1,1995,0,0,0,0,0,0,0,0,0,0
240484,1,1,1995,0,0,0,0,0,0,0,0,0,0
240484,2,1,1995,2,2,2,2,2,2,2,2,2,2
240485,1,1,1995,0,0,0,0,0,0,0,0,0,0
240485,2,1,1995,0,0,0,0,0,0,0,0,0,0
240486,1,1,1995,9,9,9,9,9,9,9,9,9,9
240487,1,1,1995,0,0,0,0,0,0,0,0,0,0
240487,2,1,1995,0,0,0,0,0,0,0,0,0,0
240488,1,1,1995,0,0,0,0,0,0,0,0,0,0
240488,2,1,1995,0,0,0,0,0,0,0,0,0,0
240488,3,1,1995,0,0,0,0,0,0,0,0,0,0
240489,1,1,1995,18,18,18,18,18,18,18,18,18,18
240490,0,1,1995,0,0,0,0,0,0,0,0,0,0
240490,1,1,1995,0,0,0,0,0,0,0,0,0,0
240491,1,1,1995,20,20,20,20,20,20,20,20,20,20
240492,1,1,1995,0,0,24,0,32,11,14,0,0,0
240492,2,1,1995,11,11,11,11,11,11,11,11,11,11
240493,1,1,1995,0,0,0,0,0,0,0,0,0,0
240493,2,1,1995,0,0,0,0,0,0,0,12,0,0
240494,1,1,1995,0,0,0,0,0,0,0,0,0,0
240494,2,1,1995,0,0,0,0,0,0,0,0,0,0
240495,1,1,1995,0,0,0,0,0,0,0,0,0,0
240495,2,1,1995,0,0,0,0,17,0,0,0,0,0
240495,3,1,1995,0,0,0,0,0,0,0,0,13,0
240496,1,1,1995,0,0,0,0,0,0,0,0,0,0
240496,2,1,1995,0,0,0,0,0,0,6,0,0,0
240497,1,1,1995,17,17,17,17,17,17,17,17,17,17
240498,1,1,1995,20,20,20,20,20,20,20,20,20,20
240499,1,1,1995,0,0,0,0,0,0,0,0,0,0
240499,2,1,1995,13,13,13,13,13,13,13,13,13,13
240500,0,1,1995,23,23,23,23,23,23,23,23,23,23
240500,1,1,1995,0,0,0,0,0,0,0,0,0,0
240501,1,1,1995,25,25,25,25,25,25,25,25,25,25
240501,2,1,1995,0,0,0,0,0,0,0,0,0,0
240502,0,1,1995,0,0,0,0,0,0,0,0,0,0
240502,1,1,1995,0,0,0,0,0,0,0,0,0,0
240503,0,1,1995,20,20,20,20,20,20,20,20,20,20
240503,1,1,1995,0,0,0,0,0,0,0,0,0,0
240504,1,1,1995,0,0,0,0,0,0,0,0,0,0
240504,2,1,1995,0,0,0,0,0,0,0,0,0,0
240505,1,1,1995,0,0,0,0,0,0,0,0,0,0
240506,0,1,1995,0,0,0,0,0,0,0,0,0,0
240506,1,1,1995,0,0,0,0,0,0,0,0,0,0
240507,1,1,1995,18,18,18,18,18,18,18,18,18,18
240508,1,1,1995,15,15,15,15,15,15,15,15,15,15
240509,1,1,1995,0,0,0,0,0,0,0,0,0,0
240509,2,1,1995,0,0,0,0,0,0,0,0,0,0
240510,1,1,1995,0,0,0,0,0,0,0,0,0,0
240511,1,1,1995,0,0,0,0,0,0,0,0,0,0
240511,2,1,1995,0,0,0,0,0,0,0,0,0,13
240512,1,1,1995,0,0,0,0,0,0,0,0,0,0
240513,1,1,1995,0,17,12,23,0,0,17,0,15,0
240514,0,1,1995,0,0,0,0,0,0,0,13,0,0
240514,0,2,1995,0,0,0,0,0,0,0,0,0,0
240514,1,1,1995,0,0,0,0,0,0,0,0,0,0
240515,1,1,1995,18,18,18,18,18,18,18,18,18,18
240516,0,1,1995,7,7,7,7,7,7,7,7,7,7
240516,1,1,1995,14,14,14,14,14,14,14,14,14,14
240517,1,1,1995,18,18,18,18,18,18,18,18,18,18
240518,1,1,1995,23,23,23,23,23,23,23,23,23,23
240518,2,1,1995,0,26,0,0,0,0,0,0,0,0
240519,1,1,1995,0,0,0,0,0,0,0,0,0,0
240520,1,1,1995,0,0,0,0,0,0,0,0,0,0
240520,2,1,1995,0,0,0,0,0,0,0,0,0,0
240521,1,1,1995,0,10,0,0,0,0,0,0,16,13
240522,0,1,1995,0,0,0,0,0,0,0,0,0,0
240522,1,1,1995,0,0,0,0,0,0,0,0,0,0
240523,0,1,1995,0,0,0,0,0,0,0,0,0,0
240523,1,1,1995,2,2,2,2,2,2,2,2,2,2
240524,1,1,1995,0,0,0,0,0,0,0,0,0,0
240524,2,1,1995,0,0,0,0,0,0,0,0,0,0
240525,1,1,1995,18,19,23,11,25,21,38,17,20,13
240526,1,1,1995,18,34,7,24,13,18,4,21,16,15
240527,1,1,1995,10,0,17,16,12,0,10,12,13,11
240528,1,1,1995,0,0,0,0,0,0,0,0,0,0
240529,1,1,1995,0,0,0,2,14,6,19,0,6,0
240530,0,1,1995,0,0,0,0,0,0,0,0,0,0
240530,1,1,1995,0,0,0,0,0,0,0,0,0,0
240531,1,1,1995,0,0,0,0,0,0,0,0,0,0
240531,2,1,1995,5,0,0,0,0,0,0,9,0,0
240532,1,1,1995,0,0,0,0,0,0,0,0,0,0
240532,2,1,1995,0,0,0,0,0,0,0,0,0,16
240533,1,1,1995,9,12,17,16,24,3,24,16,16,13
240533,2,1,1995,18,0,0,0,20,0,0,0,0,0
240533,3,1,1995,6,0,0,0,0,0,22,19,10,0
240534,1,1,1995,0,0,0,0,0,0,0,0,0,0
240534,2,1,1995,0,0,0,0,0,0,0,0,0,0
240535,1,1,1995,20,20,20,20,20,20,20,20,20,20
240536,1,1,1995,23,23,23,23,23,23,23,23,23,23
240537,1,1,1995,0,0,0,0,0,0,0,0,0,0
240537,2,1,1995,0,0,0,0,0,0,0,0,0,0
240537,3,1,1995,0,0,0,0,0,0,0,0,0,0
240537,4,1,1995,0,0,0,0,0,0,0,0,0,0
240537,5,1,1995,0,0,0,0,0,0,0,0,0,0
240537,6,1,1995,0,0,0,0,0,0,0,0,0,0
240538,0,1,1995,16,16,16,16,16,16,16,16,16,16
240538,1,1,1995,0,0,0,0,0,0,0,0,0,0
240539,1,1,1995,0,0,0,0,0,0,0,0,0,0
240539,2,1,1995,0,0,0,0,0,0,0,0,0,0
240539,3,1,1995,0,0,0,0,0,0,0,0,0,0
240540,0,1,1995,0,0,0,0,0,0,0,0,0,0
240540,1,1,1995,0,0,0,0,0,0,0,0,0,0
240541,1,1,1995,0,0,0,0,0,0,0,0,0,0
240542,1,1,1995,0,0,0,0,0,0,0,0,0,0
240543,0,1,1995,0,0,0,0,0,0,0,0,0,0
240543,1,1,1995,0,0,0,0,0,0,0,0,0,0
240544,1,1,1995,0,7,0,0,8,0,0,0,0,0
240544,2,1,1995,10,10,10,10,10,10,10,10,10,10
240545,1,1,1995,0,0,0,0,0,0,0,0,0,0
240545,2,1,1995,0,0,0,22,0,0,0,0,0,0
240546,1,1,1995,0,0,0,0,0,0,0,0,0,0
240547,1,1,1995,0,0,0,0,0,0,0,0,0,0
240547,2,1,1995,0,0,0,0,0,0,0,0,0,0
240548,0,1,1995,39,15,15,22,27,12,0,12,19,29
240548,1,1,1995,0,0,0,0,0,0,0,0,0,0
240549,1,1,1995,12,19,9,0,22,10,18,17,0,13
240549,2,1,1995,0,0,0,0,0,0,0,0,0,0
240550,1,1,1995,0,0,0,0,0,0,0,0,0,0
240550,2,1,1995,0,0,0,0,0,0,0,0,0,0
240551,0,1,1995,0,0,0,0,0,0,0,0,0,0
240551,1,1,1995,0,0,0,0,0,10,0,0,0,0
240552,1,1,1995,4,4,4,4,4,4,4,4,4,4
240552,2,1,1995,0,0,0,0,0,0,0,0,0,0
240553,1,1,1995,0,0,0,0,0,0,0,0,0,0
240554,1,1,1995,0,0,0,0,0,0,0,0,0,0
240554,2,1,1995,0,0,0,0,0,0,0,0,0,0
240555,1,1,1995,26,26,26,26,26,26,26,26,26,26
240555,2,1,1995,0,0,0,0,0,0,7,0,0,0
240556,1,1,1995,6,6,6,6,6,6,6,6,6,6
240556,2,1,1995,0,0,0,0,0,0,0,0,0,0
240557,1,1,1995,7,19,19,10,23,14,10,3,31,17
240557,2,1,1995,0,0,0,0,0,0,0,0,0,0
240557,3,1,1995,0,0,0,0,0,0,0,0,0,0
240558,1,1,1995,0,0,0,0,0,0,0,0,0,0
240558,2,1,1995,0,0,0,0,0,0,0,0,0,0
240559,1,1,1995,18,18,18,18,18,18,18,18,18,18
240560,1,1,1995,0,0,0,0,0,0,0,0,0,0
240560,2,1,1995,0,0,0,0,0,0,0,0,0,0
240561,1,1,1995,0,0,0,0,0,0,0,0,0,0
240561,2,1,1995,0,0,0,0,0,0,0,0,0,0
240562,1,1,1995,10,10,10,10,10,10,10,10,10,10
240562,2,1,1995,0,1,0,0,0,0,0,0,0,0
240563,1,1,1995,0,0,0,0,0,0,0,0,0,0
240563,2,1,1995,0,0,14,0,0,0,0,0,0,0
240564,1,1,1995,0,0,0,0,0,0,0,0,0,0
240564,2,1,1995,0,0,0,0,0,0,0,0,0,0
240565,1,1,1995,0,0,0,0,0,0,0,0,0,0
240565,2,1,1995,0,0,0,0,0,0,0,0,0,0
240566,1,1,1995,0,0,0,0,0,0,0,0,0,0
240567,1,1,1995,0,0,0,0,0,0,0,0,0,0
240567,2,1,1995,0,0,0,0,0,0,0,0,0,0
240568,1,1,1995,0,15,0,0,0,0,0,0,0,0
240568,2,1,1995,0,0,0,0,0,0,0,0,0,0
240569,0,1,1995,9,19,40,0,11,27,30,12,0,25
240569,1,1,1995,0,0,0,0,4,0,0,0,0,0
240570,1,1,1995,0,0,0,0,0,0,0,0,0,0
240570,2,1,1995,0,0,0,0,0,0,0,0,0,0
240571,0,1,1995,0,0,0,0,0,16,0,3,0,0
240571,1,1,1995,0,0,0,0,25,0,6,0,0,0
240572,1,1,1995,0,0,0,0,0,0,0,0,0,0
240572,2,1,1995,0,0,0,0,0,0,0,0,0,0
240572,3,1,1995,0,0,0,0,0,0,0,0,0,0
240573,0,1,1995,21,22,25,21,21,18,22,33,23,10
240573,1,1,1995,21,20,13,25,0,0,15,0,9,0
240574,0,1,1995,0,0,0,0,0,0,0,0,0,0
240574,1,1,1995,0,0,0,0,0,0,0,0,0,0
240575,1,1,1995,0,4,0,14,4,0,0,0,0,0
240576,1,1,1995,0,0,0,0,0,0,0,0,0,0
240576,2,1,1995,23,22,13,16,22,0,3,0,0,28
240576,3,1,1995,0,0,0,0,0,0,0,0,0,0
240577,0,1,1995,0,0,0,0,0,0,0,0,0,0
240577,1,1,1995,0,0,0,0,0,0,0,0,0,0
240577,2,1,1995,0,0,0,0,0,0,0,0,0,0
240578,0,1,1995,0,0,0,0,0,0,0,0,0,0
240578,1,1,1995,0,0,0,0,0,0,0,0,0,0
240578,2,1,1995,0,0,0,0,0,0,0,0,0,0
240579,1,1,1995,6,6,6,6,6,6,6,6,6,6
240580,0,1,1995,0,13,13,45,19,14,0,0,16,0
240580,1,1,1995,0,0,0,0,0,0,0,0,0,0
240581,1,1,1995,0,0,0,0,0,0,0,0,0,0
240581,2,1,1995,0,0,0,0,0,0,0,0,0,0
240582,0,1,1995,0,0,0,0,0,0,0,0,0,0
240582,1,1,1995,0,0,0,0,0,0,0,0,0,0
240583,1,1,1995,5,5,5,5,5,5,5,5,5,5
240583,2,1,1995,0,0,0,0,0,0,0,0,0,0
240583,3,1,1995,0,0,0,0,0,0,0,0,0,0
240584,1,1,1995,0,0,0,0,0,0,0,0,0,0
240584,2,1,1995,0,0,0,0,0,0,0,0,0,0
240585,1,1,1995,0,0,0,0,0,0,0,0,0,0
240586,1,1,1995,0,0,0,0,0,0,0,0,0,0
240587,1,1,1995,13,13,13,13,13,13,13,13,13,13
240588,1,1,1995,0,0,0,0,6,15,17,0,0,29
240589,1,1,1995,0,0,0,0,0,0,0,0,0,0
240589,2,1,1995,0,0,0,0,0,11,0,0,0,0
240590,1,1,1995,0,0,0,0,0,0,0,0,0,0
240590,2,1,1995,0,0,0,0,0,0,0,14,0,0
240590,3,1,1995,0,0,6,15,0,0,0,0,0,0
240591,1,1,1995,0,0,0,0,0,0,0,0,24,0
240591,2,1,1995,0,0,0,0,0,0,0,0,0,0
240591,3,1,1995,0,0,0,0,0,0,0,0,0,0
240591,4,1,1995,0,0,0,0,0,0,0,22,0,14
240591,5,1,1995,0,0,0,0,0,0,0,0,0,0
240591,6,1,1995,0,0,0,0,0,7,0,0,0,0
240591,7,1,1995,0,0,0,0,0,0,0,0,0,0
240591,8,1,1995,0,0,0,0,0,24,0,5,12,0
240591,9,1,1995,0,13,0,0,0,14,0,0,0,0
240591,10,1,1995,0,0,0,9,0,0,0,0,0,0
240591,11,1,1995,0,0,0,0,0,0,0,12,0,4
240591,12,1,1995,2,0,0,0,0,0,0,23,0,0
240591,13,1,1995,0,0,0,0,0,0,0,0,0,0
240591,14,1,1995,0,0,0,0,0,0,0,0,7,0
240591,15,1,1995,0,0,0,0,0,15,0,0,0,23
240591,16,1,1995,0,0,12,28,0,0,13,0,17,0
240591,17,1,1995,0,0,0,0,0,0,0,0,0,0
240591,18,1,1995,0,0,0,0,0,0,0,0,0,0
240591,19,1,1995,0,0,0,0,0,0,32,0,0,0
240591,20,1,1995,0,4,0,0,0,0,0,0,0,0
240591,21,1,1995,0,0,0,0,0,6,0,0,0,0
240591,22,1,1995,19,0,0,0,0,0,0,26,0,0
240592,0,1,1995,0,0,0,0,0,0,0,0,0,0
240592,1,1,1995,0,0,0,0,0,0,0,0,0,0
240593,1,1,1995,0,0,0,0,0,0,0,0,0,0
240593,2,1,1995,0,0,0,0,0,0,0,0,0,0
240594,1,1,1995,0,0,0,4,0,0,0,0,5,0
240594,2,1,1995,0,6,0,0,0,0,0,0,0,0
240595,1,1,1995,0,0,0,0,0,0,0,0,0,0
240596,0,1,1995,0,0,0,0,0,0,0,0,0,0
240596,1,1,1995,0,0,0,0,0,0,0,0,0,0
240597,0,1,1995,0,0,0,0,0,0,0,0,0,0
240597,1,1,1995,0,0,0,0,0,0,0,0,0,0
240598,0,1,1995,0,0,0,0,0,0,0,0,0,0
240598,1,1,1995,0,0,14,0,0,4,0,0,0,29
240599,0,1,1995,0,0,0,0,0,0,0,0,0,0
240599,1,1,1995,0,0,0,0,0,0,0,0,0,0
240600,1,1,1995,0,0,22,11,0,0,0,0,0,0
240600,2,1,1995,0,0,0,0,0,0,0,0,0,0
240601,1,1,1995,16,0,0,0,0,0,0,0,0,0
240601,2,1,1995,0,0,0,0,0,0,0,0,0,0
240602,1,1,1995,0,12,0,0,0,0,0,0,0,0
240603,1,1,1995,0,0,0,0,0,0,0,0,0,0
240603,2,1,1995,0,0,0,0,0,0,0,0,0,0
240603,3,1,1995,0,0,0,0,0,0,0,0,0,0
240604,0,1,1995,20,20,20,20,20,20,20,20,20,20
240604,1,1,1995,0,0,0,0,16,0,0,0,0,0
250001,0,1,1995,0,0,0,0,0,0,0,0,0,0
250001,1,1,1995,0,0,0,21,0,10,0,0,0,0
250002,1,1,1995,9,18,12,22,20,10,19,15,8,15
250003,0,1,1995,16,0,0,0,0,0,0,0,0,0
250003,1,1,1995,0,0,0,0,0,0,0,0,0,0
250004,1,1,1995,14,14,14,14,14,14,14,14,14,14
250005,1,1,1995,19,20,0,0,0,0,0,0,0,0
250006,0,1,1995,0,0,0,0,0,0,0,0,0,0
250006,1,1,1995,0,0,10,0,0,0,0,0,0,0
250007,0,1,1995,0,0,0,0,0,0,0,0,0,0
250007,1,1,1995,0,23,24,0,0,19,0,0,12,0
250008,1,1,1995,0,0,0,0,0,0,0,0,14,0
250009,1,1,1995,0,15,0,0,0,0,0,0,0,0
250010,0,1,1995,0,0,0,0,0,0,0,0,0,0
250010,1,1,1995,0,11,0,0,0,0,0,6,0,0
250011,0,1,1995,5,5,5,5,5,5,5,5,5,5
250011,1,1,1995,21,4,9,4,8,12,20,7,7,8
250012,1,1,1995,0,0,0,0,0,0,0,0,0,0
250013,1,1,1995,26,26,26,26,26,26,26,26,26,26
250014,0,1,1995,0,0,0,0,0,0,0,0,0,0
250014,1,1,1995,0,0,0,0,7,0,0,0,0,0
250015,0,1,1995,0,0,0,0,0,0,0,0,0,0
250015,1,1,1995,0,0,0,0,0,0,0,0,0,0
250016,1,1,1995,49,49,49,49,49,49,49,49,49,49
250017,1,1,1995,0,0,0,0,0,0,0,0,0,0
250017,2,1,1995,24,24,24,24,24,24,24,24,24,24
250018,1,1,1995,0,18,2,8,21,5,17,8,18,0
250019,1,1,1995,10,29,3,15,22,9,8,15,17,10
250020,1,1,1995,0,0,0,0,0,0,0,0,0,0
250020,2,1,1995,0,0,0,0,0,0,0,9,0,0
250021,1,1,1995,0,12,0,0,0,0,0,0,0,0
250021,2,1,1995,0,0,0,0,0,0,0,0,0,0
250022,1,1,1995,0,0,0,0,0,0,0,0,0,0
250022,2,1,1995,0,0,0,7,0,0,0,0,0,0
250023,1,1,1995,0,0,0,0,0,0,0,0,0,0
250023,2,1,1995,27,8,17,12,18,18,20,0,32,4
250024,1,1,1995,13,13,13,13,13,13,13,13,13,13
250025,1,1,1995,37,16,15,14,11,30,8,18,14,26
250026,1,1,1995,7,7,7,7,7,7,7,7,7,7
250027,1,1,1995,26,12,12,29,22,18,19,19,6,23
250027,2,1,1995,0,0,0,0,0,0,0,0,0,0
250028,1,1,1995,0,0,0,0,0,0,0,0,0,0
250029,1,1,1995,0,0,0,0,0,0,0,0,0,0
250029,2,1,1995,0,0,0,0,0,0,0,0,0,0
250030,1,1,1995,14,14,14,14,14,14,14,14,14,14
250031,1,1,1995,14,5,17,5,12,6,16,9,26,13
250032,1,1,1995,20,20,20,20,20,20,20,20,20,20
250033,1,1,1995,0,0,0,0,0,0,0,0,0,0
250033,2,1,1995,0,0,0,0,0,0,0,0,0,0
250034,1,1,1995,0,0,0,0,0,0,0,0,0,0
250036,1,1,1995,0,0,15,0,0,0,0,0,0,0
250036,2,1,1995,3,0,0,0,0,0,0,0,0,0
250037,0,1,1995,0,0,0,0,0,0,0,0,0,0
250037,1,1,1995,0,0,0,0,5,0,0,0,0,0
250038,1,1,1995,0,0,0,0,0,0,0,0,0,0
250038,2,1,1995,0,0,0,0,0,0,0,0,0,0
250039,1,1,1995,0,0,0,0,0,0,0,0,0,0
250039,2,1,1995,0,0,0,0,0,0,0,0,0,0
250040,0,1,1995,0,0,0,0,0,0,0,0,0,0
250040,1,1,1995,0,0,0,0,0,0,0,0,0,0
250041,1,1,1995,28,28,28,28,28,28,28,28,28,28
250042,1,1,1995,7,0,22,27,5,23,11,27,22,0
250042,2,1,1995,7,7,7,7,7,7,7,7,7,7
250043,0,1,1995,0,0,0,0,0,0,0,0,0,0
250043,1,1,1995,0,0,0,0,0,0,0,0,0,0
250044,1,1,1995,33,33,33,33,33,33,33,33,33,33
250045,1,1,1995,0,0,0,0,0,0,0,0,0,0
250046,1,1,1995,17,9,0,11,15,0,0,21,18,6
250047,1,1,1995,0,0,0,0,0,0,0,0,0,0
250047,2,1,1995,0,0,0,0,0,0,0,0,0,0
250048,1,1,1995,0,0,0,0,0,0,0,0,0,0
250048,2,1,1995,0,0,0,0,0,0,0,0,0,0
250049,1,1,1995,0,0,0,0,0,0,0,0,0,0
250050,1,1,1995,20,20,20,20,20,20,20,20,20,20
250051,1,1,1995,0,0,0,0,0,0,0,0,0,0
250051,2,1,1995,0,7,22,7,18,0,13,12,10,13
250052,1,1,1995,0,0,0,0,0,0,0,0,0,0
250052,2,1,1995,0,0,0,0,0,0,0,0,0,0
250052,3,1,1995,16,13,5,25,10,8,10,10,5,15
250053,0,1,1995,0,0,0,0,0,0,0,0,0,0
250053,1,1,1995,0,0,0,0,0,0,0,0,0,0
250053,2,1,1995,0,0,0,0,0,12,0,0,0,0
250054,1,1,1995,3,3,3,3,3,3,3,3,3,3
250055,1,1,1995,0,0,0,0,0,0,0,0,0,0
250055,2,1,1995,5,8,16,13,25,9,0,15,19,35
250056,0,1,1995,0,0,0,0,0,0,0,0,0,0
250056,1,1,1995,0,0,0,0,0,0,13,0,0,12
250057,1,1,1995,0,0,0,0,0,0,0,0,0,0
250058,1,1,1995,0,16,0,0,0,0,0,0,0,0
250059,1,1,1995,0,0,0,0,0,0,0,0,0,0
250059,2,1,1995,0,0,0,14,0,17,0,0,0,0
250060,1,1,1995,0,14,0,16,0,0,0,0,7,9
250061,1,1,1995,29,29,29,29,29,29,29,29,29,29
250062,1,1,1995,17,17,17,17,17,17,17,17,17,17
250063,1,1,1995,16,22,16,23,17,7,28,5,11,29
250064,1,1,1995,0,0,0,0,0,0,0,0,0,0
250064,2,1,1995,0,0,15,0,0,0,0,0,0,0
250065,1,1,1995,32,32,32,32,32,32,32,32,32,32
250065,2,1,1995,0,0,16,0,0,0,0,0,8,0
250065,3,1,1995,15,7,33,0,8,0,18,0,0,21
250065,4,1,1995,18,28,0,0,0,20,0,12,0,21
250066,1,1,1995,0,0,0,0,0,0,0,0,0,0
250066,2,1,1995,0,0,0,0,0,0,0,0,14,0
250067,1,1,1995,16,7,13,17,31,20,17,0,8,16
250067,2,1,1995,0,0,0,0,0,0,0,0,0,0
250068,1,1,1995,0,0,0,0,7,0,0,0,0,0
250069,1,1,1995,0,0,0,0,0,0,0,0,0,0
250070,1,1,1995,21,21,21,21,21,21,21,21,21,21
250070,2,1,1995,23,0,0,0,0,0,0,0,0,0
250071,0,1,1995,0,0,0,0,0,0,0,0,0,0
250071,1,1,1995,0,0,0,0,0,14,0,0,25,0
250072,1,1,1995,10,10,10,10,10,10,10,10,10,10
250072,2,1,1995,0,25,0,0,0,0,0,0,27,12
250073,1,1,1995,4,4,4,4,4,4,4,4,4,4
250074,1,1,1995,0,0,0,0,0,0,0,0,0,0
250074,2,1,1995,0,0,0,0,0,0,0,0,0,0
250075,1,1,1995,0,0,0,0,0,0,0,0,0,0
250076,1,1,1995,0,0,0,0,0,0,0,0,0,0
250077,1,1,1995,5,18,20,0,29,16,27,13,14,11
250078,1,1,1995,0,0,0,0,0,0,0,0,0,0
250078,2,1,1995,0,0,0,0,0,0,0,0,0,0
250079,0,1,1995,0,0,0,0,0,0,0,0,0,0
250079,1,1,1995,0,0,28,0,0,0,0,0,0,0
250080,1,1,1995,7,17,22,7,33,15,17,26,7,11
250080,2,1,1995,0,0,0,0,0,0,0,0,0,0
250080,3,1,1995,20,0,13,0,0,0,23,4,0,0
250081,1,1,1995,0,0,0,0,0,0,0,0,0,0
250081,2,1,1995,0,0,0,0,0,0,0,0,0,0
250082,1,1,1995,13,17,26,34,12,18,0,34,6,26
250083,1,1,1995,34,34,34,34,34,34,34,34,34,34
250084,1,1,1995,21,0,13,0,9,0,0,0,0,22
250084,2,1,1995,9,3,10,12,17,14,22,25,23,16
250085,1,1,1995,21,21,21,21,21,21,21,21,21,21
250086,1,1,1995,0,0,0,18,0,0,0,0,0,0
250087,1,1,1995,10,10,10,10,10,10,10,10,10,10
250088,1,1,1995,0,0,0,0,0,0,0,0,0,0
250089,1,1,1995,13,7,5,16,15,14,20,8,10,20
250090,1,1,1995,15,17,19,9,10,33,16,24,10,28
250091,0,1,1995,20,20,20,20,20,20,20,20,20,20
250091,1,1,1995,0,0,4,14,0,0,11,0,0,0
250092,0,1,1995,21,19,17,0,12,0,21,26,30,12
250092,1,1,1995,0,11,0,9,0,0,0,10,11,0
250093,1,1,1995,0,0,0,0,0,0,0,0,0,0
250093,2,1,1995,0,12,15,0,0,0,17,20,0,0
250094,1,1,1995,9,9,9,9,9,9,9,9,9,9
250095,1,1,1995,0,0,0,0,12,0,20,0,5,0
250095,2,1,1995,0,0,0,0,0,0,0,0,0,0
250096,1,1,1995,0,0,0,0,0,0,0,0,0,0
250097,1,1,1995,0,0,0,0,0,0,0,0,0,0
250097,2,1,1995,0,0,0,0,0,0,0,0,0,12
250097,3,1,1995,0,0,0,0,0,0,0,0,0,8
250098,1,1,1995,0,0,0,0,0,0,0,0,0,0
250098,2,1,1995,0,0,0,0,0,4,0,0,0,0
250099,1,1,1995,0,0,0,0,0,0,0,0,0,0
250099,2,1,1995,0,0,0,0,0,0,0,0,0,0
250100,1,1,1995,24,22,19,15,14,5,19,21,19,16
250101,1,1,1995,0,0,0,0,0,0,0,0,0,0
250101,2,1,1995,0,0,0,0,0,0,0,0,0,0
250102,1,1,1995,18,13,23,18,0,0,0,16,14,0
250103,0,1,1995,0,0,0,0,0,0,0,0,0,0