ST_CASE,VEH_NO,PER_NO,YEAR,P1,P2,P3,P4,P5,P6,P7,P8,P9,P10
250103,1,1,1995,0,0,0,0,0,15,0,0,0,0
250104,0,1,1995,16,16,16,16,16,16,16,16,16,16
250104,1,1,1995,0,0,0,0,0,0,0,0,0,0
250105,1,1,1995,0,0,0,0,0,0,0,0,0,0
250106,1,1,1995,0,0,0,0,0,0,0,0,0,0
250107,1,1,1995,25,25,25,25,25,25,25,25,25,25
250108,1,1,1995,20,20,20,20,20,20,20,20,20,20
250109,1,1,1995,0,0,0,0,0,0,0,0,0,0
250110,1,1,1995,0,0,0,0,0,0,0,0,0,0
250111,1,1,1995,14,14,14,14,14,14,14,14,14,14
250112,1,1,1995,12,18,25,0,0,0,18,7,16,0
250112,2,1,1995,0,0,0,0,0,0,0,0,0,0
250113,1,1,1995,8,8,8,8,8,8,8,8,8,8
250113,2,1,1995,9,20,0,0,0,0,0,0,0,26
250114,1,1,1995,0,0,0,0,22,0,0,0,0,0
250114,2,1,1995,0,0,0,0,0,0,0,0,0,0
250115,0,1,1995,0,0,0,0,0,0,0,0,0,0
250115,1,1,1995,9,0,0,0,0,0,0,0,0,0
250116,1,1,1995,0,0,0,0,0,0,0,0,0,0
250116,2,1,1995,0,0,0,0,0,0,0,0,0,0
250117,1,1,1995,0,0,0,0,0,0,0,0,0,0
250118,1,1,1995,0,0,16,0,0,0,0,0,0,0
250118,2,1,1995,0,0,0,0,0,0,0,0,0,0
250119,0,1,1995,11,11,11,11,11,11,11,11,11,11
250119,1,1,1995,0,0,0,0,0,18,0,0,6,0
250120,0,1,1995,0,0,0,0,0,0,0,0,0,0
250120,1,1,1995,22,0,0,0,0,0,0,29,0,20
250121,0,1,1995,0,0,0,0,0,0,0,0,0,0
250121,1,1,1995,0,0,0,0,0,0,0,0,0,0
250122,1,1,1995,26,26,26,26,26,26,26,26,26,26
250123,1,1,1995,0,12,0,0,16,0,0,0,24,0
250124,1,1,1995,0,0,0,0,0,0,0,0,0,0
250125,1,1,1995,15,15,15,15,15,15,15,15,15,15
250125,2,1,1995,0,0,0,0,0,0,0,0,0,0
250126,1,1,1995,0,20,0,0,11,0,0,0,0,14
250127,1,1,1995,0,0,0,0,0,0,0,0,0,0
250127,2,1,1995,0,0,0,5,0,0,0,0,0,0
250127,3,1,1995,2,2,2,2,2,2,2,2,2,2
250128,1,1,1995,0,0,0,0,0,0,0,0,0,0
250128,2,1,1995,0,0,0,0,0,0,0,0,12,0
250129,1,1,1995,0,0,0,0,0,0,0,0,0,0
250129,2,1,1995,5,26,15,17,18,25,19,24,5,9
250130,1,1,1995,0,0,7,15,0,0,0,0,0,0
250130,2,1,1995,0,0,0,0,15,0,3,0,0,0
250131,1,1,1995,0,0,0,0,0,0,0,0,0,0
250132,1,1,1995,5,0,0,0,0,0,19,16,0,0
250132,2,1,1995,0,0,0,0,0,0,0,0,0,0
250133,1,1,1995,0,0,18,0,13,0,0,0,0,5
250134,1,1,1995,13,13,13,13,13,13,13,13,13,13
250135,1,1,1995,0,0,0,0,0,0,0,0,0,0
250135,2,1,1995,0,0,0,0,0,0,0,0,0,0
250136,1,1,1995,0,0,0,0,7,0,0,1,0,0
250137,1,1,1995,0,0,0,0,0,0,0,0,0,0
250137,2,1,1995,0,0,0,0,0,0,0,0,0,0
250138,1,1,1995,0,0,13,10,16,0,0,0,20,18
250139,1,1,1995,23,23,23,23,23,23,23,23,23,23
250140,1,1,1995,0,0,0,0,0,0,0,0,0,0
250140,2,1,1995,0,0,0,0,0,0,0,0,0,0
250141,1,1,1995,15,15,15,15,15,15,15,15,15,15
250142,1,1,1995,22,22,22,22,22,22,22,22,22,22
250144,1,1,1995,0,0,0,0,0,0,0,0,0,0
250144,2,1,1995,0,0,0,0,0,0,0,0,0,0
250144,3,1,1995,0,0,9,0,0,0,0,0,11,0
250145,0,1,1995,0,0,0,0,0,0,0,0,0,0
250145,1,1,1995,0,0,0,0,0,0,0,0,0,0
250146,1,1,1995,0,0,0,0,0,0,0,0,0,0
250146,2,1,1995,0,0,0,0,0,0,0,0,0,0
250147,1,1,1995,0,0,0,0,0,0,0,0,0,0
250148,1,1,1995,28,28,28,28,28,28,28,28,28,28
250149,1,1,1995,9,10,0,9,14,27,13,9,21,10
250150,1,1,1995,0,15,0,0,10,0,29,0,0,0
250151,1,1,1995,0,0,0,0,0,0,0,0,0,0
250151,2,1,1995,0,0,0,0,0,0,0,0,0,25
250152,1,1,1995,14,14,14,14,14,14,14,14,14,14
250153,1,1,1995,0,0,0,0,0,0,0,0,0,0
250154,1,1,1995,8,8,8,8,8,8,8,8,8,8
250155,0,1,1995,31,31,31,31,31,31,31,31,31,31
250155,1,1,1995,6,6,6,6,6,6,6,6,6,6
250156,0,1,1995,0,0,0,0,0,0,0,0,0,0
250156,1,1,1995,0,0,0,0,0,6,0,0,0,0
250157,1,1,1995,0,0,0,0,0,0,0,0,0,0
250158,1,1,1995,0,0,0,21,0,0,0,0,0,0
250159,0,1,1995,0,0,0,0,0,0,0,0,0,0
250159,1,1,1995,0,0,0,0,0,23,0,0,0,0
250160,1,1,1995,18,18,18,18,18,18,18,18,18,18
250161,0,1,1995,0,0,0,0,0,0,0,0,0,0
250161,1,1,1995,0,0,0,0,0,0,0,0,0,0
250162,1,1,1995,0,0,0,0,0,0,0,0,0,0
250163,0,1,1995,0,0,0,0,0,0,0,0,0,0
250163,1,1,1995,0,0,0,0,0,0,0,0,0,0
250164,1,1,1995,0,4,0,0,0,13,0,16,0,0
250165,1,1,1995,13,28,15,17,17,14,16,18,25,15
250165,2,1,1995,6,0,0,0,0,0,0,0,0,0
250166,1,1,1995,29,29,29,29,29,29,29,29,29,29
250166,2,1,1995,0,0,0,0,0,0,0,0,0,0
250167,1,1,1995,26,8,0,9,18,5,14,11,16,16
250168,0,1,1995,0,0,0,0,0,0,0,0,0,0
250168,1,1,1995,0,0,0,0,0,0,0,0,0,0
250169,0,1,1995,0,0,0,0,0,0,0,0,0,0
250169,1,1,1995,0,0,0,0,0,0,0,0,0,0
250170,1,1,1995,0,0,0,0,0,0,0,0,0,0
250171,1,1,1995,0,0,0,0,0,0,0,0,0,0
250171,2,1,1995,0,0,0,0,0,0,0,0,0,0
250172,1,1,1995,0,0,0,0,0,0,0,0,0,0
250172,2,1,1995,14,21,13,12,12,0,12,18,22,18
250173,1,1,1995,0,0,0,0,0,0,0,0,0,0
250174,1,1,1995,0,0,0,0,0,0,0,0,0,0
250174,2,1,1995,0,0,0,0,0,0,0,0,0,0
250175,1,1,1995,0,0,0,0,0,0,0,0,0,0
250176,1,1,1995,19,7,2,18,13,14,18,9,12,19
250177,1,1,1995,17,17,17,17,17,17,17,17,17,17
250178,0,1,1995,0,0,0,0,0,0,0,0,0,0
250178,1,1,1995,0,0,0,0,0,0,0,0,0,21
250179,1,1,1995,0,0,0,0,0,0,15,0,0,0
250179,2,1,1995,0,0,0,0,0,0,0,0,0,0
250180,1,1,1995,0,0,0,0,0,0,0,0,0,0
250181,1,1,1995,0,7,0,0,0,0,0,0,0,0
250181,2,1,1995,0,0,0,0,0,0,0,0,0,0
250182,1,1,1995,0,0,0,0,0,0,0,0,0,0
250182,2,1,1995,0,0,0,0,0,0,0,0,0,0
250183,1,1,1995,7,7,7,7,7,7,7,7,7,7
250184,1,1,1995,6,0,0,0,0,0,0,0,0,0
250184,2,1,1995,16,0,0,0,0,0,0,0,21,0
250185,1,1,1995,0,0,0,0,0,0,0,0,0,0
250186,0,1,1995,0,0,0,0,0,0,4,0,0,0
250186,1,1,1995,0,0,0,0,0,0,0,0,0,0
250186,2,1,1995,0,0,0,0,0,0,0,0,0,0
250187,0,1,1995,0,0,0,0,0,0,0,0,0,0
250187,1,1,1995,0,0,0,0,0,0,0,0,0,0
250188,1,1,1995,0,0,0,0,0,0,0,0,0,0
250188,2,1,1995,0,0,0,0,0,0,0,0,0,16
250189,1,1,1995,0,0,0,11,0,0,0,0,0,0
250189,2,1,1995,0,0,0,0,29,0,0,0,0,0
250190,1,1,1995,8,8,8,8,8,8,8,8,8,8
250190,2,1,1995,0,0,0,0,0,13,0,0,0,0
250191,1,1,1995,0,0,0,8,0,0,0,0,0,0
250191,2,1,1995,0,0,0,0,0,0,0,0,0,0
250192,1,1,1995,0,0,0,0,0,0,0,0,0,0
250192,2,1,1995,0,0,0,0,0,0,0,0,0,0
250193,1,1,1995,0,0,0,0,0,19,0,0,17,12
250193,2,1,1995,0,19,0,22,13,11,0,0,14,0
250193,3,1,1995,26,20,0,13,12,0,26,18,13,21
250193,4,1,1995,15,23,0,0,0,16,8,0,0,0
250194,1,1,1995,0,0,0,0,0,0,0,0,0,0
250195,1,1,1995,25,25,25,25,25,25,25,25,25,25
250195,2,1,1995,0,15,0,0,0,5,13,0,0,22
250196,1,1,1995,0,0,0,0,0,0,0,0,0,0
250196,2,1,1995,0,0,0,0,0,0,0,0,0,0
250196,3,1,1995,0,0,0,0,0,0,0,0,0,0
250197,1,1,1995,8,8,8,8,8,8,8,8,8,8
250198,0,1,1995,32,32,32,32,32,32,32,32,32,32
250198,1,1,1995,0,14,3,15,18,10,7,21,7,14
250199,0,1,1995,3,3,3,3,3,3,3,3,3,3
250199,1,1,1995,12,22,14,15,4,20,27,10,0,21
250200,0,1,1995,0,0,0,0,0,0,0,0,0,0
250200,1,1,1995,18,24,10,8,16,12,21,14,18,20
250201,1,1,1995,0,0,0,0,0,0,0,0,0,0
250202,1,1,1995,0,0,0,0,0,0,0,0,0,0
250202,2,1,1995,0,0,0,0,0,0,0,0,0,0
250203,1,1,1995,7,7,7,7,7,7,7,7,7,7
250204,1,1,1995,18,18,18,18,18,18,18,18,18,18
250205,1,1,1995,15,15,15,15,15,15,15,15,15,15
250205,2,1,1995,0,0,0,0,0,0,0,0,0,0
250206,1,1,1995,0,0,0,0,0,0,0,0,0,26
250206,2,1,1995,0,0,0,0,0,0,0,0,0,0
250207,1,1,1995,18,18,18,18,18,18,18,18,18,18
250208,0,1,1995,27,27,27,27,27,27,27,27,27,27
250208,1,1,1995,15,0,0,13,13,0,0,0,0,0
250209,1,1,1995,0,0,0,0,0,0,0,0,0,0
250209,2,1,1995,0,0,0,0,0,0,0,0,0,0
250210,1,1,1995,0,11,0,0,13,0,0,0,0,0
250210,2,1,1995,0,0,0,0,0,0,0,0,0,0
250210,3,1,1995,9,0,0,0,0,0,0,0,0,0
250211,0,1,1995,0,0,0,0,0,0,0,0,0,0
250211,1,1,1995,0,7,0,0,0,0,0,0,0,0
250212,1,1,1995,17,17,17,17,17,17,17,17,17,17
250213,1,1,1995,16,16,16,16,16,16,16,16,16,16
250214,0,1,1995,6,6,6,6,6,6,6,6,6,6
250214,1,1,1995,0,15,11,6,8,2,18,22,23,5
250215,0,1,1995,0,0,0,0,0,0,0,0,0,0
250215,1,1,1995,0,4,0,0,0,0,0,0,0,0
250216,0,1,1995,0,0,0,0,0,0,0,0,0,0
250216,1,1,1995,0,0,0,0,0,13,0,0,23,0
250217,0,1,1995,0,0,0,0,0,0,0,0,0,0
250217,1,1,1995,2,19,0,13,14,0,0,0,0,14
250218,0,1,1995,0,0,0,0,0,0,0,0,0,0
250218,1,1,1995,0,0,0,15,0,0,0,0,0,0
250219,0,1,1995,23,23,23,23,23,23,23,23,23,23
250219,1,1,1995,0,0,0,0,0,0,0,0,0,0
250220,0,1,1995,0,0,0,0,0,0,0,0,0,0
250220,1,1,1995,0,6,0,0,0,16,8,0,0,24
250221,0,1,1995,12,12,12,12,12,12,12,12,12,12
250221,1,1,1995,12,20,7,22,0,3,12,9,25,0
250222,1,1,1995,26,11,23,17,24,18,11,18,6,6
250222,2,1,1995,0,0,0,0,0,0,0,0,0,0
250223,1,1,1995,0,0,0,0,0,0,0,0,0,0
250223,2,1,1995,0,0,0,0,0,0,0,0,0,0
250224,1,1,1995,0,0,0,0,0,0,0,0,0,0
250224,2,1,1995,0,0,0,0,0,0,0,0,0,0
250224,3,1,1995,0,0,0,0,0,0,0,0,0,0
250224,4,1,1995,0,0,0,0,0,0,0,0,0,0
250225,1,1,1995,22,22,22,22,22,22,22,22,22,22
250226,1,1,1995,0,0,0,0,0,0,0,0,0,0
250226,2,1,1995,0,0,0,0,0,0,0,0,0,0
250227,1,1,1995,18,18,18,18,18,18,18,18,18,18
250228,1,1,1995,0,0,0,0,0,0,0,0,0,0
250228,2,1,1995,0,0,0,0,0,0,0,0,0,0
250229,0,1,1995,0,0,0,0,0,0,0,0,0,0
250229,1,1,1995,0,0,0,0,0,0,0,0,0,0
250230,1,1,1995,0,0,0,0,0,0,0,0,0,0
250231,1,1,1995,0,0,16,0,10,0,0,0,0,0
250232,1,1,1995,0,0,0,0,0,0,0,0,0,0
250233,1,1,1995,30,30,30,30,30,30,30,30,30,30
250234,1,1,1995,18,18,18,18,18,18,18,18,18,18
250234,2,1,1995,0,0,0,0,0,0,0,0,0,0
250235,1,1,1995,16,16,16,16,16,16,16,16,16,16
250236,1,1,1995,13,0,0,21,13,13,9,0,6,0
250237,1,1,1995,0,0,0,0,0,0,0,0,0,0
250237,2,1,1995,0,0,0,0,0,0,0,0,5,0
250238,0,1,1995,0,0,0,0,0,0,0,0,0,0
250238,1,1,1995,0,0,0,0,0,0,0,5,0,0
250239,1,1,1995,0,0,0,0,0,0,0,0,0,0
250239,2,1,1995,0,0,0,0,0,0,0,0,0,0
250240,1,1,1995,24,24,24,24,24,24,24,24,24,24
250241,1,1,1995,0,0,0,0,0,0,0,0,0,0
250241,2,1,1995,0,0,0,0,0,0,0,0,0,0
250242,1,1,1995,22,22,22,22,22,22,22,22,22,22
250242,2,1,1995,0,0,0,0,0,0,0,0,0,0
250243,1,1,1995,21,21,21,21,21,21,21,21,21,21
250244,1,1,1995,0,0,0,0,0,0,0,0,0,0
250244,2,1,1995,0,0,0,0,0,0,0,0,0,0
250245,1,1,1995,0,0,0,0,7,17,0,0,10,0
250246,1,1,1995,0,0,0,18,0,0,0,0,0,0
250246,2,1,1995,0,0,0,0,0,0,0,0,0,0
250247,1,1,1995,10,8,0,0,3,0,12,0,0,0
250247,2,1,1995,0,0,0,0,0,0,0,0,0,0
250248,1,1,1995,0,0,0,0,0,0,0,0,0,0
250248,2,1,1995,0,0,0,0,0,0,0,0,0,0
250249,0,1,1995,0,0,0,0,0,0,0,0,0,0
250249,1,1,1995,0,13,20,0,0,0,0,0,0,0
250250,1,1,1995,0,0,0,0,0,0,0,0,0,0
250251,1,1,1995,22,22,22,22,22,22,22,22,22,22
250251,2,1,1995,0,0,0,0,0,0,0,9,0,6
250252,1,1,1995,0,0,0,0,0,0,0,0,0,0
250252,2,1,1995,0,0,24,0,0,0,0,0,0,0
250253,0,1,1995,0,0,0,0,0,0,0,0,0,0
250253,1,1,1995,0,0,0,0,0,0,0,17,0,4
250254,1,1,1995,0,0,0,0,0,0,0,0,0,0
250254,2,1,1995,0,0,0,0,0,0,0,0,0,0
250255,1,1,1995,0,0,0,0,0,0,0,0,0,0
250255,2,1,1995,0,0,0,0,0,0,0,0,0,0
250256,1,1,1995,0,0,0,0,0,0,0,0,0,0
250256,2,1,1995,0,0,0,0,0,0,0,0,0,0
250257,0,1,1995,0,0,0,0,0,0,0,0,0,0
250257,1,1,1995,0,0,0,0,0,0,7,34,18,0
250258,1,1,1995,0,0,0,0,0,0,0,0,0,0
250258,2,1,1995,0,0,0,0,0,0,0,0,0,0
250259,1,1,1995,20,20,20,20,20,20,20,20,20,20
250259,2,1,1995,0,11,0,20,0,30,0,13,13,0
250260,1,1,1995,0,0,0,0,0,0,0,0,0,0
250260,2,1,1995,0,0,0,0,0,0,0,0,0,0
250260,3,1,1995,0,0,0,0,0,0,0,0,0,0
250261,1,1,1995,0,0,0,0,0,0,0,0,0,0
250262,1,1,1995,5,0,13,0,11,15,24,26,14,22
250262,2,1,1995,4,4,4,4,4,4,4,4,4,4
250263,1,1,1995,9,9,9,9,9,9,9,9,9,9
250264,1,1,1995,15,15,15,15,15,15,15,15,15,15
250265,1,1,1995,14,16,11,6,15,13,18,12,9,16
250266,1,1,1995,0,0,0,0,0,0,0,0,0,0
250267,1,1,1995,0,0,0,0,0,0,0,0,0,0
250267,2,1,1995,16,19,0,17,0,0,0,0,0,0
250268,1,1,1995,0,5,0,9,3,0,17,0,0,16
250269,1,1,1995,29,29,29,29,29,29,29,29,29,29
250269,2,1,1995,0,0,0,0,0,0,0,0,0,0
250270,1,1,1995,10,0,0,0,0,4,0,28,15,13
250271,1,1,1995,0,0,0,0,0,0,0,0,0,0
250272,1,1,1995,0,0,0,0,0,0,0,22,0,0
250273,1,1,1995,0,0,0,0,0,0,0,0,0,0
250273,2,1,1995,0,0,0,0,0,0,0,0,11,0
250274,1,1,1995,8,8,8,8,8,8,8,8,8,8
250275,1,1,1995,15,11,10,10,16,8,11,23,8,8
250276,1,1,1995,1,1,1,1,1,1,1,1,1,1
250276,2,1,1995,0,0,0,0,0,0,0,0,0,0
250277,1,1,1995,0,0,0,0,0,0,0,0,0,0
250277,2,1,1995,0,0,0,0,0,0,0,0,0,0
250278,0,1,1995,0,0,0,0,0,0,0,0,0,0
250278,1,1,1995,0,0,0,0,0,0,0,0,0,0
250279,1,1,1995,0,0,0,0,0,0,0,0,0,11
250279,2,1,1995,0,0,0,0,0,0,0,0,0,0
250280,0,1,1995,0,0,16,0,0,0,0,0,0,0
250280,1,1,1995,0,15,0,0,0,7,16,0,0,24
250281,1,1,1995,0,5,17,0,12,21,0,9,0,0
250282,0,1,1995,0,0,0,0,0,0,0,0,0,0
250282,1,1,1995,0,0,0,0,0,0,0,0,0,0
250283,1,1,1995,0,0,0,0,0,0,0,0,0,0
250284,1,1,1995,0,0,10,0,0,0,0,0,0,0
250284,2,1,1995,0,0,0,4,0,0,0,0,0,0
250285,1,1,1995,0,0,0,0,0,0,0,0,0,0
250285,2,1,1995,0,0,0,0,0,0,0,0,0,0
250286,1,1,1995,21,0,15,18,36,10,13,8,27,14
250287,1,1,1995,16,16,16,16,16,16,16,16,16,16
250288,0,1,1995,0,0,0,0,0,0,0,0,0,0
250288,1,1,1995,0,0,0,0,0,0,0,0,0,0
250289,1,1,1995,12,12,12,12,12,12,12,12,12,12
250290,1,1,1995,11,11,11,11,11,11,11,11,11,11
250290,2,1,1995,0,0,0,0,5,0,0,12,0,0
250291,0,1,1995,0,0,0,0,0,0,0,0,0,0
250291,1,1,1995,0,0,0,0,0,0,0,0,0,0
250292,0,1,1995,0,0,0,0,0,0,0,0,0,0
250292,1,1,1995,0,0,0,0,0,15,0,14,0,0
250293,0,1,1995,19,19,19,19,19,19,19,19,19,19
250293,1,1,1995,0,0,0,0,0,0,7,13,15,18
250295,0,1,1995,0,0,0,0,0,0,0,0,0,0
250295,1,1,1995,0,14,0,0,2,0,24,14,0,0
250296,0,1,1995,0,0,0,0,0,0,0,0,0,0
250296,1,1,1995,0,4,0,0,0,0,0,0,0,0
250297,1,1,1995,12,17,13,16,7,2,11,18,4,7
250297,2,1,1995,0,11,0,3,0,0,24,0,7,0
250298,1,1,1995,0,17,17,0,32,0,0,0,0,16
250299,0,1,1995,0,0,0,0,0,0,0,0,0,0
250299,1,1,1995,0,7,0,23,0,0,0,0,9,0
250300,1,1,1995,0,7,29,0,0,0,5,0,0,0
250300,2,1,1995,13,13,13,13,13,13,13,13,13,13
250301,1,1,1995,0,0,0,0,0,0,0,0,0,0
250301,2,1,1995,0,15,13,11,26,0,0,0,8,18
250302,1,1,1995,0,0,0,0,0,0,0,0,0,0
250303,1,1,1995,0,0,0,0,0,0,0,0,0,0
250303,2,1,1995,0,0,0,0,0,0,0,0,0,12
250304,0,1,1995,0,0,0,0,0,0,0,0,0,0
250304,1,1,1995,0,0,0,0,0,0,0,0,0,0
250305,1,1,1995,0,0,0,0,0,0,0,0,0,0
250305,2,1,1995,0,21,0,13,0,0,0,0,0,0
250306,1,1,1995,0,9,11,3,29,13,21,19,9,16
250307,1,1,1995,20,20,20,20,20,20,20,20,20,20
250308,1,1,1995,0,0,0,0,0,10,0,0,0,0
250309,1,1,1995,10,6,15,9,10,0,30,7,9,33
250310,1,1,1995,0,16,0,26,0,0,0,0,5,0
250311,1,1,1995,14,14,14,14,14,14,14,14,14,14
250312,1,1,1995,18,18,18,18,18,18,18,18,18,18
250312,2,1,1995,20,12,21,10,16,8,10,19,18,17
250313,1,1,1995,15,14,9,14,6,12,28,4,14,7
250313,2,1,1995,16,16,16,16,16,16,16,16,16,16
250314,1,1,1995,0,0,0,0,0,0,0,0,0,0
250315,0,1,1995,0,0,0,0,0,0,0,0,0,0
250315,1,1,1995,0,0,0,0,0,0,0,0,0,0
250316,0,1,1995,0,0,0,0,0,0,0,0,0,0
250316,1,1,1995,0,0,16,0,0,0,0,0,0,0
250317,0,1,1995,20,7,0,0,0,0,0,0,0,23
250317,1,1,1995,0,0,0,0,0,22,0,0,0,0
250318,1,1,1995,0,0,0,0,0,0,0,0,0,0
250319,1,1,1995,0,0,0,18,0,0,0,0,0,0
250319,2,1,1995,18,0,11,0,0,8,0,14,0,13
250321,1,1,1995,23,23,23,23,23,23,23,23,23,23
250321,2,1,1995,0,0,0,0,0,23,0,0,0,0
250322,0,1,1995,0,0,0,0,0,0,0,0,0,0
250322,1,1,1995,5,0,0,0,0,0,0,0,5,0
250323,1,1,1995,0,0,0,0,0,0,0,0,0,0
250324,1,1,1995,19,0,12,40,19,0,5,0,0,0
250324,2,1,1995,35,35,35,35,35,35,35,35,35,35
250325,1,1,1995,0,0,0,0,0,0,0,0,0,0
250325,2,1,1995,0,0,0,0,0,0,0,0,0,0
250325,3,1,1995,0,0,0,0,0,0,0,0,0,0
250326,1,1,1995,0,0,0,0,0,0,0,0,0,0
250327,1,1,1995,18,18,18,18,18,18,18,18,18,18
250328,0,1,1995,18,18,18,18,18,18,18,18,18,18
250328,1,1,1995,11,6,21,15,21,20,19,13,15,12
250329,0,1,1995,3,3,3,3,3,3,3,3,3,3
250329,1,1,1995,0,0,0,0,0,0,0,0,5,0
250330,1,1,1995,0,0,0,0,0,0,0,0,0,0
250331,1,1,1995,26,26,26,26,26,26,26,26,26,26
250332,1,1,1995,6,6,6,6,6,6,6,6,6,6
250333,0,1,1995,13,13,13,13,13,13,13,13,13,13
250333,1,1,1995,18,0,0,0,0,0,0,0,7,0
250334,1,1,1995,11,11,11,11,11,11,11,11,11,11
250335,1,1,1995,0,0,0,0,10,0,0,0,0,16
250335,2,1,1995,0,0,0,0,0,0,0,0,0,0
250335,3,1,1995,0,0,0,0,0,0,0,0,0,0
250336,1,1,1995,6,6,6,6,6,6,6,6,6,6
250336,2,1,1995,0,0,0,10,0,0,0,12,0,0
250337,1,1,1995,0,0,0,0,0,0,0,0,0,0
250338,0,1,1995,0,0,0,0,0,0,0,0,0,0
250338,1,1,1995,0,22,0,0,0,0,0,0,0,0
250339,1,1,1995,0,0,0,0,0,0,0,0,0,0
250339,2,1,1995,0,0,0,0,0,0,0,0,0,0
250340,1,1,1995,0,0,0,0,0,0,0,0,0,0
250340,2,1,1995,0,0,0,0,0,0,0,0,0,0
250341,0,1,1995,0,0,0,0,0,0,0,0,0,0
250341,1,1,1995,0,0,0,0,0,0,0,0,0,0
250342,1,1,1995,0,0,0,0,0,0,0,0,0,0
250342,2,1,1995,0,0,0,0,0,0,0,0,0,0
250343,1,1,1995,0,0,0,0,0,0,0,0,0,0
250343,2,1,1995,0,0,0,0,0,0,0,0,0,0
250343,3,1,1995,0,12,0,0,13,0,12,9,0,0
250344,0,1,1995,0,0,0,0,0,0,0,0,0,0
250344,1,1,1995,0,0,0,0,0,0,0,0,0,0
250345,1,1,1995,0,0,9,0,0,0,0,0,0,12
250346,1,1,1995,18,18,18,18,18,18,18,18,18,18
250347,1,1,1995,0,0,0,0,0,14,0,0,0,0
250347,2,1,1995,11,13,29,19,11,0,25,3,15,20
250348,0,1,1995,19,14,22,13,10,0,17,0,0,0
250348,1,1,1995,0,0,0,0,0,0,0,0,0,13
250349,1,1,1995,0,0,0,0,0,0,16,0,0,0
250349,2,1,1995,0,0,0,0,0,0,0,0,0,0
250350,0,1,1995,0,0,0,0,0,0,0,0,0,0
250350,1,1,1995,0,0,0,0,0,0,0,0,0,0
250351,1,1,1995,0,0,0,0,0,0,0,0,0,0
250351,2,1,1995,0,0,0,0,0,0,0,0,0,0
250352,1,1,1995,0,0,0,0,0,0,0,0,0,0
250352,2,1,1995,0,0,0,0,0,0,0,0,0,0
250353,1,1,1995,0,0,0,0,0,0,0,0,0,0
250353,2,1,1995,0,0,0,0,0,0,0,0,0,0
250354,1,1,1995,9,0,0,0,0,0,0,0,0,0
250354,2,1,1995,0,0,0,0,0,0,0,0,0,0
250354,3,1,1995,0,0,0,0,0,0,0,0,0,0
250355,1,1,1995,0,0,0,0,0,0,0,0,0,0
250355,2,1,1995,0,0,0,0,0,0,0,0,0,0
250355,3,1,1995,0,0,0,0,0,0,0,0,0,0
250356,0,1,1995,0,0,0,0,0,0,0,0,0,0
250356,1,1,1995,0,0,0,0,0,0,0,0,0,0
250357,1,1,1995,14,0,0,0,0,0,4,19,0,0
250358,0,1,1995,7,7,7,7,7,7,7,7,7,7
250358,1,1,1995,0,0,0,0,20,0,0,0,0,0
250359,1,1,1995,0,0,0,0,0,0,0,0,0,0
250359,2,1,1995,0,0,0,0,0,0,0,0,0,0
250359,3,1,1995,0,0,0,0,0,0,0,0,0,0
250360,1,1,1995,0,0,0,0,0,0,0,0,0,0
250360,2,1,1995,0,0,0,0,0,0,0,0,0,0
250361,1,1,1995,0,0,0,0,0,0,0,0,0,0
250361,2,1,1995,0,0,0,10,0,0,0,0,0,0
250362,1,1,1995,10,5,20,7,21,8,0,12,19,12
250363,0,1,1995,0,0,0,0,0,0,0,0,0,0
250363,1,1,1995,0,0,0,0,0,0,0,0,0,0
250364,1,1,1995,3,0,10,0,0,0,5,0,9,0
250365,1,1,1995,16,16,16,16,16,16,16,16,16,16
250366,1,1,1995,0,0,0,0,0,0,0,0,0,0
250366,2,1,1995,24,24,24,24,24,24,24,24,24,24
250367,1,1,1995,22,20,4,19,18,29,25,15,12,18
250368,0,1,1995,9,9,9,9,9,9,9,9,9,9
250368,1,1,1995,18,13,18,0,18,0,10,0,0,0
250368,2,1,1995,7,13,0,0,0,0,0,0,0,0
250369,0,1,1995,0,0,0,0,0,0,0,0,0,0
250369,1,1,1995,0,0,0,0,0,0,0,0,0,9
250370,0,1,1995,0,0,0,0,0,0,0,0,0,0
250370,1,1,1995,0,0,0,0,0,0,0,0,0,0
250371,1,1,1995,0,0,0,0,0,0,0,0,0,0
250371,2,1,1995,0,0,0,0,0,0,0,0,0,0
250372,1,1,1995,0,0,0,0,0,0,0,0,0,0
250372,2,1,1995,0,0,0,0,0,0,0,0,0,0
250373,1,1,1995,0,0,0,0,0,0,0,7,0,0
250373,2,1,1995,0,0,0,0,0,0,0,0,0,0
250374,1,1,1995,0,0,0,0,0,0,0,0,0,0
250375,0,1,1995,0,0,0,0,0,0,0,0,0,0
250375,1,1,1995,0,0,0,0,0,8,0,0,0,0
250376,1,1,1995,17,17,17,17,17,17,17,17,17,17
250377,1,1,1995,0,0,0,0,0,18,0,0,0,0
250377,2,1,1995,0,0,0,0,0,6,0,0,0,0
250378,0,1,1995,0,0,0,0,0,0,0,0,0,0
250378,1,1,1995,0,0,0,0,0,0,0,0,0,0
250379,1,1,1995,0,0,0,0,0,0,4,0,12,0
250379,2,1,1995,0,0,0,0,0,0,0,0,0,0
250379,3,1,1995,0,0,0,0,0,0,0,0,0,0