ST_CASE,VEH_NO,PER_NO,YEAR,P1,P2,P3,P4,P5,P6,P7,P8,P9,P10
250380,0,1,1995,0,0,0,0,0,0,0,0,0,0
250380,1,1,1995,0,0,0,0,0,0,0,0,0,0
250381,0,1,1995,0,0,0,0,0,0,0,0,0,0
250381,1,1,1995,0,17,0,0,0,0,0,0,0,0
250382,1,1,1995,0,0,0,0,0,0,0,0,0,0
250382,2,1,1995,0,5,0,12,18,0,14,0,0,0
250382,3,1,1995,0,26,0,0,0,0,0,0,0,0
250382,4,1,1995,0,0,0,0,0,0,0,0,0,32
250383,1,1,1995,23,0,11,12,0,2,11,17,18,0
250383,2,1,1995,0,0,0,0,0,0,0,0,0,0
250384,1,1,1995,0,0,0,0,0,0,0,0,0,0
250385,0,1,1995,0,0,0,0,0,0,0,0,0,0
250385,1,1,1995,0,0,0,0,0,0,0,0,0,0
250386,0,1,1995,14,14,14,14,14,14,14,14,14,14
250386,1,1,1995,0,13,16,0,19,24,0,3,0,0
250387,1,1,1995,1,1,1,1,1,1,1,1,1,1
250388,1,1,1995,0,0,0,9,0,22,0,0,0,0
250389,1,1,1995,0,0,0,0,0,0,0,0,0,0
250390,1,1,1995,0,0,0,0,0,0,0,0,0,0
250390,2,1,1995,0,0,0,0,0,0,0,0,0,0
250391,1,1,1995,0,0,0,0,0,0,0,0,0,0
250391,2,1,1995,0,0,0,0,20,0,0,7,0,0
250392,0,1,1995,0,0,0,0,0,0,0,0,0,0
250392,1,1,1995,0,9,7,0,0,0,0,0,16,0
250393,1,1,1995,0,0,0,0,0,0,0,0,0,0
250394,0,1,1995,0,0,40,0,0,0,0,0,0,0
250394,1,1,1995,0,0,0,0,0,9,0,0,0,0
250395,1,1,1995,17,17,17,17,17,17,17,17,17,17
250395,2,1,1995,0,11,16,15,0,0,20,13,16,0
250396,0,1,1995,0,0,0,0,0,0,0,0,0,0
250396,1,1,1995,15,13,25,18,16,9,19,14,25,11
250397,1,1,1995,15,15,15,15,15,15,15,15,15,15
250398,1,1,1995,26,25,22,22,28,24,9,11,32,7
250399,1,1,1995,0,0,0,0,0,0,0,0,0,0
250399,2,1,1995,0,0,0,0,5,0,0,0,0,0
250400,1,1,1995,0,0,0,0,0,0,0,0,0,0
250401,0,1,1995,0,0,0,0,0,0,0,0,0,0
250401,1,1,1995,0,0,0,0,0,0,17,0,0,0
250402,1,1,1995,0,0,0,10,21,0,0,0,0,13
250402,2,1,1995,0,0,0,0,0,0,0,0,0,0
250403,1,1,1995,24,24,24,24,24,24,24,24,24,24
250404,1,1,1995,0,0,0,0,0,0,0,0,0,0
250404,2,1,1995,0,0,11,0,0,0,0,0,0,0
250406,1,1,1995,17,17,17,17,17,17,17,17,17,17
250407,1,1,1995,0,0,0,0,0,4,0,0,0,0
250407,2,1,1995,0,0,0,0,0,0,0,0,0,0
250408,1,1,1995,0,0,0,0,0,0,0,0,17,0
250408,2,1,1995,0,0,0,0,0,0,0,0,0,0
250409,1,1,1995,0,0,0,0,0,0,0,0,0,0
250409,2,1,1995,0,0,0,0,0,0,0,0,0,0
250410,1,1,1995,0,0,0,0,0,0,0,0,0,0
250410,2,1,1995,0,0,0,0,0,3,0,0,0,0
250411,1,1,1995,0,0,0,0,0,0,0,0,0,0
250411,2,1,1995,0,0,0,0,24,0,17,0,24,0
250412,1,1,1995,0,0,0,0,0,0,0,0,0,0
250412,2,1,1995,0,0,0,0,0,0,0,0,0,0
250412,3,1,1995,0,0,0,0,0,0,0,0,0,0
250412,4,1,1995,0,0,0,0,0,0,0,0,0,0
250413,1,1,1995,0,0,0,0,0,0,0,0,0,0
250413,2,1,1995,0,0,0,0,0,0,0,0,0,0
250414,1,1,1995,12,10,12,15,16,18,6,3,3,16
250415,1,1,1995,0,0,0,0,0,0,0,10,0,0
250415,2,1,1995,0,0,0,0,0,0,0,0,0,0
250416,0,1,1995,24,24,24,24,24,24,24,24,24,24
250416,1,1,1995,0,21,0,20,0,0,0,0,0,0
250417,1,1,1995,16,16,16,16,16,16,16,16,16,16
250417,2,1,1995,0,3,0,14,0,0,17,21,18,0
250418,1,1,1995,6,6,6,6,6,6,6,6,6,6
250418,2,1,1995,15,0,0,0,0,11,0,0,0,17
250419,1,1,1995,23,14,18,32,22,23,19,10,6,10
250419,2,1,1995,0,0,0,29,0,0,7,10,0,5
250420,0,1,1995,0,0,0,0,0,0,0,0,0,0
250420,1,1,1995,0,0,0,0,0,0,0,0,0,0
250421,1,1,1995,0,0,0,0,0,0,0,0,0,0
250421,2,1,1995,0,0,0,0,0,0,0,0,0,0
250422,1,1,1995,7,0,0,0,0,0,0,0,0,0
250423,1,1,1995,0,0,9,0,31,30,30,0,0,0
260001,1,1,1995,2,2,2,2,2,2,2,2,2,2
260001,2,1,1995,0,0,0,0,0,0,0,0,0,0
260002,1,1,1995,27,27,27,27,27,27,27,27,27,27
260003,1,1,1995,8,8,8,8,8,8,8,8,8,8
260004,1,1,1995,0,0,0,0,0,0,0,0,0,0
260004,2,1,1995,0,0,0,0,0,0,0,0,0,0
260005,1,1,1995,0,0,0,0,0,0,0,0,0,0
260005,2,1,1995,0,0,0,0,0,0,3,0,0,0
260005,3,1,1995,0,0,0,0,0,0,0,0,0,0
260005,4,1,1995,0,0,0,0,0,0,0,0,0,0
260005,5,1,1995,0,0,0,0,0,0,0,0,0,0
260005,6,1,1995,0,0,0,0,0,0,0,0,0,0
260005,7,1,1995,0,0,0,0,0,0,0,0,0,0
260005,8,1,1995,0,11,0,0,0,20,0,0,0,0
260005,9,1,1995,0,0,0,0,0,0,0,0,0,0
260005,10,1,1995,0,0,0,0,0,0,0,0,0,0
260005,11,1,1995,10,0,0,0,0,0,0,0,0,0
260006,1,1,1995,0,0,0,0,0,0,0,0,0,0
260006,2,1,1995,0,0,0,0,0,0,0,0,0,0
260006,3,1,1995,28,0,0,0,0,0,0,0,0,0
260007,1,1,1995,0,0,0,0,0,0,0,0,0,0
260008,1,1,1995,0,0,0,0,0,0,0,0,0,0
260008,2,1,1995,0,0,0,0,0,0,27,0,0,0
260009,1,1,1995,0,0,0,0,0,0,0,0,0,0
260009,2,1,1995,0,18,0,0,0,0,0,0,0,0
260010,1,1,1995,0,0,0,0,0,0,0,0,0,0
260010,2,1,1995,0,0,0,0,0,0,0,0,0,0
260011,1,1,1995,0,0,0,0,0,0,0,0,0,0
260011,2,1,1995,0,0,0,0,0,0,0,0,0,0
260011,3,1,1995,0,0,0,0,0,0,0,0,0,0
260012,1,1,1995,0,0,0,0,0,0,0,0,0,0
260012,2,1,1995,0,0,0,0,0,0,0,0,0,0
260013,1,1,1995,22,22,22,22,22,22,22,22,22,22
260013,2,1,1995,18,18,9,9,18,10,13,19,20,9
260013,3,1,1995,0,0,0,0,0,0,0,0,0,0
260014,1,1,1995,25,25,25,25,25,25,25,25,25,25
260015,1,1,1995,0,0,0,0,0,0,0,0,0,0
260015,2,1,1995,0,0,0,0,0,0,0,0,0,0
260016,1,1,1995,0,0,0,0,0,0,0,0,0,0
260016,2,1,1995,0,0,0,0,0,0,0,0,0,0
260017,1,1,1995,0,0,0,0,0,0,0,0,0,0
260017,2,1,1995,0,0,0,0,0,0,0,0,0,0
260017,3,1,1995,0,0,0,0,0,0,0,0,8,0
260018,1,1,1995,2,2,2,2,2,2,2,2,2,2
260018,2,1,1995,0,0,0,0,0,0,0,0,0,0
260019,1,1,1995,16,16,16,16,16,16,16,16,16,16
260020,0,1,1995,0,0,0,0,0,0,0,0,0,0
260020,1,1,1995,0,0,0,0,0,0,0,0,0,0
260021,1,1,1995,0,0,0,0,0,0,0,0,0,0
260021,2,1,1995,0,0,0,0,0,0,0,0,0,0
260022,0,1,1995,31,31,31,31,31,31,31,31,31,31
260022,1,1,1995,21,21,21,21,21,21,21,21,21,21
260023,1,1,1995,0,0,0,0,0,0,0,0,0,0
260024,1,1,1995,20,20,20,20,20,20,20,20,20,20
260024,2,1,1995,0,0,0,0,0,0,0,0,0,0
260024,3,1,1995,0,0,0,0,0,0,0,0,0,0
260025,1,1,1995,0,0,0,0,0,0,0,0,0,0
260026,0,1,1995,0,0,0,0,0,0,0,0,0,0
260026,1,1,1995,0,0,0,0,0,0,0,0,0,0
260027,1,1,1995,7,7,7,7,7,7,7,7,7,7
260027,2,1,1995,11,11,11,11,11,11,11,11,11,11
260028,1,1,1995,1,1,1,1,1,1,1,1,1,1
260028,2,1,1995,0,0,0,0,0,0,0,0,0,0
260029,1,1,1995,0,0,0,0,0,0,0,0,0,0
260029,2,1,1995,0,0,0,0,0,0,0,0,0,0
260030,1,1,1995,0,0,0,0,0,0,0,0,0,0
260030,2,1,1995,0,0,0,0,0,0,0,0,0,0
260031,1,1,1995,0,0,0,0,0,0,0,0,0,0
260031,2,1,1995,0,0,0,0,0,0,0,0,0,0
260032,1,1,1995,0,0,0,0,0,0,0,0,0,0
260034,0,1,1995,0,0,0,0,0,0,0,0,0,0
260034,1,1,1995,0,0,0,0,0,0,0,0,0,0
260035,1,1,1995,0,0,0,0,0,0,0,0,0,0
260036,0,1,1995,20,20,20,20,20,20,20,20,20,20
260036,1,1,1995,17,0,12,26,15,7,10,17,0,10
260037,1,1,1995,0,0,0,0,0,0,0,0,0,0
260037,2,1,1995,0,0,0,0,0,0,0,0,0,0
260038,1,1,1995,0,0,0,0,0,0,0,0,0,0
260039,1,1,1995,0,0,0,0,0,0,0,0,0,0
260039,2,1,1995,0,0,0,0,0,0,0,0,0,0
260040,1,1,1995,0,0,0,0,0,0,0,0,0,0
260040,2,1,1995,0,0,0,0,0,0,0,0,0,0
260041,1,1,1995,27,27,27,27,27,27,27,27,27,27
260041,2,1,1995,0,0,0,0,0,0,0,0,0,0
260042,1,1,1995,0,0,0,0,0,0,0,0,0,0
260042,2,1,1995,0,0,0,0,0,0,0,0,0,0
260043,1,1,1995,12,12,12,12,12,12,12,12,12,12
260044,1,1,1995,0,0,0,0,0,0,0,0,0,0
260045,1,1,1995,0,0,0,0,0,0,0,0,0,0
260046,1,1,1995,0,0,0,0,0,0,0,0,0,0
260046,2,1,1995,0,0,0,0,0,0,0,0,0,0
260047,1,1,1995,0,0,0,0,0,0,0,0,0,0
260047,2,1,1995,0,0,0,0,0,0,0,0,0,0
260048,0,1,1995,0,0,0,0,0,0,0,0,0,0
260048,1,1,1995,0,0,0,0,0,0,0,0,0,0
260049,1,1,1995,0,0,0,0,0,0,21,0,0,0
260050,1,1,1995,0,0,0,0,0,0,0,0,0,0
260050,2,1,1995,0,0,0,0,0,0,0,0,0,0
260051,1,1,1995,1,1,1,1,1,1,1,1,1,1
260051,2,1,1995,0,0,0,0,0,0,0,0,0,0
260052,1,1,1995,0,0,0,0,0,0,0,0,14,0
260052,2,1,1995,0,0,0,0,0,0,0,0,0,0
260052,3,1,1995,0,0,0,0,0,0,0,0,0,0
260053,1,1,1995,0,0,0,0,0,0,0,0,0,0
260054,1,1,1995,13,13,13,13,13,13,13,13,13,13
260055,1,1,1995,15,15,15,15,15,15,15,15,15,15
260055,2,1,1995,0,0,0,0,0,0,0,0,0,0
260055,3,1,1995,0,0,0,0,0,0,0,0,0,0
260056,1,1,1995,0,0,0,0,0,0,0,0,0,0
260056,2,1,1995,0,0,0,0,0,0,0,0,0,0
260057,1,1,1995,23,23,23,23,23,23,23,23,23,23
260057,2,1,1995,0,0,0,0,0,0,0,0,0,0
260058,1,1,1995,0,0,0,0,0,0,0,0,0,0
260058,2,1,1995,0,0,0,0,0,0,0,0,0,0
260059,0,1,1995,0,0,0,0,0,0,0,0,0,0
260059,0,2,1995,36,28,0,5,0,29,0,23,14,13
260059,1,1,1995,0,20,0,0,0,0,0,0,9,0
260060,1,1,1995,0,0,0,0,0,0,0,0,0,0
260060,2,1,1995,0,0,0,0,0,0,0,0,0,0
260061,1,1,1995,8,8,8,8,8,8,8,8,8,8
260062,1,1,1995,30,30,30,30,30,30,30,30,30,30
260063,1,1,1995,6,6,6,6,6,6,6,6,6,6
260064,1,1,1995,0,0,0,0,0,0,0,0,0,0
260064,2,1,1995,0,0,0,0,0,0,0,0,0,0
260064,3,1,1995,0,0,0,0,0,0,0,0,0,0
260065,0,1,1995,22,23,12,17,19,11,14,24,16,17
260065,1,1,1995,0,0,0,0,0,0,0,0,0,0
260066,1,1,1995,0,0,0,0,0,0,0,0,0,0
260066,2,1,1995,0,0,0,0,22,0,0,0,0,0
260067,1,1,1995,0,0,0,0,0,0,0,0,0,0
260067,2,1,1995,0,0,0,0,0,0,0,0,0,0
260068,1,1,1995,0,0,0,0,0,0,0,0,0,0
260068,2,1,1995,0,0,0,0,0,0,0,0,0,0
260069,0,1,1995,19,18,0,0,28,19,0,0,0,5
260069,1,1,1995,9,0,0,0,0,0,0,0,0,0
260069,2,1,1995,0,0,0,0,0,0,0,0,0,0
260070,1,1,1995,14,14,14,14,14,14,14,14,14,14
260071,1,1,1995,6,6,6,6,6,6,6,6,6,6
260071,2,1,1995,0,0,0,0,0,0,0,0,0,0
260072,1,1,1995,0,0,0,0,0,0,0,0,0,0
260072,2,1,1995,0,0,0,0,0,0,0,0,0,0
260072,3,1,1995,0,0,0,0,0,0,0,0,0,0
260073,1,1,1995,0,0,0,0,0,0,0,0,0,0
260073,2,1,1995,9,9,9,9,9,9,9,9,9,9
260074,0,1,1995,28,28,28,28,28,28,28,28,28,28
260074,1,1,1995,0,0,0,0,0,0,0,0,0,0
260075,1,1,1995,27,27,27,27,27,27,27,27,27,27
260075,2,1,1995,0,0,0,0,0,0,0,0,0,0
260075,3,1,1995,0,0,0,0,0,0,0,0,0,0
260076,1,1,1995,0,0,0,0,0,0,0,0,0,0
260076,2,1,1995,0,0,0,0,0,0,0,0,0,0
260077,1,1,1995,0,0,0,0,0,0,0,0,0,0
260078,1,1,1995,7,7,7,7,7,7,7,7,7,7
260078,2,1,1995,0,0,0,0,0,0,0,0,0,0
260079,1,1,1995,16,16,16,16,16,16,16,16,16,16
260080,1,1,1995,0,0,0,0,0,0,0,0,0,0
260080,2,1,1995,0,0,0,0,0,0,0,0,0,0
260081,1,1,1995,0,0,0,0,0,0,0,0,0,0
260082,1,1,1995,0,0,0,0,0,0,0,0,0,0
260083,1,1,1995,0,0,0,0,0,0,0,0,0,0
260083,2,1,1995,0,0,0,0,0,0,0,0,0,0
260084,1,1,1995,25,25,25,25,25,25,25,25,25,25
260084,2,1,1995,0,0,0,0,0,0,0,0,0,0
260084,3,1,1995,0,0,0,0,0,0,0,0,0,0
260085,0,1,1995,23,23,23,23,23,23,23,23,23,23
260085,1,1,1995,7,7,7,7,7,7,7,7,7,7
260086,0,1,1995,0,0,0,0,0,0,0,0,0,0
260086,0,2,1995,0,0,0,0,0,0,0,0,0,0
260086,1,1,1995,0,0,0,0,0,14,0,0,0,0
260087,1,1,1995,9,9,9,9,9,9,9,9,9,9
260088,0,1,1995,0,0,0,0,0,0,13,22,0,0
260088,1,1,1995,0,8,0,12,0,0,0,0,0,0
260089,1,1,1995,25,25,25,25,25,25,25,25,25,25
260090,1,1,1995,17,24,32,10,10,21,14,5,4,7
260091,1,1,1995,0,0,0,0,0,0,0,0,0,0
260091,2,1,1995,0,0,0,0,0,0,0,0,0,0
260091,3,1,1995,0,0,0,0,0,0,0,0,0,0
260092,1,1,1995,0,0,0,0,0,0,0,0,0,0
260092,2,1,1995,0,0,0,0,0,0,0,0,0,0
260092,3,1,1995,0,0,0,0,0,0,0,0,0,0
260092,4,1,1995,0,0,0,0,0,0,0,0,0,0
260092,5,1,1995,0,0,0,0,0,0,0,0,0,0
260093,0,1,1995,10,10,10,10,10,10,10,10,10,10
260093,1,1,1995,0,0,0,0,0,0,0,0,0,0
260094,1,1,1995,13,13,13,13,13,13,13,13,13,13
260095,1,1,1995,0,0,0,0,0,0,0,0,0,0
260095,2,1,1995,0,0,0,0,0,0,0,0,0,0
260096,1,1,1995,0,0,0,0,0,0,0,0,0,0
260096,2,1,1995,0,0,0,0,0,0,0,0,0,0
260097,1,1,1995,17,17,17,17,17,17,17,17,17,17
260098,1,1,1995,18,23,9,18,0,0,12,0,11,0
260099,1,1,1995,16,16,16,16,16,16,16,16,16,16
260099,2,1,1995,0,0,18,6,0,0,16,19,9,16
260100,1,1,1995,12,21,16,15,20,0,10,21,20,14
260101,1,1,1995,5,5,5,5,5,5,5,5,5,5
260102,1,1,1995,0,0,0,0,0,0,0,0,0,0
260103,1,1,1995,0,36,0,0,0,0,0,0,0,0
260103,2,1,1995,0,0,0,0,0,0,0,0,0,0
260104,1,1,1995,14,14,14,14,14,14,14,14,14,14
260104,2,1,1995,17,15,5,14,17,6,16,5,10,16
260105,0,1,1995,0,0,0,24,0,0,0,0,0,0
260105,1,1,1995,0,0,0,0,0,0,0,0,0,0
260106,1,1,1995,24,15,19,5,19,26,25,22,7,27
260106,2,1,1995,13,13,13,13,13,13,13,13,13,13
260107,1,1,1995,20,20,20,20,20,20,20,20,20,20
260108,1,1,1995,0,0,0,0,0,0,0,0,0,0
260108,2,1,1995,0,0,0,0,0,0,0,0,0,0
260109,1,1,1995,14,14,14,14,14,14,14,14,14,14
260110,1,1,1995,10,10,10,10,10,10,10,10,10,10
260111,1,1,1995,19,19,19,19,19,19,19,19,19,19
260112,1,1,1995,0,0,0,0,0,0,0,0,0,0
260112,2,1,1995,0,0,0,0,0,0,0,0,0,0
260113,1,1,1995,0,0,0,0,0,0,0,0,0,0
260113,2,1,1995,0,0,0,0,0,0,0,0,0,0
260114,1,1,1995,29,29,29,29,29,29,29,29,29,29
260115,1,1,1995,0,0,0,0,0,7,0,0,0,0
260116,1,1,1995,0,0,0,0,0,0,0,0,0,0
260116,2,1,1995,0,0,0,0,0,0,15,0,0,0
260117,1,1,1995,0,0,0,0,0,0,0,0,0,0
260117,2,1,1995,0,0,0,0,0,0,0,0,0,0
260118,1,1,1995,13,13,13,13,13,13,13,13,13,13
260119,1,1,1995,18,18,18,18,18,18,18,18,18,18
260120,1,1,1995,25,25,25,25,25,25,25,25,25,25
260121,1,1,1995,16,16,16,16,16,16,16,16,16,16
260122,1,1,1995,0,0,0,0,0,0,0,0,0,0
260122,2,1,1995,0,0,0,0,0,0,0,0,0,0
260123,1,1,1995,0,0,0,0,0,0,0,0,0,0
260124,1,1,1995,0,0,0,0,0,0,0,0,0,0
260124,2,1,1995,0,0,0,0,0,0,0,0,0,0
260124,3,1,1995,0,0,0,0,0,0,0,0,0,0
260125,1,1,1995,16,16,16,16,16,16,16,16,16,16
260125,2,1,1995,0,0,0,0,0,0,0,0,0,0
260126,1,1,1995,16,16,16,16,16,16,16,16,16,16
260127,1,1,1995,0,0,0,0,0,0,0,0,0,0
260127,2,1,1995,0,0,0,0,0,0,0,0,0,0
260128,1,1,1995,0,0,0,0,0,0,0,0,0,0
260128,2,1,1995,0,0,0,0,0,0,0,0,0,6
260129,1,1,1995,19,19,19,19,19,19,19,19,19,19
260129,2,1,1995,0,0,0,0,0,0,0,0,0,0
260130,0,1,1995,0,0,0,0,0,0,0,0,0,0
260130,1,1,1995,0,0,0,0,0,0,0,0,0,0
260131,1,1,1995,19,19,19,19,19,19,19,19,19,19
260132,1,1,1995,0,0,0,24,0,0,0,0,0,0
260132,2,1,1995,0,0,0,0,0,0,0,0,0,0
260132,3,1,1995,0,0,0,0,0,0,0,0,0,0
260133,1,1,1995,0,0,0,0,0,0,0,0,0,0
260134,1,1,1995,0,0,0,0,0,0,0,0,0,0
260135,1,1,1995,0,0,0,0,0,0,0,0,0,0
260135,2,1,1995,0,0,0,0,0,0,0,0,0,0
260136,1,1,1995,0,0,0,0,0,0,0,0,0,0
260136,2,1,1995,0,0,0,0,0,0,0,0,0,0
260136,3,1,1995,0,0,0,0,0,0,0,0,0,0
260136,4,1,1995,0,0,0,0,0,0,0,0,0,0
260136,5,1,1995,0,0,0,0,0,0,0,0,0,0
260136,6,1,1995,0,0,0,0,0,0,0,0,0,0
260137,1,1,1995,0,0,0,0,0,0,0,0,0,0
260137,2,1,1995,0,0,0,0,0,0,0,0,0,0
260138,1,1,1995,0,0,0,0,0,0,0,0,0,0
260138,2,1,1995,0,0,0,0,0,0,0,0,0,0
260139,1,1,1995,6,6,6,6,6,6,6,6,6,6
260139,2,1,1995,21,21,21,21,21,21,21,21,21,21
260139,3,1,1995,12,12,21,15,11,2,12,10,26,18
260140,1,1,1995,0,0,0,0,0,0,0,0,0,0
260140,2,1,1995,0,0,0,0,0,0,0,0,0,0
260141,1,1,1995,0,0,0,0,0,0,0,0,0,0
260141,2,1,1995,0,0,0,0,0,0,0,0,0,0
260142,1,1,1995,24,24,24,24,24,24,24,24,24,24
260142,2,1,1995,0,0,0,0,0,0,0,0,0,0
260142,3,1,1995,0,0,0,0,0,0,0,0,0,0
260143,1,1,1995,0,0,0,0,0,0,0,0,0,0
260143,2,1,1995,0,0,0,0,0,0,0,0,0,0
260144,1,1,1995,0,0,0,0,0,0,0,0,0,0
260144,2,1,1995,0,0,0,0,0,11,0,0,0,0
260145,1,1,1995,0,0,0,0,0,0,0,0,0,0
260145,2,1,1995,0,0,0,0,0,0,0,0,0,0
260146,1,1,1995,0,0,9,0,0,0,0,0,0,0
260146,2,1,1995,12,12,12,12,12,12,12,12,12,12
260147,1,1,1995,28,28,28,28,28,28,28,28,28,28
260148,1,1,1995,0,0,0,0,0,0,0,0,0,0
260148,2,1,1995,0,0,0,0,0,0,0,0,0,0
260148,3,1,1995,0,0,0,0,0,0,0,0,0,0
260149,1,1,1995,0,0,0,0,0,0,0,0,0,0
260149,2,1,1995,0,0,0,0,0,0,0,0,0,0
260150,1,1,1995,27,0,16,7,11,10,13,2,16,15
260151,1,1,1995,21,21,21,21,21,21,21,21,21,21
260152,1,1,1995,26,26,26,26,26,26,26,26,26,26
260153,1,1,1995,8,8,8,8,8,8,8,8,8,8
260154,1,2,1995,16,30,13,23,16,0,0,25,29,19
260155,0,1,1995,0,0,0,0,0,0,0,0,0,0
260155,1,1,1995,15,15,15,15,15,15,15,15,15,15
260156,1,1,1995,16,16,16,16,16,16,16,16,16,16
260157,1,1,1995,0,0,0,0,0,0,0,0,0,0
260157,2,1,1995,0,0,0,0,0,0,0,0,0,0
260158,1,1,1995,0,0,0,0,0,0,0,0,0,0
260158,2,1,1995,0,0,0,0,0,0,0,0,0,0
260159,1,1,1995,21,21,21,21,21,21,21,21,21,21
260160,1,1,1995,0,0,0,0,0,0,0,0,0,0
260160,2,1,1995,0,0,0,0,0,0,0,0,0,0
260161,1,1,1995,22,22,22,22,22,22,22,22,22,22
260162,1,1,1995,0,0,0,0,0,0,0,0,0,0
260162,2,1,1995,0,0,0,0,0,0,0,0,0,0
260163,1,1,1995,0,0,0,0,0,0,0,0,0,0
260164,1,1,1995,0,0,0,0,0,0,0,0,0,0
260164,2,1,1995,0,0,0,0,0,0,0,0,0,0
260165,1,1,1995,15,15,15,15,15,15,15,15,15,15
260166,1,1,1995,0,0,0,0,0,0,0,0,0,0
260166,2,1,1995,0,0,0,0,0,0,0,0,0,0
260166,3,1,1995,0,0,0,0,0,0,0,0,0,0
260167,1,1,1995,0,0,0,0,0,0,0,0,0,0
260167,2,1,1995,0,0,0,0,0,0,0,0,0,0
260168,0,1,1995,0,0,0,0,0,0,0,0,0,0
260168,1,1,1995,0,0,0,0,0,0,0,0,0,0
260168,2,1,1995,0,0,0,0,0,0,0,0,0,0
260169,0,1,1995,0,0,0,0,0,0,0,0,0,20
260169,1,1,1995,0,0,0,0,0,0,0,0,0,0
260169,2,1,1995,0,0,0,0,0,18,0,0,0,0
260170,1,1,1995,0,0,0,0,0,0,0,0,0,0
260170,2,1,1995,0,0,0,0,0,0,0,0,0,0
260171,1,1,1995,3,3,3,3,3,3,3,3,3,3
260171,2,1,1995,0,0,20,0,0,0,0,0,0,0
260171,3,1,1995,0,0,0,0,0,0,0,0,0,0
260171,4,1,1995,0,0,0,0,0,0,0,0,0,0
260172,1,1,1995,0,0,16,0,0,0,0,0,0,0
260173,1,1,1995,7,0,0,0,0,0,0,0,0,0
260174,1,1,1995,0,0,0,0,0,0,25,0,0,0
260174,2,1,1995,0,0,0,0,0,0,0,0,0,0
260175,1,1,1995,0,0,0,0,0,0,0,0,0,0
260175,2,1,1995,0,0,0,0,0,0,0,0,0,0
260175,3,1,1995,0,0,0,0,0,0,0,0,0,0
260176,1,1,1995,0,0,0,0,0,0,0,0,0,0
260176,2,1,1995,23,23,23,23,23,23,23,23,23,23
260178,1,1,1995,0,0,0,0,0,0,0,0,0,0
260178,2,1,1995,0,0,0,0,0,0,0,0,0,0
260179,1,1,1995,0,0,0,0,0,0,0,0,0,0
260180,0,1,1995,13,13,13,13,13,13,13,13,13,13
260180,1,1,1995,0,0,0,0,0,0,0,0,0,0
260181,1,1,1995,0,0,0,0,0,0,0,0,0,0
260183,1,1,1995,7,7,7,7,7,7,7,7,7,7
260183,2,1,1995,24,15,8,28,18,0,18,0,0,6
260184,0,1,1995,0,0,0,0,0,0,0,0,0,0
260184,1,1,1995,17,0,0,0,0,16,0,0,0,26
260185,1,1,1995,0,0,0,17,5,8,10,23,6,0
260186,1,1,1995,0,0,0,0,0,0,0,0,0,0
260186,2,1,1995,0,0,0,0,0,0,0,0,0,0
260187,1,1,1995,0,0,0,0,0,0,0,0,0,0
260187,2,1,1995,0,0,0,0,0,0,0,0,0,0
260187,3,1,1995,0,0,0,0,0,0,0,0,0,0
260187,4,1,1995,0,0,0,0,0,0,0,0,0,0
260188,1,1,1995,0,9,0,0,0,0,0,0,0,0
260188,2,1,1995,0,0,17,0,12,0,0,0,0,0
260188,3,1,1995,0,0,0,0,0,0,0,0,0,0
260189,0,1,1995,0,0,0,0,0,0,0,0,0,0
260189,1,1,1995,0,0,0,0,0,0,0,0,0,0
260190,1,1,1995,19,19,19,19,19,19,19,19,19,19
260191,1,1,1995,0,0,0,0,0,16,8,0,0,0
260192,1,1,1995,0,0,0,0,0,0,0,0,0,0
260192,2,1,1995,0,0,0,0,0,0,0,0,0,0
260193,1,1,1995,18,13,16,35,22,15,10,28,21,17
260194,1,1,1995,0,0,0,0,0,0,0,0,0,0
260194,2,1,1995,0,0,0,0,0,0,0,0,0,0
260195,1,1,1995,0,0,0,0,0,0,0,0,0,0
260195,2,1,1995,0,0,0,0,0,0,0,0,0,0
260196,0,1,1995,0,28,15,21,11,25,11,23,33,12
260196,1,1,1995,0,0,0,0,0,0,0,0,0,0
260197,1,1,1995,0,0,0,0,0,0,0,0,0,0
260197,2,1,1995,0,0,0,0,0,0,0,0,0,0
260198,0,1,1995,20,0,0,0,24,0,0,18,0,0
260198,1,1,1995,0,0,0,0,0,0,0,0,0,0
260199,1,1,1995,6,6,6,6,6,6,6,6,6,6
260200,1,1,1995,0,0,0,0,0,0,0,0,0,0
260200,2,1,1995,0,0,0,0,0,0,0,0,0,0
260201,1,1,1995,0,0,0,15,0,0,0,0,0,0
260202,0,1,1995,0,0,0,0,0,0,0,0,0,0
260202,1,1,1995,0,0,0,0,0,0,0,0,0,0
260203,1,1,1995,15,15,15,15,15,15,15,15,15,15
260204,1,1,1995,19,19,19,19,19,19,19,19,19,19
260205,1,1,1995,15,15,15,15,15,15,15,15,15,15
260206,1,1,1995,0,0,0,0,0,0,0,0,0,0
260206,2,1,1995,0,0,0,0,0,0,0,0,0,12
260207,0,1,1995,0,0,0,0,0,0,0,0,0,0
260207,1,1,1995,0,0,0,0,0,0,0,0,0,0
260208,1,1,1995,0,0,0,0,0,0,0,0,0,0
260209,0,1,1995,7,7,7,7,7,7,7,7,7,7
260209,1,1,1995,0,0,0,0,0,0,0,0,0,0
260210,1,1,1995,0,0,0,0,0,0,0,0,0,0
260211,1,1,1995,25,25,25,25,25,25,25,25,25,25