ST_CASE,VEH_NO,PER_NO,YEAR,P1,P2,P3,P4,P5,P6,P7,P8,P9,P10
260212,1,1,1995,13,13,13,13,13,13,13,13,13,13
260213,1,1,1995,0,0,0,0,0,0,0,0,0,0
260213,2,1,1995,0,0,0,0,0,0,0,0,0,0
260214,1,1,1995,0,0,0,0,0,0,0,0,0,0
260214,2,1,1995,0,0,0,0,0,0,0,0,0,0
260215,1,1,1995,0,0,0,0,0,0,0,0,0,0
260215,2,1,1995,0,0,0,0,0,0,0,0,0,0
260216,1,1,1995,20,20,20,20,20,20,20,20,20,20
260217,1,1,1995,17,17,17,17,17,17,17,17,17,17
260217,2,1,1995,0,0,0,0,0,0,0,0,0,0
260218,1,1,1995,17,17,17,17,17,17,17,17,17,17
260218,2,1,1995,21,21,21,21,21,21,21,21,21,21
260219,0,1,1995,0,0,0,0,0,0,0,0,0,0
260219,1,1,1995,0,0,0,0,0,0,0,0,0,0
260220,1,1,1995,0,0,0,0,0,0,0,0,0,0
260220,2,1,1995,0,0,0,0,0,0,0,0,0,0
260221,1,1,1995,31,31,31,31,31,31,31,31,31,31
260222,1,1,1995,0,0,0,0,0,0,0,0,0,0
260222,2,1,1995,0,0,0,0,0,0,0,0,0,0
260223,1,1,1995,7,0,0,0,0,0,0,0,0,6
260223,2,1,1995,0,0,0,0,0,0,0,0,0,0
260224,1,1,1995,0,0,0,0,0,0,0,0,0,0
260225,1,1,1995,0,0,0,0,0,0,0,0,0,0
260226,1,1,1995,0,0,0,0,0,0,0,29,0,0
260227,1,1,1995,0,0,0,0,0,0,0,0,0,0
260227,2,1,1995,0,0,0,0,0,0,0,0,0,0
260228,1,1,1995,0,0,0,0,0,0,0,0,0,0
260228,2,1,1995,0,0,0,0,0,0,0,0,0,0
260229,0,1,1995,17,17,17,17,17,17,17,17,17,17
260229,1,1,1995,11,11,11,11,11,11,11,11,11,11
260230,1,1,1995,3,3,3,3,3,3,3,3,3,3
260230,2,1,1995,8,17,0,0,4,0,11,0,25,3
260230,3,1,1995,0,0,27,0,0,0,9,0,0,23
260231,1,1,1995,16,21,13,20,20,12,16,16,10,9
260231,2,1,1995,0,0,15,15,0,16,0,0,0,0
260232,1,1,1995,0,0,0,0,0,0,0,0,0,0
260232,2,1,1995,0,0,0,0,0,0,0,0,0,0
260233,0,1,1995,7,5,0,0,0,0,0,0,20,0
260233,1,1,1995,0,0,0,0,9,15,0,0,0,0
260234,0,1,1995,29,29,29,29,29,29,29,29,29,29
260234,1,1,1995,18,0,0,0,0,13,0,0,0,16
260235,0,1,1995,14,18,34,22,18,7,5,13,26,13
260235,1,1,1995,0,0,0,0,10,0,0,0,4,0
260236,0,1,1995,20,20,20,20,20,20,20,20,20,20
260236,1,1,1995,0,13,0,25,0,0,19,8,0,0
260237,1,1,1995,0,0,0,0,0,0,0,0,0,0
260237,2,1,1995,0,0,0,0,0,0,0,0,0,0
260238,1,1,1995,0,0,0,0,0,0,0,0,0,0
260239,1,1,1995,0,0,0,27,0,0,0,0,0,0
260240,1,1,1995,0,0,0,0,0,0,0,0,0,0
260241,1,1,1995,0,0,0,0,0,0,0,0,0,0
260241,2,1,1995,0,0,0,0,0,0,0,0,0,0
260242,1,1,1995,22,22,22,22,22,22,22,22,22,22
260243,1,1,1995,16,16,16,16,16,16,16,16,16,16
260243,2,1,1995,0,0,0,0,0,0,0,0,0,0
260244,1,1,1995,19,11,20,38,7,23,10,12,20,12
260245,0,1,1995,0,0,0,0,0,0,0,0,0,0
260245,1,1,1995,0,0,5,0,0,0,0,0,0,0
260246,0,1,1995,0,0,0,0,0,0,25,0,0,0
260246,1,1,1995,0,0,0,0,0,15,0,0,0,0
260248,1,1,1995,0,0,0,0,0,0,0,0,0,0
260248,2,1,1995,0,0,0,0,0,0,0,0,0,0
260249,1,1,1995,0,0,0,0,0,11,0,0,0,20
260249,2,1,1995,0,0,0,0,0,0,0,0,0,0
260250,0,1,1995,16,16,16,16,16,16,16,16,16,16
260250,1,1,1995,0,0,0,0,0,0,0,0,0,0
260251,1,1,1995,23,23,23,23,23,23,23,23,23,23
260251,2,1,1995,0,0,0,0,0,0,0,0,0,0
260251,3,1,1995,0,0,0,0,0,0,0,0,0,0
260252,1,1,1995,24,24,24,24,24,24,24,24,24,24
260252,2,1,1995,32,32,32,32,32,32,32,32,32,32
260253,1,1,1995,4,4,4,4,4,4,4,4,4,4
260254,1,1,1995,0,0,0,0,0,0,0,0,0,0
260255,1,1,1995,8,8,8,8,8,8,8,8,8,8
260256,0,1,1995,0,0,0,0,0,0,0,0,0,0
260256,1,1,1995,0,0,0,0,0,0,0,0,0,0
260257,1,1,1995,0,0,0,0,0,0,0,0,0,0
260257,2,1,1995,0,0,0,0,0,6,0,0,0,0
260258,1,1,1995,0,0,0,0,0,0,0,0,0,0
260258,2,1,1995,0,0,0,0,7,0,0,0,0,0
260259,0,1,1995,0,0,0,0,0,0,0,0,0,0
260259,1,1,1995,8,0,10,0,0,18,0,0,0,18
260260,1,1,1995,15,15,15,15,15,15,15,15,15,15
260261,1,1,1995,16,16,16,16,16,16,16,16,16,16
260262,1,1,1995,0,0,0,0,0,0,0,0,0,0
260262,2,1,1995,0,0,0,0,0,0,0,0,0,0
260263,0,1,1995,0,0,0,0,0,0,0,0,0,0
260263,0,2,1995,0,0,0,0,0,0,0,0,0,0
260263,0,3,1995,0,0,0,0,0,0,0,0,0,0
260263,0,4,1995,0,0,9,11,0,0,0,0,0,0
260263,1,1,1995,0,0,0,0,14,6,10,0,0,12
260264,1,1,1995,0,0,0,0,0,0,0,0,0,0
260265,1,1,1995,0,0,0,0,0,0,0,0,0,0
260265,2,1,1995,0,0,0,0,0,0,0,0,0,0
260266,1,1,1995,0,0,0,0,0,0,0,0,0,0
260266,2,1,1995,0,0,0,0,0,0,0,0,0,0
260267,1,1,1995,38,22,22,2,12,22,30,21,18,4
260267,2,1,1995,25,10,9,13,12,18,20,0,9,2
260268,1,1,1995,0,0,0,0,0,0,0,0,0,0
260269,1,1,1995,0,0,0,0,0,0,0,0,0,0
260269,2,1,1995,0,0,14,0,0,0,0,0,0,0
260270,1,1,1995,0,0,0,0,0,0,0,0,0,0
260270,2,1,1995,0,0,0,0,0,0,0,0,0,0
260271,1,1,1995,8,8,8,8,8,8,8,8,8,8
260272,1,1,1995,20,20,20,20,20,20,20,20,20,20
260273,1,1,1995,23,23,23,23,23,23,23,23,23,23
260274,1,1,1995,31,31,31,31,31,31,31,31,31,31
260274,2,1,1995,0,0,0,0,0,0,0,0,0,0
260275,1,1,1995,0,0,0,0,0,0,0,0,0,0
260276,1,1,1995,0,0,0,0,0,0,0,0,0,0
260277,1,1,1995,15,15,15,15,15,15,15,15,15,15
260277,2,1,1995,18,24,6,8,13,24,12,14,16,16
260278,1,1,1995,0,0,0,0,0,0,0,0,0,0
260278,2,1,1995,0,0,0,0,0,0,0,0,0,0
260279,1,1,1995,0,0,0,0,0,0,0,0,0,0
260279,2,1,1995,0,0,0,0,0,0,0,0,0,0
260280,1,1,1995,16,16,16,16,16,16,16,16,16,16
260281,1,1,1995,25,25,25,25,25,25,25,25,25,25
260281,2,1,1995,5,5,5,5,5,5,5,5,5,5
260282,1,1,1995,0,0,0,0,0,0,0,0,0,0
260282,2,1,1995,0,0,0,0,0,0,0,0,0,0
260283,1,1,1995,15,15,15,15,15,15,15,15,15,15
260284,1,1,1995,0,0,0,0,0,13,0,0,0,0
260284,2,1,1995,0,0,0,0,0,0,0,0,0,0
260284,3,1,1995,0,0,0,0,0,0,0,0,0,0
260285,1,1,1995,11,0,0,0,24,21,4,0,0,0
260286,1,1,1995,18,18,18,18,18,18,18,18,18,18
260286,2,1,1995,0,0,0,0,0,0,0,0,0,0
260287,1,1,1995,0,20,42,11,10,24,17,38,17,16
260287,2,1,1995,0,0,0,0,0,0,0,0,0,0
260288,1,1,1995,25,25,25,25,25,25,25,25,25,25
260288,2,1,1995,0,0,0,0,0,0,0,0,0,0
260289,1,1,1995,28,28,28,28,28,28,28,28,28,28
260290,1,1,1995,0,0,0,0,0,0,0,0,0,0
260290,2,1,1995,0,0,0,0,0,0,0,0,0,0
260291,1,1,1995,0,0,0,0,0,0,0,0,0,0
260292,1,1,1995,0,0,0,0,0,0,0,0,0,0
260292,2,1,1995,0,0,0,0,0,0,0,0,0,0
260293,0,1,1995,14,27,18,0,21,0,39,25,0,13
260293,1,1,1995,0,0,4,0,0,0,17,9,0,0
260294,1,1,1995,11,16,11,18,8,24,8,6,20,14
260295,1,1,1995,24,16,19,9,22,33,20,14,31,26
260295,2,1,1995,0,10,13,10,24,0,0,0,0,0
260296,0,1,1995,28,28,28,28,28,28,28,28,28,28
260296,1,1,1995,17,0,15,0,13,0,0,0,0,0
260297,1,1,1995,0,0,0,0,0,0,0,0,0,0
260298,1,1,1995,18,18,18,18,18,18,18,18,18,18
260298,2,1,1995,0,0,0,0,0,0,0,0,0,0
260299,1,1,1995,0,0,0,0,0,14,0,0,0,0
260299,2,1,1995,0,0,0,0,0,0,0,0,0,0
260299,3,1,1995,0,0,0,0,0,0,0,0,0,0
260300,0,1,1995,19,16,14,25,0,15,31,14,0,23
260300,1,1,1995,34,0,0,15,28,0,0,0,0,28
260301,1,1,1995,46,46,46,46,46,46,46,46,46,46
260301,2,1,1995,0,0,0,0,0,0,0,0,0,0
260302,1,1,1995,0,0,0,0,0,0,0,0,0,0
260302,2,1,1995,0,0,0,0,0,0,0,0,0,0
260303,0,1,1995,1,1,1,1,1,1,1,1,1,1
260303,1,1,1995,0,0,0,0,0,0,0,0,0,0
260304,1,1,1995,5,5,5,5,5,5,5,5,5,5
260304,2,1,1995,20,9,0,21,10,0,0,0,0,0
260305,1,1,1995,0,0,0,0,0,0,0,0,0,0
260305,2,1,1995,0,0,0,0,0,0,0,0,0,0
260306,1,1,1995,22,22,22,22,22,22,22,22,22,22
260306,2,1,1995,0,0,0,0,0,0,0,8,0,0
260307,1,1,1995,0,0,0,0,0,0,0,0,0,0
260307,2,1,1995,10,32,29,25,14,8,6,26,26,33
260308,1,1,1995,0,0,0,0,0,0,0,0,0,0
260308,2,1,1995,0,0,0,0,0,0,0,0,0,0
260309,1,1,1995,0,0,0,0,0,0,0,0,0,15
260309,2,1,1995,0,0,0,0,0,0,0,0,0,0
260310,1,1,1995,7,7,7,7,7,7,7,7,7,7
260311,0,1,1995,28,28,28,28,28,28,28,28,28,28
260311,1,1,1995,7,7,21,21,14,22,8,2,7,6
260312,1,1,1995,0,0,0,0,0,0,0,0,0,0
260312,2,1,1995,0,0,0,0,0,0,0,0,0,0
260313,1,1,1995,13,13,13,13,13,13,13,13,13,13
260313,2,1,1995,0,0,0,0,0,0,0,0,0,0
260314,1,1,1995,19,19,19,19,19,19,19,19,19,19
260315,0,1,1995,10,10,10,10,10,10,10,10,10,10
260315,1,1,1995,0,0,0,0,0,0,0,0,0,0
260316,1,1,1995,20,20,20,20,20,20,20,20,20,20
260317,1,1,1995,17,17,17,17,17,17,17,17,17,17
260318,1,1,1995,0,0,0,0,0,0,0,0,0,0
260318,2,1,1995,0,0,0,0,0,0,0,0,0,0
260319,1,1,1995,9,9,9,9,9,9,9,9,9,9
260319,2,1,1995,0,0,0,0,0,0,0,0,0,0
260320,1,1,1995,21,21,21,21,21,21,21,21,21,21
260321,0,1,1995,0,0,0,0,0,0,0,0,0,0
260321,1,1,1995,0,0,0,0,0,0,0,0,0,0
260322,1,1,1995,0,0,0,0,0,0,0,0,0,0
260322,2,1,1995,0,0,0,0,0,0,0,0,0,0
260322,3,1,1995,0,0,0,0,0,0,0,0,0,0
260322,4,1,1995,0,0,0,0,0,0,0,0,0,0
260322,5,1,1995,0,0,0,0,0,0,0,0,0,0
260322,6,1,1995,0,0,0,0,0,0,0,0,0,0
260323,1,1,1995,0,0,0,0,0,0,0,0,0,0
260323,2,1,1995,0,0,0,0,0,0,0,0,0,0
260324,1,1,1995,19,18,4,0,0,0,0,0,0,0
260324,2,1,1995,0,0,0,15,12,5,11,0,0,5
260325,0,1,1995,0,0,0,0,0,0,0,0,0,0
260326,1,1,1995,0,0,0,0,0,0,0,0,0,0
260326,2,1,1995,0,0,0,0,0,0,0,0,0,0
260327,1,1,1995,0,0,0,0,0,0,0,0,0,0
260327,2,1,1995,0,7,0,0,0,0,0,0,0,0
260328,1,1,1995,0,0,0,0,0,0,0,0,0,0
260328,2,1,1995,0,0,0,0,0,0,0,0,0,0
260329,1,1,1995,18,18,18,18,18,18,18,18,18,18
260330,1,1,1995,0,0,0,0,0,0,0,0,0,12
260331,1,1,1995,29,29,29,29,29,29,29,29,29,29
260331,2,1,1995,0,0,0,0,0,0,0,0,0,0
260332,1,1,1995,0,0,0,0,0,0,0,0,0,0
260333,0,1,1995,21,21,21,21,21,21,21,21,21,21
260333,1,1,1995,0,0,0,0,0,0,0,0,0,0
260334,1,1,1995,0,0,0,0,0,0,0,0,0,0
260334,2,1,1995,0,0,0,0,0,0,0,0,0,0
260335,1,1,1995,7,7,7,7,7,7,7,7,7,7
260335,2,1,1995,0,0,0,0,0,0,0,0,0,0
260335,3,1,1995,0,0,0,0,0,0,0,0,0,0
260335,4,1,1995,0,0,0,0,0,0,0,0,0,0
260335,5,1,1995,0,0,0,0,0,0,0,0,0,0
260335,6,1,1995,0,0,0,0,0,0,0,0,0,0
260335,7,1,1995,0,0,0,0,0,0,0,0,0,0
260336,1,1,1995,0,20,7,15,8,5,21,7,4,14
260337,1,1,1995,22,22,22,22,22,22,22,22,22,22
260337,2,1,1995,0,0,0,0,0,0,0,0,0,0
260338,1,1,1995,0,0,0,0,0,0,0,0,0,0
260339,1,1,1995,0,0,0,0,0,0,0,0,0,0
260339,2,1,1995,0,0,0,0,0,0,0,0,0,0
260340,1,1,1995,20,23,22,0,25,11,0,0,0,0
260341,1,1,1995,31,31,31,31,31,31,31,31,31,31
260342,1,1,1995,0,0,0,0,0,0,0,0,0,0
260342,2,1,1995,0,0,0,0,0,0,0,0,0,0
260343,1,1,1995,18,18,18,18,18,18,18,18,18,18
260344,1,1,1995,13,13,13,13,13,13,13,13,13,13
260345,1,1,1995,0,0,0,0,0,0,0,0,0,0
260345,2,1,1995,0,0,0,0,0,0,0,0,0,0
260346,1,1,1995,19,19,19,19,19,19,19,19,19,19
260347,1,1,1995,21,3,13,24,17,18,5,19,26,24
260348,1,1,1995,0,0,0,0,0,0,0,0,0,0
260348,2,1,1995,0,0,0,0,0,0,0,0,0,0
260349,1,1,1995,33,33,33,33,33,33,33,33,33,33
260350,1,1,1995,0,0,0,0,0,0,0,0,0,0
260350,2,1,1995,0,0,0,0,0,0,0,0,0,0
260350,3,1,1995,0,0,0,0,0,0,0,0,0,0
260351,1,1,1995,0,0,0,0,0,0,0,0,0,0
260352,1,1,1995,0,0,0,0,0,0,0,0,0,0
260352,2,1,1995,0,0,0,0,0,0,0,0,0,0
260353,0,1,1995,12,0,12,32,23,27,4,9,5,31
260353,0,2,1995,0,0,16,0,14,0,0,24,0,0
260353,1,1,1995,0,14,0,0,0,0,0,0,0,0
260354,1,1,1995,0,0,0,0,0,0,0,0,0,0
260354,2,1,1995,0,0,0,0,0,0,0,0,0,0
260355,1,1,1995,19,19,19,19,19,19,19,19,19,19
260356,0,1,1995,0,0,24,0,0,0,0,0,0,28
260356,1,1,1995,0,0,0,0,0,0,0,0,0,0
260357,1,1,1995,0,0,0,0,0,0,0,0,0,0
260357,2,1,1995,0,0,0,0,0,0,0,0,0,6
260358,1,1,1995,0,0,0,0,0,0,0,0,0,0
260358,2,1,1995,0,0,0,0,0,0,0,0,0,0
260358,3,1,1995,0,0,0,0,0,0,0,0,0,0
260359,1,1,1995,0,0,0,0,0,0,0,0,0,0
260360,1,1,1995,0,0,0,0,0,0,0,0,0,0
260360,2,1,1995,0,0,0,0,0,0,0,0,0,0
260361,1,1,1995,0,0,0,0,0,0,0,0,0,0
260361,2,1,1995,0,0,0,0,4,0,0,0,0,0
260361,3,1,1995,0,0,0,0,0,0,14,0,0,0
260362,1,1,1995,0,0,0,0,0,21,0,0,0,0
260362,2,1,1995,0,0,0,0,0,0,0,0,0,0
260363,1,1,1995,0,0,0,0,0,0,0,0,0,0
260363,2,1,1995,0,0,0,0,0,0,0,0,0,0
260364,1,1,1995,3,0,0,0,0,0,0,0,0,0
260364,2,1,1995,0,0,0,0,0,0,0,0,0,0
260365,1,1,1995,0,0,0,14,0,0,0,0,0,0
260365,2,1,1995,0,0,0,0,0,0,0,0,0,0
260366,1,1,1995,0,0,0,0,0,0,0,0,23,0
260366,2,1,1995,0,0,0,0,0,0,0,0,0,0
260367,1,1,1995,0,0,0,0,0,0,0,0,0,0
260368,1,1,1995,0,0,0,0,0,0,0,0,0,0
260369,1,1,1995,0,0,0,0,0,0,0,0,0,0
260370,1,1,1995,0,0,0,0,0,0,0,0,22,0
260371,1,1,1995,0,0,0,0,0,0,0,0,0,0
260371,2,1,1995,0,0,0,0,0,0,0,0,0,0
260371,3,1,1995,0,0,0,0,0,0,0,0,0,0
260372,0,1,1995,0,0,0,0,0,0,0,0,0,0
260372,1,1,1995,0,21,0,0,0,0,0,0,0,0
260373,1,1,1995,0,0,0,0,0,0,0,0,0,0
260373,2,1,1995,0,0,0,0,0,0,0,0,0,0
260374,0,1,1995,0,0,0,0,0,0,0,0,0,0
260374,1,1,1995,0,0,0,0,0,0,0,0,0,0
260375,1,1,1995,0,0,0,0,0,0,0,0,19,0
260375,2,1,1995,0,0,0,0,0,0,0,0,0,0
260376,1,1,1995,0,0,0,0,0,0,0,0,0,0
260376,2,1,1995,15,15,15,15,15,15,15,15,15,15
260377,1,1,1995,0,0,0,0,0,0,0,0,0,0
260378,1,1,1995,0,0,0,0,17,15,0,0,0,0
260378,2,1,1995,0,0,0,0,0,0,0,0,0,0
260379,1,1,1995,0,0,0,0,0,0,0,0,0,0
260379,2,1,1995,0,0,0,0,0,0,0,0,0,0
260380,1,1,1995,18,18,18,18,18,18,18,18,18,18
260381,1,1,1995,0,0,0,0,0,0,0,0,0,0
260381,2,1,1995,0,0,0,0,0,0,0,0,0,0
260382,1,1,1995,0,0,0,0,0,0,0,0,0,0
260384,1,1,1995,0,0,0,0,0,0,0,0,0,0
260384,2,1,1995,0,0,0,0,0,0,0,0,0,0
260385,1,1,1995,19,19,19,19,19,19,19,19,19,19
260385,2,1,1995,18,18,18,18,18,18,18,18,18,18
260386,1,1,1995,0,0,0,0,0,0,0,0,0,0
260387,1,1,1995,17,17,17,17,17,17,17,17,17,17
260388,1,1,1995,0,0,24,0,0,0,0,0,15,0
260389,0,1,1995,0,0,0,0,0,0,0,0,0,0
260389,1,1,1995,15,15,15,15,15,15,15,15,15,15
260390,1,1,1995,0,0,0,0,0,0,0,0,0,0
260390,2,1,1995,0,0,0,13,0,0,0,0,0,0
260391,1,1,1995,0,0,0,0,13,0,0,0,0,0
260391,2,1,1995,0,0,0,0,0,0,0,0,0,0
260392,1,1,1995,0,0,0,0,0,0,0,0,0,0
260393,1,1,1995,0,0,0,0,0,0,0,0,0,0
260393,2,1,1995,0,0,0,0,0,0,0,0,0,0
260394,0,1,1995,21,7,10,4,29,18,32,26,23,27
260394,0,2,1995,7,7,7,7,7,7,7,7,7,7
260394,1,1,1995,0,0,0,0,0,0,0,0,0,0
260395,1,1,1995,0,0,0,0,0,0,0,0,0,0
260396,1,1,1995,22,16,9,18,10,5,12,19,7,5
260397,1,1,1995,22,22,22,22,22,22,22,22,22,22
260397,2,1,1995,16,0,13,0,0,0,0,0,0,0
260398,1,1,1995,0,0,0,0,0,0,0,0,0,0
260398,2,1,1995,0,0,12,11,0,12,0,11,0,0
260399,1,1,1995,9,0,0,0,0,0,0,0,0,0
260399,2,1,1995,0,0,0,0,0,0,0,0,0,0
260400,1,1,1995,0,0,0,0,0,0,0,0,0,0
260401,0,1,1995,0,0,0,0,17,37,0,0,12,0
260401,1,1,1995,0,0,0,0,0,0,0,0,0,0
260402,1,1,1995,15,15,15,15,15,15,15,15,15,15
260403,1,1,1995,0,0,0,19,0,10,0,6,0,14
260403,2,1,1995,0,0,0,0,0,0,0,0,0,0
260404,1,1,1995,19,20,0,0,0,0,0,0,0,0
260405,1,1,1995,0,0,0,0,0,14,0,7,0,26
260406,1,1,1995,0,0,0,0,0,0,0,0,0,0
260406,2,1,1995,0,0,0,0,0,0,0,0,0,0
260407,1,1,1995,0,4,0,0,0,0,0,0,0,0
260407,2,1,1995,0,0,0,0,0,0,0,0,0,0
260408,1,1,1995,27,27,27,27,27,27,27,27,27,27
260408,2,1,1995,0,0,0,14,0,0,0,17,0,22
260409,1,1,1995,20,20,20,20,20,20,20,20,20,20
260410,1,1,1995,0,0,0,0,0,0,0,0,0,0
260410,2,1,1995,0,0,0,0,0,0,0,0,0,0
260410,3,1,1995,0,0,0,0,0,0,0,0,0,0
260411,1,1,1995,0,0,0,0,0,0,0,0,0,0
260412,1,1,1995,0,0,0,0,0,0,0,0,0,0
260412,2,1,1995,0,0,0,0,0,0,0,0,0,0
260412,3,1,1995,0,0,0,0,0,0,0,0,0,0
260413,1,1,1995,0,0,0,20,0,0,0,0,0,0
260413,2,1,1995,0,0,0,0,0,0,0,0,0,0
260413,3,1,1995,0,0,0,0,0,0,0,0,0,0
260413,4,1,1995,0,0,0,0,0,0,0,0,0,0
260414,1,1,1995,11,0,7,11,18,1,7,0,0,0
260414,2,1,1995,0,8,0,9,0,0,0,0,0,0
260415,1,1,1995,0,0,0,0,0,0,0,0,0,0
260415,2,1,1995,0,0,0,0,0,0,0,0,0,0
260415,3,1,1995,0,0,0,0,0,0,0,0,0,0
260416,0,1,1995,25,25,25,25,25,25,25,25,25,25
260416,1,1,1995,16,9,19,11,10,0,13,0,16,0
260417,1,1,1995,0,0,0,0,0,0,0,0,0,0
260417,2,1,1995,18,18,18,18,18,18,18,18,18,18
260418,1,1,1995,0,0,0,0,0,0,0,0,0,0
260419,1,1,1995,0,0,0,0,0,19,0,0,0,0
260419,2,1,1995,10,0,19,0,0,31,0,0,0,0
260420,1,1,1995,16,16,16,16,16,16,16,16,16,16
260421,1,1,1995,18,18,18,18,18,18,18,18,18,18
260422,1,1,1995,0,0,0,0,0,0,0,0,0,0
260422,2,1,1995,0,0,0,0,0,0,0,0,0,0
260423,1,1,1995,0,0,0,0,0,0,0,0,0,0
260424,1,1,1995,29,29,29,29,29,29,29,29,29,29
260425,0,1,1995,0,0,0,0,0,0,0,0,0,0
260425,1,1,1995,0,0,17,0,0,11,34,0,12,0
260426,1,1,1995,0,0,0,0,0,0,0,0,0,0
260426,2,1,1995,0,0,0,0,0,0,0,0,0,0
260427,0,1,1995,0,0,0,0,0,0,0,0,0,0
260427,1,1,1995,0,0,0,0,0,0,0,0,0,0
260428,0,1,1995,11,11,11,11,11,11,11,11,11,11
260428,1,1,1995,0,0,0,0,0,0,0,0,0,0
260429,1,1,1995,18,18,18,18,18,18,18,18,18,18
260430,1,1,1995,0,0,0,0,0,16,0,0,0,19
260431,1,1,1995,28,28,28,28,28,28,28,28,28,28
260431,2,1,1995,0,19,23,0,0,0,0,0,0,0
260432,1,1,1995,0,0,0,0,0,0,0,0,0,0
260432,2,1,1995,0,0,0,0,0,0,0,0,0,0
260433,1,1,1995,0,0,0,0,0,0,0,0,0,0
260434,1,1,1995,0,0,0,0,0,0,0,0,0,0
260434,2,1,1995,0,0,0,0,0,0,0,0,0,0
260435,0,1,1995,2,2,2,2,2,2,2,2,2,2
260435,1,1,1995,14,14,14,14,14,14,14,14,14,14
260436,1,1,1995,0,0,0,0,0,0,0,0,0,0
260436,2,1,1995,0,0,0,0,0,0,0,0,0,0
260437,1,1,1995,0,0,0,0,0,0,0,0,0,0
260438,1,1,1995,11,13,11,27,25,23,47,0,24,10
260439,0,1,1995,29,29,29,29,29,29,29,29,29,29
260439,1,1,1995,0,0,0,0,0,0,0,0,0,0
260440,1,1,1995,21,21,21,21,21,21,21,21,21,21
260441,0,1,1995,16,0,8,15,3,0,0,0,0,20
260441,0,2,1995,4,0,25,25,13,20,21,19,13,0
260441,0,3,1995,32,16,25,0,6,24,7,19,11,17
260441,0,4,1995,18,0,0,9,25,10,0,0,0,0
260441,1,1,1995,0,0,0,0,0,0,0,0,0,0
260442,0,1,1995,0,0,0,0,0,0,0,0,0,0
260442,1,1,1995,0,0,0,0,0,0,0,0,0,0
260443,1,1,1995,0,0,0,0,0,0,0,0,0,0
260443,2,1,1995,0,0,0,0,0,0,0,0,0,0
260444,1,1,1995,6,6,6,6,6,6,6,6,6,6
260444,2,1,1995,0,0,0,0,0,0,0,0,0,0
260445,1,1,1995,7,9,22,15,22,11,0,13,9,7
260445,2,1,1995,0,0,0,0,0,0,0,0,0,0
260446,1,1,1995,0,0,0,0,0,0,0,0,0,0
260446,2,1,1995,0,0,0,0,0,0,0,0,0,0
260447,0,1,1995,0,0,0,0,0,0,0,0,0,0
260447,1,1,1995,0,0,0,0,0,0,0,0,0,0
260448,1,1,1995,0,0,0,0,0,0,0,0,0,0
260449,1,1,1995,18,0,0,0,0,0,21,0,0,0
260449,2,1,1995,0,0,0,0,0,0,0,0,0,0
260450,1,1,1995,24,24,24,24,24,24,24,24,24,24
260451,1,1,1995,0,0,0,0,0,0,0,0,0,0
260452,1,1,1995,0,0,0,0,0,0,0,0,0,0
260452,2,1,1995,0,0,0,0,0,0,0,0,0,0
260453,0,1,1995,14,14,14,14,14,14,14,14,14,14
260453,1,1,1995,0,0,0,0,0,0,0,0,0,0
260454,1,1,1995,0,27,0,0,0,0,0,10,8,0
260455,1,1,1995,0,0,0,0,0,0,0,0,0,0
260455,2,1,1995,0,0,0,0,0,0,0,0,0,0
260456,1,1,1995,19,19,19,19,19,19,19,19,19,19
260457,0,1,1995,0,0,0,0,0,0,0,0,0,0
260457,1,1,1995,0,0,0,0,0,0,0,0,0,0
260458,1,1,1995,0,0,0,0,0,0,0,0,0,0
260458,2,1,1995,0,0,0,0,0,0,0,0,0,0
260459,0,1,1995,0,0,0,27,0,11,20,13,0,0
260459,1,1,1995,0,0,0,0,0,0,0,0,0,0
260460,1,1,1995,0,0,0,0,0,0,0,0,0,0
260460,2,1,1995,0,0,0,0,0,0,0,0,0,0
260461,1,1,1995,16,16,16,16,16,16,16,16,16,16
260461,2,1,1995,0,0,0,0,0,0,0,0,0,0
260462,0,1,1995,0,0,0,0,0,0,0,0,0,0
260462,1,1,1995,0,7,21,0,0,0,18,0,11,0
260463,1,1,1995,0,0,0,0,0,0,0,0,0,0
260463,2,1,1995,0,0,0,0,0,0,0,0,0,0
260464,0,1,1995,0,0,0,0,0,0,0,0,0,0
260464,1,1,1995,2,2,2,2,2,2,2,2,2,2
260465,0,1,1995,0,0,0,0,0,0,0,0,0,0
260465,1,1,1995,0,0,0,0,0,0,0,0,0,0
260466,1,1,1995,0,0,0,0,0,17,0,0,17,0
260466,2,1,1995,0,0,0,0,0,0,0,0,0,0
260467,1,1,1995,0,7,0,0,0,24,0,0,18,0
260468,1,1,1995,0,0,0,0,0,0,18,6,0,0
260468,2,1,1995,0,0,0,0,0,0,0,0,0,0
260468,3,1,1995,0,0,0,0,0,0,0,0,0,0
260469,1,1,1995,0,0,0,0,0,0,0,0,0,0
260469,2,1,1995,0,0,0,0,0,0,0,0,0,0
260470,1,1,1995,0,0,0,0,0,0,0,0,0,0
260471,1,1,1995,20,20,20,20,20,20,20,20,20,20
260472,0,1,1995,0,0,0,0,0,0,0,0,0,0
260472,1,1,1995,0,0,0,0,0,0,0,0,0,0