ST_CASE,VEH_NO,PER_NO,YEAR,P1,P2,P3,P4,P5,P6,P7,P8,P9,P10
260473,1,1,1995,23,23,23,23,23,23,23,23,23,23
260474,1,1,1995,21,21,21,21,21,21,21,21,21,21
260475,0,1,1995,0,0,0,0,0,0,0,0,0,0
260475,1,1,1995,0,0,0,0,0,0,0,0,0,0
260476,1,1,1995,0,0,0,0,0,7,0,0,0,0
260476,2,1,1995,38,38,38,38,38,38,38,38,38,38
260477,1,1,1995,0,0,0,0,0,0,0,0,0,0
260477,2,1,1995,0,0,0,0,0,0,0,0,0,0
260478,1,1,1995,1,1,1,1,1,1,1,1,1,1
260479,1,1,1995,0,0,0,0,0,0,0,0,0,0
260479,2,1,1995,0,0,0,0,0,0,0,0,0,0
260480,1,1,1995,19,19,19,19,19,19,19,19,19,19
260481,1,1,1995,0,0,0,0,0,0,0,0,13,0
260481,2,1,1995,0,9,0,0,0,0,0,0,0,0
260482,1,1,1995,0,0,0,0,0,0,0,0,0,0
260482,2,1,1995,17,17,17,17,17,17,17,17,17,17
260483,1,1,1995,0,0,0,0,0,0,0,0,0,0
260483,2,1,1995,0,0,0,0,0,0,0,0,0,0
260484,1,1,1995,9,11,15,4,28,23,15,16,52,11
260484,2,1,1995,0,0,0,13,0,0,0,0,0,0
260485,1,1,1995,0,0,0,0,0,0,0,0,0,0
260485,2,1,1995,0,0,0,0,0,0,0,0,0,0
260486,1,1,1995,21,21,21,21,21,21,21,21,21,21
260486,2,1,1995,2,2,2,2,2,2,2,2,2,2
260487,1,1,1995,23,23,23,23,23,23,23,23,23,23
260487,2,1,1995,0,0,0,0,0,0,0,0,0,0
260488,1,1,1995,27,27,27,27,27,27,27,27,27,27
260489,1,1,1995,0,0,0,0,0,15,0,0,0,0
260489,2,1,1995,0,0,0,0,0,0,0,0,0,0
260490,1,1,1995,0,0,0,0,0,0,0,0,0,0
260491,1,1,1995,21,21,21,21,21,21,21,21,21,21
260492,1,1,1995,15,12,7,8,15,11,9,19,0,10
260492,2,1,1995,0,0,0,0,0,0,0,0,0,0
260493,1,1,1995,0,0,0,0,0,0,0,0,0,0
260493,2,1,1995,0,0,0,0,0,0,0,0,0,0
260494,1,1,1995,0,0,0,0,0,0,0,0,0,0
260494,2,1,1995,0,0,0,0,0,0,0,0,0,0
260495,1,1,1995,0,0,0,0,0,0,0,0,6,0
260495,2,1,1995,0,0,0,0,0,0,0,0,0,0
260496,1,1,1995,0,0,0,0,0,0,0,0,0,0
260496,2,1,1995,0,0,0,0,0,0,0,0,0,0
260497,1,1,1995,0,0,0,0,0,0,0,0,0,0
260497,2,1,1995,0,0,0,0,0,0,0,0,0,0
260498,1,1,1995,0,0,0,0,0,0,0,0,0,0
260498,2,1,1995,0,0,0,0,0,0,0,0,0,0
260499,1,1,1995,0,0,0,0,0,0,0,0,0,0
260499,2,1,1995,11,25,17,12,15,19,14,22,0,22
260500,1,1,1995,13,13,13,13,13,13,13,13,13,13
260500,2,1,1995,0,0,0,0,0,0,0,0,0,0
260501,1,1,1995,0,0,0,0,0,0,0,0,0,0
260501,2,1,1995,0,0,0,0,0,0,0,0,0,0
260502,1,1,1995,0,0,0,0,0,0,0,0,0,0
260502,2,1,1995,0,0,0,0,0,0,0,0,0,0
260503,1,1,1995,0,0,0,0,0,0,0,0,0,0
260503,2,1,1995,0,0,0,0,0,0,0,0,0,0
260504,1,1,1995,0,0,17,0,0,0,0,0,0,0
260504,2,1,1995,0,0,0,0,0,0,0,0,0,0
260506,1,1,1995,0,0,0,0,0,0,0,0,0,0
260507,1,1,1995,20,20,20,20,20,20,20,20,20,20
260508,1,1,1995,11,11,11,11,11,11,11,11,11,11
260508,2,1,1995,0,0,0,0,0,0,0,0,0,0
260509,1,1,1995,24,24,24,24,24,24,24,24,24,24
260510,1,1,1995,0,0,0,0,0,0,0,0,0,0
260510,2,1,1995,0,0,0,0,0,0,7,0,0,0
260511,1,1,1995,0,0,0,0,0,0,0,0,0,0
260511,2,1,1995,0,0,0,0,0,0,0,0,0,0
260512,1,1,1995,20,20,20,20,20,20,20,20,20,20
260513,1,1,1995,0,9,12,8,13,31,14,13,13,12
260514,1,1,1995,15,15,15,15,15,15,15,15,15,15
260515,1,1,1995,0,0,0,0,0,0,0,0,0,0
260515,2,1,1995,0,0,0,0,0,0,0,0,0,0
260516,1,1,1995,24,17,13,10,13,22,14,11,14,9
260516,2,1,1995,0,0,0,0,0,0,0,0,0,0
260517,1,1,1995,18,18,18,18,18,18,18,18,18,18
260518,1,1,1995,23,23,23,23,23,23,23,23,23,23
260519,1,1,1995,34,34,34,34,34,34,34,34,34,34
260520,1,1,1995,14,14,14,14,14,14,14,14,14,14
260520,2,1,1995,24,0,0,21,34,13,30,0,12,35
260521,1,1,1995,11,11,11,11,11,11,11,11,11,11
260521,2,1,1995,0,0,0,0,0,0,0,0,0,0
260522,1,1,1995,14,0,0,0,0,0,0,0,0,0
260522,2,1,1995,0,0,0,0,0,0,0,0,0,0
260523,1,1,1995,0,0,0,0,0,0,0,0,0,0
260523,2,1,1995,21,0,0,0,0,0,0,0,0,0
260524,1,1,1995,13,13,13,13,13,13,13,13,13,13
260525,1,1,1995,3,3,3,3,3,3,3,3,3,3
260525,2,1,1995,0,0,0,0,0,0,0,0,0,0
260526,1,1,1995,0,0,0,0,0,0,0,0,0,0
260526,2,1,1995,0,0,0,0,0,0,0,0,0,0
260527,1,1,1995,23,31,24,19,12,0,13,0,20,10
260528,1,1,1995,0,0,0,0,0,0,0,0,0,0
260528,2,1,1995,0,0,0,0,0,0,0,0,0,0
260529,1,1,1995,18,18,18,18,18,18,18,18,18,18
260530,1,1,1995,17,13,0,0,0,0,0,0,0,0
260530,2,1,1995,0,0,0,0,0,0,0,0,0,0
260530,3,1,1995,0,0,0,0,0,0,0,0,0,0
260531,1,1,1995,20,24,26,23,16,15,20,20,10,11
260532,1,1,1995,0,0,0,0,0,0,0,0,0,0
260533,1,1,1995,10,10,10,10,10,10,10,10,10,10
260534,1,1,1995,0,0,0,0,0,0,0,0,0,0
260534,2,1,1995,0,0,0,0,0,0,1,0,0,0
260535,1,1,1995,19,19,19,19,19,19,19,19,19,19
260536,1,1,1995,19,19,19,19,19,19,19,19,19,19
260536,2,1,1995,0,0,0,0,0,0,0,0,0,0
260537,1,1,1995,14,28,20,11,3,2,15,0,11,3
260537,2,1,1995,0,0,0,0,0,0,0,0,0,0
260538,1,1,1995,16,16,16,16,16,16,16,16,16,16
260538,2,1,1995,0,0,0,0,0,0,0,0,0,14
260539,1,1,1995,0,0,0,0,0,0,0,0,0,0
260539,2,1,1995,0,0,0,0,0,0,0,0,0,0
260540,1,1,1995,0,0,0,0,0,0,0,0,0,0
260540,2,1,1995,0,0,0,0,0,0,0,0,0,0
260541,0,1,1995,0,0,0,0,0,0,0,0,0,0
260541,1,1,1995,0,0,0,0,0,0,0,0,0,0
260542,0,1,1995,0,0,0,0,0,0,0,0,0,0
260542,1,1,1995,0,0,0,0,0,0,0,0,0,0
260543,1,1,1995,0,0,0,0,0,0,0,0,0,0
260543,2,1,1995,0,0,0,0,0,0,0,0,0,0
260544,1,1,1995,0,0,0,0,0,0,0,0,0,0
260545,1,1,1995,0,0,0,0,0,0,0,0,0,0
260546,1,1,1995,22,22,22,22,22,22,22,22,22,22
260546,2,1,1995,0,0,0,0,0,0,0,0,0,0
260547,1,1,1995,4,4,4,4,4,4,4,4,4,4
260548,1,1,1995,0,0,0,0,0,0,0,0,0,0
260548,2,1,1995,0,0,0,0,0,0,0,0,0,0
260549,0,1,1995,24,24,24,24,24,24,24,24,24,24
260549,1,1,1995,0,0,0,0,0,0,0,0,0,0
260550,1,1,1995,0,0,0,0,0,0,0,0,0,0
260550,2,1,1995,0,0,0,0,0,0,0,0,0,0
260551,1,1,1995,0,0,0,0,0,0,0,0,0,0
260551,2,1,1995,0,0,0,0,0,0,0,0,0,0
260552,1,1,1995,0,0,0,0,0,0,0,0,0,0
260553,0,1,1995,0,0,0,0,0,0,0,0,0,0
260553,1,1,1995,0,0,0,0,0,0,0,0,0,0
260554,1,1,1995,0,0,0,0,0,0,0,0,0,0
260554,2,1,1995,0,0,0,0,0,0,0,0,0,0
260555,1,1,1995,21,21,21,21,21,21,21,21,21,21
260556,1,1,1995,0,0,0,0,0,0,0,0,0,0
260556,2,1,1995,0,0,0,0,0,0,0,0,0,0
260557,1,1,1995,7,16,9,19,21,2,18,13,8,22
260558,1,1,1995,19,19,19,19,19,19,19,19,19,19
260559,1,1,1995,14,17,0,0,19,0,0,0,0,0
260559,2,1,1995,11,11,0,13,0,0,0,0,13,24
260560,1,1,1995,0,0,0,0,0,0,0,0,0,0
260560,2,1,1995,0,0,0,0,0,0,0,0,0,0
260560,3,1,1995,0,0,0,0,0,0,0,0,0,0
260561,1,1,1995,0,0,0,0,0,0,0,0,0,0
260561,2,1,1995,0,0,0,0,0,0,0,0,0,0
260562,1,1,1995,0,0,0,0,0,0,0,0,0,0
260562,2,1,1995,0,0,0,0,0,0,0,0,0,0
260563,1,1,1995,0,0,0,0,0,0,0,0,0,0
260563,2,1,1995,0,0,0,0,0,0,0,2,0,0
260563,3,1,1995,0,0,0,0,0,0,0,0,0,0
260564,1,1,1995,13,13,13,13,13,13,13,13,13,13
260565,1,1,1995,0,0,0,0,0,0,0,0,0,0
260565,2,1,1995,0,0,0,0,0,0,0,0,0,0
260566,0,1,1995,20,20,20,20,20,20,20,20,20,20
260566,1,1,1995,0,0,0,0,0,0,0,0,0,0
260566,2,1,1995,0,0,0,0,0,0,0,0,0,0
260567,1,1,1995,0,0,0,0,0,0,0,0,0,0
260567,2,1,1995,0,0,0,0,0,0,0,0,0,0
260568,1,1,1995,0,5,5,3,12,7,8,10,0,14
260568,2,1,1995,0,0,0,0,0,0,0,0,0,0
260569,1,1,1995,0,0,0,0,0,0,0,0,0,0
260569,2,1,1995,0,0,0,0,0,0,0,0,0,0
260570,1,1,1995,0,0,0,0,0,0,0,0,0,0
260570,2,1,1995,0,0,0,0,0,0,0,0,0,0
260571,1,1,1995,19,0,0,0,0,0,0,0,0,0
260571,2,1,1995,13,28,12,4,9,9,12,23,11,10
260572,1,1,1995,0,0,0,0,0,0,0,0,0,0
260572,2,1,1995,0,0,0,0,0,0,0,0,0,0
260573,1,1,1995,0,0,0,0,0,0,0,0,0,0
260573,2,1,1995,0,0,0,0,0,0,0,0,0,0
260574,1,1,1995,0,0,0,0,0,0,0,0,0,0
260574,2,1,1995,0,0,0,0,0,0,0,0,0,0
260575,1,1,1995,15,15,15,15,15,15,15,15,15,15
260576,1,1,1995,13,24,16,26,16,17,20,6,13,12
260576,2,1,1995,0,0,0,0,0,0,0,0,0,0
260577,1,1,1995,13,13,13,13,13,13,13,13,13,13
260578,1,1,1995,18,18,18,18,18,18,18,18,18,18
260579,1,1,1995,0,0,0,0,0,0,0,0,0,0
260579,2,1,1995,0,0,0,0,0,0,0,0,0,0
260580,1,1,1995,0,0,0,0,0,0,0,0,0,0
260581,1,1,1995,0,0,0,0,0,0,0,7,0,0
260581,2,1,1995,0,0,0,0,0,0,0,0,0,0
260582,1,1,1995,0,0,0,0,0,0,0,0,0,0
260583,0,1,1995,40,40,40,40,40,40,40,40,40,40
260583,1,1,1995,0,0,0,0,0,0,0,0,0,0
260584,1,1,1995,6,6,6,6,6,6,6,6,6,6
260585,1,1,1995,0,0,0,0,0,0,0,0,0,0
260585,2,1,1995,0,0,0,0,0,0,0,0,0,0
260586,0,1,1995,21,21,21,21,21,21,21,21,21,21
260586,1,1,1995,0,0,0,0,0,0,0,0,0,0
260587,1,1,1995,0,0,0,0,0,0,0,0,0,0
260587,2,1,1995,0,0,0,0,0,0,0,0,0,0
260588,1,1,1995,0,0,0,0,0,0,0,0,0,0
260588,2,1,1995,0,0,0,0,0,22,0,0,0,0
260589,1,1,1995,0,0,0,0,0,0,0,0,0,0
260590,1,1,1995,0,0,0,0,0,0,0,0,0,0
260590,2,1,1995,0,0,0,0,0,0,0,0,0,0
260590,3,1,1995,0,0,0,0,0,0,0,0,0,0
260591,0,1,1995,0,0,0,0,0,0,0,9,0,17
260591,0,2,1995,0,0,0,0,0,0,0,0,0,0
260591,0,3,1995,0,0,0,0,0,0,0,0,0,0
260591,1,1,1995,17,17,17,17,17,17,17,17,17,17
260592,1,1,1995,0,0,0,0,0,0,0,0,0,0
260593,1,1,1995,0,0,0,0,0,0,0,0,0,0
260593,2,1,1995,0,0,0,0,0,0,0,0,0,0
260593,3,1,1995,0,0,0,0,0,0,0,0,0,0
260593,4,1,1995,0,0,0,0,0,0,0,0,0,0
260594,0,1,1995,25,25,25,25,25,25,25,25,25,25
260594,1,1,1995,0,0,0,0,0,0,0,0,0,15
260595,1,1,1995,0,0,0,0,0,0,0,0,0,0
260595,2,1,1995,0,0,0,0,0,0,0,0,0,0
260595,3,1,1995,0,0,0,0,0,0,0,0,0,0
260596,1,1,1995,0,0,0,0,0,0,0,0,0,0
260596,2,1,1995,0,0,0,0,0,0,0,0,0,0
260597,1,1,1995,18,18,18,18,18,18,18,18,18,18
260598,1,1,1995,0,0,0,0,0,0,0,0,0,0
260599,1,1,1995,0,0,0,0,0,0,0,0,0,0
260599,2,1,1995,0,0,0,0,0,0,0,0,0,0
260600,1,1,1995,4,4,4,4,4,4,4,4,4,4
260601,1,1,1995,0,0,0,0,0,0,0,0,0,0
260602,1,1,1995,0,0,0,0,0,0,0,0,0,0
260603,1,1,1995,0,0,0,0,0,0,0,0,0,0
260603,2,1,1995,3,3,3,3,3,3,3,3,3,3
260604,1,1,1995,9,9,9,9,9,9,9,9,9,9
260605,1,1,1995,0,0,0,0,0,0,0,0,0,0
260605,2,1,1995,0,0,0,0,0,0,0,0,0,0
260605,3,1,1995,0,0,0,0,0,0,0,0,0,0
260606,1,1,1995,14,14,14,14,14,14,14,14,14,14
260607,1,1,1995,0,0,0,0,0,0,0,0,0,0
260607,2,1,1995,0,0,0,0,0,0,0,0,0,14
260608,1,1,1995,0,0,0,0,0,0,0,0,0,0
260608,2,1,1995,0,0,20,0,0,0,0,0,0,0
260609,1,1,1995,11,11,11,11,11,11,11,11,11,11
260609,2,1,1995,0,0,0,0,0,0,0,0,0,0
260610,1,1,1995,0,0,0,0,0,0,0,0,0,0
260610,2,1,1995,0,0,0,0,0,0,0,0,0,0
260610,3,1,1995,0,0,0,0,0,0,0,0,0,0
260611,1,1,1995,10,10,10,10,10,10,10,10,10,10
260612,1,1,1995,6,6,6,6,6,6,6,6,6,6
260613,1,1,1995,0,0,0,0,0,0,0,0,0,0
260613,2,1,1995,0,0,0,0,0,0,0,0,0,0
260614,0,1,1995,22,22,22,22,22,22,22,22,22,22
260614,1,1,1995,0,0,0,0,0,0,0,0,0,0
260615,1,1,1995,20,20,20,20,20,20,20,20,20,20
260616,1,1,1995,0,9,8,7,0,12,21,4,18,0
260616,2,1,1995,0,0,0,0,0,0,0,0,0,0
260617,1,1,1995,0,0,0,0,0,0,0,0,0,0
260617,2,1,1995,0,0,0,0,0,0,0,0,0,0
260618,1,1,1995,0,0,0,0,0,0,0,0,0,0
260619,1,1,1995,0,0,0,0,0,0,0,0,0,0
260619,2,1,1995,0,0,0,0,0,0,0,0,0,0
260620,1,1,1995,0,0,0,0,0,0,0,0,0,0
260620,2,1,1995,0,0,0,0,0,0,0,0,0,0
260621,1,1,1995,1,1,1,1,1,1,1,1,1,1
260622,1,1,1995,4,4,4,4,4,4,4,4,4,4
260623,1,1,1995,0,0,0,0,0,0,0,6,0,0
260623,2,1,1995,0,0,0,0,0,0,0,0,0,0
260623,3,1,1995,0,0,0,0,0,0,0,0,0,0
260624,1,1,1995,0,0,0,0,0,0,0,0,0,0
260624,2,1,1995,0,0,0,0,0,0,0,0,0,0
260625,1,1,1995,16,10,13,13,8,21,6,6,15,8
260626,1,1,1995,0,0,0,0,0,0,0,0,0,0
260626,2,1,1995,0,0,0,0,0,0,0,0,0,0
260627,1,1,1995,0,0,0,0,0,21,0,0,0,25
260628,1,1,1995,12,12,12,12,12,12,12,12,12,12
260628,2,1,1995,0,0,0,0,0,0,0,0,0,0
260629,1,1,1995,0,0,0,0,0,0,0,0,0,0
260629,2,1,1995,21,0,0,0,0,0,0,0,24,0
260629,3,1,1995,0,0,0,0,0,0,0,0,0,0
260629,4,1,1995,0,0,0,0,0,0,0,0,0,0
260629,5,1,1995,0,0,0,0,0,0,0,0,0,0
260630,0,1,1995,26,8,15,10,18,29,18,9,14,18
260630,1,1,1995,0,0,0,0,0,0,0,0,0,0
260631,1,1,1995,12,12,12,12,12,12,12,12,12,12
260632,1,1,1995,17,17,17,17,17,17,17,17,17,17
260633,0,1,1995,19,19,19,19,19,19,19,19,19,19
260633,1,1,1995,0,0,0,0,0,0,0,0,0,0
260634,1,1,1995,0,0,0,0,0,0,0,0,0,0
260634,2,1,1995,0,0,0,9,10,20,0,29,17,0
260635,1,1,1995,0,0,0,0,0,0,0,0,0,0
260635,2,1,1995,0,0,0,0,0,0,0,0,0,0
260635,3,1,1995,0,0,0,0,0,0,0,0,0,0
260636,1,1,1995,0,0,0,0,0,0,0,0,0,0
260636,2,1,1995,0,0,0,0,0,0,0,0,0,0
260636,3,1,1995,0,0,0,0,0,0,0,0,0,0
260637,0,1,1995,0,0,0,0,0,0,0,24,0,0
260637,1,1,1995,7,7,7,7,7,7,7,7,7,7
260638,1,1,1995,0,0,0,0,0,0,0,0,0,0
260638,2,1,1995,0,0,0,0,0,0,0,0,0,0
260639,1,1,1995,0,0,0,0,0,0,0,0,0,0
260639,2,1,1995,0,0,0,0,0,0,0,0,0,0
260639,3,1,1995,0,0,0,0,0,0,0,0,0,0
260640,1,1,1995,0,0,0,0,0,0,0,0,0,0
260641,1,1,1995,0,0,0,0,0,17,0,0,0,0
260642,1,1,1995,0,0,0,0,0,0,0,0,0,0
260642,2,1,1995,0,0,0,0,0,0,0,0,0,0
260643,1,1,1995,0,0,0,0,0,0,0,0,0,0
260643,2,1,1995,0,0,0,0,0,0,0,0,0,0
260644,0,1,1995,17,17,17,17,17,17,17,17,17,17
260644,1,1,1995,0,0,0,0,0,0,0,0,0,0
260645,0,1,1995,0,24,0,0,0,0,0,22,24,0
260645,1,1,1995,0,0,0,0,0,0,0,0,0,0
260646,1,1,1995,0,0,0,0,0,0,0,0,0,0
260646,2,1,1995,0,0,9,5,0,0,0,0,0,0
260647,1,1,1995,0,0,0,0,0,0,0,0,0,0
260648,1,1,1995,16,0,0,0,0,0,0,0,0,0
260648,2,1,1995,0,7,0,0,0,0,0,0,0,0
260649,1,1,1995,21,21,21,21,21,21,21,21,21,21
260650,0,1,1995,23,0,14,32,0,0,0,0,20,0
260650,1,1,1995,18,9,12,12,11,16,4,7,4,17
260651,1,1,1995,3,3,3,3,3,3,3,3,3,3
260652,1,1,1995,0,0,0,0,0,0,0,0,0,0
260653,1,1,1995,0,0,0,0,0,0,0,0,0,0
260653,2,1,1995,0,0,0,0,0,0,0,0,0,0
260654,1,1,1995,0,0,0,0,0,0,0,0,0,0
260654,2,1,1995,0,0,0,0,0,0,0,0,0,0
260655,1,1,1995,30,30,30,30,30,30,30,30,30,30
260656,1,1,1995,0,0,0,0,0,0,0,0,0,0
260656,2,1,1995,0,0,0,0,0,0,0,0,0,0
260657,0,1,1995,0,0,0,0,0,0,0,0,0,0
260657,1,1,1995,0,0,0,0,0,0,0,0,0,0
260658,1,1,1995,18,18,18,18,18,18,18,18,18,18
260659,1,1,1995,25,15,0,7,0,16,24,26,13,0
260659,2,1,1995,0,0,0,0,0,0,0,0,0,0
260660,1,1,1995,0,0,0,0,0,0,0,0,0,0
260660,2,1,1995,18,13,10,13,15,9,4,12,5,9
260661,1,1,1995,0,0,0,0,0,0,0,0,0,0
260661,2,1,1995,0,0,0,0,0,0,0,0,0,0
260662,1,1,1995,0,0,0,0,0,0,0,0,0,0
260662,2,1,1995,0,0,0,0,0,0,0,0,0,0
260663,1,1,1995,19,19,19,19,19,19,19,19,19,19
260664,0,1,1995,0,0,0,0,0,0,0,0,0,0
260664,1,1,1995,0,0,0,0,0,0,0,0,0,0
260665,1,1,1995,0,0,0,0,0,0,0,0,0,0
260666,0,1,1995,0,0,0,0,0,0,0,0,0,0
260666,1,1,1995,5,5,5,5,5,5,5,5,5,5
260667,1,1,1995,0,19,6,20,19,25,40,22,17,15
260668,1,1,1995,0,0,0,0,0,0,0,0,0,0
260668,2,1,1995,0,0,0,0,0,0,0,0,0,0
260669,1,1,1995,0,0,0,0,0,0,0,0,0,0
260671,0,1,1995,0,0,0,0,0,0,0,0,0,0
260671,1,1,1995,0,0,0,12,0,14,0,2,9,0
260672,1,1,1995,22,22,22,22,22,22,22,22,22,22
260672,2,1,1995,0,0,0,0,0,0,0,0,0,20
260673,1,1,1995,0,0,0,0,0,0,0,0,0,0
260674,0,1,1995,0,0,0,0,0,0,0,0,0,0
260674,1,1,1995,0,0,0,0,0,0,0,0,0,0
260675,0,1,1995,0,0,0,0,0,0,0,0,0,0
260675,0,2,1995,0,0,0,0,0,0,0,0,0,0
260675,0,3,1995,0,0,0,0,0,0,0,0,0,0
260675,1,1,1995,0,0,7,0,0,0,0,0,0,0
260676,1,1,1995,0,0,0,0,0,0,0,0,0,0
260676,2,1,1995,0,0,0,0,0,0,0,0,0,0
260677,1,1,1995,26,25,7,10,14,26,7,14,9,8
260678,1,1,1995,8,8,8,8,8,8,8,8,8,8
260678,2,1,1995,0,7,26,0,0,7,0,19,24,0
260679,1,1,1995,0,0,0,0,0,0,0,0,0,0
260679,2,1,1995,0,0,0,0,0,0,0,0,0,0
260680,1,1,1995,19,19,19,19,19,19,19,19,19,19
260681,1,1,1995,0,0,0,0,0,0,0,0,0,0
260681,2,1,1995,0,0,0,0,0,0,0,0,0,0
260682,1,1,1995,19,19,19,19,19,19,19,19,19,19
260683,1,1,1995,0,0,0,0,0,0,0,0,0,0
260684,1,1,1995,5,5,5,5,5,5,5,5,5,5
260684,2,1,1995,28,28,28,28,28,28,28,28,28,28
260685,0,1,1995,0,0,0,0,0,0,0,0,0,0
260685,1,1,1995,0,0,0,0,0,0,12,13,0,24
260686,1,1,1995,0,0,0,0,0,14,0,0,0,0
260686,2,1,1995,0,0,0,0,0,0,0,0,0,0
260687,0,1,1995,0,0,0,0,0,0,0,0,0,0
260687,1,1,1995,0,0,0,0,12,21,0,0,12,0
260688,0,1,1995,37,37,37,37,37,37,37,37,37,37
260688,1,1,1995,10,10,10,10,10,10,10,10,10,10
260689,0,1,1995,4,4,4,4,4,4,4,4,4,4
260689,1,1,1995,11,15,21,6,12,0,15,9,7,19
260690,1,1,1995,0,0,0,0,0,0,0,0,0,0
260690,2,1,1995,0,0,0,0,0,0,0,0,0,0
260691,0,1,1995,0,0,0,0,0,0,0,0,0,0
260691,1,1,1995,0,0,0,0,0,0,0,0,0,0
260692,0,1,1995,0,0,0,0,0,0,0,0,0,0
260692,1,1,1995,0,0,0,0,0,0,0,0,0,0
260693,1,1,1995,0,0,0,0,0,0,0,0,0,0
260693,2,1,1995,0,0,0,0,0,0,0,0,0,0
260694,0,1,1995,0,0,0,0,0,0,0,0,0,0
260694,1,1,1995,0,0,0,0,0,0,0,0,0,0
260695,1,1,1995,14,20,20,15,11,20,8,22,12,24
260696,1,1,1995,19,19,19,19,19,19,19,19,19,19
260697,0,1,1995,14,0,0,0,0,0,0,0,0,0
260697,1,1,1995,0,0,0,0,0,0,0,0,0,0
260698,1,1,1995,21,21,21,21,21,21,21,21,21,21
260698,2,1,1995,0,0,0,0,0,0,0,0,0,0
260699,1,1,1995,12,12,12,12,12,12,12,12,12,12
260699,2,1,1995,0,0,0,0,0,0,0,0,0,0
260700,1,1,1995,17,21,18,18,17,8,14,0,15,23
260701,1,1,1995,0,0,0,0,0,0,0,0,0,0
260701,2,1,1995,0,0,0,0,0,0,0,24,0,0
260702,1,1,1995,0,0,0,0,0,0,0,0,0,0
260703,1,1,1995,0,0,0,0,0,0,0,0,0,0
260703,2,1,1995,0,0,0,0,0,0,0,0,0,0
260705,1,1,1995,0,0,0,0,17,0,0,0,0,0
260705,2,1,1995,0,0,0,0,0,0,0,0,0,0
260706,1,1,1995,0,0,0,0,0,0,0,0,0,0
260706,2,1,1995,0,0,16,0,0,0,0,0,12,0
260707,1,1,1995,9,9,9,9,9,9,9,9,9,9
260708,0,1,1995,0,0,0,0,0,0,0,0,0,0
260708,1,1,1995,0,0,0,0,0,0,0,0,0,0
260709,1,1,1995,0,0,0,0,0,0,0,0,0,0
260709,2,1,1995,0,0,0,0,0,0,0,0,0,0
260710,1,1,1995,12,8,19,17,9,8,6,9,5,14
260710,2,1,1995,0,0,0,0,0,0,0,0,24,0
260711,1,1,1995,0,0,0,0,0,0,0,0,0,0
260711,2,1,1995,0,0,0,0,0,0,0,0,0,0
260712,1,1,1995,0,0,0,0,0,0,0,0,0,0
260713,1,1,1995,0,0,0,0,0,0,0,0,0,0
260713,2,1,1995,0,0,0,0,0,0,27,0,8,0
260714,1,1,1995,1,1,1,1,1,1,1,1,1,1
260715,1,1,1995,14,14,14,14,14,14,14,14,14,14
260716,1,1,1995,18,18,18,18,18,18,18,18,18,18
260717,0,1,1995,0,0,0,0,0,0,0,0,0,0
260717,0,2,1995,0,0,0,0,0,0,0,0,0,0
260717,1,1,1995,19,19,19,19,19,19,19,19,19,19
260718,1,1,1995,0,0,0,0,0,0,0,0,0,0
260718,2,1,1995,0,0,0,0,0,0,0,0,0,0
260719,1,1,1995,0,0,0,0,14,0,0,0,0,0
260719,2,1,1995,0,0,0,0,0,0,0,0,0,0
260719,3,1,1995,0,0,0,0,0,0,0,0,0,0
260720,1,1,1995,16,16,16,16,16,16,16,16,16,16
260721,1,1,1995,0,0,0,0,0,0,0,0,0,0
260722,1,1,1995,0,0,0,0,0,0,0,0,0,0
260722,2,1,1995,0,0,0,0,0,0,0,0,0,0
260722,3,1,1995,0,0,0,0,0,0,0,0,0,0
260723,1,1,1995,0,0,0,0,0,0,0,0,0,0
260724,0,1,1995,0,0,0,0,0,0,0,0,0,0
260724,1,1,1995,0,0,0,0,0,0,0,0,0,0
260725,1,2,1995,15,23,0,15,29,0,33,21,0,33
260726,1,1,1995,0,0,0,0,0,0,0,0,0,0
260726,2,1,1995,0,0,0,0,0,0,0,0,0,0
260727,1,1,1995,0,23,0,0,0,0,0,0,0,0
260727,2,1,1995,0,0,0,0,0,0,0,0,0,0
260728,1,1,1995,27,27,27,27,27,27,27,27,27,27
260729,0,1,1995,16,16,16,16,16,16,16,16,16,16
260729,1,1,1995,0,0,0,0,0,0,0,0,0,0
260730,1,1,1995,0,0,0,0,0,0,0,0,0,0
260730,2,1,1995,0,0,0,0,0,0,0,0,0,0
260731,1,1,1995,19,0,10,27,21,0,15,6,19,23
260732,1,1,1995,0,0,0,0,0,0,0,0,0,0
260732,2,1,1995,0,0,0,0,0,0,0,0,0,0
260733,2,1,1995,0,0,0,0,0,0,0,0,0,0
260734,0,1,1995,10,10,10,10,10,10,10,10,10,10
260734,2,1,1995,29,29,29,29,29,29,29,29,29,29
260735,1,1,1995,0,0,0,0,0,0,0,0,0,0
260736,1,1,1995,0,0,0,0,0,0,0,0,0,0
260737,1,1,1995,5,5,5,5,5,5,5,5,5,5
260738,1,1,1995,0,0,0,0,0,0,15,0,0,0
260739,1,1,1995,0,0,0,0,0,0,0,0,0,0
260740,1,1,1995,0,0,0,0,0,0,0,0,0,0
260741,1,1,1995,12,20,23,19,17,29,31,24,25,21
260742,1,1,1995,0,0,0,0,0,0,0,0,0,0