ST_CASE,VEH_NO,PER_NO,YEAR,P1,P2,P3,P4,P5,P6,P7,P8,P9,P10
270124,2,1,1995,0,0,0,0,0,0,0,0,0,0
270124,3,1,1995,0,0,0,0,0,0,0,0,0,0
270125,1,1,1995,22,22,22,22,22,22,22,22,22,22
270126,1,1,1995,0,0,0,0,0,0,0,0,0,0
270126,2,1,1995,0,0,0,0,0,0,0,0,0,0
270127,1,1,1995,7,7,7,7,7,7,7,7,7,7
270128,1,1,1995,0,0,0,0,0,0,0,0,0,0
270128,2,1,1995,0,0,0,0,0,0,0,0,0,0
270129,1,1,1995,15,15,15,15,15,15,15,15,15,15
270130,1,1,1995,0,0,0,0,0,0,0,0,0,0
270131,1,1,1995,0,0,0,0,0,0,0,0,0,0
270131,2,1,1995,0,0,0,0,0,0,0,0,0,0
270132,1,1,1995,0,0,0,0,0,0,0,0,0,0
270133,1,1,1995,0,0,0,0,0,0,0,0,0,0
270133,2,1,1995,0,0,0,0,0,0,0,0,0,0
270134,1,1,1995,27,27,27,27,27,27,27,27,27,27
270134,2,1,1995,0,0,0,0,0,0,0,0,0,0
270135,1,1,1995,0,0,0,0,0,0,0,0,0,0
270135,2,1,1995,0,0,0,0,0,0,0,0,0,0
270135,3,1,1995,0,0,0,0,0,0,0,0,0,0
270136,1,1,1995,14,14,14,14,14,14,14,14,14,14
270137,1,1,1995,9,9,9,9,9,9,9,9,9,9
270137,2,1,1995,0,0,0,0,0,0,0,0,0,0
270138,1,1,1995,0,0,0,0,0,0,0,0,0,0
270139,1,1,1995,0,0,0,0,0,0,0,0,0,0
270139,2,1,1995,16,16,16,16,16,16,16,16,16,16
270140,1,1,1995,0,0,0,0,0,0,0,0,0,0
270140,2,1,1995,0,0,0,0,0,0,0,0,0,0
270141,1,1,1995,0,0,0,0,0,0,0,0,0,0
270142,1,1,1995,23,23,23,23,23,23,23,23,23,23
270143,1,1,1995,0,0,0,0,0,0,0,0,0,0
270143,2,1,1995,0,0,0,0,0,0,0,0,0,0
270144,1,1,1995,0,0,0,0,0,0,0,0,0,0
270144,2,1,1995,0,0,0,0,0,0,0,0,0,0
270145,1,1,1995,12,12,12,12,12,12,12,12,12,12
270146,1,1,1995,18,18,18,18,18,18,18,18,18,18
270147,1,1,1995,0,0,0,0,0,0,0,0,0,0
270147,2,1,1995,0,0,0,0,0,21,12,6,0,0
270148,1,1,1995,2,2,2,2,2,2,2,2,2,2
270148,2,1,1995,0,0,0,0,0,0,0,0,0,0
270149,1,1,1995,20,20,20,20,20,20,20,20,20,20
270150,1,1,1995,32,32,32,32,32,32,32,32,32,32
270150,2,1,1995,0,0,0,0,0,0,0,0,0,0
270151,1,1,1995,29,29,29,29,29,29,29,29,29,29
270152,1,1,1995,0,0,0,0,0,0,0,0,0,0
270152,2,1,1995,4,4,4,4,4,4,4,4,4,4
270153,1,1,1995,0,0,0,0,0,0,0,0,0,0
270153,2,1,1995,22,22,22,22,22,22,22,22,22,22
270154,1,1,1995,0,0,0,0,0,0,0,0,0,0
270154,2,1,1995,0,0,0,0,0,0,0,0,0,0
270155,1,1,1995,0,0,0,0,0,0,0,0,0,0
270155,2,1,1995,0,0,0,0,0,0,0,0,0,0
270156,0,1,1995,15,15,15,15,15,15,15,15,15,15
270156,1,1,1995,0,0,0,0,0,0,8,0,0,0
270157,1,1,1995,0,0,0,0,0,0,0,0,0,0
270157,2,1,1995,0,0,0,0,0,0,0,0,0,0
270157,3,1,1995,0,0,0,0,0,0,0,0,0,0
270158,1,1,1995,7,7,7,7,7,7,7,7,7,7
270160,1,1,1995,10,12,0,0,20,0,0,0,0,0
270161,1,1,1995,0,0,0,0,0,0,0,0,0,0
270162,1,1,1995,29,12,0,11,13,29,30,11,13,17
270163,1,1,1995,0,0,0,0,0,0,0,0,0,0
270163,2,1,1995,30,0,0,0,6,0,0,0,0,0
270164,1,1,1995,29,29,29,29,29,29,29,29,29,29
270165,1,1,1995,26,26,26,26,26,26,26,26,26,26
270166,1,1,1995,0,0,0,0,0,0,0,0,0,0
270166,2,1,1995,0,0,0,0,0,0,0,0,0,0
270167,0,1,1995,0,0,0,0,0,0,0,0,0,0
270167,1,1,1995,0,0,0,0,0,0,0,0,0,0
270168,1,1,1995,0,0,15,0,18,0,24,4,18,0
270169,1,1,1995,0,0,0,0,0,0,0,0,0,0
270169,2,1,1995,0,0,0,0,0,0,0,0,0,0
270170,1,1,1995,12,12,12,12,12,12,12,12,12,12
270170,2,1,1995,0,0,0,0,0,0,0,0,0,0
270171,0,1,1995,0,0,0,0,0,0,0,0,0,0
270171,1,1,1995,10,8,6,12,13,5,0,16,11,8
270172,1,1,1995,11,11,11,11,11,11,11,11,11,11
270173,1,1,1995,10,10,10,10,10,10,10,10,10,10
270174,1,1,1995,0,0,0,0,0,0,0,0,0,0
270175,1,1,1995,0,0,0,0,0,0,0,0,0,0
270176,1,1,1995,0,0,0,0,0,0,0,0,0,0
270177,1,1,1995,0,0,0,0,0,0,0,0,0,0
270177,2,1,1995,0,0,0,0,0,0,0,0,0,0
270178,1,1,1995,23,23,23,23,23,23,23,23,23,23
270179,1,1,1995,18,18,18,18,18,18,18,18,18,18
270180,0,1,1995,26,26,26,26,26,26,26,26,26,26
270180,1,1,1995,0,0,11,0,0,0,0,0,0,0
270181,1,1,1995,27,0,25,22,22,14,16,0,53,15
270182,1,1,1995,0,0,0,0,0,0,0,0,0,0
270182,2,1,1995,0,0,0,0,0,0,0,0,0,0
270183,1,1,1995,0,0,0,0,0,0,0,0,0,0
270183,2,1,1995,0,0,0,0,0,0,0,0,0,0
270184,1,1,1995,0,0,0,0,0,0,0,0,0,20
270184,2,1,1995,0,0,9,0,0,0,0,0,0,0
270185,1,1,1995,23,23,23,23,23,23,23,23,23,23
270186,0,1,1995,0,0,0,0,0,0,0,0,0,0
270186,1,1,1995,0,0,0,0,0,0,0,0,0,0
270187,1,1,1995,23,23,23,23,23,23,23,23,23,23
270188,1,1,1995,16,16,16,16,16,16,16,16,16,16
270188,2,1,1995,0,0,0,0,0,0,0,0,0,0
270189,1,1,1995,0,0,0,0,0,0,0,0,0,0
270189,2,1,1995,0,0,0,0,0,0,0,0,0,0
270190,1,1,1995,0,0,0,0,0,0,0,0,0,0
270190,2,1,1995,0,0,0,0,0,0,0,0,0,0
270191,1,1,1995,22,22,22,22,22,22,22,22,22,22
270192,1,1,1995,10,10,10,10,10,10,10,10,10,10
270192,2,1,1995,0,0,0,0,0,0,0,0,0,0
270193,1,1,1995,8,8,8,8,8,8,8,8,8,8
270194,1,1,1995,0,0,0,0,0,0,0,0,0,0
270195,1,1,1995,11,15,16,28,13,19,25,18,19,21
270195,2,1,1995,0,0,0,0,0,0,0,0,0,0
270195,3,1,1995,0,0,0,0,0,0,0,0,0,0
270196,1,1,1995,0,0,0,0,0,0,0,0,0,0
270196,2,1,1995,13,13,13,13,13,13,13,13,13,13
270197,1,1,1995,0,0,0,0,0,0,0,0,0,0
270197,2,1,1995,0,0,0,0,0,0,0,0,0,0
270198,1,1,1995,0,0,0,0,0,0,0,0,0,0
270199,1,1,1995,0,0,0,0,0,0,0,0,0,0
270199,2,1,1995,0,0,0,0,0,0,0,0,0,0
270200,1,1,1995,0,0,0,0,0,0,0,0,0,0
270200,2,1,1995,0,0,0,0,0,0,0,0,0,0
270201,1,1,1995,18,18,18,18,18,18,18,18,18,18
270201,2,1,1995,0,0,0,0,0,0,0,0,0,0
270202,1,1,1995,11,11,11,11,11,11,11,11,11,11
270203,1,1,1995,18,18,18,18,18,18,18,18,18,18
270204,1,1,1995,0,0,0,0,0,0,0,0,0,0
270205,1,1,1995,23,23,23,23,23,23,23,23,23,23
270206,1,1,1995,6,6,6,6,6,6,6,6,6,6
270206,2,1,1995,0,0,0,0,0,0,0,0,0,0
270207,1,1,1995,0,0,0,0,0,0,0,0,0,0
270207,2,1,1995,0,0,0,0,0,0,0,0,0,0
270208,0,1,1995,19,19,19,19,19,19,19,19,19,19
270208,0,2,1995,0,35,9,22,0,0,0,0,0,20
270208,1,1,1995,8,8,8,8,8,8,8,8,8,8
270209,1,1,1995,15,15,15,15,15,15,15,15,15,15
270210,1,1,1995,28,28,28,28,28,28,28,28,28,28
270210,2,1,1995,0,30,0,0,0,36,0,0,0,26
270211,1,1,1995,0,0,0,0,0,0,0,0,0,0
270211,2,1,1995,0,0,0,0,0,0,0,0,0,0
270212,1,1,1995,6,6,6,6,6,6,6,6,6,6
270213,1,1,1995,0,0,0,0,0,0,0,0,0,0
270214,1,1,1995,0,0,0,0,0,0,0,0,0,0
270214,2,1,1995,0,0,0,0,0,0,0,0,0,0
270215,1,1,1995,14,14,14,14,14,14,14,14,14,14
270216,1,2,1995,13,19,14,13,23,10,19,7,35,26
270217,1,1,1995,0,0,0,0,0,0,0,0,0,0
270217,2,1,1995,0,0,0,0,0,0,0,0,0,0
270218,1,1,1995,0,0,0,0,0,0,0,0,0,0
270219,1,1,1995,22,22,22,22,22,22,22,22,22,22
270219,2,1,1995,0,0,0,0,0,0,0,0,0,0
270219,3,1,1995,0,0,0,0,0,0,0,0,10,0
270220,1,1,1995,0,0,0,0,0,0,0,0,0,0
270221,1,1,1995,17,17,17,17,17,17,17,17,17,17
270221,2,1,1995,0,0,0,0,0,0,0,0,0,0
270222,1,1,1995,17,17,17,17,17,17,17,17,17,17
270223,1,1,1995,16,16,16,16,16,16,16,16,16,16
270224,1,1,1995,0,0,0,0,0,0,0,0,0,0
270224,2,1,1995,0,0,0,0,0,0,0,0,0,0
270225,1,1,1995,0,0,0,0,0,0,0,0,0,0
270225,2,1,1995,0,0,0,0,0,0,0,0,0,0
270226,1,1,1995,0,0,0,0,0,0,0,0,0,0
270226,2,1,1995,0,0,0,0,0,0,0,0,0,0
270227,1,1,1995,29,29,29,29,29,29,29,29,29,29
270228,1,1,1995,6,6,6,6,6,6,6,6,6,6
270228,2,1,1995,0,0,0,10,3,13,26,8,0,0
270229,1,1,1995,7,7,7,7,7,7,7,7,7,7
270229,2,1,1995,13,10,0,0,0,0,0,0,0,0
270230,1,1,1995,0,0,0,0,0,0,0,0,0,0
270231,0,1,1995,0,0,0,0,0,0,0,0,0,0
270231,1,1,1995,0,0,0,0,0,0,0,0,0,0
270232,1,1,1995,30,30,30,30,30,30,30,30,30,30
270232,2,1,1995,0,0,0,0,0,0,0,0,0,0
270233,1,1,1995,16,16,16,16,16,16,16,16,16,16
270233,2,1,1995,0,0,0,0,0,0,0,0,0,0
270234,1,1,1995,0,0,0,0,0,0,0,0,0,0
270234,2,1,1995,2,0,0,0,0,0,12,0,0,0
270235,1,1,1995,5,5,5,5,5,5,5,5,5,5
270236,1,1,1995,0,0,0,0,0,0,0,0,0,0
270237,1,1,1995,0,0,0,0,0,0,0,0,0,0
270237,2,1,1995,0,0,0,0,0,0,0,0,0,0
270237,3,1,1995,0,0,0,0,0,0,0,0,0,0
270237,4,1,1995,0,0,0,0,0,0,0,0,0,0
270238,1,1,1995,12,12,12,12,12,12,12,12,12,12
270239,1,1,1995,19,19,19,19,19,19,19,19,19,19
270240,1,1,1995,0,0,0,0,0,0,0,0,0,0
270240,2,1,1995,0,0,0,0,0,0,0,0,0,0
270241,1,1,1995,12,12,12,12,12,12,12,12,12,12
270243,1,1,1995,0,0,0,0,0,0,0,0,0,0
270243,2,1,1995,19,18,23,18,19,20,49,4,15,15
270244,1,1,1995,23,23,23,23,23,23,23,23,23,23
270245,0,1,1995,0,0,0,0,0,0,0,0,0,0
270245,1,1,1995,0,0,0,0,0,0,0,0,0,0
270246,0,1,1995,0,0,20,0,8,0,0,30,13,0
270246,1,1,1995,0,0,0,0,0,0,0,0,0,0
270247,1,1,1995,0,0,0,0,0,0,0,0,0,0
270247,2,1,1995,0,0,0,0,0,0,0,0,0,0
270248,1,1,1995,0,0,0,0,0,0,0,0,0,0
270248,2,1,1995,0,0,0,0,0,0,0,0,0,0
270249,1,1,1995,0,0,0,0,0,0,0,0,0,0
270250,1,1,1995,0,0,0,0,0,0,0,0,0,0
270250,2,1,1995,19,19,19,19,19,19,19,19,19,19
270251,1,1,1995,18,18,18,18,18,18,18,18,18,18
270251,2,1,1995,30,30,30,30,30,30,30,30,30,30
270252,1,1,1995,0,0,0,0,0,0,0,0,0,0
270252,2,1,1995,0,0,0,0,0,0,0,0,0,0
270252,3,1,1995,0,0,0,0,0,0,0,0,0,0
270253,1,1,1995,0,0,0,0,0,0,0,0,0,0
270254,1,1,1995,0,0,0,0,0,0,0,0,0,0
270254,2,1,1995,0,0,0,0,0,0,0,0,0,0
270255,1,1,1995,0,0,0,0,0,0,0,0,0,0
270255,2,1,1995,0,0,0,0,0,0,0,0,0,0
270256,1,1,1995,14,14,14,14,14,14,14,14,14,14
270256,2,1,1995,0,0,0,0,0,0,0,0,0,0
270257,1,1,1995,0,0,0,0,0,0,0,0,0,0
270257,2,1,1995,0,0,0,0,0,0,0,0,0,0
270258,1,1,1995,0,0,0,0,0,0,0,0,0,0
270258,2,1,1995,0,0,0,0,0,0,0,0,0,0
270259,1,1,1995,0,0,0,0,0,0,0,0,0,0
270259,2,1,1995,0,0,0,0,0,0,0,0,0,0
270260,1,1,1995,11,11,11,11,11,11,11,11,11,11
270261,1,1,1995,0,0,0,0,0,0,0,0,0,0
270261,2,1,1995,0,0,0,0,0,0,0,0,0,0
270261,3,1,1995,0,0,0,0,0,0,0,0,0,0
270261,4,1,1995,0,0,0,0,0,0,0,0,0,0
270262,1,1,1995,19,19,19,19,19,19,19,19,19,19
270263,1,1,1995,17,17,17,17,17,17,17,17,17,17
270264,1,1,1995,0,0,0,0,0,0,0,0,0,0
270265,0,1,1995,0,0,0,0,0,0,0,26,23,0
270265,1,1,1995,0,0,0,0,0,0,0,0,0,0
270266,1,1,1995,0,0,0,0,0,0,0,0,0,0
270266,2,1,1995,0,0,0,0,0,0,0,0,0,0
270267,1,1,1995,0,0,0,0,0,0,0,0,0,0
270267,2,1,1995,0,0,0,0,0,0,0,0,0,0
270268,1,1,1995,0,0,0,0,0,0,0,0,0,0
270268,2,1,1995,0,0,0,0,0,0,0,0,0,0
270269,1,1,1995,17,17,17,17,17,17,17,17,17,17
270270,1,1,1995,0,0,0,0,0,0,0,0,0,0
270270,2,1,1995,0,0,0,0,0,0,0,0,0,0
270271,1,1,1995,7,7,7,7,7,7,7,7,7,7
270271,2,1,1995,0,0,0,0,0,0,0,0,0,0
270272,1,1,1995,0,0,0,0,0,0,0,0,0,0
270272,2,1,1995,0,0,0,0,0,0,0,0,0,0
270273,1,1,1995,9,22,0,0,0,14,16,0,27,0
270274,1,1,1995,7,7,7,7,7,7,7,7,7,7
270275,1,1,1995,0,0,0,0,0,0,0,0,0,0
270275,2,1,1995,0,0,0,0,0,0,0,0,0,0
270276,1,1,1995,0,0,0,0,0,0,0,0,0,0
270276,2,1,1995,0,0,0,0,0,0,0,0,0,0
270277,1,1,1995,24,24,24,24,24,24,24,24,24,24
270278,1,1,1995,0,0,0,0,0,0,0,0,0,0
270278,2,1,1995,0,0,0,0,0,0,0,0,0,0
270279,1,1,1995,0,21,23,15,0,10,21,25,20,0
270280,1,1,1995,8,8,8,8,8,8,8,8,8,8
270281,1,1,1995,20,20,20,20,20,20,20,20,20,20
270282,0,1,1995,19,19,19,19,19,19,19,19,19,19
270282,1,1,1995,7,7,7,7,7,7,7,7,7,7
270283,1,1,1995,0,0,0,0,0,0,0,0,0,0
270285,1,1,1995,0,0,0,0,0,0,0,0,0,0
270285,2,1,1995,0,0,0,0,0,0,0,0,0,0
270286,1,1,1995,0,11,0,0,0,0,0,0,0,0
270286,2,1,1995,0,0,0,0,0,0,0,0,0,0
270287,0,1,1995,25,0,0,21,0,0,36,17,22,0
270287,1,1,1995,0,0,0,0,0,18,0,0,0,0
270288,1,1,1995,0,0,0,0,0,0,0,0,0,0
270288,2,1,1995,0,0,0,0,0,0,0,0,0,0
270289,1,1,1995,15,15,15,15,15,15,15,15,15,15
270290,1,1,1995,0,0,0,0,0,0,0,0,0,0
270290,2,1,1995,0,0,0,0,0,0,0,0,0,0
270290,3,1,1995,0,0,0,0,0,0,0,0,0,0
270291,1,1,1995,0,0,0,0,0,0,0,0,0,0
270292,1,1,1995,0,0,0,0,0,0,0,0,0,0
270293,1,1,1995,0,0,0,0,0,0,0,0,0,0
270293,2,1,1995,0,0,0,0,0,0,0,0,0,0
270294,1,1,1995,10,10,10,10,10,10,10,10,10,10
270295,1,1,1995,11,11,11,11,11,11,11,11,11,11
270295,2,1,1995,0,0,0,0,0,0,0,0,0,0
270296,1,1,1995,12,12,12,12,12,12,12,12,12,12
270297,1,1,1995,0,0,0,0,0,0,0,0,0,0
270297,2,1,1995,0,0,0,0,0,0,0,0,0,0
270298,1,1,1995,0,0,0,0,0,0,0,0,0,0
270299,1,1,1995,0,0,0,0,0,0,0,0,0,0
270299,2,1,1995,0,0,0,0,0,0,0,0,0,0
270300,1,1,1995,15,15,15,15,15,15,15,15,15,15
270301,1,1,1995,5,5,5,5,5,5,5,5,5,5
270301,2,1,1995,0,0,0,0,0,0,0,0,0,0
270302,1,1,1995,3,3,3,3,3,3,3,3,3,3
270302,2,1,1995,13,13,13,13,13,13,13,13,13,13
270303,1,1,1995,12,12,12,12,12,12,12,12,12,12
270303,2,1,1995,5,5,5,5,5,5,5,5,5,5
270304,1,1,1995,0,0,0,0,0,0,0,0,0,0
270304,2,1,1995,0,0,0,0,0,0,0,0,0,0
270305,1,1,1995,0,0,0,0,0,0,0,0,0,0
270305,2,1,1995,0,0,0,0,0,0,0,0,0,0
270305,3,1,1995,0,0,0,0,0,0,0,0,0,0
270306,1,1,1995,0,0,0,0,0,0,0,0,0,0
270306,2,1,1995,26,0,0,0,0,0,0,24,0,0
270307,1,1,1995,0,0,0,0,0,0,0,0,0,0
270308,1,1,1995,0,0,0,0,0,0,0,0,0,0
270308,2,1,1995,0,0,0,0,0,0,0,0,0,0
270309,1,1,1995,0,0,0,0,0,0,0,0,0,0
270309,2,1,1995,0,11,0,0,0,0,0,0,0,0
270310,1,1,1995,14,14,14,14,14,14,14,14,14,14
270310,2,1,1995,0,0,0,0,0,0,0,0,0,0
270311,1,1,1995,0,0,0,0,0,19,0,0,0,0
270311,2,1,1995,0,0,0,0,0,0,0,0,0,0
270311,3,1,1995,0,0,0,0,0,0,0,0,0,0
270312,1,1,1995,0,0,0,0,0,0,0,0,0,0
270312,2,1,1995,0,0,0,0,0,0,0,0,0,0
270312,3,1,1995,0,0,0,0,0,0,0,0,0,0
270313,1,1,1995,17,17,17,17,17,17,17,17,17,17
270314,1,1,1995,0,0,0,0,0,0,0,0,0,0
270314,2,1,1995,0,0,0,0,0,0,0,0,0,0
270315,1,1,1995,26,26,26,26,26,26,26,26,26,26
270317,1,1,1995,14,14,14,14,14,14,14,14,14,14
270318,1,1,1995,0,0,0,0,0,0,0,0,0,0
270318,2,1,1995,22,22,22,22,22,22,22,22,22,22
270319,1,1,1995,0,0,0,0,0,0,0,0,0,0
270319,2,1,1995,22,22,22,22,22,22,22,22,22,22
270320,1,1,1995,0,0,0,0,0,0,0,0,0,0
270321,1,1,1995,0,0,0,0,0,0,0,0,0,0
270322,1,1,1995,14,10,22,19,0,14,0,8,4,21
270323,1,1,1995,0,0,0,0,0,0,0,0,0,0
270323,2,1,1995,11,11,11,11,11,11,11,11,11,11
270324,1,1,1995,0,0,0,0,0,0,0,0,0,0
270325,1,1,1995,0,0,0,0,0,0,0,9,0,0
270326,1,1,1995,26,26,26,26,26,26,26,26,26,26
270327,1,1,1995,13,13,13,13,13,13,13,13,13,13
270328,1,1,1995,16,16,16,16,16,16,16,16,16,16
270329,1,1,1995,2,2,2,2,2,2,2,2,2,2
270331,1,1,1995,0,0,0,0,0,0,0,0,0,0
270331,2,1,1995,0,0,0,0,0,0,0,0,0,0
270331,3,1,1995,0,0,0,0,0,0,0,0,0,0
270331,4,1,1995,0,0,0,0,0,0,0,0,0,0
270331,5,1,1995,0,0,0,0,0,0,0,0,0,0
270331,6,1,1995,0,0,0,0,0,0,0,0,0,0
270332,1,1,1995,0,0,0,0,0,0,0,0,0,0
270333,1,1,1995,0,9,0,16,0,0,0,14,8,6
270334,0,1,1995,0,16,0,0,10,13,0,0,0,0
270334,1,1,1995,0,0,0,0,0,0,0,0,0,0
270335,1,1,1995,0,0,0,0,0,0,0,0,0,0
270335,2,1,1995,0,0,0,0,0,0,0,0,0,0
270336,1,1,1995,8,8,8,8,8,8,8,8,8,8
270337,1,1,1995,3,3,3,3,3,3,3,3,3,3
270337,2,1,1995,0,0,0,0,0,0,0,0,0,0
270338,1,1,1995,0,0,0,0,0,0,0,0,0,0
270338,2,1,1995,0,15,0,0,0,0,0,0,0,0
270339,0,1,1995,24,24,24,24,24,24,24,24,24,24
270339,1,1,1995,0,0,0,0,0,0,0,0,0,0
270340,1,1,1995,0,0,0,0,0,0,0,0,0,0
270340,2,1,1995,0,0,0,0,0,0,0,0,0,0
270341,0,1,1995,0,0,0,0,0,0,0,0,0,0
270342,1,1,1995,0,0,0,0,0,0,0,0,0,0
270344,1,1,1995,0,0,0,0,0,0,0,0,0,0
270344,2,1,1995,0,0,0,0,0,0,0,0,0,0
270345,1,1,1995,17,17,17,17,17,17,17,17,17,17
270346,1,1,1995,0,0,0,0,0,0,0,0,0,0
270347,1,1,1995,0,0,0,0,0,0,0,0,0,0
270347,2,1,1995,38,38,38,38,38,38,38,38,38,38
270347,3,1,1995,0,0,0,0,0,0,0,0,0,0
270348,0,1,1995,0,0,0,0,0,0,0,0,0,0
270348,1,1,1995,0,0,0,0,0,0,0,0,0,0
270348,2,1,1995,0,0,0,0,0,0,0,17,0,0
270348,3,1,1995,0,0,0,0,0,0,0,0,0,0
270348,4,1,1995,0,16,0,0,0,0,0,0,0,0
270349,1,1,1995,0,0,0,0,0,0,0,0,0,0
270350,0,1,1995,0,12,0,29,0,13,0,23,0,0
270350,2,1,1995,0,0,0,0,0,0,0,0,0,0
270351,0,1,1995,23,23,23,23,23,23,23,23,23,23
270351,1,1,1995,0,0,0,0,0,0,0,0,0,0
270352,1,1,1995,0,0,0,0,0,0,0,0,0,0
270352,2,1,1995,0,0,0,0,0,0,11,0,0,0
270353,0,1,1995,2,2,2,2,2,2,2,2,2,2
270353,1,1,1995,16,16,16,16,16,16,16,16,16,16
270354,1,1,1995,32,32,32,32,32,32,32,32,32,32
270355,1,1,1995,38,38,38,38,38,38,38,38,38,38
270356,1,1,1995,0,0,0,0,0,0,0,0,0,0
270357,1,1,1995,18,18,18,18,18,18,18,18,18,18
270358,1,1,1995,0,0,0,0,0,0,0,0,0,0
270358,2,1,1995,0,0,0,0,0,0,0,0,0,0
270358,3,1,1995,0,0,0,0,0,0,0,0,0,0
270359,0,1,1995,29,29,29,29,29,29,29,29,29,29
270359,1,1,1995,0,0,0,0,0,0,0,0,0,0
270360,1,1,1995,18,18,18,18,18,18,18,18,18,18
270361,1,1,1995,12,12,12,12,12,12,12,12,12,12
270361,2,1,1995,2,2,2,2,2,2,2,2,2,2
270362,1,1,1995,14,14,14,14,14,14,14,14,14,14
270363,1,1,1995,0,0,0,0,0,0,0,0,0,0
270363,2,1,1995,1,1,1,1,1,1,1,1,1,1
270364,1,1,1995,0,0,0,0,0,0,0,0,0,0
270364,2,1,1995,0,0,0,0,0,0,0,0,0,0
270365,1,1,1995,0,0,0,0,0,0,0,0,0,0
270365,2,1,1995,0,0,0,0,0,0,0,0,0,0
270366,1,1,1995,0,0,0,0,0,0,0,0,0,0
270366,2,1,1995,0,0,0,0,0,0,0,0,0,0
270366,3,1,1995,0,0,0,0,0,0,0,0,0,0
270367,0,1,1995,0,0,0,0,0,0,0,0,0,0
270367,1,1,1995,4,4,4,4,4,4,4,4,4,4
270368,1,1,1995,0,0,0,0,0,0,0,0,0,0
270368,2,1,1995,0,0,0,0,0,0,0,0,0,0
270369,1,1,1995,0,16,0,0,0,0,0,0,0,0
270369,2,1,1995,0,0,0,0,0,0,0,0,0,0
270370,1,1,1995,21,21,21,21,21,21,21,21,21,21
270370,2,1,1995,0,0,0,0,0,0,0,0,0,0
270371,1,1,1995,27,27,27,27,27,27,27,27,27,27
270371,2,1,1995,0,0,0,0,0,0,0,0,0,0
270372,1,1,1995,0,0,0,0,0,0,0,0,0,0
270372,2,1,1995,0,0,0,0,0,0,0,0,0,0
270373,1,1,1995,0,0,0,0,0,0,0,0,0,0
270373,2,1,1995,0,0,0,0,0,0,0,0,0,0
270374,1,1,1995,0,0,0,0,0,0,0,0,0,0
270375,1,1,1995,21,21,21,21,21,21,21,21,21,21
270376,1,1,1995,13,13,13,13,13,13,13,13,13,13
270377,1,1,1995,0,0,0,0,0,0,0,0,0,0
270378,1,1,1995,0,0,0,0,0,0,0,0,0,0
270379,1,1,1995,0,0,0,0,0,0,0,0,0,0
270380,0,1,1995,0,0,0,0,0,0,0,0,0,0
270380,1,1,1995,21,0,12,0,0,0,0,0,0,0
270381,1,1,1995,0,0,0,0,0,0,0,0,0,0
270381,2,1,1995,5,18,12,4,26,12,19,2,31,8
270381,3,1,1995,12,12,12,12,12,12,12,12,12,12
270382,1,1,1995,0,0,0,0,0,0,0,0,0,0
270382,2,1,1995,0,0,0,0,0,0,0,0,0,0
270383,0,1,1995,0,0,0,0,0,0,0,0,0,0
270383,1,1,1995,0,0,0,0,0,0,0,0,0,0
270384,1,1,1995,0,0,0,0,0,0,0,0,0,0
270384,2,1,1995,0,0,0,0,0,0,0,0,0,0
270385,1,1,1995,9,9,9,9,9,9,9,9,9,9
270386,1,1,1995,26,26,26,26,26,26,26,26,26,26
270387,1,1,1995,0,0,0,0,0,0,0,0,0,0
270387,2,1,1995,15,15,15,15,15,15,15,15,15,15
270388,0,1,1995,0,0,0,0,0,0,0,0,0,0
270388,1,1,1995,25,0,0,8,0,0,10,28,16,0
270389,1,1,1995,0,0,0,0,0,0,0,0,0,0
270390,1,1,1995,0,0,0,0,0,0,0,0,0,0
270390,2,1,1995,0,0,0,0,0,0,0,0,0,0
270391,1,1,1995,0,0,10,0,0,0,0,0,0,0
270392,1,1,1995,18,18,18,18,18,18,18,18,18,18
270393,1,1,1995,0,0,0,0,0,0,0,0,0,0
270394,1,1,1995,7,7,7,7,7,7,7,7,7,7
270395,1,1,1995,0,0,0,0,0,0,0,0,0,0
270395,2,1,1995,0,0,0,14,0,0,0,0,0,0
270396,1,1,1995,0,0,0,0,0,0,0,0,0,0
270396,2,1,1995,0,0,0,0,0,0,0,0,0,17
270397,1,1,1995,0,0,0,0,0,0,0,0,0,0
270397,2,1,1995,0,0,0,0,0,0,0,0,0,10
270398,1,1,1995,0,0,0,0,0,0,0,0,0,0
270398,2,1,1995,0,0,0,0,0,0,0,0,0,0
270399,1,1,1995,0,0,0,0,0,0,0,0,0,0
270399,2,1,1995,0,0,0,0,0,0,0,0,0,0
270400,0,1,1995,0,0,0,0,0,0,0,0,0,0
270400,0,2,1995,13,0,0,0,0,13,0,30,0,0
270400,1,1,1995,0,0,0,0,0,0,0,0,0,0
270401,0,1,1995,0,0,0,0,0,0,0,0,0,0
270401,1,1,1995,0,0,0,0,0,0,0,0,0,0
270402,1,1,1995,0,0,0,0,0,0,0,0,0,0
270402,2,1,1995,0,0,0,0,0,0,0,0,0,0
270403,1,1,1995,0,0,0,0,0,0,0,0,0,0
270403,2,1,1995,0,0,0,0,0,0,0,0,0,0