ST_CASE,VEH_NO,PER_NO,YEAR,P1,P2,P3,P4,P5,P6,P7,P8,P9,P10
280159,0,1,1995,0,0,0,0,0,0,0,0,0,0
280159,1,1,1995,0,0,0,0,0,0,0,0,0,0
280160,1,1,1995,0,0,0,16,0,8,0,8,0,0
280161,1,1,1995,25,25,25,25,25,25,25,25,25,25
280162,1,1,1995,12,12,12,12,12,12,12,12,12,12
280163,1,1,1995,0,13,34,0,23,20,22,16,0,17
280163,2,1,1995,0,3,0,0,0,0,0,23,0,8
280164,1,1,1995,11,11,11,11,11,11,11,11,11,11
280165,1,1,1995,11,11,11,11,11,11,11,11,11,11
280165,2,1,1995,0,0,0,0,0,0,0,15,0,0
280165,3,1,1995,0,0,0,0,0,0,0,0,0,0
280166,1,1,1995,20,20,20,20,20,20,20,20,20,20
280166,2,1,1995,0,0,0,0,0,0,0,0,0,0
280166,3,1,1995,0,0,0,0,0,0,8,12,11,14
280167,1,1,1995,0,0,0,0,0,0,0,0,0,0
280168,1,1,1995,14,0,17,17,8,0,18,0,21,14
280169,1,1,1995,0,0,0,0,0,0,0,0,0,0
280169,2,1,1995,29,29,29,29,29,29,29,29,29,29
280169,3,1,1995,0,0,0,0,0,0,0,0,0,0
280170,1,1,1995,0,0,0,13,0,0,0,0,0,0
280171,1,1,1995,0,0,0,0,0,0,0,0,0,0
280172,0,1,1995,0,37,0,0,0,33,0,0,26,43
280172,1,1,1995,0,14,0,8,24,0,0,0,0,0
280173,0,1,1995,0,0,0,0,0,0,0,0,0,0
280173,1,1,1995,0,0,0,0,0,0,0,0,0,0
280174,1,1,1995,24,24,24,24,24,24,24,24,24,24
280175,0,1,1995,0,0,0,0,0,0,0,0,0,0
280175,1,1,1995,1,1,1,1,1,1,1,1,1,1
280176,1,1,1995,0,0,0,0,0,0,0,0,0,0
280177,1,1,1995,0,0,0,0,0,0,0,0,0,0
280178,1,1,1995,0,0,0,0,0,0,0,0,0,0
280178,2,1,1995,0,0,0,0,0,0,0,0,0,0
280179,1,1,1995,0,0,0,0,0,0,0,0,0,0
280181,1,1,1995,27,27,27,27,27,27,27,27,27,27
280182,1,1,1995,12,12,12,12,12,12,12,12,12,12
280183,1,1,1995,26,26,26,26,26,26,26,26,26,26
280184,1,1,1995,0,0,0,0,0,0,0,0,0,0
280185,1,1,1995,0,0,0,0,0,16,0,19,0,0
280186,1,1,1995,0,0,18,0,20,9,19,0,18,11
280187,1,1,1995,0,0,0,18,0,33,21,0,0,0
280187,2,1,1995,0,0,21,0,0,0,0,0,0,0
280188,1,1,1995,0,30,22,0,0,11,0,22,0,0
280189,1,1,1995,20,20,20,20,20,20,20,20,20,20
280190,1,1,1995,0,0,0,0,0,0,0,0,0,0
280191,1,1,1995,0,0,0,0,0,0,0,0,0,0
280191,2,1,1995,0,0,0,0,0,0,0,0,0,0
280191,3,1,1995,0,0,0,0,0,0,0,0,0,0
280191,4,1,1995,0,0,0,0,0,0,0,0,0,0
280193,1,1,1995,18,18,18,18,18,18,18,18,18,18
280194,1,1,1995,0,0,0,0,0,0,0,0,0,0
280195,1,1,1995,0,0,0,0,0,0,0,0,0,0
280196,1,1,1995,0,0,12,0,7,0,0,0,0,3
280196,2,1,1995,0,0,0,0,0,0,0,0,0,0
280196,3,1,1995,0,0,0,0,0,0,0,0,0,0
280197,1,1,1995,0,0,0,0,0,0,0,0,0,0
280198,1,1,1995,20,20,20,20,20,20,20,20,20,20
280199,1,1,1995,21,21,21,21,21,21,21,21,21,21
280199,2,1,1995,0,3,0,0,11,0,18,0,0,0
280200,1,1,1995,13,17,28,18,15,0,22,0,15,25
280201,1,1,1995,9,7,0,0,0,2,19,0,0,0
280202,1,1,1995,0,0,0,0,0,0,0,0,0,0
280202,2,1,1995,0,0,0,0,0,0,0,0,0,0
280203,1,1,1995,0,0,0,0,0,0,0,0,0,0
280203,2,1,1995,0,0,0,0,0,0,0,0,0,0
280204,1,1,1995,20,12,0,0,0,0,0,0,0,16
280204,2,1,1995,12,11,0,16,0,23,0,0,0,0
280205,1,1,1995,0,0,0,0,0,0,0,0,0,0
280206,1,1,1995,0,0,0,0,0,0,0,0,0,0
280206,2,1,1995,0,0,0,0,0,0,0,0,0,0
280207,1,1,1995,16,16,16,16,16,16,16,16,16,16
280208,0,1,1995,0,0,0,0,0,0,0,0,0,0
280208,1,1,1995,0,0,0,0,0,0,0,0,0,0
280209,1,1,1995,14,14,14,14,14,14,14,14,14,14
280209,2,1,1995,0,0,0,0,26,0,21,0,17,11
280209,3,1,1995,7,17,0,0,0,0,0,0,0,0
280209,4,1,1995,0,0,0,0,0,0,0,0,0,0
280210,1,1,1995,0,0,0,0,0,0,0,0,0,0
280211,1,1,1995,0,0,0,0,0,0,0,0,0,0
280212,0,1,1995,0,0,0,0,0,0,0,0,0,0
280212,1,1,1995,0,0,0,0,0,0,0,0,0,0
280213,1,1,1995,0,0,0,15,17,33,0,15,0,0
280214,1,1,1995,0,0,0,0,0,0,0,0,0,0
280214,2,1,1995,0,0,0,0,0,0,0,0,0,0
280215,1,1,1995,0,0,0,0,0,0,0,0,0,0
280216,1,1,1995,0,0,0,0,0,0,0,0,0,0
280217,1,1,1995,16,16,16,16,16,16,16,16,16,16
280218,1,1,1995,0,0,0,0,0,0,0,0,0,0
280218,2,1,1995,0,0,0,0,0,0,0,0,0,0
280219,1,1,1995,0,0,0,0,20,0,19,0,0,0
280219,2,1,1995,0,0,12,0,0,0,0,8,9,0
280220,1,1,1995,16,0,0,0,0,0,0,0,0,0
280221,1,1,1995,0,0,0,0,0,0,0,0,0,0
280221,2,1,1995,0,0,0,0,14,0,0,0,0,0
280222,1,1,1995,0,0,0,0,0,0,16,0,13,0
280223,1,1,1995,0,0,0,0,0,0,0,29,0,0
280224,0,1,1995,0,0,11,5,0,26,0,0,0,0
280224,1,1,1995,17,0,20,2,0,7,0,19,10,0
280225,1,1,1995,0,0,0,0,0,0,0,0,0,0
280225,2,1,1995,0,0,0,0,0,15,7,0,12,0
280226,1,1,1995,0,0,0,0,0,0,0,0,0,0
280226,2,1,1995,0,0,0,0,0,0,0,0,0,0
280227,1,1,1995,7,0,0,0,0,0,0,0,0,0
280227,2,1,1995,0,0,7,0,0,0,0,0,0,0
280227,3,1,1995,0,0,0,0,0,0,0,0,0,6
280229,1,1,1995,0,0,20,0,0,0,23,0,0,24
280229,2,1,1995,0,0,0,0,0,0,0,0,0,0
280230,1,1,1995,0,0,0,0,0,0,0,0,0,0
280230,2,1,1995,0,0,0,0,0,0,16,0,26,16
280231,0,1,1995,14,0,4,0,0,0,0,12,0,0
280231,1,1,1995,0,0,11,14,14,0,0,25,0,0
280232,1,1,1995,0,0,0,0,0,0,0,0,0,0
280232,2,1,1995,0,0,0,0,0,0,0,0,0,0
280233,1,1,1995,0,0,0,0,0,0,0,0,0,0
280233,2,1,1995,0,0,0,0,0,0,0,0,0,0
280234,1,1,1995,0,22,0,5,29,11,0,0,0,16
280234,2,1,1995,0,0,0,0,0,0,0,0,0,0
280235,1,1,1995,21,21,21,21,21,21,21,21,21,21
280236,1,1,1995,18,18,18,18,18,18,18,18,18,18
280237,1,1,1995,0,0,10,16,0,20,5,0,12,0
280238,1,1,1995,0,0,0,0,0,0,0,0,0,0
280238,2,1,1995,0,0,0,0,0,0,0,0,0,0
280239,1,1,1995,0,0,0,0,0,0,0,0,0,0
280239,2,1,1995,0,0,0,0,0,0,0,0,0,0
280240,1,1,1995,0,4,0,0,0,0,0,0,9,0
280241,1,1,1995,0,0,16,0,0,0,0,0,0,0
280241,2,1,1995,0,0,0,0,0,0,0,0,0,0
280242,1,1,1995,0,0,0,0,0,0,0,0,0,0
280242,2,1,1995,0,0,0,0,0,0,0,0,0,0
280243,1,1,1995,0,0,0,0,0,0,0,0,0,0
280243,2,1,1995,0,0,0,0,0,0,0,0,0,0
280244,1,1,1995,0,0,0,0,0,0,0,0,0,0
280244,2,1,1995,34,34,34,34,34,34,34,34,34,34
280245,1,1,1995,16,16,16,16,16,16,16,16,16,16
280246,1,1,1995,29,29,29,29,29,29,29,29,29,29
280246,2,1,1995,0,0,0,0,0,0,0,24,0,0
280247,1,1,1995,10,10,10,10,10,10,10,10,10,10
280249,1,1,1995,0,0,0,0,18,0,0,0,0,0
280250,1,1,1995,0,0,0,0,0,0,0,0,0,0
280250,2,1,1995,18,18,18,18,18,18,18,18,18,18
280251,1,1,1995,0,0,0,0,0,0,0,0,0,0
280251,2,1,1995,0,0,0,0,0,0,0,0,0,0
280252,1,1,1995,0,0,0,0,0,0,0,0,0,0
280252,2,1,1995,4,4,4,4,4,4,4,4,4,4
280253,0,1,1995,22,0,0,0,0,8,0,0,19,0
280253,1,1,1995,0,0,0,0,0,0,12,0,0,0
280254,0,1,1995,0,0,0,0,0,0,0,0,0,0
280254,1,1,1995,0,0,2,0,0,0,0,19,0,0
280255,0,1,1995,10,10,10,10,10,10,10,10,10,10
280255,1,1,1995,0,0,10,0,0,0,0,0,0,0
280256,1,1,1995,0,0,0,0,0,0,0,0,0,0
280256,2,1,1995,15,15,15,15,15,15,15,15,15,15
280257,1,1,1995,12,12,12,12,12,12,12,12,12,12
280257,2,1,1995,0,0,0,0,0,0,0,0,0,0
280258,1,1,1995,0,0,0,19,13,0,0,0,0,20
280258,2,1,1995,0,0,0,0,18,7,0,0,0,0
280258,3,1,1995,0,0,0,0,16,0,0,0,0,0
280259,1,1,1995,0,0,0,0,0,0,0,0,0,0
280259,2,1,1995,0,0,0,0,0,0,0,0,0,0
280260,1,1,1995,0,0,0,0,0,0,0,0,0,0
280260,2,1,1995,0,0,0,0,0,0,0,0,0,0
280261,1,1,1995,0,0,0,0,0,0,0,0,0,0
280261,2,1,1995,11,11,11,11,11,11,11,11,11,11
280262,1,1,1995,0,0,0,0,0,0,0,0,0,0
280262,2,1,1995,34,0,0,0,0,0,0,0,0,22
280263,1,1,1995,0,0,0,0,0,0,0,0,0,0
280263,2,1,1995,0,0,0,0,0,0,0,0,0,0
280264,0,1,1995,0,12,6,17,0,26,29,0,13,0
280264,1,1,1995,0,20,12,8,0,0,0,30,0,0
280265,1,1,1995,12,12,12,12,12,12,12,12,12,12
280266,1,1,1995,17,17,17,17,17,17,17,17,17,17
280266,2,1,1995,0,0,0,0,0,0,0,0,0,0
280267,0,1,1995,0,0,0,0,0,0,0,0,0,0
280267,1,1,1995,0,0,0,0,0,0,0,0,0,0
280268,1,1,1995,0,0,0,0,0,0,0,0,2,0
280269,0,1,1995,0,0,0,0,0,0,0,0,0,0
280269,1,1,1995,0,0,0,0,0,0,0,0,0,0
280270,0,1,1995,0,36,27,12,0,19,11,17,21,0
280270,1,1,1995,0,0,0,0,0,0,0,0,0,10
280271,1,1,1995,0,0,0,0,0,0,0,0,0,0
280272,1,1,1995,27,27,27,27,27,27,27,27,27,27
280272,2,1,1995,0,0,0,0,0,0,0,0,0,0
280273,1,1,1995,0,0,0,0,0,0,0,0,0,0
280274,1,1,1995,29,14,11,0,15,14,21,14,0,10
280274,2,1,1995,0,0,0,0,0,0,0,0,8,0
280275,1,1,1995,0,0,0,0,0,0,0,0,0,0
280276,1,1,1995,23,23,23,23,23,23,23,23,23,23
280276,2,1,1995,0,0,3,29,0,0,0,0,0,0
280277,1,1,1995,0,0,0,0,0,0,0,0,0,0
280278,1,1,1995,14,0,0,0,0,7,0,0,0,0
280279,1,1,1995,0,19,0,0,0,0,7,0,0,0
280280,1,1,1995,0,0,0,0,0,0,0,0,0,0
280281,1,1,1995,0,0,0,0,0,0,0,0,0,0
280281,2,1,1995,12,12,12,12,12,12,12,12,12,12
280282,1,1,1995,26,26,26,26,26,26,26,26,26,26
280283,1,1,1995,6,22,24,16,31,0,12,0,28,0
280284,1,1,1995,0,0,0,0,0,0,0,0,0,0
280284,2,1,1995,0,0,0,0,0,0,0,0,0,0
280285,1,1,1995,10,0,0,0,0,0,0,0,0,0
280285,2,1,1995,0,0,0,0,0,0,0,0,0,0
280286,1,1,1995,0,0,0,0,0,0,0,0,0,0
280286,2,1,1995,0,0,0,0,0,0,0,0,0,0
280287,1,1,1995,15,9,0,0,14,17,0,17,0,11
280287,2,1,1995,5,23,7,0,18,0,14,0,14,0
280287,3,1,1995,0,0,18,0,28,0,0,0,0,15
280288,1,1,1995,0,0,0,0,0,0,0,0,0,0
280288,2,1,1995,0,0,0,0,0,0,0,0,0,0
280289,1,1,1995,0,0,0,0,0,0,0,0,0,0
280289,2,1,1995,0,0,0,0,0,0,4,20,0,18
280290,1,1,1995,16,16,16,16,16,16,16,16,16,16
280291,1,1,1995,0,0,0,0,0,0,0,0,0,0
280292,1,1,1995,0,13,0,0,8,0,0,0,0,0
280292,2,1,1995,0,0,6,0,0,0,15,0,13,0
280293,1,1,1995,13,0,0,0,0,0,0,15,13,19
280293,2,1,1995,0,0,0,0,0,0,0,0,0,0
280294,1,1,1995,0,0,0,0,0,0,0,0,0,0
280294,2,1,1995,23,23,23,23,23,23,23,23,23,23
280295,0,1,1995,0,0,0,0,0,0,0,0,0,0
280295,1,1,1995,16,16,16,16,16,16,16,16,16,16
280297,1,1,1995,4,4,4,4,4,4,4,4,4,4
280298,1,1,1995,0,0,0,0,0,0,0,0,0,0
280298,2,1,1995,0,0,0,0,18,0,0,0,0,0
280299,0,1,1995,0,0,0,0,0,0,0,0,0,0
280299,1,1,1995,0,0,0,0,0,0,0,0,0,0
280300,1,1,1995,0,0,0,0,0,0,0,0,0,0
280300,2,1,1995,0,0,0,0,0,0,0,0,0,0
280301,1,1,1995,16,16,16,16,16,16,16,16,16,16
280302,1,1,1995,0,0,0,0,0,0,0,0,0,0
280302,2,1,1995,0,0,0,0,0,0,0,0,7,0
280303,1,1,1995,0,0,15,0,12,11,0,12,21,0
280303,2,1,1995,0,10,0,0,0,0,6,11,0,15
280304,1,1,1995,17,17,17,17,17,17,17,17,17,17
280305,1,1,1995,0,0,0,0,0,0,0,0,0,0
280305,2,1,1995,40,40,40,40,40,40,40,40,40,40
280306,1,1,1995,0,0,0,0,7,13,0,23,16,17
280306,2,1,1995,0,13,0,0,0,0,0,0,0,0
280307,1,1,1995,21,21,21,21,21,21,21,21,21,21
280308,1,1,1995,15,15,15,15,15,15,15,15,15,15
280309,1,1,1995,14,14,14,14,14,14,14,14,14,14
280309,2,1,1995,19,19,19,19,19,19,19,19,19,19
280310,1,1,1995,0,10,0,0,0,0,22,8,0,9
280311,1,1,1995,0,0,0,0,0,0,0,0,0,89
280311,2,1,1995,0,0,0,0,0,0,0,0,0,0
280312,1,1,1995,21,21,21,21,21,21,21,21,21,21
280313,1,1,1995,0,0,0,0,0,0,0,0,0,0
280313,2,1,1995,0,0,0,0,0,0,0,0,0,0
280314,1,1,1995,10,12,0,17,18,0,0,17,22,0
280314,2,1,1995,13,13,13,13,13,13,13,13,13,13
280315,1,1,1995,0,0,0,0,0,0,0,0,0,0
280315,2,1,1995,0,0,0,0,0,0,0,0,0,0
280316,1,1,1995,23,23,23,23,23,23,23,23,23,23
280316,2,1,1995,0,0,0,0,0,0,0,0,0,0
280317,1,1,1995,0,0,0,0,0,0,0,0,0,0
280318,1,1,1995,26,23,23,0,0,0,29,13,0,43
280319,1,1,1995,14,14,14,14,14,14,14,14,14,14
280320,1,1,1995,0,0,0,0,0,0,0,0,0,0
280321,1,1,1995,0,0,0,0,0,0,0,0,0,0
280321,2,1,1995,0,0,0,0,0,0,0,0,0,0
280322,1,1,1995,26,26,26,26,26,26,26,26,26,26
280323,1,1,1995,0,0,0,0,0,0,0,29,0,0
280323,2,1,1995,0,0,0,0,0,0,0,0,0,0
280324,1,1,1995,14,14,14,14,14,14,14,14,14,14
280324,2,1,1995,0,0,0,0,0,0,0,0,0,0
280325,1,1,1995,0,0,0,0,0,0,0,0,0,0
280325,2,1,1995,0,0,0,0,0,0,0,0,0,0
280326,1,1,1995,12,12,12,12,12,12,12,12,12,12
280327,1,1,1995,0,0,0,0,0,0,0,0,0,0
280327,2,1,1995,0,0,0,0,0,0,0,0,0,0
280328,1,1,1995,0,0,0,0,0,0,0,0,0,0
280328,2,1,1995,0,0,0,0,0,0,0,0,0,0
280329,1,1,1995,0,0,0,0,0,0,0,0,0,0
280330,1,1,1995,0,0,0,0,0,0,0,0,0,0
280331,1,1,1995,7,7,7,7,7,7,7,7,7,7
280331,2,1,1995,0,0,0,0,0,0,0,0,0,0
280332,1,1,1995,0,14,9,0,32,0,0,0,0,25
280332,2,1,1995,0,0,0,0,0,0,0,0,0,0
280333,1,1,1995,18,18,18,18,18,18,18,18,18,18
280333,2,1,1995,0,0,0,0,0,0,0,0,0,0
280333,3,1,1995,0,0,0,0,0,0,0,0,0,0
280334,1,1,1995,0,0,0,0,0,0,0,0,0,0
280334,2,1,1995,32,32,32,32,32,32,32,32,32,32
280335,1,1,1995,0,0,0,0,0,0,0,0,0,0
280336,1,1,1995,22,22,22,22,22,22,22,22,22,22
280337,1,1,1995,0,0,0,0,0,0,0,0,0,0
280338,1,1,1995,14,14,14,14,14,14,14,14,14,14
280338,2,1,1995,0,0,0,0,0,0,0,0,0,0
280339,1,1,1995,25,25,25,25,25,25,25,25,25,25
280340,0,1,1995,0,0,0,0,0,0,0,0,0,0
280340,1,1,1995,0,0,0,0,0,0,0,0,0,0
280341,1,1,1995,7,6,38,25,6,14,16,18,21,10
280342,1,1,1995,13,0,0,0,0,0,0,0,10,0
280343,1,1,1995,0,0,0,0,0,0,0,0,0,0
280343,2,1,1995,0,0,0,0,0,0,0,5,0,0
280344,1,1,1995,15,15,15,15,15,15,15,15,15,15
280345,1,1,1995,20,20,20,20,20,20,20,20,20,20
280346,1,1,1995,0,0,0,0,0,0,0,0,0,0
280346,2,1,1995,0,0,0,0,0,0,0,0,0,0
280347,1,1,1995,0,0,0,0,0,0,0,0,0,0
280347,2,1,1995,0,0,0,0,0,0,0,0,0,0
280347,3,1,1995,0,0,0,0,0,0,0,0,0,0
280348,1,1,1995,16,16,16,16,16,16,16,16,16,16
280348,2,1,1995,0,0,0,0,0,0,0,0,0,0
280349,1,1,1995,0,0,0,0,0,0,0,0,0,0
280349,2,1,1995,0,0,0,0,0,0,0,0,0,0
280350,1,1,1995,13,13,13,13,13,13,13,13,13,13
280351,1,1,1995,0,33,0,0,0,0,0,0,26,0
280352,1,1,1995,0,0,0,0,0,0,0,0,0,0
280353,0,1,1995,0,0,0,0,0,0,0,0,0,0
280353,1,1,1995,0,0,0,0,0,0,0,0,0,0
280354,1,1,1995,24,24,24,24,24,24,24,24,24,24
280354,2,1,1995,20,32,0,0,12,0,13,14,14,0
280355,1,1,1995,22,22,22,22,22,22,22,22,22,22
280356,1,1,1995,0,0,0,0,0,0,0,0,0,0
280357,1,1,1995,27,27,27,27,27,27,27,27,27,27
280357,2,1,1995,0,0,0,0,0,0,0,0,0,0
280358,1,1,1995,21,21,21,21,21,21,21,21,21,21
280359,1,1,1995,0,0,0,0,0,0,0,0,0,0
280360,1,1,1995,0,0,0,0,0,0,0,0,0,0
280361,1,1,1995,36,36,36,36,36,36,36,36,36,36
280362,0,1,1995,0,0,0,0,0,0,0,0,20,0
280362,1,1,1995,0,0,0,0,0,0,0,0,0,0
280364,0,1,1995,0,0,0,0,0,0,0,0,0,0
280364,1,1,1995,0,0,0,0,0,0,0,0,0,0
280365,1,1,1995,20,20,20,20,20,20,20,20,20,20
280366,1,1,1995,16,0,0,0,0,0,0,0,0,0
280367,1,1,1995,0,0,0,0,0,0,0,0,0,0
280367,2,1,1995,0,0,0,0,0,0,0,0,0,0
280368,1,1,1995,25,25,25,25,25,25,25,25,25,25
280369,1,1,1995,0,0,0,0,0,0,0,0,0,0
280370,1,1,1995,0,0,0,0,0,0,0,0,0,0
280370,2,1,1995,0,0,0,0,0,0,0,0,0,0
280371,1,1,1995,0,0,0,0,0,0,0,0,0,0
280372,0,1,1995,0,0,0,0,0,0,0,0,0,0
280372,1,1,1995,0,0,0,0,0,0,0,0,0,0
280373,1,1,1995,17,0,11,31,0,17,0,26,0,0
280374,1,1,1995,18,18,18,18,18,18,18,18,18,18
280375,1,1,1995,21,21,21,21,21,21,21,21,21,21
280376,1,1,1995,0,0,0,0,0,0,0,0,0,0
280376,2,1,1995,0,0,0,0,0,0,0,0,10,0
280377,1,1,1995,0,0,0,0,0,0,0,0,0,0
280377,2,1,1995,0,0,0,0,0,0,0,0,0,0
280378,1,1,1995,0,0,0,0,0,19,24,0,0,0
280379,0,1,1995,0,0,0,0,0,0,0,0,0,0
280379,1,1,1995,0,0,0,0,0,0,0,0,0,0
280381,1,1,1995,0,0,0,0,0,0,0,0,0,0
280381,2,1,1995,20,20,20,20,20,20,20,20,20,20
280382,1,1,1995,0,0,0,13,0,0,0,0,0,0
280383,1,1,1995,18,0,0,0,6,0,0,0,0,0
280384,1,1,1995,0,0,0,0,0,0,0,0,0,0
280384,2,1,1995,0,0,0,0,0,0,0,0,25,0
280384,3,1,1995,15,0,0,0,0,0,0,0,0,0
280385,1,1,1995,19,19,19,19,19,19,19,19,19,19
280386,1,1,1995,0,11,22,0,12,8,0,0,17,0
280386,2,1,1995,0,0,0,0,0,0,0,0,0,0
280387,1,1,1995,0,0,0,0,0,0,0,0,0,0
280387,2,1,1995,0,0,0,0,0,0,0,0,0,0
280388,1,1,1995,0,0,0,0,0,0,0,0,0,0
280388,2,1,1995,0,0,0,0,0,0,0,0,0,0
280389,1,1,1995,0,0,0,0,0,0,0,0,0,0
280389,2,1,1995,0,0,0,0,0,0,0,0,0,0
280389,3,1,1995,0,0,0,0,0,0,0,4,0,0
280390,1,1,1995,16,16,16,16,16,16,16,16,16,16
280391,1,1,1995,0,0,0,0,0,0,0,0,0,0
280392,0,1,1995,0,0,0,0,0,0,0,0,0,0
280392,1,1,1995,0,0,0,0,0,0,0,0,0,0
280393,1,1,1995,26,26,26,26,26,26,26,26,26,26
280393,2,1,1995,0,0,0,0,0,0,0,0,0,0
280393,3,1,1995,0,0,0,0,0,0,0,0,0,0
280394,1,1,1995,0,0,0,0,0,0,0,0,0,0
280395,1,1,1995,24,24,24,24,24,24,24,24,24,24
280396,1,1,1995,0,0,0,0,0,0,0,0,0,0
280396,2,1,1995,19,19,19,19,19,19,19,19,19,19
280397,1,1,1995,0,0,0,0,0,0,0,0,0,0
280398,1,1,1995,0,0,0,0,0,0,0,0,0,0
280399,1,1,1995,0,0,0,0,0,0,0,0,0,0
280400,1,1,1995,0,0,0,0,0,0,0,0,0,0
280400,2,1,1995,0,0,16,0,0,0,0,0,22,0
280401,1,1,1995,0,0,0,0,0,0,0,0,0,0
280402,1,1,1995,25,25,25,25,25,25,25,25,25,25
280403,1,1,1995,0,0,0,0,0,0,0,0,0,0
280403,2,1,1995,0,0,0,0,0,0,0,0,0,0
280403,3,1,1995,0,0,0,0,0,0,0,0,16,0
280404,1,1,1995,0,0,0,0,0,0,0,0,0,0
280405,1,1,1995,22,22,22,22,22,22,22,22,22,22
280406,1,1,1995,0,0,0,0,0,0,0,0,0,0
280406,2,1,1995,0,0,0,0,0,0,0,0,0,0
280406,3,1,1995,0,0,0,0,0,0,0,0,0,0
280406,4,1,1995,0,0,0,0,0,0,0,0,0,0
280407,1,1,1995,0,0,0,0,0,0,0,0,0,0
280407,2,1,1995,32,32,32,32,32,32,32,32,32,32
280408,1,1,1995,0,0,0,0,0,0,0,0,0,0
280409,1,1,1995,8,8,8,8,8,8,8,8,8,8
280410,1,1,1995,0,0,0,0,0,0,0,0,0,0
280410,2,1,1995,0,0,0,0,0,0,0,0,0,0
280411,1,1,1995,0,0,0,0,0,0,0,0,0,0
280411,2,1,1995,0,0,0,0,0,76,0,0,0,0
280411,3,1,1995,0,0,0,0,0,19,0,0,0,0
280412,1,1,1995,0,0,0,0,0,0,0,12,0,0
280413,0,1,1995,0,0,0,0,0,0,0,0,0,0
280413,1,1,1995,0,0,0,0,0,0,0,0,0,0
280414,1,1,1995,0,0,0,0,0,0,0,0,0,0
280414,2,1,1995,0,0,0,0,0,0,0,0,0,0
280415,1,1,1995,23,23,23,23,23,23,23,23,23,23
280416,1,1,1995,0,0,0,0,0,0,0,0,0,0
280416,2,1,1995,0,0,0,0,0,0,0,0,0,0
280417,1,1,1995,0,0,0,0,0,0,0,0,0,0
280418,1,1,1995,14,14,14,14,14,14,14,14,14,14
280419,1,1,1995,0,0,0,0,0,0,0,0,0,0
280419,2,1,1995,0,0,0,0,0,0,0,0,0,0
280420,1,1,1995,0,0,0,0,0,0,0,0,0,0
280420,2,1,1995,0,0,0,0,0,0,0,0,0,0
280421,0,1,1995,0,0,0,0,0,0,0,0,0,0
280421,1,1,1995,9,9,9,9,9,9,9,9,9,9
280422,1,1,1995,0,0,0,0,0,0,0,0,0,0
280423,1,1,1995,0,0,0,0,0,0,0,0,0,0
280424,1,1,1995,20,20,20,20,20,20,20,20,20,20
280425,1,1,1995,11,20,0,0,0,14,14,0,20,0
280426,1,1,1995,18,18,18,18,18,18,18,18,18,18
280427,0,1,1995,37,37,37,37,37,37,37,37,37,37
280427,1,1,1995,0,0,0,0,0,0,0,0,0,0
280428,1,1,1995,0,0,0,0,0,0,0,0,0,0
280428,2,1,1995,0,0,0,0,0,0,0,0,0,0
280429,1,1,1995,0,0,0,0,0,0,0,0,0,0
280430,1,1,1995,0,0,0,0,0,0,0,0,0,0
280431,1,1,1995,0,0,0,0,0,0,0,0,0,0
280431,2,1,1995,0,0,0,0,0,0,0,0,0,0
280432,1,1,1995,0,0,0,0,0,0,0,0,0,0
280432,2,1,1995,0,0,0,0,0,0,0,0,0,0
280433,1,1,1995,0,0,0,0,0,0,0,0,0,0
280433,2,1,1995,0,0,0,0,0,0,0,0,0,0
280434,1,1,1995,0,0,0,0,0,0,0,0,0,17
280434,2,1,1995,0,0,0,14,0,0,0,0,0,0
280435,1,1,1995,0,0,0,0,0,0,0,0,0,0
280435,2,1,1995,13,13,13,13,13,13,13,13,13,13
280436,0,1,1995,14,14,14,14,14,14,14,14,14,14
280436,1,1,1995,0,0,0,0,0,0,30,18,0,12
280437,1,1,1995,0,0,0,0,0,0,0,0,0,0
280437,2,1,1995,0,0,0,0,0,0,0,0,0,0
280438,1,1,1995,23,23,23,23,23,23,23,23,23,23
280439,1,1,1995,30,30,30,30,30,30,30,30,30,30
280439,2,1,1995,0,11,6,19,11,0,0,0,13,15
280440,1,1,1995,0,0,0,0,0,0,0,0,0,0
280441,0,1,1995,0,0,0,0,0,0,0,0,0,0
280441,1,1,1995,0,0,0,0,0,0,0,0,0,0
280442,1,1,1995,12,12,12,12,12,12,12,12,12,12
280442,2,1,1995,0,0,0,0,0,0,0,0,0,0
280443,1,1,1995,27,27,27,27,27,27,27,27,27,27
280444,1,1,1995,0,0,0,0,0,0,0,0,0,0
280445,1,1,1995,18,18,18,18,18,18,18,18,18,18
280446,0,1,1995,12,12,12,12,12,12,12,12,12,12
280446,1,1,1995,0,0,0,0,0,0,0,0,0,0
280447,1,1,1995,0,0,0,0,0,0,0,0,0,0
280447,2,1,1995,0,0,0,0,0,0,0,0,0,0
280448,1,1,1995,0,0,0,0,0,0,0,0,0,0
280448,2,1,1995,0,0,0,0,0,0,0,0,0,0
280449,1,1,1995,0,0,0,0,0,0,0,0,0,0
280449,2,1,1995,0,0,0,0,0,0,0,0,0,0