ST_CASE,VEH_NO,PER_NO,YEAR,P1,P2,P3,P4,P5,P6,P7,P8,P9,P10
280725,2,1,1995,0,0,0,0,0,0,0,0,0,18
280726,1,1,1995,0,0,0,0,0,0,0,0,6,16
280727,1,1,1995,0,0,0,0,0,0,0,0,0,0
280728,1,1,1995,0,0,0,23,11,0,4,0,10,12
280729,1,1,1995,37,0,25,0,0,34,0,35,19,20
280730,1,1,1995,14,14,14,14,14,14,14,14,14,14
280731,1,1,1995,0,0,0,0,0,0,0,0,0,0
280731,2,1,1995,0,0,0,0,0,0,0,0,0,0
280732,1,1,1995,0,0,0,0,0,21,22,10,0,0
280733,1,1,1995,13,13,13,13,13,13,13,13,13,13
280733,2,1,1995,0,0,0,0,0,0,0,0,0,0
280734,1,1,1995,0,0,0,0,0,0,0,0,0,0
280735,0,1,1995,0,0,0,0,0,0,0,0,0,0
280735,1,1,1995,0,0,0,0,17,0,0,0,16,0
280736,0,1,1995,0,0,0,0,0,0,0,0,0,0
280736,1,1,1995,0,0,0,0,0,0,0,0,0,0
280737,1,1,1995,20,20,20,20,20,20,20,20,20,20
280738,1,1,1995,24,24,24,24,24,24,24,24,24,24
280739,1,1,1995,14,14,14,14,14,14,14,14,14,14
280740,1,1,1995,0,17,0,0,0,0,0,26,19,0
280740,2,1,1995,0,12,0,0,0,0,0,0,18,0
280741,1,1,1995,0,0,0,0,0,0,0,15,0,0
280741,2,1,1995,0,0,0,22,0,0,0,0,0,11
280742,1,1,1995,0,0,0,0,0,14,0,0,0,0
280743,1,1,1995,0,0,0,0,0,0,0,0,0,0
280743,2,1,1995,0,0,5,0,0,0,0,0,0,0
280743,3,1,1995,0,0,0,0,0,0,0,0,0,0
280743,4,1,1995,0,0,0,0,0,0,10,0,0,0
280744,1,1,1995,24,33,12,3,0,21,0,3,6,24
280744,2,1,1995,0,0,0,0,0,23,15,17,17,16
280745,1,1,1995,20,17,12,0,21,0,0,25,0,13
280745,2,1,1995,0,9,18,0,4,11,0,0,0,49
280745,3,1,1995,0,0,0,5,0,5,0,0,0,0
280746,1,1,1995,0,0,0,0,0,0,0,0,0,0
280746,2,1,1995,0,0,0,0,0,0,0,0,0,0
280747,1,1,1995,0,0,0,0,20,0,0,0,7,0
280747,2,1,1995,0,0,0,0,0,13,0,0,0,0
280748,1,1,1995,0,0,0,0,0,0,0,0,0,0
280748,2,1,1995,0,18,27,11,0,0,0,0,0,0
280749,1,1,1995,0,0,20,0,0,0,0,0,0,0
280749,2,1,1995,0,0,0,0,0,0,0,0,0,0
280750,1,1,1995,10,10,10,10,10,10,10,10,10,10
280750,2,1,1995,0,0,0,0,0,0,0,0,0,0
280751,1,1,1995,0,0,0,0,0,0,0,0,0,0
280751,2,1,1995,0,0,0,0,0,0,0,0,0,0
280752,1,1,1995,0,0,0,19,0,0,0,0,0,0
280752,2,1,1995,0,21,17,0,0,0,0,0,0,0
290001,1,1,1995,0,0,0,0,0,0,0,0,0,0
290001,2,1,1995,0,0,0,0,0,0,0,0,0,0
290002,1,1,1995,20,20,20,20,20,20,20,20,20,20
290003,1,1,1995,27,27,27,27,27,27,27,27,27,27
290004,1,1,1995,10,10,10,10,10,10,10,10,10,10
290005,1,1,1995,33,12,28,25,19,17,34,0,30,25
290006,1,1,1995,26,26,26,26,26,26,26,26,26,26
290007,0,1,1995,0,0,0,10,0,0,0,0,0,0
290007,1,1,1995,0,0,0,0,0,0,0,0,0,0
290008,1,1,1995,17,17,17,17,17,17,17,17,17,17
290009,1,1,1995,0,0,0,0,0,0,0,0,0,0
290009,2,1,1995,0,0,0,0,0,0,0,0,0,0
290010,1,1,1995,0,23,0,0,2,0,0,0,0,0
290011,1,1,1995,0,0,0,0,0,0,0,0,0,0
290011,2,1,1995,0,0,12,0,0,0,0,0,0,0
290012,1,1,1995,0,0,0,0,9,0,22,0,21,0
290012,2,1,1995,0,0,6,13,0,13,14,0,17,24
290013,1,1,1995,24,24,24,24,24,24,24,24,24,24
290013,2,1,1995,0,0,0,4,0,0,0,0,0,0
290014,1,1,1995,23,23,23,23,23,23,23,23,23,23
290015,1,1,1995,0,15,0,0,0,0,0,0,0,21
290016,1,1,1995,10,10,10,10,10,10,10,10,10,10
290017,1,1,1995,0,0,0,0,0,0,0,0,0,0
290017,2,1,1995,0,0,0,0,0,0,0,0,0,0
290018,1,1,1995,0,0,0,0,0,0,0,0,0,0
290018,2,1,1995,0,10,0,0,0,0,0,0,0,0
290019,1,1,1995,0,0,0,0,0,0,0,0,0,0
290019,2,1,1995,0,0,0,0,0,0,0,0,0,0
290020,1,1,1995,0,0,0,0,0,0,0,0,0,0
290020,2,1,1995,0,0,0,0,0,0,0,0,0,0
290021,1,1,1995,0,0,0,0,0,0,0,0,0,0
290022,0,1,1995,0,0,0,0,0,0,0,0,0,0
290022,1,1,1995,0,0,0,0,0,0,0,0,0,0
290023,1,1,1995,7,11,8,0,0,28,0,6,0,0
290023,2,1,1995,0,15,13,14,12,9,17,22,29,7
290024,0,1,1995,15,15,15,15,15,15,15,15,15,15
290024,1,1,1995,0,0,21,0,24,0,10,0,14,0
290025,1,1,1995,0,0,16,0,0,0,15,0,0,0
290025,2,1,1995,1,1,1,1,1,1,1,1,1,1
290026,1,1,1995,21,15,0,0,32,26,12,23,16,8
290027,1,1,1995,2,2,2,2,2,2,2,2,2,2
290028,1,1,1995,21,21,21,21,21,21,21,21,21,21
290029,1,1,1995,0,0,0,0,0,0,0,0,0,0
290030,1,1,1995,0,0,0,0,0,0,0,0,0,0
290030,2,1,1995,0,0,0,0,0,0,0,0,0,0
290031,1,1,1995,10,0,0,0,0,0,0,0,0,0
290032,1,1,1995,15,15,15,15,15,15,15,15,15,15
290033,1,1,1995,25,25,25,25,25,25,25,25,25,25
290033,2,1,1995,37,0,0,0,0,39,0,0,0,0
290034,1,1,1995,0,0,0,0,0,0,0,0,0,0
290034,2,1,1995,0,0,13,0,0,0,0,0,0,0
290035,1,1,1995,0,0,0,0,0,0,0,0,0,0
290035,2,1,1995,0,0,0,0,0,0,0,0,0,0
290036,1,1,1995,0,7,0,0,0,0,12,0,12,0
290037,1,1,1995,0,0,0,0,0,0,0,0,0,0
290038,1,1,1995,0,0,0,0,0,0,0,0,8,0
290038,2,1,1995,10,10,10,10,10,10,10,10,10,10
290039,1,1,1995,14,14,14,14,14,14,14,14,14,14
290041,0,1,1995,0,0,0,0,0,0,0,0,0,0
290041,1,1,1995,5,0,23,19,7,6,14,13,0,8
290042,1,1,1995,0,0,0,18,0,21,0,0,11,0
290042,2,1,1995,0,0,0,0,0,0,0,0,0,0
290043,1,1,1995,0,0,0,0,0,0,0,0,0,0
290044,1,1,1995,18,18,18,18,18,18,18,18,18,18
290044,2,1,1995,0,0,0,0,0,0,0,0,0,0
290045,0,1,1995,0,9,0,0,0,0,0,12,9,0
290045,1,1,1995,0,0,0,0,0,0,0,0,0,0
290046,1,1,1995,0,0,0,0,0,0,0,0,0,0
290046,2,1,1995,0,12,0,0,0,0,0,0,0,0
290047,0,1,1995,0,0,0,0,0,0,0,0,0,0
290047,1,1,1995,0,0,0,0,0,0,0,0,0,0
290048,1,1,1995,20,20,20,20,20,20,20,20,20,20
290048,2,1,1995,0,0,0,0,0,0,0,0,0,0
290049,1,1,1995,17,17,17,17,17,17,17,17,17,17
290050,1,1,1995,26,12,0,0,0,29,13,6,12,0
290050,2,1,1995,0,0,0,0,0,0,0,0,0,0
290051,1,1,1995,13,13,13,13,13,13,13,13,13,13
290052,0,1,1995,0,0,0,0,0,0,0,0,0,0
290052,1,1,1995,0,0,0,0,0,0,0,0,0,0
290053,1,1,1995,22,0,22,22,16,0,0,0,0,0
290053,2,1,1995,0,0,0,0,0,0,0,0,0,0
290054,1,1,1995,0,0,0,0,0,0,0,0,0,0
290054,2,1,1995,0,0,0,0,0,0,0,0,0,0
290055,1,1,1995,0,0,0,0,3,0,0,0,0,0
290055,2,1,1995,0,0,0,0,0,0,0,0,0,0
290056,1,1,1995,12,12,12,12,12,12,12,12,12,12
290057,1,1,1995,27,12,14,11,7,18,13,17,7,7
290058,1,1,1995,13,13,13,13,13,13,13,13,13,13
290059,1,1,1995,14,14,14,14,14,14,14,14,14,14
290060,1,1,1995,0,0,0,0,0,0,0,0,0,0
290061,1,1,1995,0,0,0,0,0,0,0,0,0,0
290062,1,1,1995,0,0,0,0,0,0,0,0,0,0
290062,2,1,1995,0,0,0,0,0,0,0,0,0,0
290063,1,1,1995,0,0,0,0,7,0,0,0,0,0
290064,1,1,1995,26,26,26,26,26,26,26,26,26,26
290065,1,1,1995,0,0,0,0,0,0,0,0,0,0
290065,2,1,1995,28,28,28,28,28,28,28,28,28,28
290066,1,1,1995,0,0,0,0,0,0,0,0,0,0
290067,1,1,1995,0,0,0,0,0,0,0,0,0,0
290067,2,1,1995,0,0,0,0,0,0,0,0,0,0
290068,1,1,1995,4,4,4,4,4,4,4,4,4,4
290068,2,1,1995,0,10,10,10,0,27,22,0,0,0
290069,1,1,1995,0,9,0,0,0,0,0,0,0,0
290070,1,1,1995,0,0,0,0,0,0,0,0,0,0
290070,2,1,1995,0,0,0,0,0,0,0,0,0,0
290070,3,1,1995,0,0,0,0,6,0,0,0,0,0
290071,1,1,1995,0,0,0,0,0,0,0,0,0,0
290071,2,1,1995,0,0,0,0,0,0,0,0,0,0
290072,1,1,1995,0,0,0,0,0,0,0,0,0,0
290072,2,1,1995,0,0,0,0,0,0,0,0,0,0
290073,1,1,1995,0,0,0,0,0,0,0,0,0,0
290074,1,1,1995,0,0,0,0,0,0,0,0,0,0
290074,2,1,1995,0,0,0,0,19,0,19,0,6,0
290075,1,1,1995,24,24,24,24,24,24,24,24,24,24
290076,1,1,1995,8,25,0,0,0,0,0,23,0,16
290077,1,1,1995,14,0,0,0,0,0,0,27,0,0
290077,2,1,1995,0,0,0,0,0,0,0,0,0,0
290078,1,1,1995,0,12,0,0,8,0,0,0,0,0
290078,2,1,1995,0,0,0,0,0,0,0,0,8,0
290079,1,1,1995,0,0,0,0,0,26,0,32,0,0
290080,1,1,1995,0,0,0,0,0,0,0,0,0,0
290080,2,1,1995,0,0,0,17,17,30,0,34,11,16
290081,1,1,1995,27,27,27,27,27,27,27,27,27,27
290082,1,1,1995,0,0,0,0,0,0,0,0,0,0
290082,2,1,1995,24,24,24,24,24,24,24,24,24,24
290083,1,1,1995,0,0,0,0,0,0,0,0,0,0
290084,1,1,1995,13,13,13,13,13,13,13,13,13,13
290085,1,1,1995,23,23,23,23,23,23,23,23,23,23
290086,1,1,1995,0,0,0,0,0,0,0,0,0,0
290087,1,1,1995,4,4,4,4,4,4,4,4,4,4
290088,1,1,1995,0,0,0,0,0,0,0,0,0,0
290089,1,1,1995,0,0,0,0,18,0,35,20,21,18
290090,1,1,1995,15,15,15,15,15,15,15,15,15,15
290091,1,1,1995,22,22,22,22,22,22,22,22,22,22
290091,2,1,1995,0,0,0,0,0,0,0,0,0,0
290092,1,1,1995,0,8,19,0,9,0,23,13,0,0
290093,1,1,1995,7,14,12,24,19,0,12,33,19,9
290093,2,1,1995,0,0,0,0,0,0,0,0,0,10
290094,1,1,1995,0,0,0,0,0,0,0,0,0,0
290095,1,1,1995,0,0,0,0,0,0,0,0,0,0
290096,1,1,1995,0,0,0,0,0,0,0,0,0,0
290096,2,1,1995,5,5,5,5,5,5,5,5,5,5
290097,1,1,1995,20,20,20,20,20,20,20,20,20,20
290098,1,1,1995,0,0,0,0,0,0,0,0,0,0
290099,1,1,1995,0,0,0,13,7,10,0,22,0,0
290100,1,1,1995,0,0,13,0,0,0,0,0,0,0
290100,2,1,1995,0,0,0,0,0,0,0,0,0,0
290101,1,1,1995,19,19,19,19,19,19,19,19,19,19
290102,1,1,1995,0,0,23,13,0,18,0,8,0,0
290103,1,1,1995,0,0,0,0,0,0,0,0,0,0
290104,1,1,1995,19,19,19,19,19,19,19,19,19,19
290104,2,1,1995,0,0,0,0,0,0,0,0,0,0
290105,1,1,1995,9,14,0,0,14,8,11,4,12,0
290106,1,1,1995,0,0,0,0,24,0,0,0,0,0
290106,2,1,1995,0,0,0,0,0,0,0,0,0,0
290107,1,1,1995,7,0,0,0,20,0,14,0,21,0
290108,1,1,1995,0,0,0,14,9,35,25,14,16,17
290108,2,1,1995,0,0,24,14,0,0,0,0,5,0
290109,1,1,1995,14,14,14,14,14,14,14,14,14,14
290110,1,1,1995,0,0,0,0,0,0,0,0,0,0
290110,2,1,1995,0,17,9,0,24,6,6,0,0,9
290111,1,1,1995,20,20,20,20,20,20,20,20,20,20
290112,1,1,1995,19,21,19,25,22,37,18,19,30,15
290113,1,1,1995,13,13,13,13,13,13,13,13,13,13
290113,2,1,1995,0,0,0,0,0,0,0,0,0,0
290113,3,1,1995,0,0,0,0,0,0,0,0,0,0
290114,0,1,1995,0,0,0,0,0,0,0,0,0,0
290114,1,1,1995,0,0,0,0,0,0,0,0,0,0
290115,1,1,1995,19,19,19,19,19,19,19,19,19,19
290115,2,1,1995,0,0,0,0,0,0,0,0,0,0
290116,1,1,1995,0,0,0,0,0,0,0,0,0,0
290116,2,1,1995,0,0,0,0,0,0,0,0,0,0
290117,1,1,1995,0,0,0,0,0,0,0,0,0,0
290117,2,1,1995,27,27,27,27,27,27,27,27,27,27
290118,1,1,1995,28,28,28,28,28,28,28,28,28,28
290119,1,1,1995,7,7,7,7,7,7,7,7,7,7
290120,1,1,1995,0,0,0,0,0,0,0,0,0,0
290121,0,1,1995,41,41,41,41,41,41,41,41,41,41
290121,1,1,1995,0,0,0,0,0,0,0,11,0,2
290122,1,1,1995,14,14,14,14,14,14,14,14,14,14
290122,2,1,1995,0,18,8,20,29,0,17,22,29,27
290123,1,1,1995,14,25,0,17,0,0,23,20,0,4
290124,1,1,1995,0,0,19,9,5,0,8,0,0,7
290125,1,1,1995,0,0,0,0,0,0,0,0,0,0
290125,2,1,1995,0,0,0,0,0,0,0,0,0,0
290126,1,1,1995,0,23,0,13,0,0,0,0,0,0
290126,2,1,1995,0,0,0,0,0,0,0,0,0,0
290127,1,1,1995,24,24,24,24,24,24,24,24,24,24
290127,2,1,1995,0,0,6,0,0,0,5,0,0,0
290128,1,1,1995,0,0,0,0,0,0,0,0,0,0
290128,2,1,1995,0,0,0,0,0,0,0,0,0,0
290129,1,1,1995,0,0,15,0,13,0,0,0,0,0
290129,2,1,1995,0,0,0,0,0,0,0,0,0,0
290130,1,1,1995,0,0,0,0,0,0,0,0,0,0
290130,2,1,1995,0,0,0,0,0,0,0,0,0,32
290131,1,1,1995,0,0,0,0,0,9,0,0,0,0
290131,2,1,1995,0,0,0,0,17,0,0,0,0,13
290131,3,1,1995,0,0,0,0,8,0,0,0,0,0
290132,1,1,1995,0,0,0,13,0,0,0,0,0,0
290133,1,1,1995,0,11,16,5,15,30,19,24,20,9
290134,1,1,1995,0,0,0,0,0,0,0,0,0,0
290134,2,1,1995,0,0,0,0,0,0,0,0,0,0
290134,3,1,1995,0,0,0,0,0,0,0,0,6,0
290135,1,1,1995,13,13,13,13,13,13,13,13,13,13
290135,2,1,1995,29,29,29,29,29,29,29,29,29,29
290136,1,1,1995,0,0,0,0,10,0,0,0,0,12
290137,0,1,1995,0,0,0,0,0,0,0,0,29,0
290137,1,1,1995,5,0,15,0,0,0,0,0,0,0
290138,1,1,1995,0,0,11,0,0,0,3,2,0,0
290139,1,1,1995,14,14,14,14,14,14,14,14,14,14
290140,1,1,1995,0,0,0,0,0,0,0,0,0,0
290141,1,1,1995,7,7,7,7,7,7,7,7,7,7
290142,1,1,1995,0,0,0,0,0,0,0,0,0,0
290142,2,1,1995,0,0,0,0,0,0,0,0,0,0
290143,1,1,1995,0,0,0,0,0,0,0,0,0,0
290143,2,1,1995,0,0,0,0,0,0,0,0,18,11
290144,1,1,1995,0,0,0,0,0,0,0,0,0,0
290145,1,1,1995,16,16,16,16,16,16,16,16,16,16
290146,1,1,1995,2,2,2,2,2,2,2,2,2,2
290147,1,1,1995,0,0,0,0,0,0,0,0,0,0
290147,2,1,1995,17,17,17,17,17,17,17,17,17,17
290148,0,1,1995,0,0,0,0,0,0,0,0,0,0
290148,1,1,1995,0,10,0,0,0,0,0,15,0,0
290149,0,1,1995,11,11,11,11,11,11,11,11,11,11
290149,1,1,1995,0,0,0,0,0,0,0,0,0,0
290150,1,1,1995,18,0,17,0,0,0,0,25,13,0
290150,2,1,1995,0,0,0,0,0,0,0,0,0,0
290151,1,1,1995,0,0,0,0,0,10,0,0,0,0
290151,2,1,1995,0,0,0,0,0,0,0,0,0,0
290152,1,1,1995,0,0,12,0,0,5,0,0,0,0
290152,2,1,1995,0,0,0,0,0,0,0,0,0,0
290153,1,1,1995,0,0,0,0,24,0,0,0,0,7
290153,2,1,1995,0,0,0,0,0,0,0,0,0,0
290154,1,1,1995,19,19,19,19,19,19,19,19,19,19
290155,1,1,1995,0,0,0,0,0,0,0,0,0,0
290156,0,1,1995,18,18,18,18,18,18,18,18,18,18
290156,1,1,1995,0,0,0,0,0,0,0,16,13,4
290157,1,1,1995,15,15,15,15,15,15,15,15,15,15
290158,1,1,1995,27,27,27,27,27,27,27,27,27,27
290159,1,1,1995,12,12,12,12,12,12,12,12,12,12
290160,1,1,1995,10,10,10,10,10,10,10,10,10,10
290161,1,1,1995,0,0,0,0,0,0,0,0,0,0
290161,2,1,1995,0,0,0,0,0,0,0,0,3,2
290162,1,1,1995,0,0,0,0,0,0,0,0,0,0
290163,1,1,1995,23,23,23,23,23,23,23,23,23,23
290164,1,1,1995,0,0,0,0,0,0,0,0,0,0
290165,1,1,1995,0,0,0,0,0,0,0,0,0,0
290166,1,1,1995,0,0,0,0,0,0,0,0,0,0
290166,2,1,1995,0,0,0,0,0,0,0,0,0,0
290166,3,1,1995,0,0,0,0,0,0,0,0,0,0
290167,1,1,1995,33,33,33,33,33,33,33,33,33,33
290168,0,1,1995,0,0,0,0,0,0,0,0,0,0
290168,1,1,1995,0,0,0,0,0,0,0,0,0,0
290169,1,1,1995,0,0,0,0,0,0,0,0,0,0
290169,2,1,1995,0,0,0,0,0,0,0,0,0,0
290169,3,1,1995,0,0,0,0,0,0,0,0,0,0
290170,1,1,1995,23,24,10,21,14,15,20,21,35,9
290171,1,1,1995,0,0,0,0,0,0,0,0,0,0
290171,2,1,1995,9,0,34,0,12,0,0,0,0,0
290172,1,1,1995,26,27,18,23,32,11,20,17,24,18
290173,1,1,1995,23,23,23,23,23,23,23,23,23,23
290174,1,1,1995,0,0,0,0,0,0,0,0,0,0
290174,2,1,1995,0,0,0,0,0,0,0,0,0,0
290175,1,1,1995,0,0,33,23,0,0,25,23,0,0
290175,2,1,1995,0,0,0,0,0,0,0,0,0,0
290176,1,1,1995,0,12,0,0,0,0,0,0,0,0
290176,2,1,1995,26,7,0,0,0,19,0,8,0,24
290177,1,1,1995,0,0,0,0,0,0,0,0,0,0
290178,1,1,1995,12,0,0,0,0,0,0,0,0,0
290179,1,1,1995,0,0,0,0,0,0,0,0,0,0
290180,1,1,1995,5,5,5,5,5,5,5,5,5,5
290180,2,1,1995,0,0,0,0,0,0,0,0,0,0
290181,1,1,1995,21,21,21,21,21,21,21,21,21,21
290182,1,1,1995,18,18,18,18,18,18,18,18,18,18
290183,0,1,1995,13,0,0,20,0,18,32,20,0,25
290183,1,1,1995,29,17,12,14,31,30,18,7,14,14
290184,1,1,1995,0,15,25,15,0,0,14,8,0,22
290185,1,1,1995,0,0,0,0,0,0,0,0,0,0
290185,2,1,1995,0,0,0,0,0,0,0,0,0,0
290185,3,1,1995,0,0,0,0,0,0,0,0,0,0
290186,1,1,1995,0,18,0,0,0,0,0,0,0,0
290186,2,1,1995,0,0,0,0,0,0,0,0,0,0
290187,1,1,1995,6,6,6,6,6,6,6,6,6,6
290188,1,1,1995,24,24,24,24,24,24,24,24,24,24
290189,1,1,1995,0,0,0,0,0,0,0,0,0,0
290189,2,1,1995,0,0,0,0,0,0,19,0,0,0
290190,1,1,1995,13,13,13,13,13,13,13,13,13,13
290191,1,1,1995,20,29,29,11,45,6,24,8,14,15
290192,0,1,1995,0,0,0,0,0,0,0,0,0,0
290192,1,1,1995,9,9,9,9,9,9,9,9,9,9
290193,1,1,1995,21,21,21,21,21,21,21,21,21,21
290193,2,1,1995,5,7,12,0,0,0,9,0,0,0
290193,3,1,1995,7,0,0,0,0,0,0,0,0,0
290194,1,1,1995,4,20,34,11,6,16,31,35,24,8
290195,1,1,1995,24,24,24,24,24,24,24,24,24,24
290195,2,1,1995,0,0,0,0,14,9,0,8,0,0
290195,3,1,1995,5,5,5,5,5,5,5,5,5,5
290196,1,1,1995,0,0,0,0,0,0,0,0,0,0
290196,2,1,1995,0,15,0,0,0,0,0,0,0,28
290196,3,1,1995,0,0,0,0,0,0,0,0,0,0
290197,1,1,1995,26,26,26,26,26,26,26,26,26,26
290198,1,1,1995,14,14,14,14,14,14,14,14,14,14
290199,1,1,1995,0,0,0,0,0,8,0,0,0,0
290199,2,1,1995,0,0,0,0,0,0,0,0,0,0
290200,1,1,1995,0,0,0,0,0,0,0,0,0,0
290201,0,1,1995,0,0,0,0,0,0,0,0,0,0
290201,1,1,1995,0,0,0,11,0,2,0,0,0,0
290202,0,1,1995,23,0,19,0,11,0,10,32,0,24
290202,0,2,1995,20,14,0,12,0,30,42,15,8,0
290202,0,3,1995,17,16,0,0,0,0,21,8,16,0
290202,1,1,1995,0,0,0,0,0,0,0,0,0,0
290203,1,1,1995,28,19,9,19,15,18,25,28,16,23
290203,2,1,1995,0,0,0,0,0,0,0,0,0,0
290203,3,1,1995,0,0,0,0,0,0,12,0,0,0
290203,4,1,1995,0,0,0,0,0,0,0,21,0,0
290204,1,1,1995,0,0,0,0,0,0,0,8,0,0
290204,2,1,1995,0,0,0,0,0,0,0,0,0,0
290205,1,1,1995,16,16,16,16,16,16,16,16,16,16
290206,1,1,1995,24,9,15,0,31,36,39,18,13,20
290207,1,1,1995,0,0,0,0,0,0,0,17,0,0
290208,1,1,1995,0,0,0,0,0,0,10,24,9,0
290209,1,1,1995,5,5,5,5,5,5,5,5,5,5
290210,1,1,1995,0,0,0,0,0,0,0,0,0,0
290210,2,1,1995,0,11,0,0,0,0,0,3,8,0
290211,1,1,1995,0,0,0,0,0,0,0,0,0,0
290212,1,1,1995,0,0,0,0,0,0,0,0,0,0
290213,1,1,1995,0,0,0,0,0,0,0,0,0,0
290214,1,1,1995,0,0,17,0,0,9,0,0,6,14
290215,1,1,1995,15,15,15,15,15,15,15,15,15,15
290216,1,1,1995,9,9,9,9,9,9,9,9,9,9
290217,1,1,1995,0,0,0,0,0,0,0,0,0,0
290217,2,1,1995,0,0,0,0,0,0,0,0,0,0
290218,1,1,1995,0,0,0,0,0,0,0,0,0,0
290219,1,1,1995,0,0,0,0,0,0,0,0,0,0
290219,2,1,1995,0,0,0,0,0,0,0,0,0,0
290219,3,1,1995,0,0,17,0,0,0,0,0,16,0
290220,1,1,1995,0,0,0,0,0,0,0,0,0,0
290220,2,1,1995,0,0,0,0,0,0,0,0,0,0
290221,1,1,1995,0,0,0,0,0,0,0,0,0,0
290221,2,1,1995,0,0,0,0,0,0,0,0,0,4
290221,3,1,1995,0,0,0,0,0,0,0,0,0,0
290222,1,1,1995,0,0,0,0,0,0,0,0,0,0
290223,1,1,1995,0,0,0,0,0,0,0,0,0,0
290224,1,1,1995,0,0,0,0,0,0,0,0,0,0
290225,1,1,1995,0,0,0,0,0,0,0,0,0,0
290225,2,1,1995,0,0,0,0,0,0,0,0,0,0
290226,1,1,1995,0,0,0,0,0,0,0,0,0,0
290226,2,1,1995,0,0,0,0,0,0,0,0,0,0
290226,3,1,1995,0,0,20,23,0,0,0,20,0,0
290226,4,1,1995,0,0,18,0,0,0,0,0,6,0
290227,1,1,1995,23,23,23,23,23,23,23,23,23,23
290228,0,1,1995,0,0,0,0,0,0,0,0,0,0
290228,1,1,1995,34,0,23,24,0,12,25,11,0,10
290229,1,1,1995,5,5,5,5,5,5,5,5,5,5
290230,1,1,1995,19,19,19,19,19,19,19,19,19,19
290231,1,1,1995,0,0,0,0,14,0,0,0,0,0
290231,2,1,1995,0,0,0,0,0,0,0,0,0,0
290232,1,1,1995,19,19,19,19,19,19,19,19,19,19
290233,1,1,1995,0,0,0,0,0,0,0,0,0,0
290233,2,1,1995,16,0,0,0,0,0,0,0,0,0
290234,1,1,1995,20,20,20,20,20,20,20,20,20,20
290235,1,1,1995,0,0,0,0,0,0,0,0,0,0
290236,1,1,1995,11,11,11,11,11,11,11,11,11,11
290237,0,1,1995,18,14,0,31,25,24,0,0,22,20
290237,0,2,1995,0,0,0,0,0,0,0,0,0,0
290237,1,1,1995,0,0,16,0,0,0,0,9,10,0
290238,1,1,1995,0,0,9,0,0,0,0,0,0,0
290239,1,1,1995,0,0,0,10,0,0,0,0,0,3
290239,2,1,1995,6,6,6,6,6,6,6,6,6,6
290240,1,1,1995,0,0,0,0,0,0,0,0,0,0
290240,2,1,1995,0,0,0,0,0,0,0,0,0,0
290241,1,1,1995,0,0,0,0,0,0,0,0,0,0
290242,1,1,1995,11,11,11,11,11,11,11,11,11,11
290243,1,1,1995,0,0,0,0,0,0,0,0,0,0
290243,2,1,1995,0,0,0,0,0,0,0,0,0,0
290243,3,1,1995,0,0,0,0,0,0,0,0,0,0
290244,1,1,1995,0,13,0,0,0,0,0,0,0,11
290245,1,1,1995,0,0,0,0,0,0,0,0,0,0
290246,1,1,1995,0,0,0,0,0,9,0,0,0,0
290246,2,1,1995,0,0,0,0,0,0,0,0,0,0
290247,0,1,1995,0,0,0,0,0,0,23,0,0,0
290247,1,1,1995,0,0,0,0,0,0,0,0,0,0
290248,1,1,1995,22,22,22,22,22,22,22,22,22,22
290249,1,1,1995,0,0,0,0,0,0,0,0,0,0
290249,2,1,1995,0,0,0,0,0,0,0,0,0,0
290250,1,1,1995,0,0,0,0,0,0,0,0,0,0
290251,1,1,1995,33,33,33,33,33,33,33,33,33,33
290251,2,1,1995,0,0,0,0,0,0,24,11,24,0
290252,1,1,1995,0,0,0,0,0,0,9,19,13,25
290252,2,1,1995,0,0,0,0,0,0,0,0,0,0
290253,1,1,1995,0,11,21,0,16,0,10,0,41,0
290253,2,1,1995,0,0,0,0,0,0,0,0,0,0
290253,3,1,1995,0,0,0,0,0,0,0,0,0,0
290254,1,1,1995,0,0,0,0,0,0,0,0,0,12
290254,2,1,1995,0,0,0,0,0,0,0,0,0,0
290254,3,1,1995,0,0,0,0,0,0,0,0,0,0
290255,1,1,1995,39,39,39,39,39,39,39,39,39,39
290255,2,1,1995,21,0,15,22,7,0,0,5,0,0
290256,1,1,1995,12,0,11,0,0,0,0,0,0,17
290257,1,1,1995,26,15,0,9,14,14,0,0,28,0
290258,1,1,1995,0,0,0,0,0,0,0,0,0,0
290258,2,1,1995,0,0,0,0,0,0,0,0,0,0
290259,1,1,1995,22,22,22,22,22,22,22,22,22,22
290260,1,1,1995,0,0,0,0,0,0,0,0,0,0
290261,1,1,1995,0,21,24,0,0,20,0,22,25,10
290262,1,1,1995,0,0,0,0,0,0,0,0,0,0
290262,2,1,1995,0,0,0,0,0,0,0,0,0,0