ST_CASE,VEH_NO,PER_NO,YEAR,P1,P2,P3,P4,P5,P6,P7,P8,P9,P10
290562,1,1,1995,28,32,23,23,12,20,17,14,16,27
290563,1,1,1995,0,6,0,0,0,0,0,0,0,0
290563,2,1,1995,0,0,0,0,0,0,0,0,17,15
290564,1,1,1995,23,0,0,0,0,0,0,17,0,9
290564,2,1,1995,0,0,0,0,0,0,0,0,0,0
290565,0,1,1995,24,28,5,4,11,16,11,14,23,32
290565,1,1,1995,6,6,6,6,6,6,6,6,6,6
290566,0,1,1995,18,22,25,17,6,19,0,14,20,13
290566,1,1,1995,0,9,0,7,0,0,0,0,0,7
290567,1,1,1995,22,14,17,0,0,0,6,20,0,29
290568,1,1,1995,0,0,0,0,0,0,0,0,0,0
290568,2,1,1995,0,0,0,0,0,0,0,0,0,0
290569,1,1,1995,11,11,11,11,11,11,11,11,11,11
290570,1,1,1995,7,7,7,7,7,7,7,7,7,7
290571,1,1,1995,9,9,9,9,9,9,9,9,9,9
290572,1,1,1995,23,23,23,23,23,23,23,23,23,23
290573,1,1,1995,23,23,23,23,23,23,23,23,23,23
290574,1,1,1995,2,2,2,2,2,2,2,2,2,2
290575,0,1,1995,37,37,37,37,37,37,37,37,37,37
290575,1,1,1995,0,0,0,0,0,8,0,0,0,0
290576,1,1,1995,22,22,22,22,22,22,22,22,22,22
290577,1,1,1995,5,16,0,34,0,12,11,30,22,15
290578,1,1,1995,0,0,0,0,0,0,0,0,0,0
290579,1,1,1995,0,0,0,0,0,0,0,0,0,0
290580,1,1,1995,0,0,0,0,0,0,0,0,0,0
290581,1,1,1995,0,0,0,0,0,0,0,0,0,0
290582,0,1,1995,0,0,0,21,0,35,0,0,23,13
290582,1,1,1995,20,20,20,20,20,20,20,20,20,20
290582,2,1,1995,0,0,0,0,0,0,0,0,0,30
290583,1,1,1995,0,0,0,0,0,0,0,0,0,0
290583,2,1,1995,0,0,0,0,0,0,0,0,0,0
290584,1,1,1995,19,19,19,19,19,19,19,19,19,19
290585,1,1,1995,20,20,20,20,20,20,20,20,20,20
290585,2,1,1995,0,0,0,0,0,0,0,0,0,0
290586,1,1,1995,0,0,0,18,0,0,0,0,0,0
290587,1,1,1995,0,0,0,0,0,0,0,0,0,0
290588,1,1,1995,24,24,24,24,24,24,24,24,24,24
290589,1,1,1995,24,24,24,24,24,24,24,24,24,24
290590,1,1,1995,0,0,0,0,0,0,0,0,0,0
290590,2,1,1995,0,0,0,0,0,25,0,0,0,0
290591,1,1,1995,0,0,0,0,0,0,0,0,0,0
290591,2,1,1995,0,0,0,13,0,0,0,0,0,0
290592,1,1,1995,0,0,0,0,0,0,0,0,0,0
290592,2,1,1995,0,0,0,0,0,0,0,0,0,0
290593,1,1,1995,0,0,0,0,0,0,0,0,0,0
290593,2,1,1995,12,0,0,0,0,0,0,0,0,0
290594,1,1,1995,21,21,21,21,21,21,21,21,21,21
290594,2,1,1995,0,0,0,0,0,0,0,0,0,0
290594,3,1,1995,38,0,14,20,0,16,19,0,0,0
290595,1,1,1995,0,0,3,0,0,23,14,18,23,0
290596,1,1,1995,19,19,19,19,19,19,19,19,19,19
290597,1,1,1995,14,14,14,14,14,14,14,14,14,14
290597,2,1,1995,0,10,0,0,18,0,0,0,0,0
290598,1,1,1995,0,0,0,0,0,0,0,0,0,0
290598,2,1,1995,22,22,22,22,22,22,22,22,22,22
290599,1,1,1995,0,0,0,0,0,0,0,0,0,0
290600,1,1,1995,0,0,0,0,0,0,0,0,0,0
290600,2,1,1995,0,0,0,0,0,0,0,0,0,0
290601,1,1,1995,0,0,0,0,0,8,0,0,0,0
290601,2,1,1995,0,0,19,9,0,0,0,0,0,0
290602,1,1,1995,0,0,0,0,0,0,0,0,0,0
290602,2,1,1995,0,0,23,0,11,5,0,0,0,0
290602,3,1,1995,0,0,0,7,0,0,0,0,0,0
290602,4,1,1995,0,0,7,0,0,8,0,0,0,0
290602,5,1,1995,0,20,0,0,0,0,0,0,0,19
290603,1,1,1995,21,0,11,10,0,7,27,0,15,0
290603,2,1,1995,0,0,14,10,0,0,14,0,22,27
290604,1,1,1995,10,10,10,10,10,10,10,10,10,10
290605,1,1,1995,0,0,0,0,0,0,0,0,0,0
290605,2,1,1995,0,0,0,0,0,0,0,0,0,0
290606,1,1,1995,12,0,19,0,0,11,0,0,0,0
290606,2,1,1995,0,0,0,0,0,10,19,47,2,0
290607,1,1,1995,0,0,0,0,0,0,0,0,0,0
290607,2,1,1995,0,0,0,0,5,0,0,13,0,0
290608,0,1,1995,25,25,25,25,25,25,25,25,25,25
290608,1,1,1995,0,0,0,0,0,0,0,0,0,0
290609,1,1,1995,0,0,0,0,0,0,0,0,0,0
290609,2,1,1995,0,0,0,0,0,0,19,0,0,0
290610,1,1,1995,0,0,0,0,0,0,0,0,0,0
290611,1,1,1995,0,3,0,0,0,0,0,0,0,0
290611,2,1,1995,0,0,0,0,0,0,0,0,0,0
290612,1,1,1995,0,0,0,0,0,0,0,0,0,0
290612,2,1,1995,0,0,0,0,0,0,0,18,0,0
290613,1,1,1995,0,12,0,18,0,0,0,10,8,13
290614,1,1,1995,38,38,38,38,38,38,38,38,38,38
290615,1,1,1995,0,0,0,0,0,0,0,0,0,0
290616,1,1,1995,14,14,14,14,14,14,14,14,14,14
290617,1,1,1995,23,6,27,0,0,0,0,50,0,0
290618,1,1,1995,6,18,18,15,17,12,17,7,5,14
290618,2,1,1995,0,0,0,0,0,0,0,0,0,0
290619,1,1,1995,26,26,26,26,26,26,26,26,26,26
290620,1,1,1995,32,32,32,32,32,32,32,32,32,32
290621,1,1,1995,42,42,42,42,42,42,42,42,42,42
290621,2,1,1995,0,0,0,0,0,0,0,0,0,0
290622,1,1,1995,0,0,0,0,0,0,0,0,0,0
290623,1,1,1995,0,0,0,0,0,0,0,0,0,0
290624,1,1,1995,35,35,35,35,35,35,35,35,35,35
290624,2,1,1995,13,0,8,0,0,10,0,2,12,20
290625,1,1,1995,0,0,0,0,0,0,0,0,0,0
290625,2,1,1995,0,0,0,0,0,20,3,0,0,0
290626,0,1,1995,0,0,0,36,0,0,0,0,57,20
290626,1,1,1995,0,0,0,0,0,0,0,0,0,0
290627,1,1,1995,0,0,0,0,0,0,0,0,0,0
290627,2,1,1995,0,0,0,0,0,4,0,0,0,0
290628,1,1,1995,0,0,0,0,0,0,0,0,0,0
290628,2,1,1995,0,0,0,0,0,0,0,0,0,0
290628,3,1,1995,0,0,0,0,0,0,0,0,0,0
290629,1,1,1995,34,27,16,0,23,9,16,34,23,20
290630,1,1,1995,12,12,12,12,12,12,12,12,12,12
290631,0,1,1995,0,0,0,0,0,0,0,0,0,0
290631,1,1,1995,0,0,0,0,0,0,32,29,0,0
290632,0,1,1995,0,0,0,0,0,0,0,0,0,0
290632,1,1,1995,0,0,0,0,0,0,0,0,0,0
290633,1,1,1995,16,0,23,0,0,19,0,0,0,0
290634,1,1,1995,0,0,0,0,0,0,0,0,0,0
290635,1,1,1995,23,23,23,23,23,23,23,23,23,23
290636,1,1,1995,0,0,0,9,0,0,0,0,0,0
290636,2,1,1995,35,14,9,25,20,12,0,8,27,23
290637,1,1,1995,0,8,14,5,15,10,20,8,13,12
290637,2,1,1995,0,25,0,16,0,0,0,0,0,14
290638,1,1,1995,19,16,0,16,8,0,0,26,21,27
290639,1,1,1995,17,17,17,17,17,17,17,17,17,17
290640,1,1,1995,0,0,0,17,7,18,0,0,0,25
290641,1,1,1995,7,7,7,7,7,7,7,7,7,7
290642,1,1,1995,0,0,0,0,0,0,0,0,0,0
290642,2,1,1995,0,0,24,0,0,0,0,0,0,0
290643,0,1,1995,0,0,0,0,0,0,0,0,13,0
290643,1,1,1995,0,0,0,0,0,0,0,0,0,0
290644,1,1,1995,0,0,0,0,0,0,0,0,0,0
290645,1,1,1995,0,0,0,0,0,0,0,0,0,0
290645,2,1,1995,0,0,0,0,0,0,0,0,0,0
290646,0,1,1995,0,0,4,0,0,0,0,0,25,28
290646,0,2,1995,0,0,0,0,8,0,0,28,20,0
290646,1,1,1995,16,16,16,16,16,16,16,16,16,16
290647,0,1,1995,25,25,25,25,25,25,25,25,25,25
290647,1,1,1995,0,0,0,0,0,0,0,0,0,0
290648,1,1,1995,0,0,0,0,0,0,0,0,0,0
290648,2,1,1995,0,0,0,0,0,13,0,0,14,0
290649,1,1,1995,37,37,37,37,37,37,37,37,37,37
290650,1,1,1995,0,0,0,0,0,0,0,0,0,0
290651,1,1,1995,12,12,12,12,12,12,12,12,12,12
290652,1,1,1995,22,22,22,22,22,22,22,22,22,22
290652,2,1,1995,0,0,0,0,0,0,0,0,0,0
290653,1,1,1995,4,18,0,20,7,39,9,12,0,17
290653,2,1,1995,0,0,0,0,0,0,0,0,0,0
290653,3,1,1995,0,0,0,0,0,0,0,0,0,0
290654,1,1,1995,0,16,30,0,24,15,28,30,29,15
290655,0,1,1995,0,0,0,0,0,0,0,0,0,0
290655,1,1,1995,0,0,0,0,0,0,0,0,0,0
290656,1,1,1995,10,10,10,10,10,10,10,10,10,10
290657,1,1,1995,0,0,0,0,0,0,0,0,0,0
290658,1,1,1995,0,0,0,0,0,0,0,0,0,0
290659,0,1,1995,0,0,0,0,0,0,0,0,0,0
290659,1,1,1995,0,13,0,0,0,0,0,0,0,12
290660,1,1,1995,13,13,13,13,13,13,13,13,13,13
290661,1,1,1995,26,26,26,26,26,26,26,26,26,26
290662,1,1,1995,0,0,0,0,0,0,0,0,0,0
290662,2,1,1995,0,0,0,0,0,0,0,0,0,0
290663,1,1,1995,12,12,12,12,12,12,12,12,12,12
290664,1,1,1995,26,26,26,26,26,26,26,26,26,26
290665,1,1,1995,0,0,0,0,0,0,0,0,0,0
290665,2,1,1995,0,0,0,0,0,0,0,0,0,0
290665,3,1,1995,17,0,0,0,0,0,0,0,0,0
290666,1,1,1995,0,0,0,0,0,19,0,0,0,0
290666,2,1,1995,0,12,0,0,13,0,0,0,15,0
290666,3,1,1995,0,0,0,0,0,0,0,0,0,0
290666,4,1,1995,0,19,0,0,0,0,13,0,0,0
290667,1,1,1995,0,35,10,14,13,2,6,26,12,17
290668,1,1,1995,7,7,7,7,7,7,7,7,7,7
290669,1,1,1995,0,0,0,0,0,0,0,0,0,0
290670,1,1,1995,13,13,13,13,13,13,13,13,13,13
290670,2,1,1995,0,0,0,0,0,0,0,0,0,0
290671,1,1,1995,0,0,0,0,0,0,8,0,0,0
290671,2,1,1995,0,0,0,0,0,15,0,0,0,0
290672,1,1,1995,0,0,0,0,0,0,0,0,0,0
290672,2,1,1995,24,0,0,0,0,0,0,0,0,0
290673,1,1,1995,29,24,20,17,21,22,35,21,32,29
290674,1,1,1995,0,0,0,0,0,0,0,0,0,0
290675,1,1,1995,0,0,0,0,0,0,0,0,0,0
290676,1,1,1995,16,16,16,16,16,16,16,16,16,16
290677,1,1,1995,9,12,12,18,18,22,17,34,27,16
290678,1,1,1995,20,20,20,20,20,20,20,20,20,20
290679,1,1,1995,18,18,18,18,18,18,18,18,18,18
290680,1,1,1995,22,22,22,22,22,22,22,22,22,22
290681,1,1,1995,12,12,12,12,12,12,12,12,12,12
290682,1,1,1995,0,0,0,0,0,0,0,0,0,0
290682,2,1,1995,0,0,0,0,0,0,0,0,0,0
290682,3,1,1995,0,0,0,7,0,0,0,0,0,0
290682,4,1,1995,0,0,0,0,0,0,0,0,0,0
290683,0,1,1995,0,0,0,0,0,0,0,0,0,0
290683,1,1,1995,0,13,0,0,0,0,0,0,37,0
290684,1,1,1995,0,0,0,0,0,0,0,0,0,0
290685,1,1,1995,21,21,21,21,21,21,21,21,21,21
290685,2,1,1995,0,0,0,0,0,0,0,0,0,0
290685,3,1,1995,0,0,0,0,0,0,0,4,0,0
290686,1,1,1995,13,3,12,17,29,15,13,19,9,15
290687,1,1,1995,0,0,0,0,0,0,0,0,0,0
290688,1,1,1995,0,0,0,0,0,0,0,0,0,0
290688,2,1,1995,0,0,0,0,0,0,0,0,0,0
290689,1,1,1995,0,0,0,0,0,0,0,0,0,0
290689,2,1,1995,0,0,0,0,0,0,0,0,0,0
290690,1,1,1995,0,0,0,0,0,0,0,0,0,0
290690,2,1,1995,0,0,0,0,0,0,0,0,0,0
290691,1,1,1995,0,0,0,0,0,0,0,0,0,0
290691,2,1,1995,0,0,0,0,0,0,0,0,0,0
290692,1,1,1995,0,7,0,0,0,0,49,0,0,0
290692,2,1,1995,23,0,15,16,10,0,0,0,0,0
290693,1,1,1995,15,15,15,15,15,15,15,15,15,15
290694,1,1,1995,21,7,0,12,0,0,0,0,0,23
290694,2,1,1995,0,0,0,0,0,0,0,0,0,0
290694,3,1,1995,4,11,11,20,0,16,0,0,22,11
290695,1,1,1995,19,19,19,19,19,19,19,19,19,19
290696,0,1,1995,0,0,0,0,0,0,0,0,0,0
290696,1,1,1995,0,0,0,0,0,0,0,0,0,0
290697,1,1,1995,0,0,0,0,0,0,16,0,0,0
290698,1,1,1995,19,19,19,19,19,19,19,19,19,19
290699,1,1,1995,0,0,0,0,0,0,0,0,0,0
290699,2,1,1995,13,13,13,13,13,13,13,13,13,13
290700,1,1,1995,16,16,16,16,16,16,16,16,16,16
290701,1,1,1995,19,19,19,19,19,19,19,19,19,19
290702,1,1,1995,0,19,0,0,0,0,0,0,0,0
290702,2,1,1995,0,0,0,14,0,0,0,0,0,0
290703,1,1,1995,0,0,0,0,0,0,0,0,0,0
290703,2,1,1995,0,0,0,0,0,0,0,0,0,0
290704,1,1,1995,0,0,0,0,0,0,0,0,0,0
290704,2,1,1995,0,0,0,0,0,0,0,2,12,0
290705,1,1,1995,16,25,9,10,28,17,14,22,18,8
290705,2,1,1995,3,3,3,3,3,3,3,3,3,3
290706,1,1,1995,14,14,15,17,34,9,14,23,32,30
290707,0,1,1995,0,0,38,0,18,0,0,0,0,22
290707,1,1,1995,4,9,0,0,0,0,0,0,0,0
290708,1,1,1995,0,0,0,0,0,0,0,0,0,0
290709,1,1,1995,0,0,0,0,0,6,0,0,0,0
290710,1,1,1995,0,0,0,0,0,0,0,0,0,0
290710,2,1,1995,0,0,0,0,0,0,0,0,0,0
290711,1,1,1995,21,5,20,17,9,33,24,9,37,8
290712,1,1,1995,0,0,0,0,0,0,0,0,0,0
290712,2,1,1995,16,0,14,0,0,0,0,0,0,0
290713,1,1,1995,17,0,0,21,0,0,8,0,20,12
290713,2,1,1995,0,0,0,26,0,0,0,0,10,17
290713,3,1,1995,24,0,0,0,0,0,0,10,0,0
290713,4,1,1995,0,0,0,0,0,0,0,0,0,28
290714,1,1,1995,30,30,30,30,30,30,30,30,30,30
290715,1,1,1995,17,17,17,17,17,17,17,17,17,17
290715,2,1,1995,0,0,0,0,0,0,0,0,0,0
290716,1,1,1995,6,12,17,0,0,8,0,0,0,10
290716,2,1,1995,0,0,0,0,22,0,0,0,0,0
290717,1,1,1995,22,22,22,22,22,22,22,22,22,22
290718,1,1,1995,8,8,8,8,8,8,8,8,8,8
290718,2,1,1995,20,0,0,21,0,0,0,18,0,0
290719,1,1,1995,0,0,0,0,0,0,0,0,0,0
290719,2,1,1995,0,0,0,0,0,0,0,0,0,0
290720,1,1,1995,13,13,13,13,13,13,13,13,13,13
290720,2,1,1995,0,0,0,0,0,0,0,0,0,0
290721,1,1,1995,18,18,18,18,18,18,18,18,18,18
290721,2,1,1995,0,0,0,0,0,0,0,0,0,0
290722,1,1,1995,0,0,0,0,0,0,0,0,0,0
290722,2,1,1995,0,0,0,0,0,0,0,0,0,0
290723,1,1,1995,12,0,0,0,0,0,0,0,5,0
290724,1,1,1995,0,0,0,0,0,0,0,0,0,0
290724,2,1,1995,0,0,0,0,0,0,0,0,0,32
290725,1,1,1995,18,18,18,18,18,18,18,18,18,18
290725,2,1,1995,0,0,0,0,0,0,0,0,0,0
290726,1,1,1995,12,12,12,12,12,12,12,12,12,12
290727,1,1,1995,10,10,10,10,10,10,10,10,10,10
290728,1,1,1995,12,12,12,12,12,12,12,12,12,12
290729,0,1,1995,19,19,19,19,19,19,19,19,19,19
290729,1,1,1995,0,0,40,24,0,0,17,21,7,0
290730,1,1,1995,0,0,0,0,0,0,0,0,0,0
290730,2,1,1995,0,0,0,0,0,0,0,0,0,0
290731,1,1,1995,0,0,0,0,0,0,0,0,0,0
290731,2,1,1995,0,0,0,0,0,0,0,3,0,0
290732,1,1,1995,0,0,0,0,0,0,16,0,0,7
290733,1,1,1995,0,0,0,5,0,0,24,0,20,0
290733,2,1,1995,29,29,29,29,29,29,29,29,29,29
290734,1,1,1995,0,0,0,0,0,0,0,0,0,0
290734,2,1,1995,0,0,0,0,0,0,0,0,0,0
290735,1,1,1995,0,0,0,0,0,0,0,0,0,0
290736,1,1,1995,12,7,16,0,12,0,18,18,8,0
290737,1,1,1995,0,0,0,0,0,0,0,0,0,0
290737,2,1,1995,0,0,0,0,0,0,0,0,0,0
290737,3,1,1995,0,0,0,0,0,0,0,0,0,0
290738,0,1,1995,0,0,0,0,0,0,0,0,0,0
290738,1,1,1995,0,0,0,0,0,7,0,0,0,0
290739,1,1,1995,0,0,11,0,17,0,21,26,7,14
290740,1,1,1995,1,1,1,1,1,1,1,1,1,1
290741,1,1,1995,0,0,0,0,0,0,0,0,0,0
290742,0,1,1995,19,19,19,19,19,19,19,19,19,19
290742,1,1,1995,0,0,0,19,9,27,0,0,0,17
290743,1,1,1995,0,0,0,0,0,0,0,0,0,0
290744,1,1,1995,0,0,0,0,0,0,0,0,0,0
290745,1,1,1995,0,0,0,24,0,0,0,0,0,0
290745,2,1,1995,0,0,0,0,0,0,0,0,0,0
290746,1,1,1995,0,0,0,0,0,0,0,0,0,0
290747,1,1,1995,11,18,21,30,10,25,24,0,18,16
290747,2,1,1995,0,0,0,0,0,37,0,0,0,0
290748,0,1,1995,20,16,29,14,12,10,11,20,5,18
290748,1,1,1995,0,0,0,0,0,0,0,0,0,0
290749,1,1,1995,16,16,16,16,16,16,16,16,16,16
290749,2,1,1995,0,0,16,0,0,0,0,0,0,15
290749,3,1,1995,0,0,0,0,0,0,11,0,0,0
290750,0,1,1995,21,19,36,33,38,32,8,0,22,0
290750,1,1,1995,0,0,0,0,0,0,0,0,0,0
290751,0,1,1995,23,23,23,23,23,23,23,23,23,23
290751,1,1,1995,3,0,0,0,2,0,0,4,0,0
290752,1,1,1995,14,13,18,0,17,15,0,0,18,0
290752,2,1,1995,15,9,25,13,8,17,7,36,14,0
290753,1,1,1995,0,0,0,0,20,20,12,15,8,0
290754,1,1,1995,20,20,20,20,20,20,20,20,20,20
290754,2,1,1995,0,11,20,0,7,18,16,0,13,15
290755,1,1,1995,16,16,16,16,16,16,16,16,16,16
290756,1,1,1995,0,0,0,0,16,0,0,0,0,0
290756,2,1,1995,0,0,0,0,0,0,0,0,0,0
290757,1,1,1995,9,9,9,9,9,9,9,9,9,9
290758,1,1,1995,0,19,0,0,14,21,28,2,28,0
290759,1,1,1995,22,22,22,22,22,22,22,22,22,22
290760,1,1,1995,30,30,30,30,30,30,30,30,30,30
290761,1,1,1995,0,0,0,0,0,0,0,0,0,0
290762,1,1,1995,0,6,8,0,0,0,13,16,24,21
290763,1,1,1995,24,24,24,24,24,24,24,24,24,24
290764,1,1,1995,0,0,0,0,0,0,0,0,18,0
290764,2,1,1995,0,0,0,0,0,0,0,0,0,0
290765,1,1,1995,10,12,0,27,0,0,14,0,0,20
290765,2,1,1995,15,0,28,16,20,20,0,11,15,9
290766,1,1,1995,28,28,28,28,28,28,28,28,28,28
290767,1,1,1995,27,27,27,27,27,27,27,27,27,27
290768,1,1,1995,0,0,0,0,0,0,0,0,0,0
290768,2,1,1995,0,0,0,0,7,0,0,11,0,0
290769,1,1,1995,1,1,1,1,1,1,1,1,1,1
290769,2,1,1995,0,0,0,0,0,0,0,0,0,0
290770,1,1,1995,18,18,18,18,18,18,18,18,18,18
290771,0,1,1995,22,22,22,22,22,22,22,22,22,22
290771,1,1,1995,0,0,0,0,0,0,0,0,0,0
290772,1,1,1995,5,5,5,5,5,5,5,5,5,5
290773,1,1,1995,11,20,18,28,16,30,25,23,12,11
290774,1,1,1995,14,14,14,14,14,14,14,14,14,14
290775,1,1,1995,9,9,9,9,9,9,9,9,9,9
290776,1,1,1995,0,0,0,0,0,0,0,0,0,0
290777,1,1,1995,10,0,0,21,0,0,8,0,0,0
290778,1,1,1995,9,5,33,20,9,22,11,13,20,20
290779,1,1,1995,0,0,0,0,0,0,0,0,0,0
290779,2,1,1995,0,0,0,0,0,0,0,0,0,0
290780,1,1,1995,25,25,25,25,25,25,25,25,25,25
290780,2,1,1995,0,0,0,0,0,0,0,0,0,0
290781,1,1,1995,0,0,0,0,0,0,0,0,0,0
290782,1,1,1995,0,0,0,0,0,0,0,0,0,0
290782,2,1,1995,0,0,0,0,0,0,0,0,0,0
290783,1,1,1995,0,0,0,0,0,0,0,0,0,0
290783,2,1,1995,0,0,0,0,0,0,0,0,0,0
290784,0,1,1995,0,12,0,0,0,11,0,0,17,18
290784,1,1,1995,0,0,0,0,0,0,0,0,0,0
290785,1,1,1995,12,0,0,0,0,0,0,0,0,0
290785,2,1,1995,30,30,30,30,30,30,30,30,30,30
290786,0,1,1995,0,0,0,0,0,0,0,0,0,0
290786,1,1,1995,0,0,0,0,0,0,0,0,0,0
290787,1,1,1995,0,0,0,0,0,0,0,0,0,0
290788,1,1,1995,15,15,15,15,15,15,15,15,15,15
290789,1,1,1995,25,25,25,25,25,25,25,25,25,25
290789,2,1,1995,0,0,0,6,0,12,0,0,33,19
290790,1,1,1995,0,0,0,0,0,0,0,0,0,0
290790,2,1,1995,0,6,0,0,0,0,0,0,0,13
290791,1,1,1995,22,22,22,22,22,22,22,22,22,22
290792,1,1,1995,15,28,13,0,15,20,37,27,0,28
290793,1,1,1995,30,30,30,30,30,30,30,30,30,30
290794,1,1,1995,7,7,7,7,7,7,7,7,7,7
290795,1,1,1995,20,20,20,20,20,20,20,20,20,20
290796,0,1,1995,38,7,27,33,5,0,15,20,32,27
290796,1,1,1995,21,0,0,18,20,0,18,13,0,0
290797,1,1,1995,0,7,0,0,0,0,0,0,0,0
290798,1,1,1995,6,21,0,0,0,0,0,6,0,17
290798,2,1,1995,15,23,21,26,13,13,0,11,14,14
290799,1,1,1995,29,10,19,25,18,13,22,14,27,19
290800,1,1,1995,14,21,0,0,0,17,21,18,0,18
290801,1,1,1995,18,9,12,0,21,22,7,20,20,21
290802,1,1,1995,0,0,0,0,0,0,0,0,0,0
290802,2,1,1995,0,16,0,0,25,0,0,0,0,8
290803,1,1,1995,29,29,29,29,29,29,29,29,29,29
290803,2,1,1995,0,0,0,0,0,0,0,0,0,0
290804,1,1,1995,0,0,0,0,0,0,0,0,0,0
290804,2,1,1995,0,0,0,0,0,0,0,0,0,0
290804,3,1,1995,0,0,0,0,0,0,0,0,0,16
290805,1,1,1995,14,14,14,14,14,14,14,14,14,14
290806,0,1,1995,24,29,4,13,27,7,21,19,0,21
290806,1,1,1995,44,31,32,40,32,0,3,0,24,16
290807,1,1,1995,0,0,0,0,0,0,0,0,0,0
290808,1,1,1995,0,12,0,13,13,0,14,11,15,0
290809,1,1,1995,24,3,7,14,5,11,16,3,10,9
290809,2,1,1995,14,2,14,8,12,22,13,10,13,6
290810,0,1,1995,0,0,0,0,0,0,0,0,0,0
290810,1,1,1995,7,0,0,0,0,0,0,0,0,0
290811,1,1,1995,7,7,7,7,7,7,7,7,7,7
290811,2,1,1995,28,28,28,28,28,28,28,28,28,28
290812,1,1,1995,0,0,0,0,0,0,0,0,0,0
290812,2,1,1995,0,0,0,0,0,0,0,0,0,0
290813,1,1,1995,0,0,0,0,0,0,0,0,0,0
290814,1,1,1995,0,0,0,0,0,0,0,0,0,0
290814,2,1,1995,0,0,0,0,0,0,0,0,0,0
290814,3,1,1995,0,0,9,0,0,0,15,0,2,0
290815,1,1,1995,0,0,0,0,0,0,0,0,0,0
290815,2,1,1995,0,0,0,0,0,0,0,0,0,0
290816,1,1,1995,0,0,0,0,0,0,0,0,0,0
290817,0,1,1995,0,0,0,0,0,0,0,0,0,0
290817,1,1,1995,7,0,0,0,0,13,0,0,0,0
290818,1,1,1995,11,11,11,11,11,11,11,11,11,11
290819,1,1,1995,0,0,0,0,0,0,0,0,0,0
290819,2,1,1995,0,0,0,0,0,0,0,0,0,0
290820,0,1,1995,0,0,0,5,33,0,0,0,0,0
290820,1,1,1995,0,0,28,0,0,0,0,0,0,0
290821,1,1,1995,0,0,0,0,0,0,0,0,13,29
290821,2,1,1995,0,0,0,0,0,0,5,0,11,0
290821,3,1,1995,0,0,0,0,0,0,0,8,0,0
290821,4,1,1995,0,0,0,0,0,0,0,0,0,0
290822,1,1,1995,0,11,8,0,0,17,0,0,0,0
290822,2,1,1995,0,0,0,0,0,0,0,0,0,0
290823,1,1,1995,0,0,0,0,0,0,0,0,0,0
290823,2,1,1995,0,0,0,0,0,0,0,0,0,0
290824,1,1,1995,0,0,0,0,0,0,0,0,0,0
290825,1,1,1995,16,16,16,16,16,16,16,16,16,16
290826,1,1,1995,0,0,0,0,0,0,0,0,0,0
290827,0,1,1995,0,0,0,4,0,0,0,0,0,0
290827,1,1,1995,0,0,0,0,0,0,18,0,18,0
290828,1,1,1995,15,15,15,15,15,15,15,15,15,15
290829,1,1,1995,6,7,0,17,0,0,13,0,0,20
290829,2,1,1995,0,0,0,0,0,0,0,6,10,11
290830,1,1,1995,0,0,0,0,0,0,0,0,0,0
290830,2,1,1995,0,0,0,0,0,0,0,0,0,0
290831,1,1,1995,0,0,0,0,0,0,0,0,0,0
290832,1,1,1995,10,10,10,10,10,10,10,10,10,10
290832,2,1,1995,0,0,0,0,0,16,7,0,18,0
290833,1,1,1995,6,0,5,0,5,0,0,0,0,0
290833,2,1,1995,0,0,0,0,0,0,0,0,0,0
290834,0,1,1995,0,0,0,0,0,0,0,0,0,0
290834,1,1,1995,0,0,0,0,0,0,0,0,0,0
290835,0,1,1995,28,28,28,28,28,28,28,28,28,28
290835,1,1,1995,0,0,0,0,23,0,0,0,0,0
290836,1,1,1995,0,9,0,0,0,0,0,0,0,0
290837,1,1,1995,11,11,11,11,11,11,11,11,11,11
290838,1,1,1995,0,0,0,0,0,0,0,0,0,0
290838,2,1,1995,0,0,0,0,0,0,0,0,0,0
290839,0,1,1995,26,26,26,26,26,26,26,26,26,26
290839,1,1,1995,0,0,0,13,0,0,10,0,0,0
290840,1,1,1995,30,30,30,30,30,30,30,30,30,30
290840,2,1,1995,0,0,0,0,0,0,0,0,0,0
290841,1,1,1995,7,7,7,7,7,7,7,7,7,7
290841,2,1,1995,27,27,27,27,27,27,27,27,27,27
290842,1,1,1995,0,0,0,0,0,0,0,10,0,0
290843,1,1,1995,10,10,10,10,10,10,10,10,10,10
290844,1,1,1995,0,8,0,0,0,0,0,0,0,0
290844,2,1,1995,0,0,0,0,0,0,0,0,0,0