ST_CASE,VEH_NO,PER_NO,YEAR,P1,P2,P3,P4,P5,P6,P7,P8,P9,P10
320033,1,1,1995,13,3,15,0,17,14,0,0,0,5
320034,0,1,1995,27,27,27,27,27,27,27,27,27,27
320034,1,1,1995,0,0,0,0,0,0,0,0,0,0
320035,1,1,1995,0,0,0,0,0,0,0,0,0,0
320035,2,1,1995,0,0,0,0,0,0,0,0,0,0
320035,3,1,1995,11,0,0,0,0,0,0,12,0,0
320036,0,1,1995,0,10,0,0,0,0,0,0,0,0
320036,0,2,1995,7,0,0,0,0,0,0,0,0,0
320036,1,1,1995,8,8,8,8,8,8,8,8,8,8
320036,2,1,1995,0,12,0,0,0,0,0,0,0,12
320037,1,1,1995,0,0,0,0,0,0,0,0,0,0
320037,2,1,1995,0,0,0,0,0,0,0,0,0,0
320038,0,1,1995,26,26,26,26,26,26,26,26,26,26
320038,1,1,1995,0,0,0,0,0,0,0,0,0,0
320039,1,1,1995,27,27,27,27,27,27,27,27,27,27
320040,1,1,1995,0,0,0,0,0,0,0,0,0,0
320040,2,1,1995,0,0,0,0,0,0,0,0,0,0
320041,1,1,1995,12,12,12,12,12,12,12,12,12,12
320042,0,1,1995,0,0,0,0,0,0,0,0,0,0
320042,1,1,1995,0,0,0,0,0,0,0,0,0,0
320043,1,1,1995,10,10,10,10,10,10,10,10,10,10
320043,2,1,1995,0,0,0,0,0,0,0,0,0,0
320044,0,1,1995,0,0,0,0,0,0,0,0,0,0
320044,1,1,1995,0,0,0,0,0,0,0,0,0,0
320045,0,1,1995,54,54,54,54,54,54,54,54,54,54
320045,1,1,1995,0,0,0,0,0,0,0,15,0,0
320046,0,1,1995,22,0,0,0,0,0,0,0,0,0
320046,1,1,1995,0,0,0,0,0,0,0,0,0,0
320047,1,1,1995,0,0,0,0,0,0,0,0,0,0
320048,0,1,1995,32,32,32,32,32,32,32,32,32,32
320048,1,1,1995,0,0,0,0,0,0,0,0,0,0
320049,1,1,1995,16,16,16,16,16,16,16,16,16,16
320050,1,1,1995,0,0,0,8,0,0,0,0,0,28
320051,0,1,1995,6,6,6,6,6,6,6,6,6,6
320051,1,1,1995,0,0,0,0,0,0,0,0,0,0
320052,0,1,1995,11,0,27,43,33,15,35,23,30,0
320052,1,1,1995,0,0,0,23,0,15,0,9,0,12
320053,1,1,1995,9,9,9,9,9,9,9,9,9,9
320054,1,1,1995,0,0,0,0,0,0,0,0,0,0
320054,2,1,1995,0,0,0,0,0,0,0,0,0,12
320054,3,1,1995,0,0,0,0,0,0,0,6,0,0
320054,4,1,1995,0,0,7,0,0,0,0,0,0,0
320055,1,1,1995,18,18,18,18,18,18,18,18,18,18
320056,1,1,1995,0,0,0,0,0,0,0,0,0,0
320057,1,1,1995,0,0,24,0,0,6,40,0,0,20
320058,1,1,1995,7,9,18,22,16,10,15,17,6,15
320058,2,1,1995,0,0,0,0,0,0,0,0,0,0
320059,0,1,1995,0,0,0,0,0,0,0,0,20,0
320059,1,1,1995,21,21,0,0,0,0,0,0,10,0
320060,1,1,1995,0,0,0,0,0,0,0,0,0,0
320061,1,1,1995,18,18,18,18,18,18,18,18,18,18
320062,1,1,1995,0,0,0,0,0,0,0,0,0,0
320062,2,1,1995,0,0,0,6,0,0,16,0,0,0
320063,1,1,1995,0,0,0,0,0,0,0,0,0,0
320063,2,1,1995,0,0,0,0,0,0,0,0,0,0
320064,0,1,1995,0,0,0,0,0,0,0,0,0,0
320064,1,1,1995,0,21,0,0,10,0,0,53,0,0
320064,2,1,1995,0,0,0,0,0,0,0,0,0,0
320064,3,1,1995,0,0,0,0,0,12,0,0,0,0
320064,4,1,1995,0,6,6,0,0,0,0,0,26,0
320065,1,1,1995,25,25,25,25,25,25,25,25,25,25
320065,2,1,1995,0,0,0,0,0,0,0,0,0,0
320066,0,1,1995,28,28,28,28,28,28,28,28,28,28
320066,1,1,1995,0,0,9,18,0,0,0,20,0,0
320067,0,1,1995,0,0,0,0,0,0,0,0,0,0
320067,1,1,1995,0,0,0,0,0,0,0,0,0,0
320068,1,1,1995,0,0,0,0,0,0,0,0,0,0
320069,1,1,1995,10,10,10,10,10,10,10,10,10,10
320069,2,1,1995,0,0,0,0,0,0,0,0,0,0
320070,1,1,1995,0,0,0,0,0,0,0,0,0,0
320070,2,1,1995,21,15,0,12,9,33,18,18,21,17
320071,1,1,1995,1,1,1,1,1,1,1,1,1,1
320072,1,1,1995,0,0,0,0,0,0,0,0,0,0
320072,2,1,1995,0,8,15,4,0,6,5,0,0,7
320073,1,1,1995,18,18,18,18,18,18,18,18,18,18
320074,1,1,1995,21,21,21,21,21,21,21,21,21,21
320075,1,1,1995,25,25,25,25,25,25,25,25,25,25
320075,2,1,1995,0,0,0,0,0,0,0,0,0,0
320075,3,1,1995,0,0,0,0,0,5,14,6,0,0
320075,4,1,1995,0,18,0,0,0,0,0,9,0,0
320076,1,1,1995,0,0,0,0,0,0,0,0,0,0
320076,2,1,1995,0,0,0,0,0,0,0,0,0,0
320077,1,1,1995,0,0,0,0,0,0,0,0,0,0
320077,2,1,1995,0,0,0,0,0,0,0,0,0,0
320078,0,1,1995,0,0,0,0,0,0,0,0,0,0
320078,1,1,1995,0,0,0,0,0,2,0,0,0,0
320079,1,1,1995,27,27,27,27,27,27,27,27,27,27
320080,1,1,1995,0,8,0,0,0,0,0,0,0,5
320080,2,1,1995,0,0,0,0,0,0,0,0,0,0
320080,3,1,1995,0,0,0,6,0,0,0,0,0,0
320081,1,1,1995,0,0,0,0,0,0,0,0,0,0
320081,2,1,1995,0,0,0,0,13,0,0,0,0,0
320082,1,1,1995,0,0,0,0,0,0,0,0,0,0
320083,1,1,1995,0,0,0,0,0,0,0,0,0,0
320083,2,1,1995,0,0,0,0,0,0,0,0,0,0
320084,1,1,1995,0,0,0,0,0,0,0,0,0,0
320085,1,1,1995,15,15,15,15,15,15,15,15,15,15
320086,0,1,1995,0,0,0,0,0,0,0,0,0,0
320086,1,1,1995,0,0,0,0,0,0,0,0,0,0
320087,1,1,1995,0,0,0,0,0,0,0,0,0,0
320087,2,1,1995,13,0,0,0,0,0,0,0,0,0
320088,1,1,1995,0,0,0,0,0,0,0,0,0,0
320089,1,1,1995,0,0,0,0,0,0,0,0,9,0
320090,1,1,1995,0,17,0,0,0,9,0,21,0,13
320090,2,1,1995,20,0,12,0,4,0,26,0,0,0
320091,1,1,1995,0,0,0,0,0,0,0,0,0,0
320091,2,1,1995,0,0,0,0,0,0,0,0,0,0
320092,1,1,1995,17,25,23,10,24,19,15,20,0,0
320093,1,1,1995,33,33,33,33,33,33,33,33,33,33
320094,1,1,1995,0,0,0,0,0,0,0,0,0,0
320095,1,1,1995,0,0,0,0,0,0,0,0,0,0
320095,2,1,1995,0,0,0,0,0,0,0,0,0,15
320096,1,1,1995,0,0,0,0,0,0,0,0,0,0
320097,1,1,1995,0,0,0,0,0,0,0,0,0,0
320098,1,1,1995,0,0,0,0,0,0,0,0,0,0
320098,2,1,1995,0,0,0,0,0,0,0,0,0,0
320098,3,1,1995,0,0,0,0,0,5,0,0,0,0
320099,0,1,1995,0,0,0,0,0,0,0,0,0,0
320099,1,1,1995,0,0,0,0,24,0,12,0,15,0
320100,1,1,1995,12,12,12,12,12,12,12,12,12,12
320101,1,1,1995,16,16,16,16,16,16,16,16,16,16
320102,0,1,1995,16,0,0,0,0,0,0,28,0,0
320102,1,1,1995,0,0,0,0,0,0,0,0,0,0
320103,1,1,1995,0,0,0,0,0,0,0,0,0,0
320103,2,1,1995,0,0,0,0,0,0,0,0,0,0
320104,1,1,1995,0,0,0,0,0,0,0,0,0,0
320104,2,1,1995,0,0,0,0,0,0,0,8,0,0
320104,3,1,1995,0,0,0,0,0,0,0,0,0,0
320105,1,1,1995,6,6,6,6,6,6,6,6,6,6
320106,1,1,1995,0,0,0,0,0,0,0,0,0,0
320107,0,1,1995,0,0,0,0,0,0,0,0,0,0
320107,1,1,1995,0,0,0,0,0,0,0,0,0,0
320108,1,1,1995,0,0,0,0,0,0,0,0,0,0
320108,2,1,1995,0,0,0,0,0,0,0,0,0,0
320109,1,1,1995,0,0,0,20,0,0,0,0,0,0
320110,1,1,1995,0,0,0,0,0,0,0,0,0,0
320110,2,1,1995,0,0,0,0,0,0,0,0,0,0
320111,1,1,1995,0,0,0,0,0,0,0,0,0,0
320112,0,1,1995,0,0,0,0,0,0,0,0,0,0
320112,1,1,1995,0,0,0,0,0,0,0,0,0,0
320113,1,1,1995,3,3,3,3,3,3,3,3,3,3
320114,0,1,1995,0,0,0,0,0,34,0,24,0,28
320114,1,1,1995,0,11,0,0,10,0,0,0,0,18
320114,2,1,1995,0,0,0,0,0,0,0,0,0,20
320115,1,1,1995,20,20,20,20,20,20,20,20,20,20
320115,2,1,1995,0,0,0,0,0,0,0,0,0,0
320116,1,1,1995,20,22,32,14,0,17,0,24,19,28
320117,0,1,1995,0,0,0,0,0,0,0,0,0,0
320117,1,1,1995,0,0,0,0,0,0,0,8,0,0
320118,1,1,1995,10,10,10,10,10,10,10,10,10,10
320118,2,1,1995,0,22,0,0,3,20,13,0,0,0
320119,0,1,1995,18,18,18,18,18,18,18,18,18,18
320119,1,1,1995,0,0,0,0,0,0,0,0,0,0
320120,1,1,1995,10,10,10,10,10,10,10,10,10,10
320121,1,1,1995,21,21,21,21,21,21,21,21,21,21
320122,1,1,1995,20,20,20,20,20,20,20,20,20,20
320123,1,1,1995,0,0,0,0,0,0,0,0,0,0
320124,1,1,1995,32,15,0,0,27,15,29,0,14,0
320125,1,1,1995,0,0,0,0,0,0,0,0,0,0
320126,1,1,1995,0,0,0,0,0,0,0,0,0,0
320127,1,1,1995,0,0,0,0,0,0,0,0,0,0
320128,0,1,1995,20,0,25,0,0,0,0,0,0,0
320128,1,1,1995,0,8,13,0,3,17,0,11,15,0
320129,1,1,1995,21,21,21,21,21,21,21,21,21,21
320129,2,1,1995,0,0,0,0,0,0,0,0,0,0
320130,0,1,1995,0,0,0,0,0,0,0,0,0,0
320130,1,1,1995,0,0,0,0,0,0,0,0,12,0
320131,1,1,1995,0,0,0,0,0,0,0,0,0,0
320131,2,1,1995,0,0,0,0,0,4,0,0,0,0
320132,1,1,1995,14,14,14,14,14,14,14,14,14,14
320133,1,1,1995,0,0,0,0,0,0,0,0,0,0
320133,2,1,1995,0,0,0,0,0,0,0,0,0,0
320134,0,1,1995,0,0,0,0,0,0,0,0,0,0
320134,0,2,1995,17,17,17,17,17,17,17,17,17,17
320134,0,3,1995,29,23,11,19,15,18,0,0,0,0
320134,1,1,1995,1,1,1,1,1,1,1,1,1,1
320135,1,1,1995,0,0,0,0,0,0,0,0,0,0
320135,2,1,1995,0,0,0,26,0,0,0,0,0,0
320136,0,1,1995,35,35,35,35,35,35,35,35,35,35
320136,1,1,1995,0,0,0,6,0,0,0,0,0,0
320137,1,1,1995,0,0,0,0,0,0,0,0,0,0
320137,2,1,1995,0,0,0,0,0,0,0,0,0,0
320138,1,1,1995,18,18,18,18,18,18,18,18,18,18
320139,1,1,1995,27,27,27,27,27,27,27,27,27,27
320139,2,1,1995,0,0,32,0,0,0,0,20,0,0
320140,1,1,1995,0,0,0,0,0,0,0,0,0,0
320141,1,1,1995,0,0,0,0,0,0,0,0,0,0
320142,0,1,1995,0,0,0,0,0,0,0,0,0,0
320142,1,1,1995,0,0,0,0,0,0,0,0,0,0
320143,1,1,1995,0,0,0,0,0,0,0,0,0,0
320143,2,1,1995,0,0,0,13,0,10,0,0,0,23
320144,1,1,1995,23,23,23,23,23,23,23,23,23,23
320144,2,1,1995,0,0,0,0,0,0,0,0,0,0
320145,1,1,1995,0,0,0,0,0,0,0,0,0,0
320145,2,1,1995,0,0,0,0,0,0,0,0,0,0
320146,0,1,1995,3,0,0,12,0,0,0,18,12,29
320146,1,1,1995,0,0,0,0,0,0,0,0,0,0
320147,1,1,1995,0,0,0,0,0,0,0,0,0,0
320148,0,1,1995,0,0,0,0,0,0,0,0,0,0
320148,1,1,1995,0,0,0,0,0,0,0,0,0,0
320149,1,1,1995,13,13,13,13,13,13,13,13,13,13
320150,1,1,1995,2,2,2,2,2,2,2,2,2,2
320150,2,1,1995,0,0,0,0,0,0,0,0,0,0
320151,1,1,1995,14,16,6,10,0,0,32,0,0,7
320152,0,1,1995,0,0,0,0,0,0,0,0,0,0
320152,1,1,1995,0,0,0,0,0,0,0,0,0,0
320153,0,1,1995,0,0,0,0,0,0,0,0,0,0
320153,1,1,1995,0,0,0,0,0,0,0,0,0,13
320154,1,1,1995,0,0,0,0,0,0,0,0,0,0
320155,0,1,1995,0,0,0,0,0,0,0,0,0,0
320155,1,1,1995,0,0,0,0,0,0,0,0,0,0
320156,1,1,1995,0,0,0,0,0,0,0,0,0,0
320156,2,1,1995,0,0,0,0,0,0,0,0,0,0
320157,1,1,1995,0,0,0,0,0,0,0,0,0,0
320158,1,1,1995,11,11,11,11,11,11,11,11,11,11
320159,1,1,1995,0,0,0,0,0,0,0,3,0,13
320159,2,1,1995,0,0,0,0,0,0,0,0,0,0
320160,1,1,1995,24,24,24,24,24,24,24,24,24,24
320161,0,1,1995,0,16,25,0,0,8,6,0,0,0
320161,1,1,1995,0,0,0,0,0,0,0,0,0,0
320162,1,1,1995,0,0,0,0,0,0,0,0,0,0
320162,2,1,1995,0,0,0,0,0,0,0,0,0,0
320162,3,1,1995,0,0,0,13,5,0,0,0,15,0
320163,0,1,1995,21,21,21,21,21,21,21,21,21,21
320163,1,1,1995,0,0,0,0,0,0,0,0,0,0
320164,1,1,1995,17,32,20,16,4,12,18,27,16,14
320165,1,1,1995,18,18,18,18,18,18,18,18,18,18
320166,1,1,1995,0,0,0,0,0,0,0,0,0,0
320166,2,1,1995,0,0,0,0,0,0,0,0,0,0
320167,1,1,1995,0,0,0,0,0,0,0,0,0,0
320168,1,1,1995,0,0,0,0,0,0,0,0,0,0
320169,1,1,1995,0,0,0,0,0,0,0,0,0,0
320169,2,1,1995,0,0,0,0,5,0,0,0,0,0
320170,1,1,1995,1,1,1,1,1,1,1,1,1,1
320171,1,1,1995,12,12,12,12,12,12,12,12,12,12
320172,1,1,1995,0,0,0,0,0,0,0,0,0,0
320172,2,1,1995,0,0,0,13,0,0,0,0,0,0
320173,1,1,1995,0,0,0,0,0,0,0,0,0,0
320173,2,1,1995,0,0,0,0,0,0,0,0,0,0
320173,3,1,1995,0,0,0,0,0,0,0,0,0,0
320173,4,1,1995,10,0,0,0,0,0,0,0,0,0
320174,1,1,1995,0,0,0,0,0,0,0,0,0,0
320174,2,1,1995,0,0,0,0,0,0,0,0,0,0
320175,1,1,1995,0,0,18,0,0,0,0,0,0,0
320175,2,1,1995,0,0,0,0,0,0,0,0,0,0
320176,1,1,1995,0,0,0,0,0,0,0,0,0,0
320176,2,1,1995,0,0,0,0,0,0,0,0,0,0
320177,0,1,1995,0,0,0,0,0,0,0,0,0,0
320177,1,1,1995,0,0,0,0,0,0,0,0,0,0
320178,1,1,1995,16,16,16,16,16,16,16,16,16,16
320179,1,1,1995,0,0,0,0,0,0,0,0,0,0
320180,0,1,1995,25,25,25,25,25,25,25,25,25,25
320180,1,1,1995,0,0,0,0,0,0,0,0,0,18
320181,1,1,1995,0,0,0,0,0,0,0,0,0,0
320181,2,1,1995,0,0,0,0,0,0,0,0,0,0
320182,1,1,1995,0,0,0,0,0,0,0,0,0,0
320183,0,1,1995,0,0,0,0,0,0,0,0,0,0
320183,1,1,1995,2,2,2,2,2,2,2,2,2,2
320184,1,1,1995,0,0,0,0,28,0,33,8,0,17
320185,1,1,1995,0,0,0,0,0,0,0,0,0,0
320186,1,1,1995,12,12,12,12,12,12,12,12,12,12
320187,1,1,1995,0,0,0,0,0,0,0,0,0,0
320187,2,1,1995,0,0,0,0,0,0,0,0,0,0
320188,1,1,1995,0,0,0,0,0,0,0,0,0,0
320188,2,1,1995,0,0,0,0,0,0,0,0,0,0
320189,1,1,1995,1,1,1,1,1,1,1,1,1,1
320189,2,1,1995,27,27,27,27,27,27,27,27,27,27
320190,1,1,1995,0,0,17,19,45,34,29,24,4,21
320191,0,1,1995,0,0,0,0,0,0,0,0,0,0
320191,1,1,1995,0,0,0,0,0,0,0,0,0,0
320192,1,1,1995,0,0,0,0,0,0,0,0,0,0
320193,1,1,1995,28,28,28,28,28,28,28,28,28,28
320193,2,1,1995,0,0,0,23,0,27,19,10,0,23
320194,1,1,1995,0,0,0,0,0,0,0,0,0,0
320195,1,1,1995,0,0,0,0,0,0,0,0,0,0
320196,1,1,1995,18,18,18,18,18,18,18,18,18,18
320197,1,1,1995,24,24,24,24,24,24,24,24,24,24
320197,2,1,1995,0,0,0,0,0,11,0,15,0,0
320198,1,1,1995,0,0,0,0,0,0,0,0,0,0
320198,2,1,1995,0,0,0,0,0,0,6,0,0,0
320199,1,1,1995,0,0,0,0,0,0,0,0,0,0
320200,1,1,1995,29,29,29,29,29,29,29,29,29,29
320200,2,1,1995,3,3,3,3,3,3,3,3,3,3
320201,0,1,1995,0,0,0,0,24,7,0,0,0,0
320201,0,2,1995,0,0,0,0,0,0,0,0,0,0
320201,1,1,1995,18,18,18,18,18,18,18,18,18,18
320202,1,1,1995,20,20,20,20,20,20,20,20,20,20
320203,1,1,1995,15,15,15,15,15,15,15,15,15,15
320204,1,1,1995,0,0,0,0,0,0,0,0,0,0
320204,2,1,1995,0,0,0,0,0,0,0,0,0,0
320205,1,1,1995,0,0,0,0,0,0,0,0,0,0
320206,1,1,1995,0,0,0,0,0,0,0,0,0,0
320206,2,1,1995,0,0,0,0,16,0,0,0,0,0
320206,3,1,1995,0,0,0,0,0,0,0,0,0,0
320206,4,1,1995,0,0,0,0,0,0,0,0,0,3
320206,5,1,1995,0,0,0,0,0,0,0,0,0,0
320206,6,1,1995,0,0,0,0,0,0,0,0,0,0
320206,7,1,1995,0,20,0,0,0,0,0,0,0,0
320207,1,1,1995,0,0,0,0,0,0,0,0,0,0
320207,2,1,1995,0,0,0,0,0,0,0,0,0,0
320208,1,1,1995,0,0,0,0,0,0,0,0,0,0
320208,2,1,1995,0,0,0,0,0,0,0,0,0,0
320209,1,1,1995,0,0,0,0,0,0,0,0,0,0
320210,1,1,1995,8,8,8,8,8,8,8,8,8,8
320210,2,1,1995,19,0,0,18,0,0,14,0,0,42
320211,1,1,1995,0,0,0,0,0,0,0,0,0,0
320212,1,1,1995,0,0,0,0,0,0,0,0,0,0
320212,2,1,1995,9,0,0,0,0,0,0,0,0,0
320213,1,1,1995,15,15,15,15,15,15,15,15,15,15
320214,1,1,1995,0,0,0,0,0,0,0,0,0,0
320214,2,1,1995,0,0,0,0,0,0,0,0,0,0
320215,1,1,1995,18,18,18,18,18,18,18,18,18,18
320216,1,1,1995,0,0,0,0,0,0,0,0,0,0
320217,1,1,1995,6,6,6,6,6,6,6,6,6,6
320218,1,1,1995,13,13,13,13,13,13,13,13,13,13
320219,1,1,1995,0,0,0,0,0,0,0,0,0,0
320220,1,1,1995,18,18,18,18,18,18,18,18,18,18
320221,1,1,1995,15,15,15,15,15,15,15,15,15,15
320222,1,1,1995,0,0,0,0,0,0,0,0,0,0
320223,0,1,1995,0,0,0,0,0,0,0,0,0,0
320223,1,1,1995,0,0,0,0,0,0,0,0,0,0
320224,1,3,1995,8,12,13,22,10,26,14,31,19,19
320225,1,1,1995,0,0,0,0,0,0,0,0,0,0
320225,2,1,1995,0,0,0,0,0,0,0,0,0,0
320226,1,1,1995,32,32,32,32,32,32,32,32,32,32
320227,1,1,1995,0,0,0,0,0,0,0,0,0,0
320227,2,1,1995,0,0,0,0,0,0,0,0,0,0
320228,1,1,1995,19,19,19,19,19,19,19,19,19,19
320228,2,1,1995,0,0,0,0,0,0,0,0,0,9
320229,0,1,1995,7,0,0,0,0,0,0,0,0,0
320229,1,1,1995,0,0,0,0,0,0,0,0,0,0
320230,0,1,1995,0,32,0,0,0,32,0,0,0,0
320230,1,1,1995,0,5,0,0,0,0,0,0,0,0
320231,1,1,1995,28,28,28,28,28,28,28,28,28,28
320231,2,1,1995,0,0,0,0,0,0,0,0,0,0
320232,1,1,1995,0,0,0,0,0,0,0,0,0,0
320232,2,1,1995,0,0,0,0,0,0,0,0,0,0
320233,1,1,1995,13,13,13,13,13,13,13,13,13,13
320233,2,1,1995,12,0,15,14,25,37,0,17,0,0
320234,1,1,1995,7,5,10,9,11,3,15,9,5,18
320235,1,1,1995,0,0,0,0,0,0,0,0,0,0
320235,2,1,1995,0,0,0,0,0,0,0,0,0,0
320236,0,1,1995,22,22,22,22,22,22,22,22,22,22
320236,1,1,1995,0,0,0,0,0,0,0,0,0,0
320237,0,1,1995,0,0,0,0,0,0,0,0,0,0
320237,1,1,1995,0,0,0,0,0,0,0,0,0,0
320238,0,1,1995,0,0,0,0,0,0,0,0,0,0
320238,1,1,1995,0,0,0,0,0,0,0,0,0,0
320239,1,1,1995,0,0,0,0,0,0,0,0,0,0
320240,1,1,1995,0,0,0,0,0,0,0,0,0,0
320241,1,1,1995,13,13,13,13,13,13,13,13,13,13
320241,2,1,1995,0,0,15,0,0,0,0,0,19,0
320242,1,1,1995,0,0,0,0,0,0,0,0,0,0
320243,1,1,1995,39,39,39,39,39,39,39,39,39,39
320243,2,1,1995,0,0,0,0,0,0,0,0,0,0
320244,1,1,1995,21,21,21,21,21,21,21,21,21,21
320245,0,1,1995,22,0,10,4,0,21,0,0,0,9
320245,1,1,1995,0,0,17,12,0,0,0,0,0,0
320246,0,1,1995,0,0,0,0,0,0,0,0,0,0
320246,0,2,1995,0,0,0,0,0,0,0,0,0,16
320246,1,1,1995,0,0,0,0,0,0,0,0,0,0
320247,1,1,1995,16,16,16,16,16,16,16,16,16,16
320248,1,1,1995,26,26,26,26,26,26,26,26,26,26
320249,1,1,1995,19,19,19,19,19,19,19,19,19,19
320250,1,1,1995,17,17,17,17,17,17,17,17,17,17
320250,2,1,1995,0,0,0,0,0,0,18,11,0,26
320250,3,1,1995,0,0,0,0,0,0,0,0,0,0
320250,4,1,1995,0,0,0,0,0,0,0,0,8,0
320250,5,1,1995,0,6,0,0,15,0,0,0,0,6
320251,0,1,1995,26,26,26,26,26,26,26,26,26,26
320251,1,1,1995,0,0,23,0,11,0,17,8,0,10
320252,0,1,1995,26,26,26,26,26,26,26,26,26,26
320252,1,1,1995,2,2,2,2,2,2,2,2,2,2
320253,1,1,1995,17,17,17,17,17,17,17,17,17,17
320254,1,1,1995,5,5,5,5,5,5,5,5,5,5
320254,2,1,1995,3,3,3,3,3,3,3,3,3,3
320255,1,1,1995,0,0,0,0,0,0,0,0,0,0
320255,2,1,1995,0,0,0,0,0,0,0,0,0,0
320256,1,1,1995,0,0,0,0,0,0,0,0,0,0
320257,1,1,1995,21,21,21,21,21,21,21,21,21,21
320258,1,1,1995,20,20,20,20,20,20,20,20,20,20
320259,1,1,1995,25,21,8,23,20,24,19,21,25,19
320260,1,1,1995,0,0,0,0,0,0,0,23,10,0
320261,1,1,1995,0,0,0,0,0,0,19,0,0,0
320262,1,1,1995,20,20,20,20,20,20,20,20,20,20
320263,1,1,1995,22,22,22,22,22,22,22,22,22,22
320263,2,1,1995,0,23,8,0,0,0,0,10,0,0
320263,3,1,1995,0,0,0,0,0,0,0,0,0,0
320264,1,1,1995,15,0,0,19,5,21,20,23,0,0
320265,1,1,1995,0,0,0,0,0,0,0,0,0,0
320265,2,1,1995,0,0,0,0,0,0,0,0,0,0
320266,0,1,1995,11,0,0,0,0,0,0,0,0,0
320266,1,1,1995,0,13,15,19,28,0,0,0,0,0
320267,1,1,1995,0,0,0,0,0,0,0,0,0,0
320267,2,1,1995,0,0,0,0,0,0,0,0,0,0
320268,1,1,1995,17,7,20,12,10,10,21,11,17,5
320269,1,1,1995,0,0,0,0,0,0,0,0,0,0
320269,2,1,1995,0,0,0,15,0,0,0,0,0,0
320270,1,1,1995,0,0,0,0,0,0,0,0,0,0
320271,1,1,1995,0,0,0,0,8,0,0,0,0,0
320271,2,1,1995,0,0,0,0,0,0,0,0,0,0
320272,0,1,1995,0,0,0,0,0,0,0,0,0,0
320272,1,1,1995,0,0,0,0,0,0,0,0,0,0
320273,1,1,1995,0,0,0,0,0,0,0,0,0,0
320273,2,1,1995,0,0,0,11,12,23,0,0,12,30
320274,1,1,1995,21,21,21,21,21,21,21,21,21,21
320275,1,1,1995,0,0,0,0,0,0,0,0,0,0
320276,1,1,1995,17,10,13,18,17,14,16,0,15,10
320277,1,1,1995,0,0,0,0,0,0,0,0,0,0
330001,1,1,1995,0,0,0,0,0,28,0,0,0,0
330001,2,1,1995,0,0,0,0,0,0,0,0,0,0
330002,1,1,1995,0,0,0,0,0,0,0,0,0,0
330002,2,1,1995,0,0,0,0,0,0,0,0,0,0
330002,3,1,1995,0,0,0,0,0,0,0,0,0,0
330003,1,1,1995,0,0,0,0,0,0,0,0,0,0
330003,2,1,1995,0,0,0,0,0,0,0,0,0,0
330003,3,1,1995,0,0,0,0,0,0,0,0,0,0
330004,1,1,1995,0,0,0,0,0,0,0,0,0,0
330005,0,1,1995,0,0,0,0,0,0,0,0,0,0
330005,1,1,1995,0,0,0,0,0,0,0,0,0,0
330006,1,1,1995,0,0,0,0,0,0,0,0,0,0
330006,2,1,1995,0,0,0,0,0,0,0,0,0,0
330006,3,1,1995,0,0,0,0,0,0,0,0,0,0
330006,4,1,1995,0,0,0,0,0,0,0,0,0,0
330007,1,1,1995,0,25,0,0,0,0,0,0,0,0
330007,2,1,1995,0,0,0,0,0,0,0,0,0,0
330008,0,1,1995,24,24,24,24,24,24,24,24,24,24
330008,1,1,1995,0,0,0,0,0,0,0,0,0,0
330009,1,1,1995,0,0,0,0,0,0,0,0,0,0
330009,2,1,1995,0,0,0,0,0,0,0,0,7,0
330010,1,1,1995,14,14,14,14,14,14,14,14,14,14
330011,1,1,1995,0,0,0,0,0,0,0,0,0,0
330011,2,1,1995,0,0,0,0,0,0,0,0,0,0
330011,3,1,1995,0,0,0,0,0,0,0,0,0,0
330013,1,1,1995,0,0,13,0,11,0,0,0,11,0
330014,1,1,1995,0,0,0,0,0,0,0,0,0,0
330015,1,1,1995,0,0,0,0,0,0,0,0,0,0
330015,2,1,1995,0,0,0,0,0,0,0,0,0,0
330015,3,1,1995,0,0,0,0,0,0,0,0,0,0
330015,4,1,1995,5,17,0,0,0,0,15,0,26,4
330015,5,1,1995,0,0,0,0,0,0,0,0,10,0
330015,6,1,1995,0,0,0,0,0,0,0,0,17,0
330016,1,1,1995,0,0,0,9,0,0,0,0,0,10
330017,1,1,1995,0,0,0,0,0,0,0,0,0,0
330017,2,1,1995,0,0,18,0,0,0,0,0,9,0
330017,3,1,1995,0,0,30,0,28,0,0,0,29,15
330019,1,1,1995,25,25,25,25,25,25,25,25,25,25
330020,1,1,1995,0,0,0,0,0,0,0,0,0,0
330021,1,1,1995,0,0,0,0,0,0,0,0,0,0
330022,1,1,1995,0,0,0,0,0,0,0,0,0,0
330023,1,1,1995,0,0,0,0,0,0,0,0,0,0
330023,2,1,1995,0,0,0,0,0,0,0,0,0,0
330024,1,1,1995,0,0,0,0,0,0,0,0,0,0
330024,2,1,1995,0,0,0,0,0,0,0,0,0,0
330025,1,1,1995,2,2,2,2,2,2,2,2,2,2
330026,1,1,1995,24,24,24,24,24,24,24,24,24,24
330027,1,1,1995,0,0,0,0,0,0,0,0,0,0
330028,1,1,1995,0,0,0,0,0,0,0,0,0,0