ST_CASE,VEH_NO,PER_NO,YEAR,P1,P2,P3,P4,P5,P6,P7,P8,P9,P10
330029,1,1,1995,3,3,3,3,3,3,3,3,3,3
330030,1,1,1995,24,24,24,24,24,24,24,24,24,24
330031,1,1,1995,0,0,0,0,0,0,0,0,0,0
330032,1,1,1995,0,0,0,0,0,6,0,0,0,0
330032,2,1,1995,0,0,0,0,0,0,0,0,0,0
330032,3,1,1995,0,0,0,0,0,0,0,0,0,0
330032,4,1,1995,0,0,0,0,0,0,0,0,0,0
330033,1,1,1995,0,0,0,0,0,0,0,0,0,0
330033,2,1,1995,0,0,0,0,0,0,0,0,0,0
330034,1,1,1995,0,0,0,0,0,0,0,0,0,0
330035,1,1,1995,28,28,28,28,28,28,28,28,28,28
330036,1,1,1995,7,7,7,7,7,7,7,7,7,7
330037,1,1,1995,15,15,15,15,15,15,15,15,15,15
330038,1,1,1995,30,30,30,30,30,30,30,30,30,30
330039,1,1,1995,25,25,25,25,25,25,25,25,25,25
330040,1,1,1995,0,0,0,0,0,0,0,0,0,0
330041,1,1,1995,20,0,8,0,3,0,0,5,0,10
330042,1,1,1995,0,0,0,0,0,0,0,0,0,0
330042,2,1,1995,0,0,18,0,0,0,0,0,0,0
330044,1,1,1995,0,0,0,0,0,0,0,0,0,0
330044,2,1,1995,0,0,0,0,0,0,0,0,0,0
330045,1,1,1995,0,6,15,17,0,0,0,0,16,18
330045,2,1,1995,9,9,9,9,9,9,9,9,9,9
330046,1,1,1995,0,0,0,0,0,0,0,0,0,0
330047,1,1,1995,0,0,0,0,0,0,0,0,0,0
330047,2,1,1995,0,0,0,0,0,0,0,0,0,0
330047,3,1,1995,0,0,0,0,0,0,0,0,0,0
330048,1,1,1995,20,20,20,20,20,20,20,20,20,20
330048,2,1,1995,9,16,0,0,0,21,0,0,28,0
330048,3,1,1995,0,0,0,0,0,0,0,29,0,0
330049,1,1,1995,0,0,0,0,0,0,0,0,0,0
330050,1,1,1995,0,0,0,0,0,0,0,0,0,0
330050,2,1,1995,0,0,0,0,0,0,0,0,0,0
330051,1,1,1995,0,0,20,0,0,0,0,0,0,0
330051,2,1,1995,5,0,13,0,10,34,0,0,0,0
330052,1,1,1995,10,10,10,10,10,10,10,10,10,10
330052,2,1,1995,6,16,0,24,0,0,23,8,0,0
330052,3,1,1995,0,0,0,18,0,28,8,21,30,19
330053,1,1,1995,0,0,0,0,0,0,0,0,0,0
330053,2,1,1995,0,0,0,19,0,0,0,0,0,0
330054,1,1,1995,22,22,22,22,22,22,22,22,22,22
330055,1,1,1995,14,14,14,14,14,14,14,14,14,14
330056,1,1,1995,0,0,0,0,0,0,0,0,0,0
330057,1,1,1995,0,0,0,0,0,0,0,0,0,0
330057,2,1,1995,0,0,0,0,0,0,0,0,0,0
330058,1,1,1995,0,0,0,0,0,0,0,0,0,0
330058,2,1,1995,1,1,1,1,1,1,1,1,1,1
330059,1,1,1995,0,0,0,0,0,0,0,0,0,0
330060,1,1,1995,0,0,0,0,0,0,0,0,0,0
330060,2,1,1995,0,0,0,0,0,0,0,0,0,0
330061,1,1,1995,0,0,0,0,0,0,0,0,0,0
330062,1,1,1995,24,24,24,24,24,24,24,24,24,24
330063,1,1,1995,0,0,0,17,0,0,0,0,0,0
330063,2,1,1995,0,0,0,0,0,0,0,0,0,0
330064,0,1,1995,0,2,0,0,0,0,0,0,0,0
330064,1,1,1995,0,0,0,0,0,0,0,0,0,0
330065,1,1,1995,8,8,8,8,8,8,8,8,8,8
330065,2,1,1995,0,0,0,0,0,0,0,0,0,0
330066,1,1,1995,0,0,0,0,0,0,0,0,0,0
330067,1,1,1995,7,7,7,7,7,7,7,7,7,7
330068,1,1,1995,0,0,0,0,0,0,0,0,0,0
330069,1,1,1995,0,0,0,0,0,0,0,0,0,0
330069,2,1,1995,0,0,0,0,0,0,0,0,11,0
330070,1,1,1995,0,0,0,0,0,0,0,0,0,0
330071,1,1,1995,0,0,0,0,0,0,0,0,0,0
330071,2,1,1995,0,0,14,0,0,0,0,0,0,0
330072,0,1,1995,0,0,0,0,0,0,0,0,0,0
330072,0,2,1995,0,0,0,0,0,0,0,0,0,0
330072,0,3,1995,0,0,0,0,0,0,0,0,0,0
330072,1,1,1995,26,26,26,26,26,26,26,26,26,26
330073,1,1,1995,0,0,0,0,25,0,0,0,0,0
330073,2,1,1995,0,0,0,18,0,0,0,0,0,0
330074,1,1,1995,9,9,9,9,9,9,9,9,9,9
330075,1,1,1995,0,0,0,0,0,0,0,0,0,0
330075,2,1,1995,0,0,0,0,0,0,0,0,0,0
330075,3,1,1995,0,0,0,0,0,0,5,0,0,0
330075,4,1,1995,0,0,0,0,0,0,19,0,0,0
330076,0,1,1995,0,0,0,0,0,0,0,0,0,0
330076,1,1,1995,0,0,0,0,0,0,0,0,0,0
330077,1,1,1995,17,17,17,17,17,17,17,17,17,17
330078,1,1,1995,0,0,0,0,0,0,0,0,0,0
330078,2,1,1995,0,0,0,0,0,0,0,0,0,0
330079,0,1,1995,0,0,0,0,20,0,28,0,0,0
330079,1,1,1995,0,0,0,0,0,0,0,0,0,0
330080,1,1,1995,0,0,28,0,0,28,7,0,4,0
330080,2,1,1995,0,0,0,0,0,0,0,0,0,0
330081,0,1,1995,0,0,0,0,0,0,0,0,0,0
330081,1,1,1995,0,0,0,0,0,0,0,0,0,0
330082,1,1,1995,5,5,5,5,5,5,5,5,5,5
330083,1,1,1995,0,0,0,25,11,11,10,31,0,0
330084,1,1,1995,0,0,0,0,0,0,0,0,0,0
330085,1,1,1995,0,0,0,0,0,0,0,0,0,0
330085,2,1,1995,0,0,0,0,0,0,0,0,0,0
330086,1,1,1995,26,26,26,26,26,26,26,26,26,26
330087,1,1,1995,11,11,11,11,11,11,11,11,11,11
330088,1,1,1995,0,14,0,0,22,0,7,25,11,0
330089,1,1,1995,0,0,0,0,0,0,10,0,0,0
330090,1,1,1995,18,18,18,18,18,18,18,18,18,18
330091,0,1,1995,21,21,21,21,21,21,21,21,21,21
330091,1,1,1995,0,0,0,0,0,0,0,0,0,0
330092,1,1,1995,0,0,0,0,0,26,0,0,0,0
330093,1,1,1995,15,15,15,15,15,15,15,15,15,15
330094,1,1,1995,0,0,0,0,0,0,0,0,0,0
330094,2,1,1995,0,0,0,0,0,0,0,0,0,0
330095,1,1,1995,11,22,0,0,0,0,0,29,0,0
330097,1,1,1995,0,0,0,0,0,0,0,0,0,0
330097,2,1,1995,0,0,0,0,0,0,0,0,0,0
330099,1,1,1995,0,0,0,0,0,0,0,0,0,0
330099,2,1,1995,2,2,2,2,2,2,2,2,2,2
330100,1,1,1995,0,0,0,0,0,0,0,0,0,0
330100,2,1,1995,0,0,0,0,0,17,15,0,0,0
330101,1,1,1995,0,0,0,0,0,0,0,0,0,0
330102,1,1,1995,0,0,0,0,0,0,0,0,0,0
330102,2,1,1995,0,0,0,0,0,0,0,0,0,18
330103,1,1,1995,18,18,18,18,18,18,18,18,18,18
330104,0,1,1995,0,0,0,0,0,0,16,0,0,0
330104,1,1,1995,20,0,0,24,8,0,0,12,18,0
330105,0,1,1995,0,0,0,0,0,0,0,0,0,0
330105,1,1,1995,0,0,0,0,0,0,0,0,0,0
330106,1,1,1995,16,16,16,16,16,16,16,16,16,16
330107,1,1,1995,0,0,0,0,0,0,0,0,0,0
330107,2,1,1995,0,0,0,0,0,0,0,0,0,0
330108,0,1,1995,0,0,0,0,0,0,0,0,0,0
330108,1,1,1995,2,2,2,2,2,2,2,2,2,2
330109,1,1,1995,0,0,0,0,0,0,0,0,0,0
330109,2,1,1995,0,0,0,0,0,0,0,9,0,0
330109,3,1,1995,0,0,0,0,0,0,0,0,0,0
330110,1,1,1995,0,0,0,0,0,0,0,0,0,0
330110,2,1,1995,1,1,1,1,1,1,1,1,1,1
330111,1,1,1995,0,0,0,0,0,0,0,0,0,0
330111,2,1,1995,0,0,0,0,0,0,0,0,0,0
330111,3,1,1995,0,0,0,0,0,0,0,0,0,0
330112,1,1,1995,0,0,0,0,0,0,0,0,0,0
330112,2,1,1995,0,0,0,0,0,0,0,0,0,0
340006,1,1,1995,0,0,0,0,0,0,0,0,0,0
340006,2,1,1995,0,0,0,0,0,0,0,0,0,0
340007,0,1,1995,0,0,17,19,0,33,30,19,39,0
340007,1,1,1995,5,5,5,5,5,5,5,5,5,5
340008,0,1,1995,0,0,0,0,0,0,0,0,0,0
340008,1,1,1995,0,0,0,0,0,0,0,0,0,0
340009,1,1,1995,0,0,0,0,0,0,0,0,0,0
340009,2,1,1995,0,0,0,0,0,0,0,0,0,0
340009,3,1,1995,0,0,0,0,0,0,0,0,0,0
340009,4,1,1995,0,0,0,0,0,0,0,0,0,0
340009,5,1,1995,0,0,0,0,0,0,0,0,0,0
340009,6,1,1995,0,0,0,0,0,0,0,0,0,0
340009,7,1,1995,0,0,0,0,0,0,0,0,0,0
340010,1,1,1995,0,0,0,0,0,0,0,0,0,0
340011,1,1,1995,1,1,1,1,1,1,1,1,1,1
340012,1,1,1995,0,0,0,0,0,0,0,0,0,0
340012,2,1,1995,0,0,0,0,0,0,0,0,0,0
340013,0,1,1995,26,26,26,26,26,26,26,26,26,26
340013,1,1,1995,4,4,4,4,4,4,4,4,4,4
340015,1,1,1995,0,0,0,0,0,0,0,0,0,0
340015,2,1,1995,17,17,17,17,17,17,17,17,17,17
340016,0,1,1995,0,0,0,0,0,0,0,0,0,0
340016,1,1,1995,15,15,15,15,15,15,15,15,15,15
340018,1,1,1995,5,0,17,0,0,22,15,7,2,0
340018,2,1,1995,0,0,0,0,0,0,0,0,0,0
340019,0,1,1995,12,12,12,12,12,12,12,12,12,12
340019,1,1,1995,0,0,0,0,0,0,0,0,0,0
340020,0,1,1995,0,0,0,0,0,0,0,0,0,0
340020,1,1,1995,0,0,0,0,0,0,0,0,0,0
340022,1,1,1995,27,27,27,27,27,27,27,27,27,27
340022,2,1,1995,0,11,0,0,29,0,23,0,24,0
340023,1,1,1995,0,0,0,0,0,0,0,0,0,0
340023,2,1,1995,0,0,0,0,0,0,0,0,0,0
340024,1,1,1995,0,0,0,0,3,0,0,0,15,0
340024,2,1,1995,0,0,0,7,0,0,0,0,0,0
340025,1,1,1995,12,12,12,12,12,12,12,12,12,12
340026,1,1,1995,14,14,14,14,14,14,14,14,14,14
340029,1,1,1995,0,0,0,0,0,0,0,0,0,0
340029,2,1,1995,0,0,0,0,0,0,0,0,0,0
340031,1,1,1995,13,17,8,0,22,5,0,28,17,13
340031,2,1,1995,48,48,48,48,48,48,48,48,48,48
340032,1,1,1995,0,0,0,0,0,0,0,0,0,0
340032,2,1,1995,0,0,0,0,0,0,0,0,0,0
340033,1,1,1995,0,0,0,0,0,0,0,0,0,0
340034,0,1,1995,0,0,0,0,0,0,0,0,0,0
340034,1,1,1995,0,0,0,0,0,0,0,0,0,0
340035,1,1,1995,0,0,0,0,0,0,0,0,0,0
340035,2,1,1995,0,0,0,0,0,0,0,0,0,0
340035,3,1,1995,0,0,0,0,0,0,0,0,0,0
340035,4,1,1995,0,0,0,0,0,0,0,0,0,0
340036,1,1,1995,0,0,0,0,0,0,0,0,0,21
340036,2,1,1995,0,0,0,0,0,0,0,0,0,0
340037,0,1,1995,33,33,33,33,33,33,33,33,33,33
340037,1,1,1995,0,0,0,0,0,0,0,0,0,0
340038,0,1,1995,19,19,19,19,19,19,19,19,19,19
340038,1,1,1995,0,0,0,0,0,0,0,0,0,0
340039,1,1,1995,0,0,0,0,0,0,0,0,0,0
340039,2,1,1995,0,0,0,0,0,0,0,0,0,0
340040,1,1,1995,20,20,20,20,20,20,20,20,20,20
340041,1,1,1995,0,0,0,0,0,0,0,0,0,0
340043,1,1,1995,0,0,0,0,0,0,0,0,0,16
340043,2,1,1995,0,0,0,0,0,0,0,0,0,0
340044,1,1,1995,0,0,0,0,0,0,0,0,0,0
340045,0,1,1995,0,0,0,0,0,0,0,0,0,0
340045,1,1,1995,0,0,0,0,0,0,0,0,10,0
340046,0,1,1995,0,0,0,0,0,0,0,0,0,0
340046,0,2,1995,0,0,0,0,0,0,0,0,0,0
340046,1,1,1995,0,0,0,0,0,0,0,0,0,0
340049,1,1,1995,0,0,0,0,0,0,0,0,0,0
340051,1,1,1995,28,28,28,28,28,28,28,28,28,28
340052,1,1,1995,0,0,0,0,0,0,0,0,0,0
340052,2,1,1995,0,0,0,0,0,0,0,0,0,0
340053,1,1,1995,0,0,0,0,0,0,0,0,0,0
340053,2,1,1995,0,0,0,0,0,0,0,0,0,0
340053,3,1,1995,0,0,0,0,0,0,0,0,0,0
340054,1,1,1995,0,0,0,3,0,0,0,0,0,0
340054,2,1,1995,0,0,0,0,0,0,0,8,3,0
340054,3,1,1995,0,0,0,0,0,0,0,0,0,0
340055,1,1,1995,0,0,0,0,0,0,0,0,0,0
340055,2,1,1995,0,0,0,0,0,0,0,0,0,0
340056,1,1,1995,12,12,12,12,12,12,12,12,12,12
340056,2,1,1995,0,0,0,0,0,0,0,0,0,0
340057,1,1,1995,15,15,15,15,15,15,15,15,15,15
340058,1,1,1995,0,0,0,0,0,0,0,0,0,0
340059,1,1,1995,0,0,0,0,0,0,0,0,0,0
340060,1,1,1995,0,0,0,0,0,0,0,0,0,0
340060,2,1,1995,0,0,0,0,0,0,0,0,0,0
340061,0,1,1995,0,0,0,0,0,0,0,0,0,0
340061,1,1,1995,0,0,0,0,0,0,0,0,0,0
340062,1,1,1995,17,17,17,17,17,17,17,17,17,17
340062,2,1,1995,0,0,0,0,0,0,0,0,0,0
340063,1,1,1995,0,0,0,0,0,0,0,0,0,0
340064,1,1,1995,14,14,14,14,14,14,14,14,14,14
340065,1,1,1995,0,0,0,0,0,0,0,0,0,0
340066,1,1,1995,0,0,0,0,0,0,0,0,0,0
340067,0,1,1995,0,0,0,0,0,0,0,0,0,0
340067,1,1,1995,0,0,0,0,0,0,0,0,0,0
340068,0,1,1995,0,0,0,0,0,0,0,0,0,0
340068,1,1,1995,0,0,0,0,0,0,0,0,0,0
340069,1,1,1995,21,21,21,21,21,21,21,21,21,21
340070,1,1,1995,0,0,0,0,0,0,0,0,0,0
340070,2,1,1995,0,0,6,0,0,0,0,0,0,0
340071,0,1,1995,0,0,0,0,0,0,0,0,0,0
340071,1,1,1995,0,0,0,0,0,0,0,0,0,0
340074,0,1,1995,0,0,0,0,0,0,0,0,0,0
340074,1,1,1995,0,0,0,0,0,0,0,0,0,0
340075,1,1,1995,0,0,0,0,0,0,0,0,0,0
340076,1,1,1995,11,11,11,11,11,11,11,11,11,11
340077,1,1,1995,15,15,15,15,15,15,15,15,15,15
340078,1,1,1995,21,21,21,21,21,21,21,21,21,21
340079,1,1,1995,14,14,14,14,14,14,14,14,14,14
340080,0,1,1995,7,7,7,7,7,7,7,7,7,7
340080,1,1,1995,10,10,10,10,10,10,10,10,10,10
340081,1,1,1995,0,0,0,0,0,0,0,0,0,0
340081,2,1,1995,0,0,0,0,0,0,0,0,0,0
340082,1,1,1995,0,0,0,0,0,0,0,0,0,0
340082,2,1,1995,0,0,0,0,0,0,0,0,0,0
340083,0,1,1995,0,0,0,0,0,0,0,0,0,0
340083,1,1,1995,0,0,0,0,0,0,0,0,0,0
340084,0,1,1995,27,27,27,27,27,27,27,27,27,27
340084,1,1,1995,4,4,4,4,4,4,4,4,4,4
340085,1,1,1995,0,0,0,0,0,0,0,0,0,0
340085,2,1,1995,0,0,0,0,0,0,0,0,0,0
340087,1,1,1995,20,20,20,20,20,20,20,20,20,20
340088,1,1,1995,2,2,2,2,2,2,2,2,2,2
340089,1,1,1995,0,0,0,0,0,0,0,0,0,0
340090,0,1,1995,0,0,0,0,0,0,0,0,0,0
340090,2,1,1995,0,0,0,0,0,0,0,0,0,0
340091,0,1,1995,6,6,6,6,6,6,6,6,6,6
340091,1,1,1995,0,0,18,14,21,0,30,10,0,0
340092,0,1,1995,0,0,0,0,0,0,0,0,0,0
340092,1,1,1995,0,0,0,0,0,0,0,0,0,0
340093,0,1,1995,0,0,0,0,0,0,0,0,0,0
340093,1,1,1995,0,0,0,0,0,0,0,0,0,0
340095,0,1,1995,0,0,0,0,0,0,0,0,0,0
340095,1,1,1995,0,10,0,11,0,0,0,15,0,16
340097,1,1,1995,0,0,0,0,0,0,0,0,0,0
340098,1,1,1995,0,0,0,0,0,0,0,0,0,0
340098,2,1,1995,0,0,0,0,0,0,0,0,0,0
340098,3,1,1995,0,0,0,0,0,0,0,0,0,0
340099,1,1,1995,0,0,0,0,0,0,0,0,0,0
340099,2,1,1995,0,0,0,0,0,0,0,0,0,0
340100,1,1,1995,3,3,3,3,3,3,3,3,3,3
340101,1,1,1995,0,0,0,0,0,0,0,0,0,0
340102,1,1,1995,0,0,0,10,16,0,12,17,0,0
340103,0,1,1995,0,0,0,0,0,0,0,0,0,0
340103,1,1,1995,0,0,0,0,0,0,0,0,0,0
340105,0,1,1995,0,0,0,0,29,0,0,0,36,0
340105,1,1,1995,0,0,0,0,0,0,0,0,0,0
340106,1,1,1995,0,0,0,0,0,0,0,0,0,0
340106,2,1,1995,0,0,0,0,0,0,0,0,0,0
340107,0,1,1995,27,27,27,27,27,27,27,27,27,27
340107,1,1,1995,0,0,0,0,0,0,0,0,0,0
340108,0,1,1995,0,0,0,0,0,0,0,0,0,0
340108,1,1,1995,0,0,0,0,0,0,0,0,0,0
340109,1,1,1995,0,0,17,17,0,0,0,0,0,0
340109,2,1,1995,0,0,0,0,0,0,0,0,0,0
340110,1,1,1995,0,0,0,0,0,0,0,0,0,0
340110,2,1,1995,0,0,0,0,0,0,0,0,0,0
340111,0,1,1995,0,0,27,0,0,0,0,0,0,0
340111,1,1,1995,0,0,0,0,0,0,0,0,0,0
340112,1,1,1995,0,0,0,0,0,0,0,0,0,0
340113,1,1,1995,0,0,0,0,0,0,0,0,0,0
340113,2,1,1995,0,0,0,0,0,0,0,0,0,0
340114,0,1,1995,29,0,0,0,0,19,0,5,0,23
340114,1,1,1995,0,0,0,0,0,0,0,0,0,0
340115,0,1,1995,33,33,33,33,33,33,33,33,33,33
340115,1,1,1995,0,0,0,0,0,0,0,0,0,0
340116,1,1,1995,0,0,0,0,0,0,0,0,0,0
340117,1,1,1995,0,0,0,0,0,0,0,0,0,0
340117,2,1,1995,0,0,0,0,0,0,0,0,0,0
340119,1,1,1995,0,0,0,0,0,11,0,0,0,0
340119,2,1,1995,16,21,17,14,11,5,25,26,14,12
340119,3,1,1995,0,0,0,0,0,0,0,0,0,0
340121,1,1,1995,0,0,0,0,0,0,0,0,0,0
340121,2,1,1995,0,0,0,0,0,0,0,0,0,0
340122,0,1,1995,0,0,0,0,0,0,0,0,0,0
340122,1,1,1995,0,0,0,0,0,0,0,0,0,0
340123,1,1,1995,0,0,0,0,0,0,0,0,0,0
340123,2,1,1995,0,0,0,0,0,0,0,0,0,0
340124,1,1,1995,0,0,0,0,0,0,0,0,0,0
340124,2,1,1995,0,0,0,0,0,0,0,0,0,0
340125,0,1,1995,0,0,0,0,0,0,0,0,0,0
340125,1,1,1995,14,0,0,0,0,17,18,0,0,0
340126,0,1,1995,0,0,0,0,0,0,0,0,0,0
340126,1,1,1995,0,0,0,0,0,0,0,0,0,0
340128,0,1,1995,0,0,0,0,0,0,0,0,0,0
340128,1,1,1995,0,0,0,0,0,0,0,0,0,0
340130,1,1,1995,0,0,0,0,0,0,0,0,0,0
340131,1,1,1995,17,17,17,17,17,17,17,17,17,17
340132,1,1,1995,0,0,0,0,0,0,0,0,0,0
340132,2,1,1995,0,0,0,0,5,0,0,0,0,0
340133,0,1,1995,0,0,0,0,0,0,0,0,0,0
340133,1,1,1995,0,0,0,0,0,0,0,0,0,0
340134,1,1,1995,17,17,17,17,17,17,17,17,17,17
340134,2,1,1995,0,0,0,0,0,0,0,0,0,0
340135,0,1,1995,0,0,0,0,0,0,0,0,0,0
340135,1,1,1995,0,0,0,0,10,0,0,0,0,0
340136,1,1,1995,0,0,0,0,0,0,0,0,0,0
340137,1,1,1995,34,34,34,34,34,34,34,34,34,34
340138,1,1,1995,15,15,15,15,15,15,15,15,15,15
340139,1,1,1995,0,0,0,0,0,0,0,0,0,0
340140,1,1,1995,0,0,0,0,0,0,0,0,0,0
340140,2,1,1995,0,0,0,0,0,0,0,0,0,0
340140,3,1,1995,0,0,0,0,0,0,0,0,0,0
340140,4,1,1995,0,0,0,0,0,0,0,0,0,0
340140,5,1,1995,0,0,0,0,0,0,0,0,0,0
340141,1,1,1995,0,0,0,0,0,0,0,0,0,0
340141,2,1,1995,0,0,0,0,0,0,0,0,0,0
340142,1,1,1995,8,8,8,8,8,8,8,8,8,8
340144,1,1,1995,0,0,0,0,0,0,0,0,0,0
340144,2,1,1995,0,0,0,0,0,0,0,0,0,0
340147,0,1,1995,0,0,0,0,0,0,0,0,0,0
340147,1,1,1995,0,0,14,0,0,11,0,0,0,0
340148,1,1,1995,0,0,0,0,0,0,0,0,0,0
340148,2,1,1995,0,0,0,0,0,0,0,0,0,0
340149,1,1,1995,0,0,0,0,0,0,0,0,0,0
340150,1,1,1995,0,0,0,0,0,0,0,0,0,0
340151,0,1,1995,22,22,22,22,22,22,22,22,22,22
340151,1,1,1995,52,52,52,52,52,52,52,52,52,52
340152,1,1,1995,0,0,0,0,0,0,0,0,0,0
340153,1,1,1995,0,0,0,0,0,0,0,0,0,0
340153,2,1,1995,0,0,0,0,0,0,0,0,0,0
340154,1,1,1995,0,0,0,0,0,0,0,0,0,0
340154,2,1,1995,0,0,0,0,0,0,0,0,0,0
340155,0,1,1995,0,0,0,0,0,0,0,0,0,0
340155,1,1,1995,0,0,0,0,0,0,0,0,0,0
340156,1,1,1995,0,0,0,0,0,0,0,0,0,0
340156,2,1,1995,0,0,0,0,0,0,0,0,0,0
340157,0,1,1995,0,0,22,0,0,0,0,0,0,0
340157,1,1,1995,0,0,0,0,0,0,14,0,0,0
340158,1,1,1995,0,0,0,0,0,0,0,0,0,0
340158,2,1,1995,0,0,0,0,0,0,0,0,0,0
340159,1,1,1995,0,0,0,0,0,0,0,0,0,0
340159,2,1,1995,0,0,0,0,0,0,0,0,0,0
340160,1,1,1995,0,0,0,0,0,0,0,0,0,0
340161,1,1,1995,0,0,0,0,0,0,0,0,0,0
340161,2,1,1995,0,0,0,0,15,0,0,0,22,0
340162,0,1,1995,16,16,16,16,16,16,16,16,16,16
340162,1,1,1995,0,0,0,0,0,0,0,0,0,0
340163,1,1,1995,0,0,0,0,0,0,0,0,0,0
340164,1,1,1995,13,13,13,13,13,13,13,13,13,13
340164,2,1,1995,0,0,0,0,0,0,0,0,0,0
340165,1,1,1995,0,0,0,0,0,0,0,0,0,0
340165,2,1,1995,0,0,0,0,0,0,0,0,0,0
340165,3,1,1995,0,0,0,0,0,0,0,0,0,0
340166,1,1,1995,0,0,0,0,0,0,31,0,0,0
340166,2,1,1995,0,0,0,0,0,0,0,0,0,0
340167,1,1,1995,0,0,0,0,0,0,0,0,0,0
340169,0,1,1995,10,10,10,10,10,10,10,10,10,10
340169,1,1,1995,0,23,0,0,11,0,15,7,0,12
340170,1,1,1995,12,12,12,12,12,12,12,12,12,12
340171,0,1,1995,0,0,0,0,0,0,0,0,0,0
340171,1,1,1995,0,0,0,0,0,0,0,0,0,0
340173,0,1,1995,28,28,28,28,28,28,28,28,28,28
340173,1,1,1995,14,0,15,0,0,0,0,13,0,16
340174,1,1,1995,0,0,0,0,0,0,0,0,0,0
340174,2,1,1995,0,0,0,0,0,0,0,0,0,0
340175,0,1,1995,32,32,32,32,32,32,32,32,32,32
340175,1,1,1995,0,0,7,5,23,0,30,17,16,0
340176,1,1,1995,0,0,0,0,0,0,0,0,0,0
340176,2,1,1995,0,0,0,0,0,0,0,0,0,0
340177,1,1,1995,0,15,0,0,0,0,0,0,0,0
340177,2,1,1995,11,23,0,0,0,23,16,0,11,0
340178,1,1,1995,0,0,0,0,0,0,0,0,0,0
340179,1,1,1995,0,0,0,0,0,0,0,0,0,0
340179,2,1,1995,0,0,0,0,0,0,0,0,0,0
340180,1,1,1995,0,0,0,0,0,0,0,0,0,0
340180,2,1,1995,0,0,0,0,0,0,0,0,0,0
340180,3,1,1995,0,0,0,0,0,0,0,0,0,0
340181,1,1,1995,0,0,0,0,0,0,0,0,0,0
340181,2,1,1995,0,0,0,0,0,0,0,0,0,0
340182,1,1,1995,0,0,0,0,0,0,0,0,0,0
340183,0,1,1995,0,0,0,0,0,0,0,0,0,0
340183,1,1,1995,0,0,0,0,0,0,0,0,0,0
340184,1,1,1995,24,24,24,24,24,24,24,24,24,24
340185,1,1,1995,0,8,0,0,12,17,0,0,0,0
340189,1,1,1995,0,0,0,0,0,0,0,0,0,0
340190,0,1,1995,0,0,0,0,0,0,0,0,0,0
340190,1,1,1995,0,0,0,0,0,0,0,7,0,0
340191,1,1,1995,0,0,0,0,0,0,0,0,0,0
340191,2,1,1995,0,0,0,0,0,0,0,0,0,0
340191,3,1,1995,0,0,0,0,0,0,0,0,0,0
340191,4,1,1995,0,0,0,0,0,0,0,0,0,0
340195,1,1,1995,0,0,0,0,0,0,0,0,0,0
340195,2,1,1995,0,0,0,0,0,19,0,0,0,0
340198,1,1,1995,23,23,23,23,23,23,23,23,23,23
340198,2,1,1995,0,0,0,0,0,0,0,0,0,0
340199,1,1,1995,15,15,15,15,15,15,15,15,15,15
340200,1,1,1995,0,0,0,0,0,0,0,0,0,0
340200,2,1,1995,0,0,0,0,0,0,0,0,0,0
340202,0,1,1995,25,25,25,25,25,25,25,25,25,25
340202,1,1,1995,0,0,0,0,0,0,0,0,0,0
340205,0,1,1995,0,0,0,0,0,0,0,0,0,0
340205,0,2,1995,0,0,0,11,0,0,0,0,0,0
340205,1,1,1995,13,13,13,13,13,13,13,13,13,13
340207,1,1,1995,1,1,1,1,1,1,1,1,1,1
340208,1,1,1995,29,29,29,29,29,29,29,29,29,29
340209,1,1,1995,0,0,0,0,0,0,0,0,0,0
340209,2,1,1995,0,3,0,0,0,14,0,0,0,0
340210,1,1,1995,6,6,6,6,6,6,6,6,6,6
340210,2,1,1995,0,0,0,0,0,0,0,0,0,0
340210,3,1,1995,4,4,4,4,4,4,4,4,4,4
340212,0,1,1995,29,29,29,29,29,29,29,29,29,29
340212,1,1,1995,0,0,0,0,0,0,0,0,0,0
340216,0,1,1995,0,0,0,0,0,0,0,0,0,0
340216,1,1,1995,0,0,0,0,0,0,0,0,0,0
340217,1,1,1995,0,0,0,0,0,0,0,0,0,0
340217,2,1,1995,0,0,0,0,0,0,0,0,0,0
340218,0,1,1995,0,0,0,0,0,0,0,0,0,0
340218,1,1,1995,0,0,0,0,0,0,0,0,0,0
340219,1,1,1995,0,0,0,0,0,0,0,0,0,0
340219,2,1,1995,0,0,0,0,0,0,0,0,0,0
340219,3,1,1995,0,11,0,0,0,0,0,0,0,0
340219,4,1,1995,0,0,0,0,0,0,0,0,14,0
340220,1,1,1995,4,4,4,4,4,4,4,4,4,4
340221,1,1,1995,17,17,17,17,17,17,17,17,17,17
340222,0,1,1995,0,0,0,0,0,0,0,0,0,0
340222,1,1,1995,0,0,0,0,0,0,0,0,0,0
340223,1,1,1995,0,0,0,0,0,0,0,0,0,0
340223,2,1,1995,0,0,0,0,0,0,0,0,0,0
340224,1,1,1995,0,0,0,0,0,0,0,0,0,0
340225,0,1,1995,0,0,0,0,0,0,0,0,0,0
340225,1,1,1995,0,0,0,0,0,0,0,0,0,0
340226,1,1,1995,0,0,0,0,0,0,0,0,0,13
340226,2,1,1995,0,0,0,0,0,26,24,0,0,0
340227,1,1,1995,0,0,0,0,0,0,0,0,0,0
340227,2,1,1995,0,0,0,0,0,0,0,0,0,0
340228,1,1,1995,0,0,0,0,0,0,0,0,0,0
340228,2,1,1995,0,0,0,0,0,0,0,0,0,0
340229,1,1,1995,0,0,0,0,0,0,0,0,0,0
340229,2,1,1995,0,0,0,0,0,0,0,0,0,0
340229,3,1,1995,0,0,0,0,0,0,0,0,0,0