ST_CASE,VEH_NO,PER_NO,YEAR,P1,P2,P3,P4,P5,P6,P7,P8,P9,P10
340230,1,1,1995,20,10,23,11,16,0,13,20,37,18
340233,0,1,1995,0,0,0,0,0,0,0,0,0,0
340233,1,1,1995,19,19,19,19,19,19,19,19,19,19
340234,1,1,1995,0,0,0,0,0,0,0,0,0,0
340234,2,1,1995,0,0,0,0,0,0,0,0,0,0
340234,3,1,1995,0,0,0,0,18,0,0,9,0,0
340235,1,1,1995,0,5,0,0,0,35,10,0,17,0
340236,1,1,1995,0,0,0,0,0,0,0,0,0,0
340238,1,1,1995,8,0,0,0,0,0,0,0,0,0
340239,1,1,1995,12,12,12,12,12,12,12,12,12,12
340239,2,1,1995,0,0,0,0,0,0,0,0,0,0
340239,3,1,1995,0,0,0,0,0,0,0,0,0,0
340240,1,1,1995,25,25,25,25,25,25,25,25,25,25
340241,1,1,1995,0,11,0,0,0,3,0,0,0,9
340243,0,1,1995,0,0,0,0,0,0,0,0,0,0
340243,0,2,1995,0,0,0,0,0,0,0,0,0,0
340243,1,1,1995,0,0,0,0,0,0,0,0,0,0
340244,1,1,1995,11,11,11,11,11,11,11,11,11,11
340244,2,1,1995,0,0,0,0,0,0,0,0,0,0
340245,0,1,1995,0,0,0,0,0,0,0,0,0,0
340245,1,1,1995,0,0,0,0,0,0,0,0,0,0
340248,1,1,1995,0,0,0,0,0,0,0,0,0,16
340248,2,1,1995,0,0,0,0,0,0,0,0,0,0
340248,3,1,1995,0,0,0,0,17,0,0,0,0,4
340249,1,1,1995,15,15,15,15,15,15,15,15,15,15
340250,0,1,1995,9,9,9,9,9,9,9,9,9,9
340250,1,1,1995,0,0,0,0,0,0,0,0,0,0
340251,0,1,1995,0,0,0,0,0,0,0,0,0,0
340251,1,1,1995,0,0,0,0,0,0,0,0,0,0
340254,1,1,1995,0,0,0,0,0,0,0,0,0,0
340254,2,1,1995,21,0,0,0,0,1,0,0,0,0
340255,0,1,1995,21,21,21,21,21,21,21,21,21,21
340255,1,1,1995,0,0,0,0,0,0,0,0,0,0
340256,1,1,1995,8,8,8,8,8,8,8,8,8,8
340257,1,1,1995,23,23,23,23,23,23,23,23,23,23
340264,0,1,1995,0,0,0,0,0,0,0,0,0,0
340264,1,1,1995,0,23,0,0,19,0,0,0,0,0
340265,1,1,1995,0,0,0,0,0,0,0,0,0,0
340266,1,1,1995,0,0,0,0,20,0,0,0,0,0
340267,1,1,1995,0,0,0,0,0,0,0,0,0,0
340267,2,1,1995,0,0,0,0,0,0,0,0,0,0
340268,1,1,1995,0,0,0,0,0,0,0,0,0,14
340268,2,1,1995,0,0,0,0,0,0,0,0,0,0
340269,1,1,1995,27,27,27,27,27,27,27,27,27,27
340270,0,1,1995,4,4,4,4,4,4,4,4,4,4
340270,1,1,1995,8,0,0,0,0,0,0,0,0,0
340270,2,1,1995,0,0,0,0,0,0,0,0,0,0
340271,1,1,1995,0,0,0,0,0,0,0,0,0,0
340271,2,1,1995,0,0,0,8,0,0,0,0,0,0
340271,3,1,1995,0,11,0,0,0,0,0,0,0,0
340271,4,1,1995,0,0,0,0,0,0,14,0,0,0
340271,5,1,1995,0,0,0,0,0,0,0,0,0,0
340273,1,1,1995,24,24,24,24,24,24,24,24,24,24
340276,0,1,1995,24,24,24,24,24,24,24,24,24,24
340276,1,1,1995,0,0,0,0,0,0,0,0,0,0
340277,1,1,1995,0,0,0,0,0,0,0,0,0,0
340277,2,1,1995,3,3,3,3,3,3,3,3,3,3
340278,1,1,1995,0,0,0,0,0,0,0,0,0,0
340278,2,1,1995,0,0,0,0,0,0,0,0,0,0
340279,1,1,1995,0,0,0,0,0,0,0,0,0,0
340280,1,1,1995,0,0,0,0,0,0,0,0,0,0
340280,2,1,1995,0,0,0,0,0,0,0,0,0,0
340281,1,1,1995,0,0,0,0,0,11,0,0,0,0
340281,2,1,1995,0,0,0,0,0,0,0,0,0,0
340284,1,1,1995,0,0,0,0,0,0,0,0,22,0
340285,1,1,1995,12,12,12,12,12,12,12,12,12,12
340286,1,1,1995,0,0,0,0,0,0,0,0,0,0
340286,2,1,1995,0,0,0,0,0,0,0,0,0,0
340287,1,1,1995,0,0,0,0,0,0,0,0,0,0
340287,2,1,1995,0,0,0,0,0,0,0,0,0,0
340287,3,1,1995,0,0,0,0,0,0,0,0,0,0
340287,4,1,1995,0,0,0,0,0,0,0,0,0,0
340288,1,1,1995,0,0,0,0,0,0,0,0,0,0
340289,1,1,1995,10,10,10,10,10,10,10,10,10,10
340289,2,1,1995,0,0,0,0,0,0,0,0,0,0
340290,1,1,1995,0,0,0,14,0,43,0,4,26,0
340291,1,1,1995,0,0,0,0,0,0,0,0,0,0
340291,2,1,1995,0,0,0,0,0,0,0,0,0,0
340292,1,1,1995,0,0,0,0,0,0,0,0,0,0
340294,1,1,1995,0,0,0,0,0,0,0,0,0,0
340295,1,1,1995,0,0,0,0,0,0,0,0,0,0
340295,2,1,1995,0,0,0,0,0,0,0,0,0,0
340296,1,1,1995,13,13,13,13,13,13,13,13,13,13
340297,0,1,1995,0,0,0,0,0,0,0,0,0,0
340297,1,1,1995,0,0,0,0,0,0,0,0,0,0
340300,1,1,1995,0,0,0,0,0,0,0,0,0,0
340300,2,1,1995,0,0,0,0,0,0,0,0,0,0
340304,0,1,1995,0,0,0,0,0,0,0,0,0,0
340304,1,1,1995,0,0,0,0,0,0,0,0,0,0
340306,1,1,1995,0,0,0,0,0,0,0,0,0,0
340306,2,1,1995,0,0,0,0,0,0,0,0,0,0
340311,1,1,1995,0,0,0,0,0,0,0,0,0,0
340312,1,1,1995,5,5,5,5,5,5,5,5,5,5
340313,1,1,1995,0,0,0,0,0,0,0,0,0,0
340313,2,1,1995,0,10,0,17,0,0,0,0,0,0
340315,1,1,1995,0,0,0,0,0,0,0,0,0,0
340316,1,1,1995,0,0,0,0,0,0,0,0,0,0
340321,0,1,1995,11,11,11,11,11,11,11,11,11,11
340321,1,1,1995,0,0,0,0,0,0,0,0,0,0
340323,1,1,1995,0,0,0,0,0,0,0,0,0,0
340323,2,1,1995,0,0,0,0,0,0,0,0,0,0
340324,1,1,1995,0,0,0,0,0,0,0,0,0,0
340324,2,1,1995,0,0,0,0,0,0,0,0,0,0
340325,1,1,1995,0,0,0,0,0,0,0,0,0,0
340325,2,1,1995,0,0,0,0,0,6,0,0,0,0
340325,3,1,1995,0,0,0,0,0,0,0,0,0,0
340326,1,1,1995,0,0,0,0,0,0,0,0,0,0
340326,2,1,1995,0,0,0,0,0,0,0,0,0,0
340326,3,1,1995,0,0,0,0,0,0,0,0,0,0
340328,1,1,1995,9,9,9,9,9,9,9,9,9,9
340329,1,1,1995,0,0,0,0,0,0,0,0,0,0
340329,2,1,1995,0,0,0,0,0,0,0,0,0,0
340330,1,1,1995,0,0,0,0,0,0,0,0,0,0
340331,1,1,1995,0,0,0,0,0,0,0,0,0,0
340331,2,1,1995,0,0,0,0,0,0,0,0,0,0
340332,0,1,1995,0,0,0,0,0,0,0,0,0,0
340332,1,1,1995,0,0,0,0,0,0,0,0,0,0
340333,0,1,1995,0,0,0,0,0,0,0,0,0,0
340333,1,1,1995,0,0,0,0,0,0,0,0,0,0
340334,1,1,1995,8,8,8,8,8,8,8,8,8,8
340335,1,1,1995,0,19,0,0,19,0,0,0,0,0
340336,1,1,1995,0,0,0,0,0,0,0,0,0,0
340337,1,1,1995,0,0,0,0,0,0,0,0,0,0
340337,2,1,1995,0,0,0,0,0,0,0,0,0,0
340338,1,1,1995,7,7,7,7,7,7,7,7,7,7
340339,1,1,1995,8,25,19,10,0,0,19,5,10,0
340340,1,1,1995,0,0,0,0,0,0,0,0,0,0
340340,2,1,1995,16,16,16,16,16,16,16,16,16,16
340341,1,1,1995,0,0,0,0,0,0,0,0,0,0
340341,2,1,1995,0,0,0,0,0,0,0,0,0,0
340343,1,1,1995,0,0,0,0,0,0,0,0,0,0
340345,1,1,1995,0,27,0,0,0,8,26,0,19,0
340345,2,1,1995,20,20,20,20,20,20,20,20,20,20
340346,1,1,1995,0,0,0,0,0,0,0,0,0,0
340346,2,1,1995,4,4,4,4,4,4,4,4,4,4
340347,1,1,1995,0,0,35,0,0,4,0,0,0,0
340347,2,1,1995,22,22,22,22,22,22,22,22,22,22
340348,1,1,1995,0,0,0,0,0,0,0,0,0,0
340349,1,1,1995,0,0,0,0,0,0,0,0,0,0
340350,1,1,1995,0,0,0,0,0,0,0,0,0,0
340350,2,1,1995,0,0,0,0,0,0,0,0,0,0
340351,0,1,1995,10,10,10,10,10,10,10,10,10,10
340351,1,1,1995,18,18,18,18,18,18,18,18,18,18
340352,1,1,1995,0,0,0,0,0,0,0,0,0,0
340352,2,1,1995,0,0,0,0,0,0,0,0,0,0
340353,1,1,1995,0,0,0,0,0,0,0,0,0,0
340354,1,1,1995,0,0,0,0,0,0,0,0,0,0
340354,2,1,1995,18,18,18,18,18,18,18,18,18,18
340355,1,1,1995,0,0,0,0,0,0,0,0,0,0
340356,1,1,1995,0,0,0,0,0,0,0,0,0,18
340356,2,1,1995,18,18,18,18,18,18,18,18,18,18
340357,1,1,1995,0,0,0,16,0,0,0,0,0,0
340357,2,1,1995,0,0,0,0,0,0,0,0,0,0
340358,1,1,1995,0,0,0,0,0,0,0,0,0,0
340358,2,1,1995,0,0,0,0,0,0,0,0,0,0
340359,1,1,1995,0,0,0,0,0,0,0,0,0,0
340360,1,1,1995,17,17,17,17,17,17,17,17,17,17
340361,1,1,1995,0,0,0,0,0,0,0,0,0,0
340361,2,1,1995,0,0,0,0,0,0,0,0,0,0
340362,1,1,1995,0,0,0,0,0,0,0,0,0,0
340362,2,1,1995,0,0,0,0,0,0,0,0,0,0
340365,1,1,1995,0,0,0,0,0,0,0,0,0,0
340365,2,1,1995,0,0,0,0,0,0,0,0,0,0
340366,1,1,1995,13,13,13,13,13,13,13,13,13,13
340366,2,1,1995,0,0,0,0,0,0,0,0,0,0
340367,1,1,1995,0,3,0,0,0,0,0,0,17,0
340368,1,1,1995,0,0,0,0,0,0,0,0,0,0
340370,1,1,1995,0,0,0,0,0,0,0,0,0,0
340371,1,1,1995,21,21,21,21,21,21,21,21,21,21
340373,1,1,1995,10,18,24,20,0,6,12,26,15,0
340374,1,1,1995,11,11,11,11,11,11,11,11,11,11
340375,1,1,1995,0,0,0,0,0,0,0,0,0,0
340375,2,1,1995,9,9,9,9,9,9,9,9,9,9
340376,1,1,1995,0,0,0,0,0,0,0,0,0,0
340376,2,1,1995,0,0,16,5,0,0,0,0,0,0
340377,1,1,1995,0,0,0,0,0,0,0,0,0,0
340377,2,1,1995,0,0,0,0,0,0,0,0,0,0
340377,3,1,1995,0,0,0,0,0,0,0,0,0,0
340378,1,1,1995,15,15,15,15,15,15,15,15,15,15
340378,2,1,1995,1,1,1,1,1,1,1,1,1,1
340378,3,1,1995,0,0,0,0,0,0,0,0,0,0
340379,1,1,1995,0,0,0,0,0,0,0,0,0,0
340379,2,1,1995,0,0,0,0,0,0,0,0,0,0
340380,1,1,1995,0,0,0,0,0,0,0,0,0,0
340381,1,1,1995,0,0,0,0,16,0,0,0,0,0
340382,1,1,1995,13,0,0,0,20,2,0,24,0,16
340383,0,1,1995,0,0,0,0,0,0,0,0,0,0
340383,1,1,1995,0,0,0,0,0,0,0,0,0,0
340384,1,1,1995,13,13,13,13,13,13,13,13,13,13
340385,0,1,1995,12,12,12,12,12,12,12,12,12,12
340385,1,1,1995,0,0,0,0,0,0,0,0,0,0
340387,0,1,1995,17,17,17,17,17,17,17,17,17,17
340387,1,1,1995,0,0,0,0,0,0,0,0,0,0
340388,0,1,1995,0,0,0,0,0,0,0,0,0,0
340388,1,1,1995,14,0,0,0,0,0,0,0,24,0
340389,1,1,1995,0,0,0,0,0,0,0,0,0,0
340390,0,1,1995,0,0,0,0,0,0,0,0,0,0
340390,1,1,1995,0,0,0,0,0,0,0,0,0,32
340391,1,1,1995,11,0,0,0,0,0,0,0,0,0
340391,2,1,1995,0,0,0,0,0,0,0,0,0,0
340392,0,1,1995,0,0,0,0,0,0,0,0,0,0
340392,1,1,1995,0,8,0,18,0,0,0,0,0,0
340395,1,1,1995,0,0,0,0,0,0,0,0,20,0
340395,2,1,1995,0,0,0,0,0,0,0,0,0,0
340396,0,1,1995,0,16,36,0,21,7,8,38,15,11
340396,1,1,1995,0,0,0,0,0,0,0,0,0,0
340397,1,1,1995,0,0,0,0,0,0,0,0,0,0
340397,2,1,1995,0,0,0,0,0,0,0,0,0,0
340398,1,1,1995,0,0,0,0,0,0,0,0,0,0
340398,2,1,1995,0,0,0,0,0,0,0,9,0,0
340398,3,1,1995,0,0,0,0,0,0,0,0,0,0
340399,1,1,1995,13,13,13,13,13,13,13,13,13,13
340400,1,1,1995,17,0,0,0,0,0,11,0,15,9
340400,2,1,1995,4,0,0,0,13,7,22,0,19,24
340405,1,1,1995,0,0,0,0,0,0,0,0,0,0
340405,2,1,1995,0,0,0,0,0,0,0,0,0,0
340406,1,1,1995,0,0,0,0,0,0,0,0,0,0
340407,1,1,1995,0,0,0,0,0,0,0,0,0,0
340407,2,1,1995,0,0,0,0,0,0,0,0,0,0
340410,1,1,1995,0,0,0,0,0,0,0,0,0,0
340410,2,1,1995,0,0,0,0,0,0,0,0,0,0
340411,1,1,1995,21,21,21,21,21,21,21,21,21,21
340413,1,1,1995,0,0,18,0,0,22,0,17,0,0
340415,0,1,1995,0,0,0,0,0,0,0,0,0,0
340415,1,1,1995,0,0,0,0,0,0,0,0,0,13
340417,0,1,1995,0,0,0,0,0,0,0,0,0,0
340417,1,1,1995,0,0,0,0,0,0,0,0,0,0
340419,0,1,1995,0,0,0,0,0,0,0,0,0,0
340419,1,1,1995,29,0,16,22,0,14,20,23,13,18
340420,0,1,1995,0,0,0,0,0,0,0,0,0,0
340420,1,1,1995,0,0,0,0,0,0,0,0,0,0
340421,0,1,1995,0,0,0,0,0,0,0,0,0,0
340421,1,1,1995,0,0,4,0,0,0,0,0,0,0
340422,0,1,1995,0,0,0,0,0,0,0,0,0,0
340422,1,1,1995,0,0,0,0,0,0,0,0,0,0
340423,1,1,1995,0,0,0,0,0,0,0,0,0,0
340423,2,1,1995,0,0,0,0,0,0,0,0,0,0
340426,1,1,1995,0,0,0,0,0,0,0,0,0,0
340427,0,1,1995,0,0,24,0,0,0,0,17,0,0
340427,1,1,1995,0,0,0,0,0,0,0,0,0,0
340428,0,1,1995,0,0,0,0,0,0,0,0,0,0
340428,1,1,1995,0,0,21,0,0,0,0,0,0,0
340433,1,1,1995,16,16,16,16,16,16,16,16,16,16
340433,2,1,1995,0,0,0,0,0,0,0,0,0,0
340435,1,1,1995,0,0,0,0,0,0,0,0,0,0
340435,2,1,1995,11,0,5,0,0,0,0,0,16,18
340437,0,1,1995,0,0,0,0,0,0,0,0,0,0
340437,1,1,1995,0,0,0,0,0,0,0,0,0,0
340443,1,1,1995,6,6,6,6,6,6,6,6,6,6
340452,0,1,1995,0,0,0,0,0,0,0,0,0,0
340452,0,2,1995,0,0,0,0,0,0,0,0,0,0
340452,1,1,1995,0,0,0,0,0,0,0,0,0,0
340453,0,1,1995,0,0,0,0,0,0,0,0,0,0
340453,1,1,1995,0,0,0,0,0,0,0,0,0,0
340454,1,1,1995,12,25,11,21,28,15,20,0,0,8
340456,0,1,1995,0,0,0,0,0,0,0,0,0,0
340456,1,1,1995,0,0,0,0,0,0,0,0,0,0
340457,0,1,1995,0,0,0,0,0,0,0,0,0,0
340457,1,1,1995,0,0,0,0,0,0,0,0,0,0
340458,0,1,1995,10,10,10,10,10,10,10,10,10,10
340458,1,1,1995,0,0,0,0,0,0,0,0,0,0
340459,1,1,1995,0,0,0,0,0,0,0,0,0,0
340460,1,1,1995,0,0,0,0,0,0,0,0,0,0
340462,1,1,1995,10,10,10,10,10,10,10,10,10,10
340464,1,1,1995,0,0,0,0,0,0,0,0,0,0
340465,1,1,1995,19,19,19,19,19,19,19,19,19,19
340466,0,1,1995,0,0,0,0,0,0,0,0,0,0
340466,1,1,1995,0,0,0,0,0,0,0,0,0,0
340467,1,1,1995,4,4,4,4,4,4,4,4,4,4
340470,1,1,1995,0,0,0,0,0,0,0,0,0,0
340470,2,1,1995,0,0,0,0,0,5,0,0,0,0
340470,3,1,1995,0,0,0,0,0,0,0,0,0,0
340471,0,1,1995,0,0,0,0,0,0,0,0,0,0
340471,1,1,1995,0,0,0,0,0,0,0,0,0,0
340473,0,1,1995,0,0,0,0,0,0,0,0,0,0
340473,1,1,1995,0,0,0,0,0,0,0,0,0,0
340474,0,1,1995,0,0,0,0,0,0,0,0,0,0
340474,1,1,1995,0,0,0,0,0,0,0,0,0,0
340475,0,1,1995,22,22,22,22,22,22,22,22,22,22
340475,1,1,1995,0,0,0,0,0,0,0,0,0,0
340476,1,1,1995,0,0,0,0,0,0,0,0,0,0
340476,2,1,1995,0,0,0,0,0,0,0,0,0,0
340477,1,1,1995,0,0,0,0,12,0,0,0,16,0
340477,2,1,1995,0,0,0,0,12,0,0,0,0,0
340478,1,1,1995,1,1,1,1,1,1,1,1,1,1
340479,1,1,1995,20,20,20,20,20,20,20,20,20,20
340482,0,1,1995,0,0,0,0,0,0,0,0,0,0
340482,1,1,1995,0,0,0,0,0,0,0,0,0,0
340483,1,1,1995,0,0,0,0,0,0,0,0,0,0
340483,2,1,1995,0,0,0,0,12,0,0,0,0,0
340484,1,1,1995,0,7,0,0,0,0,0,0,0,0
340485,0,1,1995,11,11,11,11,11,11,11,11,11,11
340485,1,1,1995,0,0,0,0,6,0,6,0,0,0
340486,1,1,1995,23,23,23,23,23,23,23,23,23,23
340487,1,1,1995,0,0,0,0,0,0,0,0,0,0
340487,2,1,1995,0,0,0,0,0,0,0,0,0,0
340487,3,1,1995,0,0,0,0,0,0,0,0,0,0
340488,0,1,1995,0,0,0,0,0,0,0,0,0,0
340488,1,1,1995,0,0,0,0,0,0,0,0,0,0
340489,0,1,1995,0,9,32,0,0,0,0,0,23,0
340489,1,1,1995,0,0,0,0,0,0,0,0,0,0
340489,2,1,1995,0,0,0,0,0,0,0,0,0,0
340489,3,1,1995,0,0,0,0,0,0,0,0,0,18
340491,1,1,1995,0,0,0,0,0,0,0,0,0,0
340493,0,1,1995,9,9,9,9,9,9,9,9,9,9
340493,1,1,1995,11,0,0,0,11,0,0,0,0,0
340494,0,1,1995,0,14,15,0,0,14,25,17,40,3
340494,1,1,1995,11,11,11,11,11,11,11,11,11,11
340496,1,1,1995,0,0,0,0,0,0,0,0,0,0
340496,2,1,1995,5,5,5,5,5,5,5,5,5,5
340499,1,1,1995,0,0,0,0,0,0,0,0,0,0
340499,2,1,1995,3,3,3,3,3,3,3,3,3,3
340500,1,1,1995,0,0,0,0,0,0,0,0,0,0
340501,1,1,1995,0,0,0,0,0,0,0,0,0,0
340501,2,1,1995,0,0,0,0,0,0,0,0,0,0
340506,0,1,1995,5,5,5,5,5,5,5,5,5,5
340506,1,1,1995,0,0,0,0,0,0,16,0,0,0
340508,0,1,1995,0,0,0,0,0,0,0,0,0,0
340508,1,1,1995,0,0,0,0,9,0,0,0,0,0
340509,1,1,1995,0,0,0,0,0,0,0,0,0,0
340509,2,1,1995,8,8,8,8,8,8,8,8,8,8
340510,1,1,1995,0,0,0,0,0,0,0,0,0,0
340511,0,1,1995,0,0,0,0,0,0,0,0,0,0
340511,1,1,1995,0,0,0,0,0,0,0,0,0,0
340514,1,1,1995,0,0,0,0,0,0,0,0,0,0
340515,1,1,1995,5,5,5,5,5,5,5,5,5,5
340516,1,1,1995,17,22,13,25,0,13,24,45,16,35
340517,1,1,1995,0,0,0,0,0,0,0,0,0,0
340517,2,1,1995,28,0,0,0,0,0,0,0,0,0
340517,3,1,1995,0,18,0,0,0,0,4,25,0,0
340517,4,1,1995,0,0,7,0,0,0,0,0,0,0
340517,5,1,1995,0,0,16,0,0,0,0,0,0,0
340518,1,1,1995,0,0,0,0,0,0,0,0,0,0
340519,1,1,1995,0,0,12,0,0,0,0,15,0,33
340520,1,2,1995,22,0,11,0,0,3,17,5,0,10
340521,1,1,1995,18,18,18,18,18,18,18,18,18,18
340521,2,1,1995,0,0,0,0,0,0,0,0,0,0
340522,0,1,1995,0,0,0,0,0,0,0,0,0,0
340522,1,1,1995,0,0,0,0,0,0,0,0,0,0
340522,2,1,1995,0,0,0,0,0,0,0,0,0,0
340523,0,1,1995,14,14,14,14,14,14,14,14,14,14
340523,1,1,1995,0,0,0,0,0,0,0,0,0,0
340524,1,1,1995,0,0,0,0,0,0,0,0,0,0
340524,2,1,1995,26,26,26,26,26,26,26,26,26,26
340525,1,1,1995,9,0,37,0,0,0,23,12,0,0
340526,1,1,1995,0,0,0,0,0,0,0,0,0,0
340526,2,1,1995,0,0,0,0,0,0,0,0,0,0
340527,1,1,1995,16,16,16,16,16,16,16,16,16,16
340528,1,1,1995,0,0,0,0,0,0,0,17,0,0
340528,2,1,1995,0,0,0,0,0,0,0,0,0,0
340529,1,1,1995,30,20,30,16,0,0,8,0,0,3
340530,1,1,1995,0,0,0,0,0,0,0,0,0,0
340530,2,1,1995,0,0,0,0,0,0,0,0,0,0
340531,1,1,1995,0,0,0,0,0,0,0,0,0,0
340532,1,1,1995,0,0,0,0,0,0,0,0,0,0
340532,2,1,1995,0,0,0,0,0,0,0,0,0,0
340533,1,1,1995,0,0,0,0,0,0,0,0,0,0
340533,2,1,1995,0,0,0,0,0,0,0,0,0,0
340533,3,1,1995,0,0,0,0,0,0,0,0,0,0
340534,1,1,1995,0,0,0,0,0,0,0,0,0,0
340534,2,1,1995,22,22,22,22,22,22,22,22,22,22
340535,0,1,1995,19,19,19,19,19,19,19,19,19,19
340535,1,1,1995,10,10,10,10,10,10,10,10,10,10
340535,2,1,1995,0,0,0,0,0,0,0,0,0,0
340536,0,1,1995,0,0,0,0,0,0,0,0,0,0
340536,0,2,1995,0,0,14,0,0,0,0,0,0,0
340536,1,1,1995,15,15,15,15,15,15,15,15,15,15
340537,1,1,1995,0,0,0,0,0,0,0,0,0,0
340537,2,1,1995,0,0,0,0,0,0,0,0,0,0
340537,3,1,1995,0,0,0,0,0,0,0,0,0,0
340538,1,1,1995,0,0,0,0,0,0,0,0,0,0
340539,1,1,1995,27,27,27,27,27,27,27,27,27,27
340540,1,1,1995,20,20,20,20,20,20,20,20,20,20
340540,2,1,1995,0,0,0,0,0,0,0,0,0,0
340541,1,1,1995,0,12,0,11,0,0,0,0,10,0
340541,2,1,1995,0,0,0,0,0,0,0,0,0,0
340542,1,1,1995,0,0,0,0,0,0,0,0,0,0
340542,2,1,1995,0,0,0,0,0,0,0,0,0,0
340543,1,1,1995,9,9,9,9,9,9,9,9,9,9
340544,1,1,1995,0,0,0,0,0,0,0,0,0,0
340545,0,1,1995,0,0,0,0,0,0,0,0,0,0
340545,1,1,1995,0,0,0,0,0,0,0,0,0,0
340547,0,1,1995,0,0,0,0,0,0,0,0,0,0
340547,1,1,1995,0,0,0,0,0,0,0,0,0,0
340548,1,1,1995,0,0,0,17,0,0,0,0,0,0
340549,1,1,1995,0,0,0,0,0,0,0,0,0,0
340549,2,1,1995,0,0,0,0,0,0,0,0,0,0
340550,1,1,1995,16,16,16,16,16,16,16,16,16,16
340551,1,1,1995,9,9,9,9,9,9,9,9,9,9
340552,1,1,1995,14,14,14,14,14,14,14,14,14,14
340553,1,1,1995,0,0,0,0,0,0,0,0,0,0
340554,0,1,1995,0,0,0,0,0,0,0,0,0,0
340554,1,1,1995,0,0,0,0,0,0,0,0,0,0
340555,1,1,1995,18,18,18,18,18,18,18,18,18,18
340556,0,1,1995,0,0,0,0,0,0,0,0,0,0
340556,1,1,1995,0,0,0,0,0,0,0,0,0,0
340557,1,1,1995,0,0,0,0,0,0,0,0,0,0
340557,2,1,1995,0,0,0,0,0,0,0,0,0,0
340558,1,1,1995,0,0,0,0,0,0,0,0,0,0
340558,2,1,1995,0,0,0,0,0,0,0,0,0,0
340559,1,1,1995,0,0,0,0,0,0,0,0,0,0
340559,2,1,1995,0,0,0,0,0,0,0,0,0,0
340560,1,1,1995,0,0,0,0,0,0,0,0,0,0
340560,2,1,1995,0,0,0,0,0,0,0,17,14,0
340561,1,1,1995,0,0,0,0,0,0,0,0,0,0
340562,1,1,1995,0,0,0,0,0,0,0,0,0,0
340562,2,1,1995,0,0,0,0,0,0,0,0,0,0
340563,0,1,1995,0,0,0,0,0,0,0,0,0,0
340563,1,1,1995,0,0,0,0,0,0,0,0,0,0
340564,1,1,1995,0,0,0,0,0,5,0,0,0,0
340564,2,1,1995,0,0,0,0,0,0,0,0,0,0
340565,1,1,1995,0,0,0,0,0,0,0,0,0,0
340565,2,1,1995,0,0,0,0,0,0,0,0,0,0
340566,1,1,1995,0,0,0,0,0,0,0,0,0,0
340567,1,1,1995,0,0,0,0,0,0,0,0,0,0
340567,2,1,1995,11,11,11,11,11,11,11,11,11,11
340568,1,1,1995,0,0,0,0,0,0,6,0,0,0
340568,2,1,1995,22,22,22,22,22,22,22,22,22,22
340569,0,1,1995,23,23,23,23,23,23,23,23,23,23
340569,1,1,1995,0,0,0,0,0,0,0,0,0,0
340570,0,1,1995,0,0,0,24,0,0,0,0,0,12
340570,1,1,1995,0,0,0,0,0,0,0,0,0,0
340571,1,1,1995,0,11,0,8,0,0,0,0,0,0
340572,0,1,1995,29,29,29,29,29,29,29,29,29,29
340572,1,1,1995,0,0,28,0,0,0,0,0,0,0
340573,1,1,1995,0,0,0,0,0,0,0,0,0,0
340573,2,1,1995,0,0,0,0,0,0,0,0,0,0
340573,3,1,1995,0,0,0,0,0,0,0,0,0,0
340574,1,1,1995,0,0,0,0,0,0,0,0,0,0
340575,1,1,1995,0,0,0,0,0,0,0,0,0,0
340575,2,1,1995,23,23,23,23,23,23,23,23,23,23
340576,1,1,1995,0,0,0,0,0,0,0,0,0,0
340576,2,1,1995,0,0,0,0,0,0,0,0,0,0
340577,1,1,1995,0,24,0,12,0,0,14,0,0,0
340578,1,1,1995,24,24,24,24,24,24,24,24,24,24
340579,0,1,1995,0,0,0,0,0,0,0,0,0,0
340579,1,1,1995,15,0,0,0,0,0,6,0,0,14
340579,2,1,1995,0,0,0,0,0,0,0,22,0,0
340580,1,1,1995,0,0,0,0,0,0,0,0,0,0
340580,2,1,1995,0,0,0,0,0,0,0,0,0,0
340581,1,1,1995,0,0,0,0,0,0,0,0,0,0
340581,2,1,1995,0,8,0,0,0,0,0,0,0,13
340582,1,1,1995,0,0,0,0,0,0,0,0,0,0
340582,2,1,1995,0,0,0,0,0,0,0,0,0,0
340583,1,1,1995,0,0,0,0,0,0,0,0,0,0
340584,1,1,1995,0,0,0,0,0,0,0,0,0,0
340584,2,1,1995,0,0,0,0,0,0,0,0,0,0
340585,1,1,1995,21,21,21,21,21,21,21,21,21,21
340586,0,1,1995,0,0,0,0,0,0,0,0,0,0
340586,1,1,1995,0,0,6,0,0,0,0,13,0,0
340587,1,1,1995,0,0,0,0,0,0,0,0,0,0
340587,2,1,1995,0,0,0,0,0,0,0,0,0,0
340588,0,1,1995,0,0,0,0,0,0,0,0,0,0
340588,0,2,1995,0,0,0,0,0,0,0,0,0,0
340588,1,1,1995,0,0,0,0,0,0,0,0,0,0
340589,1,1,1995,0,0,0,0,0,0,0,0,0,0
340589,2,1,1995,0,0,0,0,0,0,0,0,0,0
340591,0,1,1995,0,0,0,0,0,0,0,0,0,0
340591,1,1,1995,0,0,0,0,0,0,0,0,0,0
340592,1,1,1995,13,13,13,13,13,13,13,13,13,13
340593,1,1,1995,0,0,0,0,0,0,0,0,0,0
340593,2,1,1995,0,0,0,0,0,0,0,0,0,0
340594,1,1,1995,0,0,0,0,0,0,0,0,0,0
340594,2,1,1995,0,0,0,0,0,0,0,0,0,0
340595,0,1,1995,32,32,32,32,32,32,32,32,32,32
340595,1,1,1995,0,0,0,0,0,0,0,0,0,0