ST_CASE,VEH_NO,PER_NO,YEAR,P1,P2,P3,P4,P5,P6,P7,P8,P9,P10
340596,1,1,1995,13,13,13,13,13,13,13,13,13,13
340596,2,1,1995,10,25,13,14,21,9,4,0,13,0
340597,1,1,1995,2,2,2,2,2,2,2,2,2,2
340598,1,1,1995,0,0,0,0,0,0,0,0,0,0
340598,2,1,1995,13,11,14,13,0,11,0,15,0,20
340600,0,1,1995,0,0,0,0,0,0,0,0,0,0
340600,1,1,1995,0,0,0,0,0,0,0,0,0,0
340601,0,1,1995,0,0,0,0,0,0,0,0,0,0
340601,0,2,1995,0,0,0,0,0,0,0,0,0,0
340601,1,1,1995,0,0,0,0,0,0,0,0,0,0
340602,1,1,1995,0,0,0,0,0,0,0,0,0,0
340602,2,1,1995,0,0,0,0,0,0,0,0,0,0
340603,0,1,1995,20,20,20,20,20,20,20,20,20,20
340603,1,1,1995,0,0,0,0,0,10,0,0,0,0
340605,1,1,1995,0,0,0,0,0,0,0,0,0,25
340605,2,1,1995,0,0,0,0,0,0,0,0,0,0
340606,0,1,1995,22,22,22,22,22,22,22,22,22,22
340606,1,1,1995,0,0,0,0,0,0,0,0,0,0
340607,1,1,1995,4,4,4,4,4,4,4,4,4,4
340608,1,1,1995,0,0,0,0,0,0,0,0,0,0
340608,2,1,1995,0,0,0,0,0,0,0,0,0,0
340608,3,1,1995,0,0,0,0,3,0,0,0,0,0
340609,1,1,1995,0,0,0,0,0,0,0,0,0,0
340609,2,1,1995,7,7,7,7,7,7,7,7,7,7
340610,0,1,1995,0,0,0,0,0,0,0,0,0,0
340610,1,1,1995,0,0,0,0,0,0,0,0,0,0
340611,1,1,1995,19,19,19,19,19,19,19,19,19,19
340612,1,1,1995,9,9,9,9,9,9,9,9,9,9
340612,2,1,1995,0,0,0,0,0,0,0,0,0,0
340613,1,1,1995,28,28,28,28,28,28,28,28,28,28
340613,2,1,1995,0,0,0,0,0,0,0,0,0,0
340614,0,1,1995,1,1,1,1,1,1,1,1,1,1
340614,1,1,1995,0,0,0,0,0,0,0,0,0,0
340614,2,1,1995,0,0,0,0,0,0,0,0,0,15
340615,1,1,1995,0,0,0,0,0,0,0,0,0,0
340615,2,1,1995,0,0,0,0,0,0,0,0,0,0
340616,0,1,1995,0,0,0,0,0,0,0,0,0,0
340616,1,1,1995,0,0,0,0,0,0,0,0,0,0
340617,1,1,1995,0,0,0,0,0,0,0,0,0,0
340619,1,1,1995,8,0,0,0,0,9,0,0,0,8
340619,2,1,1995,0,0,0,0,0,0,0,0,0,0
340619,3,1,1995,0,0,0,0,0,0,0,0,0,0
340620,0,1,1995,0,0,0,0,0,0,0,0,0,0
340620,2,1,1995,0,0,0,0,0,0,0,0,0,0
340621,1,1,1995,0,0,0,0,0,0,0,0,0,0
340621,2,1,1995,0,0,0,0,0,0,0,0,0,0
340622,1,1,1995,4,4,4,4,4,4,4,4,4,4
340623,1,1,1995,26,26,26,26,26,26,26,26,26,26
340624,1,1,1995,0,0,0,0,0,0,0,0,0,0
340624,2,1,1995,0,0,0,0,0,0,0,0,0,0
340625,0,1,1995,0,0,0,0,0,0,0,0,0,0
340625,1,1,1995,0,0,0,0,0,0,0,0,0,0
340626,1,1,1995,20,20,20,20,20,20,20,20,20,20
340627,1,1,1995,0,0,0,0,0,0,0,0,0,0
340627,2,1,1995,0,0,0,0,0,0,0,0,0,0
340628,1,1,1995,0,0,0,0,0,0,0,0,0,0
340631,1,1,1995,0,0,0,0,0,0,0,0,0,0
340632,1,1,1995,0,0,0,0,0,0,0,0,0,0
340632,2,1,1995,0,0,0,0,0,0,0,0,0,0
340632,3,1,1995,0,0,0,0,0,0,0,0,0,0
340633,1,1,1995,0,0,0,0,0,0,0,0,0,0
340633,2,1,1995,0,0,0,0,0,0,0,0,0,0
340634,1,1,1995,0,0,0,0,0,0,0,0,0,0
340634,2,1,1995,0,0,0,0,0,0,0,0,10,0
340635,1,1,1995,0,0,0,0,0,0,0,0,0,0
340635,2,1,1995,0,0,0,0,0,0,0,0,0,0
340636,1,1,1995,0,0,0,0,0,0,0,0,0,0
340636,2,1,1995,0,0,0,0,0,0,0,0,0,0
340637,1,1,1995,0,0,0,0,0,0,0,0,0,0
340639,0,1,1995,0,0,0,0,0,0,0,0,0,0
340639,1,1,1995,0,0,0,0,0,0,0,0,0,0
340640,1,1,1995,0,0,0,0,0,0,0,0,0,0
340640,2,1,1995,0,0,0,0,0,0,0,0,0,0
340641,1,1,1995,8,8,8,8,8,8,8,8,8,8
340642,1,1,1995,0,0,0,0,0,0,0,0,0,0
340642,2,1,1995,0,0,0,0,0,0,0,0,0,0
340643,1,1,1995,0,0,0,0,0,0,0,0,0,0
340644,1,1,1995,0,0,0,0,0,0,0,0,0,0
340644,2,1,1995,0,0,0,0,0,0,0,0,0,0
340645,1,1,1995,19,0,0,0,28,0,0,0,38,0
340646,0,1,1995,0,0,0,0,0,0,0,0,0,0
340646,1,1,1995,0,0,0,0,0,0,0,0,0,0
340646,2,1,1995,0,0,0,0,0,0,0,0,0,0
340647,0,1,1995,0,0,0,0,0,0,0,0,0,0
340647,1,1,1995,0,0,0,0,0,0,0,0,0,0
340648,0,1,1995,2,2,2,2,2,2,2,2,2,2
340648,1,1,1995,0,0,0,0,0,0,0,0,0,0
340649,1,1,1995,0,0,0,0,0,0,0,0,0,0
340649,2,1,1995,0,0,0,0,0,0,0,0,0,0
340650,1,1,1995,0,0,0,0,0,0,0,0,0,0
340652,1,1,1995,0,0,0,0,0,0,0,0,0,0
340652,2,1,1995,0,0,0,0,0,0,0,0,0,0
340653,0,1,1995,0,0,0,0,0,0,0,0,25,23
340653,0,2,1995,0,30,18,16,6,27,0,0,17,0
340653,1,1,1995,0,14,27,10,0,0,0,0,0,0
340654,1,1,1995,0,0,0,0,0,0,0,0,0,0
340655,1,1,1995,0,0,0,0,0,0,0,0,0,0
340655,2,1,1995,0,0,0,0,0,0,0,0,0,0
340656,1,1,1995,0,0,0,0,0,0,0,0,0,0
340656,2,1,1995,0,0,0,0,0,0,0,0,0,0
340657,1,1,1995,0,0,0,7,0,0,0,0,0,0
340658,1,1,1995,0,0,0,0,0,0,0,0,0,0
340658,2,1,1995,0,0,0,0,0,0,0,0,0,0
340659,0,1,1995,0,0,0,0,0,0,0,0,0,0
340659,1,1,1995,0,0,0,0,0,0,0,0,0,0
340659,2,1,1995,0,0,0,0,0,0,0,0,0,0
340660,0,1,1995,0,0,0,0,13,0,0,0,0,0
340661,1,1,1995,0,0,0,0,0,0,0,0,0,0
340663,0,1,1995,0,0,0,0,0,0,0,0,0,0
340663,1,1,1995,0,0,0,0,0,0,0,0,0,0
340664,1,1,1995,19,0,0,0,0,0,0,0,0,0
340664,2,1,1995,0,0,0,0,0,0,0,0,0,0
340664,3,1,1995,0,0,0,0,0,0,0,0,0,0
340664,4,1,1995,0,0,0,0,0,0,0,0,0,0
340665,1,1,1995,0,0,0,0,0,0,0,0,0,0
340665,2,1,1995,1,1,1,1,1,1,1,1,1,1
340666,0,1,1995,14,28,17,0,23,14,20,22,13,0
340666,0,2,1995,39,39,39,39,39,39,39,39,39,39
340666,1,1,1995,0,0,0,0,0,0,0,0,0,0
340667,1,1,1995,0,0,0,0,0,0,0,0,0,0
340667,2,1,1995,0,0,0,0,0,0,0,0,0,0
340668,1,1,1995,0,0,0,0,0,0,0,0,0,25
340669,1,1,1995,0,0,0,0,0,0,0,0,0,0
340669,2,1,1995,16,0,0,0,0,0,0,0,0,0
340670,1,1,1995,0,0,0,0,0,0,0,0,0,0
340671,0,1,1995,18,18,18,18,18,18,18,18,18,18
340671,1,1,1995,0,0,0,0,7,0,0,0,0,0
340672,1,1,1995,24,24,24,24,24,24,24,24,24,24
340672,2,1,1995,0,0,0,0,0,0,0,0,0,0
340674,1,1,1995,0,0,0,0,0,0,0,0,0,0
340675,1,1,1995,0,4,0,7,0,13,0,0,0,0
340676,1,1,1995,0,0,0,0,0,0,0,0,0,0
340676,2,1,1995,23,23,23,23,23,23,23,23,23,23
340677,1,1,1995,0,0,0,0,0,0,0,0,0,0
340677,2,1,1995,0,0,0,0,0,0,0,0,0,0
340678,0,1,1995,0,0,0,0,0,0,0,0,0,0
340678,1,1,1995,0,0,0,0,0,0,0,0,0,0
340679,1,1,1995,0,0,0,0,0,0,0,0,0,0
340680,0,1,1995,0,0,0,0,0,0,0,0,0,0
340680,1,1,1995,0,0,0,0,0,0,0,0,0,0
340681,1,1,1995,27,27,27,27,27,27,27,27,27,27
340682,1,1,1995,6,6,6,6,6,6,6,6,6,6
340683,1,1,1995,0,0,0,0,0,0,0,0,0,0
340683,2,1,1995,0,0,0,0,0,0,0,0,0,0
340685,1,1,1995,0,0,14,12,0,0,0,13,0,0
340686,0,1,1995,17,17,17,17,17,17,17,17,17,17
340686,1,1,1995,0,4,0,0,0,0,0,0,0,0
340687,0,1,1995,0,0,0,0,0,0,0,0,0,0
340687,1,1,1995,0,0,0,0,0,0,0,0,0,0
340688,0,1,1995,20,20,20,20,20,20,20,20,20,20
340688,1,1,1995,0,0,0,0,0,0,0,0,0,0
340689,1,1,1995,0,0,0,0,0,0,0,0,0,0
340689,2,1,1995,0,0,0,0,0,0,0,0,0,0
340689,3,1,1995,0,0,0,0,0,0,0,0,0,0
340690,1,1,1995,0,0,0,0,0,0,0,0,0,0
340690,2,1,1995,0,0,0,0,0,0,0,0,0,0
340691,1,1,1995,0,0,0,0,0,0,0,0,0,0
340692,0,1,1995,0,8,27,0,0,25,48,5,18,17
340692,1,1,1995,0,0,0,0,14,9,0,0,27,0
340693,1,1,1995,25,25,25,25,25,25,25,25,25,25
340694,1,1,1995,0,0,0,0,0,0,0,0,0,0
340694,2,1,1995,0,0,0,0,0,0,0,0,0,0
340695,0,1,1995,0,0,0,0,0,0,0,0,0,0
340695,1,1,1995,0,0,0,0,0,0,0,0,0,0
340696,1,1,1995,0,0,0,0,0,0,0,0,0,0
340696,2,1,1995,0,0,0,0,13,0,0,0,7,0
340697,1,1,1995,1,1,1,1,1,1,1,1,1,1
340698,0,1,1995,23,23,23,23,23,23,23,23,23,23
340698,1,1,1995,0,0,0,0,0,0,0,0,0,0
340698,2,1,1995,0,0,0,0,0,0,0,0,0,0
340699,1,1,1995,0,0,0,0,0,0,0,0,0,0
340699,2,1,1995,0,0,0,0,0,0,0,0,0,0
340700,1,1,1995,12,12,12,12,12,12,12,12,12,12
340701,1,1,1995,0,0,0,0,0,0,0,0,0,0
340701,2,1,1995,0,0,0,0,8,0,0,0,3,0
340701,3,1,1995,4,0,0,0,14,15,0,0,0,0
340702,1,1,1995,2,2,2,2,2,2,2,2,2,2
340702,2,1,1995,0,0,0,0,0,0,0,0,0,0
340703,1,1,1995,0,0,0,0,0,0,0,0,0,0
340703,2,1,1995,0,0,0,0,0,0,0,0,0,0
340704,1,1,1995,0,0,0,0,0,0,0,0,0,0
340705,1,1,1995,15,14,6,6,15,15,0,23,11,0
340708,1,1,1995,0,0,0,0,0,0,0,0,0,0
340709,1,1,1995,0,0,0,0,0,0,0,0,0,0
340710,1,1,1995,24,24,24,24,24,24,24,24,24,24
340711,0,1,1995,0,0,0,13,0,0,0,0,11,0
340711,1,1,1995,0,0,0,0,0,0,0,0,0,0
340712,1,1,1995,0,0,0,0,0,0,0,0,0,0
340712,2,1,1995,0,0,0,0,0,0,0,0,0,0
340714,0,1,1995,0,0,0,0,0,0,0,0,0,0
340714,1,1,1995,0,0,0,0,0,0,0,0,0,0
340715,1,1,1995,0,0,0,0,0,0,0,0,0,0
340715,2,1,1995,0,0,0,0,0,0,0,0,0,0
340716,1,1,1995,18,19,17,25,27,18,28,13,17,11
340717,1,1,1995,23,23,23,23,23,23,23,23,23,23
340718,1,1,1995,0,0,0,0,0,0,0,0,0,14
340719,1,1,1995,0,0,0,0,0,0,0,0,0,0
340719,2,1,1995,0,0,0,0,0,0,0,0,0,0
340719,3,1,1995,0,0,0,0,0,0,0,0,0,0
340720,0,1,1995,0,0,0,0,0,0,0,0,0,0
340720,1,1,1995,0,0,0,0,0,0,0,0,0,0
340721,1,1,1995,0,0,0,0,0,11,0,0,0,0
340721,2,1,1995,0,0,0,0,0,0,0,0,0,0
340722,1,1,1995,0,0,0,0,0,0,0,0,0,0
340724,1,1,1995,0,0,0,0,0,0,0,0,0,0
340725,1,1,1995,0,0,0,0,0,0,0,0,0,0
340725,2,1,1995,0,0,0,0,0,0,0,0,0,0
340726,1,1,1995,11,11,11,11,11,11,11,11,11,11
340727,1,1,1995,16,16,16,16,16,16,16,16,16,16
340728,1,1,1995,0,0,0,16,0,0,0,0,0,0
340728,2,1,1995,0,0,0,0,0,0,0,0,0,0
340728,3,1,1995,0,0,0,0,0,0,0,0,0,0
340729,1,1,1995,0,0,0,0,0,0,0,0,0,0
340730,1,1,1995,9,9,9,9,9,9,9,9,9,9
340730,2,1,1995,0,0,0,0,0,0,0,0,0,0
340730,3,1,1995,11,0,0,0,0,0,0,15,10,0
340731,0,1,1995,0,0,0,0,0,0,0,0,0,0
340731,1,1,1995,0,0,0,0,0,0,15,13,0,0
340732,1,1,1995,0,0,0,0,0,0,0,0,0,0
340732,2,1,1995,0,0,0,0,0,0,0,0,0,0
340732,3,1,1995,0,0,0,0,0,0,0,0,0,0
340733,1,1,1995,0,17,19,27,0,41,18,15,20,9
340734,1,1,1995,19,19,19,19,19,19,19,19,19,19
340735,1,1,1995,15,15,15,15,15,15,15,15,15,15
340736,0,1,1995,0,0,0,0,0,0,0,0,0,0
340736,1,1,1995,0,0,0,0,0,0,0,0,0,0
340737,1,1,1995,0,0,0,0,0,0,0,0,0,0
340738,1,1,1995,0,0,0,0,0,0,0,16,0,0
340739,1,1,1995,0,0,0,0,0,0,0,0,0,0
340739,2,1,1995,0,0,0,0,0,0,0,0,0,0
340740,0,1,1995,0,0,0,0,0,33,0,0,0,0
340740,1,1,1995,0,0,0,0,0,0,0,11,0,0
340741,1,1,1995,0,0,0,0,0,0,0,0,0,0
340741,2,1,1995,0,0,0,0,0,0,0,0,0,0
340742,1,1,1995,0,0,0,0,0,0,0,0,0,0
340742,2,1,1995,0,0,0,0,0,0,0,0,0,0
340742,3,1,1995,0,0,0,0,0,0,0,0,0,0
340743,0,1,1995,0,0,0,0,14,0,49,23,0,0
340743,1,1,1995,22,22,22,22,22,22,22,22,22,22
340744,0,1,1995,0,0,0,0,0,0,0,0,0,0
340744,1,1,1995,0,0,0,0,0,0,0,0,0,0
340745,1,1,1995,0,0,0,0,0,0,0,0,0,0
340746,1,1,1995,0,0,0,0,0,0,0,0,0,0
340746,2,1,1995,0,0,0,0,0,0,0,0,0,0
340747,0,1,1995,37,37,37,37,37,37,37,37,37,37
340747,1,1,1995,0,0,0,0,0,0,0,0,13,0
340748,1,1,1995,6,6,6,6,6,6,6,6,6,6
340749,1,1,1995,0,12,0,17,0,11,0,0,0,0
340750,1,1,1995,0,0,0,0,0,0,0,0,0,0
340751,1,1,1995,7,7,7,7,7,7,7,7,7,7
340751,2,1,1995,0,0,0,0,0,0,0,0,0,0
340752,0,1,1995,0,0,0,0,0,0,0,0,0,0
340752,0,2,1995,0,0,0,0,0,0,0,0,0,0
340752,1,1,1995,0,0,0,0,0,0,0,0,0,0
340753,1,1,1995,18,18,18,18,18,18,18,18,18,18
340753,2,1,1995,0,0,0,0,0,0,0,0,0,0
340754,1,1,1995,0,0,0,0,0,0,0,0,0,0
340754,2,1,1995,18,18,18,18,18,18,18,18,18,18
340756,1,1,1995,0,0,0,0,0,0,0,0,0,0
340756,2,1,1995,0,0,0,0,0,0,0,0,0,0
340757,0,1,1995,1,1,1,1,1,1,1,1,1,1
340757,1,1,1995,0,0,0,0,0,0,0,0,0,0
340758,0,1,1995,0,0,0,0,0,0,0,0,0,0
340758,1,1,1995,0,0,0,0,0,0,0,0,0,0
340759,1,1,1995,0,0,0,0,0,0,0,0,0,0
340759,2,1,1995,0,0,0,17,0,0,0,0,0,0
340760,1,1,1995,0,0,0,0,0,0,0,0,0,0
340760,2,1,1995,0,0,0,0,0,0,0,0,0,0
340760,3,1,1995,0,0,0,0,0,0,0,0,0,0
340760,4,1,1995,0,0,0,0,0,0,0,0,0,0
340760,5,1,1995,0,0,0,0,0,0,0,0,0,0
340761,1,1,1995,0,0,0,0,0,0,0,0,0,0
340762,1,1,1995,0,0,0,0,0,0,0,0,0,0
340763,0,1,1995,0,0,0,0,0,0,0,0,0,0
340763,1,1,1995,0,0,0,0,0,0,0,0,0,0
340764,1,1,1995,0,0,0,0,0,0,0,0,0,0
340765,0,1,1995,14,14,14,14,14,14,14,14,14,14
340765,1,1,1995,0,16,7,12,11,0,0,15,13,15
340766,1,1,1995,8,0,0,0,0,0,0,0,0,0
340767,1,1,1995,0,0,0,0,0,0,0,0,0,0
340769,1,1,1995,0,14,17,16,0,0,0,18,0,0
340769,2,1,1995,13,0,0,31,16,0,19,10,0,0
340770,1,1,1995,0,0,0,0,0,0,0,0,0,0
340770,2,1,1995,0,0,0,0,0,0,0,0,0,0
340771,1,1,1995,11,0,0,0,0,0,0,7,0,0
340771,2,1,1995,0,0,0,0,0,0,0,0,0,0
340772,0,1,1995,22,22,22,22,22,22,22,22,22,22
340772,1,1,1995,15,25,12,14,0,10,0,0,8,0
340773,1,1,1995,0,0,0,0,0,0,7,0,0,0
340774,1,1,1995,0,0,0,0,0,0,0,0,0,0
340774,2,1,1995,0,0,0,0,0,0,0,0,0,0
340775,1,1,1995,20,20,20,20,20,20,20,20,20,20
340776,0,1,1995,0,0,0,0,0,0,0,0,0,0
340776,2,1,1995,0,0,0,0,0,0,0,0,0,13
340777,1,1,1995,0,0,0,0,0,0,0,0,0,0
340777,2,1,1995,0,0,0,0,0,0,0,0,0,0
340778,1,1,1995,0,0,0,0,0,0,0,0,0,0
340778,2,1,1995,0,0,0,0,0,0,0,0,0,0
340779,1,1,1995,2,2,2,2,2,2,2,2,2,2
340779,2,1,1995,0,0,0,0,0,0,0,0,0,0
340780,0,1,1995,12,12,12,12,12,12,12,12,12,12
340780,1,1,1995,0,0,0,0,0,0,0,0,0,0
340780,2,1,1995,0,0,0,0,0,0,0,0,0,0
340781,0,1,1995,0,0,0,0,0,0,0,0,0,0
340781,1,1,1995,0,0,0,0,0,0,0,0,0,0
340782,1,1,1995,0,0,0,0,0,0,0,0,0,0
340783,0,1,1995,0,0,0,0,0,0,0,0,0,0
340783,1,1,1995,0,0,0,0,0,0,0,0,0,0
340784,0,1,1995,0,0,0,0,0,0,0,0,0,0
340784,1,1,1995,0,0,5,26,0,0,0,0,0,0
340785,1,1,1995,0,0,0,0,0,0,0,0,0,0
340785,2,1,1995,0,0,0,0,0,0,0,0,0,0
340786,1,1,1995,0,0,0,0,8,0,12,0,0,0
340786,2,1,1995,0,0,0,0,0,0,0,0,10,0
340787,1,1,1995,22,22,22,22,22,22,22,22,22,22
340787,2,1,1995,0,0,0,0,0,0,0,0,0,0
340788,1,1,1995,0,0,0,0,0,0,0,0,0,0
340788,2,1,1995,0,0,0,0,0,0,0,0,0,0
340789,0,1,1995,0,0,0,0,0,0,0,24,0,0
340789,1,1,1995,0,0,0,0,0,0,14,0,0,0
340790,1,1,1995,2,2,2,2,2,2,2,2,2,2
340791,1,1,1995,9,9,9,9,9,9,9,9,9,9
340792,1,1,1995,0,0,0,0,0,0,0,0,0,0
340792,2,1,1995,0,0,0,0,0,0,20,0,0,0
340793,1,1,1995,0,0,0,0,0,0,0,0,0,0
340793,2,1,1995,22,22,22,22,22,22,22,22,22,22
340794,1,1,1995,24,24,24,24,24,24,24,24,24,24
340795,1,1,1995,0,0,0,0,0,0,0,0,0,0
340796,1,1,1995,0,0,0,0,0,0,0,0,0,0
340796,2,1,1995,0,0,0,0,0,8,0,0,0,0
340797,1,1,1995,11,11,11,11,11,11,11,11,11,11
340798,0,1,1995,18,18,18,18,18,18,18,18,18,18
340798,1,1,1995,0,0,0,0,11,17,0,0,0,14
340799,1,1,1995,0,0,0,0,0,0,0,0,0,0
340799,2,1,1995,0,0,0,4,0,0,0,0,0,0
340799,3,1,1995,0,0,0,0,0,0,0,0,0,0
340799,4,1,1995,0,0,0,0,0,0,26,0,0,0
340799,5,1,1995,0,0,0,0,0,0,0,0,0,0
340800,1,1,1995,0,0,0,0,0,0,0,0,0,0
340801,0,1,1995,0,0,0,29,19,0,0,26,20,13
340801,0,2,1995,0,0,6,18,0,0,0,0,0,0
340801,1,1,1995,16,16,16,16,16,16,16,16,16,16
340802,1,1,1995,0,0,0,0,0,0,0,0,0,0
340803,1,1,1995,0,0,0,0,0,0,0,0,0,0
340803,2,1,1995,1,1,1,1,1,1,1,1,1,1
340804,1,1,1995,1,1,1,1,1,1,1,1,1,1
340805,1,1,1995,0,0,0,0,0,0,0,0,0,0
340806,1,1,1995,0,0,14,0,0,9,0,0,0,0
340806,2,1,1995,0,0,0,10,0,0,5,0,0,0
340806,3,1,1995,0,0,0,0,0,0,0,0,0,0
340807,1,1,1995,5,5,5,5,5,5,5,5,5,5
340807,2,1,1995,0,0,0,0,0,0,0,0,0,0
340808,1,1,1995,0,0,0,0,0,0,0,0,0,0
340809,0,1,1995,0,0,0,0,0,0,0,0,0,0
340809,1,1,1995,0,0,0,0,0,0,0,0,0,0
340810,1,1,1995,5,14,0,0,17,14,0,19,0,0
340811,0,1,1995,0,0,0,0,0,0,0,0,0,0
340811,1,1,1995,0,19,0,0,0,0,0,0,0,0
340812,1,1,1995,0,0,0,0,0,0,0,0,0,0
340812,2,1,1995,0,0,0,0,0,0,0,0,0,0
340813,1,1,1995,0,0,0,0,0,0,0,0,0,0
340813,2,1,1995,0,0,0,0,0,0,0,0,0,0
340814,1,1,1995,15,15,15,15,15,15,15,15,15,15
340814,2,1,1995,7,7,7,7,7,7,7,7,7,7
340815,1,1,1995,0,0,0,0,0,0,0,0,0,0
340816,1,1,1995,0,0,0,0,0,0,0,0,0,0
340816,2,1,1995,0,0,0,0,0,0,0,0,0,0
340817,1,1,1995,0,18,0,0,0,0,0,0,0,0
340818,1,1,1995,0,0,0,0,0,8,0,0,0,0
340819,1,1,1995,0,0,0,0,0,0,0,0,0,0
340819,2,1,1995,0,0,0,0,0,0,0,0,0,0
340820,1,1,1995,0,0,0,0,0,0,0,0,0,0
340820,2,1,1995,0,0,0,0,0,0,0,0,0,0
340821,1,1,1995,0,0,0,0,0,0,0,0,0,0
340821,2,1,1995,0,0,0,0,0,0,0,0,0,0
340823,1,1,1995,0,0,0,0,0,0,12,0,0,0
340824,1,1,1995,46,0,20,0,0,7,18,0,0,0
340824,2,1,1995,0,6,17,0,0,0,0,0,0,19
340824,3,1,1995,0,0,0,0,0,0,0,0,0,0
340825,1,1,1995,0,0,0,0,0,0,0,0,0,0
340826,1,1,1995,0,0,0,0,0,0,0,0,0,0
340827,1,1,1995,7,7,7,7,7,7,7,7,7,7
340828,1,1,1995,0,0,0,0,0,0,0,0,0,0
340828,2,1,1995,14,0,31,19,17,13,0,16,0,14
340829,1,1,1995,21,0,0,0,0,0,0,0,12,0
340830,1,1,1995,0,0,0,0,0,0,0,0,0,0
340830,2,1,1995,0,0,0,0,0,13,0,0,0,0
340831,0,1,1995,0,0,0,0,0,0,0,0,0,0
340831,1,1,1995,0,0,0,0,0,0,0,0,0,0
340832,1,1,1995,0,0,0,0,0,0,0,0,0,0
340832,2,1,1995,0,0,0,0,0,0,0,0,0,0
340833,1,1,1995,11,11,11,11,11,11,11,11,11,11
340834,1,1,1995,0,0,0,0,0,0,0,0,0,0
340836,1,1,1995,0,0,0,0,0,0,0,0,0,0
340836,2,1,1995,0,0,0,0,0,0,0,0,0,0
340837,1,1,1995,0,0,0,0,0,0,0,0,0,0
340837,2,1,1995,0,0,0,0,0,0,0,0,0,0
340838,1,1,1995,0,0,0,0,0,0,0,0,0,0
340838,2,1,1995,0,0,0,0,0,0,0,0,0,0
340839,1,1,1995,0,0,0,0,0,0,0,0,0,0
340839,2,1,1995,0,0,0,0,0,0,0,0,0,0
340840,1,1,1995,0,0,0,0,0,0,0,0,0,0
340840,2,1,1995,17,17,17,17,17,17,17,17,17,17
340840,3,1,1995,0,0,0,0,0,0,0,0,0,0
340841,1,1,1995,0,0,0,0,0,0,0,0,0,0
340842,1,1,1995,5,0,0,0,0,0,0,0,0,0
340843,1,1,1995,0,0,0,0,0,0,0,0,0,0
340843,2,1,1995,0,0,0,0,0,0,0,0,0,0
340843,3,1,1995,0,0,0,0,0,0,18,0,0,0
340843,4,1,1995,0,0,0,0,0,0,0,0,0,0
340844,1,1,1995,0,0,0,0,0,0,0,0,0,0
340844,2,1,1995,0,0,0,0,0,0,0,0,0,0
340845,0,1,1995,17,17,17,17,17,17,17,17,17,17
340845,0,2,1995,0,26,11,0,0,0,11,16,34,0
340845,1,1,1995,0,0,0,0,0,0,0,0,0,0
340846,1,1,1995,0,0,0,0,0,0,0,0,0,0
340846,2,1,1995,0,0,0,0,0,0,0,0,0,0
340847,1,1,1995,22,22,22,22,22,22,22,22,22,22
340848,1,1,1995,0,0,0,0,0,0,0,0,0,0
340849,1,1,1995,0,0,0,0,0,0,0,0,0,0
340850,1,1,1995,0,0,0,0,0,0,0,0,0,0
340850,2,1,1995,0,0,0,0,0,0,0,0,0,0
340851,0,1,1995,0,0,26,0,0,0,0,0,0,0
340851,1,1,1995,0,0,0,0,0,0,0,0,0,0
340852,1,1,1995,18,18,18,18,18,18,18,18,18,18
340853,1,1,1995,0,0,0,0,0,0,0,0,0,0
340854,1,1,1995,0,0,0,0,0,0,0,0,0,0
340855,1,1,1995,0,0,0,0,6,0,0,13,0,0
340855,2,1,1995,0,0,0,0,0,0,0,0,0,0
340856,0,1,1995,21,20,22,21,22,0,22,21,32,20
340856,1,1,1995,38,38,38,38,38,38,38,38,38,38
340856,2,1,1995,0,0,0,0,0,0,0,0,0,0
340857,1,1,1995,0,0,0,0,0,0,0,0,0,0
340857,2,1,1995,0,0,0,0,0,0,0,0,0,0
340857,3,1,1995,0,0,0,0,0,0,0,0,0,0
340857,4,1,1995,0,0,0,0,0,0,0,0,0,0
340858,1,1,1995,0,0,0,0,0,0,0,0,0,0
340858,2,1,1995,0,0,0,0,0,0,0,0,0,0
340860,0,1,1995,0,0,0,0,0,0,0,0,0,0
340860,1,1,1995,0,0,0,0,0,0,0,0,0,0
340861,1,1,1995,0,0,0,0,0,0,0,0,0,0
340861,2,1,1995,0,0,0,0,0,0,0,0,0,0
340861,3,1,1995,0,0,0,0,0,0,0,0,0,0
340862,0,1,1995,0,0,0,0,0,0,0,0,0,0
340862,1,1,1995,0,0,0,0,0,0,0,0,0,0
340863,1,1,1995,0,0,0,0,0,0,0,0,0,0
340863,2,1,1995,0,0,0,0,0,0,0,0,0,0
340863,3,1,1995,0,0,0,0,10,0,0,0,0,0
340864,1,1,1995,0,0,0,0,0,0,0,0,0,0
340865,1,1,1995,0,0,0,0,0,0,0,0,0,0
340865,2,1,1995,0,0,0,0,0,0,0,0,0,0
340866,1,1,1995,24,24,24,24,24,24,24,24,24,24
340867,1,1,1995,4,4,4,4,4,4,4,4,4,4
340868,1,1,1995,0,0,0,0,0,0,0,0,0,0
340869,1,1,1995,14,14,14,14,14,14,14,14,14,14
340870,1,1,1995,0,11,0,0,0,0,0,0,0,0
340871,1,1,1995,0,0,5,0,0,0,0,0,0,0
340871,2,1,1995,0,0,0,0,0,0,0,0,14,0
340872,1,1,1995,0,0,0,0,0,7,0,0,0,0
340873,0,1,1995,2,2,2,2,2,2,2,2,2,2
340873,1,1,1995,0,0,0,0,0,0,0,0,0,0
340874,1,1,1995,13,0,0,11,6,17,0,22,12,0
340875,1,1,1995,0,0,0,0,0,0,0,0,0,0
340875,2,1,1995,0,0,0,0,0,0,0,0,0,0
340875,3,1,1995,0,0,0,0,0,0,0,0,0,0
340876,1,1,1995,18,18,18,18,18,18,18,18,18,18
340876,2,1,1995,0,0,0,0,0,0,0,0,0,0
340876,3,1,1995,0,0,0,0,0,0,0,0,0,0
340877,0,1,1995,0,0,0,0,19,31,0,13,0,0
340877,1,1,1995,0,0,0,0,0,0,0,0,0,0