ST_CASE,VEH_NO,PER_NO,YEAR,P1,P2,P3,P4,P5,P6,P7,P8,P9,P10
340878,1,1,1995,0,0,0,0,0,0,0,0,0,0
340878,2,1,1995,0,0,0,0,0,0,0,0,0,0
340879,0,1,1995,0,0,0,0,0,0,0,0,0,0
340879,1,1,1995,0,0,0,0,0,0,0,0,0,0
340880,1,1,1995,0,0,0,0,0,0,0,0,0,0
340880,2,1,1995,0,0,0,0,0,0,0,0,8,0
340881,1,1,1995,30,30,30,30,30,30,30,30,30,30
340881,2,1,1995,0,0,0,0,0,0,0,0,0,0
340882,1,1,1995,0,0,0,0,0,0,0,0,0,0
340882,2,1,1995,0,0,0,0,0,0,0,0,0,0
340882,3,1,1995,0,0,0,0,0,0,0,0,0,0
340883,1,1,1995,0,0,0,0,0,0,0,0,0,0
340883,2,1,1995,0,0,0,0,0,0,0,0,0,0
350001,1,1,1995,14,14,14,14,14,14,14,14,14,14
350002,0,1,1995,27,27,27,27,27,27,27,27,27,27
350002,1,1,1995,0,0,0,0,0,0,18,0,0,12
350003,0,1,1995,28,28,28,28,28,28,28,28,28,28
350003,1,1,1995,0,0,0,0,0,0,0,0,0,0
350004,0,1,1995,0,0,0,0,0,0,0,0,0,0
350004,1,1,1995,3,8,12,8,6,15,0,10,8,34
350005,1,1,1995,0,0,0,0,0,0,0,0,0,0
350005,2,1,1995,0,0,0,0,0,0,0,0,0,0
350005,3,1,1995,0,0,0,0,0,0,0,0,0,0
350005,4,1,1995,0,0,0,15,0,0,0,0,0,0
350006,0,1,1995,1,1,1,1,1,1,1,1,1,1
350006,1,1,1995,0,0,0,0,0,0,0,0,0,0
350007,1,1,1995,0,0,0,0,0,0,0,0,0,0
350008,1,1,1995,0,0,0,0,0,0,0,0,0,0
350008,2,1,1995,0,0,0,0,0,0,0,0,0,0
350009,0,1,1995,13,18,22,21,8,11,22,28,22,9
350009,1,1,1995,0,0,0,0,0,0,0,0,0,0
350010,1,1,1995,0,0,0,0,0,0,0,0,0,0
350011,0,1,1995,0,0,0,0,0,0,0,0,0,0
350011,1,1,1995,0,0,0,0,0,0,0,0,0,0
350011,2,1,1995,0,0,0,0,0,0,0,0,0,0
350012,0,1,1995,0,0,0,0,0,0,0,0,0,0
350012,1,1,1995,0,0,0,0,0,0,0,0,0,0
350013,1,1,1995,0,0,0,0,0,0,22,0,0,0
350013,2,1,1995,0,0,0,0,0,0,0,0,0,0
350014,1,1,1995,18,18,18,18,18,18,18,18,18,18
350014,2,1,1995,0,0,0,0,0,0,0,0,0,0
350015,1,1,1995,0,0,0,0,0,0,0,0,0,0
350015,2,1,1995,0,0,0,0,0,0,0,0,0,0
350016,1,1,1995,0,0,0,0,0,0,0,0,0,0
350017,1,1,1995,18,13,5,16,12,5,8,20,24,29
350017,2,1,1995,0,0,0,0,0,0,0,0,0,0
350018,0,1,1995,0,0,0,0,0,0,0,0,0,0
350018,1,1,1995,30,25,12,0,17,20,6,13,0,0
350019,1,1,1995,0,0,24,9,0,11,23,0,0,0
350019,2,1,1995,12,0,0,4,0,21,0,15,14,2
350020,1,1,1995,0,0,0,0,0,0,0,0,0,0
350020,2,1,1995,0,0,0,0,0,0,0,0,0,0
350021,1,1,1995,22,22,22,22,22,22,22,22,22,22
350022,1,1,1995,20,20,20,20,20,20,20,20,20,20
350023,1,1,1995,24,24,24,24,24,24,24,24,24,24
350024,1,1,1995,9,26,13,14,7,13,0,3,14,0
350025,0,1,1995,0,0,0,0,0,0,0,0,0,0
350025,1,1,1995,0,9,0,0,0,0,0,0,0,0
350026,1,1,1995,35,12,15,7,4,7,14,15,9,22
350027,1,1,1995,15,15,15,15,15,15,15,15,15,15
350028,1,1,1995,0,0,0,0,0,0,0,0,0,0
350029,1,1,1995,28,7,19,0,12,14,25,20,14,13
350029,2,1,1995,0,0,0,0,0,0,0,0,0,0
350030,1,1,1995,0,0,0,0,0,0,0,0,0,0
350031,1,1,1995,0,28,0,0,27,17,17,9,18,21
350032,1,1,1995,0,0,0,0,0,0,0,2,0,0
350032,2,1,1995,0,0,0,0,0,0,0,0,0,0
350033,1,1,1995,0,0,0,0,0,0,0,0,0,0
350033,2,1,1995,22,22,22,22,22,22,22,22,22,22
350033,3,1,1995,0,0,0,0,0,0,0,13,0,0
350034,1,1,1995,4,8,17,7,4,26,9,21,10,7
350035,1,1,1995,0,0,0,0,0,0,0,0,0,0
350035,2,1,1995,0,0,0,0,0,0,0,0,0,0
350036,1,1,1995,21,21,21,21,21,21,21,21,21,21
350037,1,1,1995,0,0,0,0,0,0,0,0,0,0
350038,1,1,1995,0,0,0,0,0,0,0,0,0,0
350038,2,1,1995,2,2,2,2,2,2,2,2,2,2
350039,1,1,1995,0,0,0,0,0,0,0,0,0,0
350040,1,1,1995,0,0,0,0,0,0,0,0,0,0
350040,2,1,1995,0,0,0,0,0,0,0,0,0,0
350041,1,1,1995,12,23,26,18,12,14,15,24,11,27
350042,1,1,1995,6,6,6,6,6,6,6,6,6,6
350042,2,1,1995,0,0,0,0,0,0,0,0,0,0
350043,1,1,1995,18,18,18,18,18,18,18,18,18,18
350043,2,1,1995,0,0,0,23,0,13,0,0,0,0
350043,3,1,1995,0,0,0,0,0,0,0,0,0,0
350044,1,1,1995,22,22,22,22,22,22,22,22,22,22
350044,2,1,1995,0,0,0,0,0,0,0,0,0,0
350045,1,1,1995,0,0,0,0,0,0,0,0,0,0
350046,1,1,1995,0,0,0,0,0,0,0,0,0,0
350046,2,1,1995,28,28,28,28,28,28,28,28,28,28
350047,1,1,1995,0,0,0,0,0,0,0,0,0,0
350048,0,1,1995,23,23,23,23,23,23,23,23,23,23
350048,1,1,1995,10,23,16,3,21,5,18,19,21,16
350049,1,1,1995,0,0,0,0,0,0,0,0,0,0
350050,1,1,1995,11,8,15,26,7,17,13,18,23,0
350051,0,1,1995,29,29,29,29,29,29,29,29,29,29
350051,1,1,1995,0,0,0,0,0,0,0,0,0,0
350052,0,1,1995,38,38,38,38,38,38,38,38,38,38
350052,1,1,1995,0,0,0,0,0,0,0,0,0,0
350053,1,1,1995,7,7,7,7,7,7,7,7,7,7
350054,1,1,1995,0,25,0,0,0,33,23,13,30,28
350054,2,1,1995,10,7,14,6,11,10,17,8,7,8
350055,1,1,1995,12,16,12,14,19,10,8,0,0,0
350055,2,1,1995,17,0,0,0,0,0,0,0,0,0
350056,1,1,1995,27,27,27,27,27,27,27,27,27,27
350057,1,1,1995,0,0,0,0,0,0,0,0,0,0
350058,1,1,1995,10,10,10,10,10,10,10,10,10,10
350059,1,1,1995,0,0,0,0,0,0,0,0,0,0
350059,2,1,1995,0,0,0,0,0,0,0,0,0,0
350059,3,1,1995,0,0,0,0,0,0,0,0,0,0
350059,4,1,1995,0,0,0,0,0,0,0,0,0,0
350059,5,1,1995,0,0,0,0,0,0,0,0,0,0
350059,6,1,1995,0,0,0,0,0,0,0,0,0,0
350059,7,1,1995,0,0,0,0,0,0,0,0,0,0
350059,8,1,1995,0,0,0,0,0,0,0,0,0,0
350059,9,1,1995,0,0,0,0,0,0,0,0,0,0
350060,1,1,1995,0,0,0,0,0,0,0,0,0,0
350060,2,1,1995,0,0,0,0,0,0,0,0,0,0
350061,1,1,1995,0,0,0,0,0,0,0,0,0,0
350061,2,1,1995,0,0,0,0,0,0,0,0,0,0
350062,1,1,1995,0,0,0,0,0,0,0,0,0,0
350063,1,1,1995,0,0,0,0,0,0,0,0,0,0
350063,2,1,1995,0,0,0,0,0,0,0,0,0,0
350064,0,1,1995,0,0,0,0,0,0,0,0,0,0
350064,1,1,1995,0,0,0,0,0,0,0,0,0,0
350065,1,1,1995,21,21,21,21,21,21,21,21,21,21
350066,0,1,1995,6,6,6,6,6,6,6,6,6,6
350066,1,1,1995,0,0,0,0,0,0,0,0,0,0
350067,1,1,1995,7,7,7,7,7,7,7,7,7,7
350068,1,1,1995,24,24,24,24,24,24,24,24,24,24
350069,1,1,1995,0,0,0,0,0,0,0,0,0,0
350069,2,1,1995,0,13,0,15,26,0,0,0,0,0
350070,1,1,1995,0,0,0,0,0,0,0,0,0,0
350070,2,1,1995,13,13,13,13,13,13,13,13,13,13
350071,0,1,1995,0,0,0,0,0,0,0,0,0,0
350071,1,1,1995,0,0,0,0,0,0,0,0,0,0
350072,1,1,1995,0,0,0,0,0,0,0,0,0,0
350073,1,1,1995,0,0,0,0,0,0,0,0,0,0
350074,1,1,1995,17,3,5,2,23,7,0,23,16,11
350075,1,1,1995,0,0,0,0,0,0,0,0,0,0
350076,1,1,1995,20,15,7,10,12,17,12,12,15,13
350077,0,1,1995,36,36,36,36,36,36,36,36,36,36
350077,1,1,1995,0,0,0,0,0,0,0,0,0,0
350078,0,1,1995,25,25,25,25,25,25,25,25,25,25
350078,0,2,1995,21,0,0,39,0,24,22,36,12,0
350078,1,1,1995,0,0,0,0,0,0,0,0,0,0
350079,1,1,1995,11,11,11,11,11,11,11,11,11,11
350080,1,1,1995,0,0,0,0,0,0,0,0,0,0
350081,0,1,1995,22,22,22,22,22,22,22,22,22,22
350081,1,1,1995,0,0,0,0,0,0,0,0,0,0
350082,0,1,1995,5,5,5,5,5,5,5,5,5,5
350082,1,1,1995,0,0,0,0,0,0,0,0,0,0
350083,1,1,1995,0,0,0,0,0,0,0,0,0,0
350083,2,1,1995,0,0,0,0,0,0,0,0,0,0
350084,1,1,1995,0,0,0,0,0,0,0,0,0,0
350084,2,1,1995,0,0,3,0,0,0,0,4,0,0
350085,1,1,1995,8,8,8,8,8,8,8,8,8,8
350085,2,1,1995,0,0,0,0,0,0,0,0,0,0
350086,0,1,1995,25,25,25,25,25,25,25,25,25,25
350086,1,1,1995,0,0,0,0,0,0,0,0,0,0
350087,0,1,1995,0,0,0,0,0,0,0,0,0,0
350087,1,1,1995,0,0,0,0,0,0,0,0,0,0
350088,1,1,1995,23,23,23,23,23,23,23,23,23,23
350089,1,1,1995,0,0,0,0,0,17,0,0,0,0
350090,1,1,1995,0,0,0,0,0,0,0,0,0,0
350091,1,1,1995,0,0,0,0,0,0,0,0,0,0
350091,2,1,1995,0,0,0,0,0,0,0,0,0,0
350092,1,1,1995,8,8,8,8,8,8,8,8,8,8
350093,0,1,1995,14,10,16,6,15,20,22,13,28,15
350093,1,1,1995,0,0,0,0,0,0,0,10,0,0
350094,1,1,1995,19,15,9,19,16,17,13,15,21,14
350094,2,1,1995,0,0,0,0,0,0,0,0,0,0
350095,1,1,1995,18,18,18,18,18,18,18,18,18,18
350096,1,1,1995,0,0,0,0,0,0,0,0,0,0
350097,1,1,1995,0,0,0,0,0,0,0,0,0,0
350098,0,1,1995,25,25,25,25,25,25,25,25,25,25
350098,1,1,1995,0,0,0,0,0,0,0,0,0,0
350099,1,1,1995,18,18,22,6,19,19,23,37,4,17
350100,1,1,1995,0,0,0,0,0,0,0,0,0,0
350100,2,1,1995,0,0,0,0,0,0,0,0,0,0
350101,1,1,1995,0,0,0,0,0,0,0,0,0,0
350102,1,1,1995,0,0,0,0,0,0,0,0,0,0
350103,1,1,1995,0,0,0,0,0,0,0,0,0,0
350104,0,1,1995,0,0,0,0,0,0,0,0,0,0
350104,1,1,1995,0,0,0,0,0,0,0,0,0,0
350105,1,1,1995,9,9,9,9,9,9,9,9,9,9
350105,2,1,1995,12,19,13,10,22,5,19,10,0,10
350105,3,1,1995,0,0,0,0,0,0,0,0,0,0
350106,1,1,1995,8,0,10,14,6,10,15,0,0,16
350107,1,1,1995,0,0,0,0,0,0,0,10,0,0
350108,1,1,1995,0,0,0,0,0,0,0,0,0,0
350108,2,1,1995,0,0,0,0,0,20,0,0,0,0
350109,1,1,1995,18,18,18,18,18,18,18,18,18,18
350109,2,1,1995,0,0,0,0,0,10,9,12,0,0
350110,0,1,1995,25,25,25,25,25,25,25,25,25,25
350110,1,1,1995,0,0,0,0,0,0,0,0,0,0
350111,1,1,1995,0,19,9,0,0,0,0,0,0,0
350112,1,1,1995,0,0,0,0,0,0,0,0,0,0
350112,2,1,1995,0,0,0,0,0,0,0,0,0,0
350113,1,1,1995,0,0,0,0,0,0,0,0,0,0
350113,2,1,1995,0,0,0,0,0,0,0,0,0,0
350114,1,1,1995,0,0,0,0,0,0,0,0,0,0
350114,2,1,1995,0,0,0,0,0,0,0,0,0,0
350115,1,1,1995,0,0,0,0,0,0,0,0,0,0
350115,2,1,1995,26,24,33,12,5,21,10,21,8,13
350116,0,1,1995,18,18,18,18,18,18,18,18,18,18
350116,1,1,1995,1,1,1,1,1,1,1,1,1,1
350117,0,1,1995,0,0,0,0,0,0,0,0,0,0
350117,1,1,1995,0,0,0,0,0,0,0,0,0,0
350118,1,1,1995,32,32,32,32,32,32,32,32,32,32
350119,1,1,1995,0,0,0,0,0,0,0,0,0,0
350119,2,1,1995,0,0,0,0,0,0,0,0,0,0
350120,0,1,1995,20,20,20,20,20,20,20,20,20,20
350120,1,1,1995,6,6,6,6,6,6,6,6,6,6
350121,0,1,1995,24,24,24,24,24,24,24,24,24,24
350121,1,1,1995,0,15,14,14,0,21,5,15,24,0
350122,1,1,1995,0,0,0,0,0,0,0,0,0,0
350122,2,1,1995,0,0,0,0,0,0,0,0,0,0
350123,1,1,1995,0,0,0,0,0,0,0,0,0,0
350124,1,1,1995,11,11,11,11,11,11,11,11,11,11
350125,1,1,1995,0,0,0,0,0,0,0,0,0,0
350126,1,1,1995,13,13,13,13,13,13,13,13,13,13
350126,2,1,1995,0,0,0,0,0,0,0,0,0,0
350127,1,1,1995,0,0,0,0,0,0,0,0,0,0
350128,0,1,1995,9,9,9,9,9,9,9,9,9,9
350128,0,2,1995,14,14,14,14,14,14,14,14,14,14
350128,1,1,1995,0,0,16,7,0,5,14,0,6,0
350129,1,1,1995,0,0,0,0,0,0,0,0,0,0
350129,2,1,1995,0,0,0,0,0,0,0,0,0,0
350130,1,1,1995,8,8,8,8,8,8,8,8,8,8
350131,0,1,1995,22,33,22,18,0,30,12,19,22,9
350131,1,1,1995,28,13,30,29,20,12,16,0,22,0
350132,1,1,1995,0,0,0,0,0,0,0,0,0,0
350132,2,1,1995,9,9,9,9,9,9,9,9,9,9
350133,1,1,1995,0,0,0,0,0,0,0,0,0,0
350134,1,1,1995,0,0,0,0,0,0,0,0,0,0
350135,1,1,1995,0,14,0,0,15,0,0,0,12,0
350135,2,1,1995,0,0,0,0,0,0,0,0,0,0
350135,3,1,1995,11,11,11,11,11,11,11,11,11,11
350136,1,1,1995,0,0,0,0,0,0,0,0,0,0
350137,1,1,1995,0,0,0,0,0,0,0,0,0,0
350137,2,1,1995,0,0,0,0,0,0,0,0,0,0
350138,0,1,1995,0,0,0,0,0,0,0,0,0,0
350138,1,1,1995,0,0,0,0,0,0,0,0,0,0
350139,1,1,1995,0,0,0,0,0,0,0,0,0,0
350139,2,1,1995,0,0,0,0,0,0,0,0,0,0
350140,1,1,1995,0,0,0,0,0,0,0,0,0,0
350140,2,1,1995,0,0,0,0,0,0,0,0,0,0
350141,1,1,1995,0,0,0,0,0,0,0,0,0,0
350142,1,1,1995,8,0,18,3,2,10,0,11,5,11
350143,1,1,1995,0,0,0,0,0,0,0,0,0,0
350143,2,1,1995,0,0,0,0,0,0,0,0,0,0
350143,3,1,1995,0,0,0,0,0,0,0,0,0,0
350144,1,1,1995,0,0,0,0,0,0,0,0,0,0
350145,0,1,1995,0,0,0,0,0,0,0,0,0,0
350145,1,1,1995,7,13,4,20,18,13,0,17,25,12
350146,1,1,1995,0,0,0,0,0,0,0,0,0,0
350146,2,1,1995,11,29,8,30,14,0,12,12,9,9
350147,1,1,1995,0,0,0,0,0,0,0,0,0,0
350148,1,1,1995,22,9,21,20,2,10,3,11,4,0
350149,1,1,1995,12,12,12,12,12,12,12,12,12,12
350150,1,1,1995,3,3,3,3,3,3,3,3,3,3
350150,2,1,1995,9,9,9,9,9,9,9,9,9,9
350151,1,1,1995,0,0,0,0,0,0,0,0,0,0
350151,2,1,1995,0,0,0,0,0,0,0,0,0,0
350152,1,1,1995,0,0,0,0,0,0,0,0,0,0
350152,2,1,1995,0,0,0,0,0,0,13,0,0,0
350153,1,1,1995,0,0,0,0,0,0,0,0,0,0
350154,1,1,1995,0,0,0,0,0,0,0,0,0,0
350154,2,1,1995,0,0,0,0,0,0,0,0,4,0
350155,0,1,1995,17,17,17,17,17,17,17,17,17,17
350155,1,1,1995,9,18,13,25,9,14,16,16,21,12
350156,0,1,1995,29,29,29,29,29,29,29,29,29,29
350156,1,1,1995,0,15,0,26,0,30,0,0,0,0
350157,1,1,1995,0,0,0,0,0,0,0,0,0,0
350157,2,1,1995,0,0,0,0,0,0,0,0,0,0
350158,0,1,1995,21,21,21,21,21,21,21,21,21,21
350158,1,1,1995,0,0,0,0,0,0,0,0,0,0
350159,1,1,1995,0,0,0,0,0,0,0,0,0,0
350159,2,1,1995,0,0,0,0,0,0,0,0,0,0
350160,1,1,1995,0,0,0,0,0,0,0,0,0,0
350161,1,1,1995,0,0,0,0,0,0,0,0,0,0
350161,2,1,1995,0,0,0,0,0,0,0,0,0,0
350162,1,1,1995,20,20,20,20,20,20,20,20,20,20
350163,1,1,1995,23,23,23,23,23,23,23,23,23,23
350164,0,1,1995,11,14,30,20,22,25,10,19,32,14
350164,1,1,1995,0,0,0,0,20,0,0,0,0,14
350165,1,1,1995,25,25,25,25,25,25,25,25,25,25
350166,1,1,1995,32,32,32,32,32,32,32,32,32,32
350166,2,1,1995,0,0,0,0,0,0,0,0,0,0
350166,3,1,1995,0,0,0,0,0,0,0,0,0,0
350167,1,1,1995,0,0,0,0,0,0,0,0,0,0
350167,2,1,1995,0,0,0,0,0,0,0,0,0,0
350168,1,1,1995,0,0,0,0,0,0,0,0,0,0
350169,1,1,1995,0,0,0,0,0,0,0,0,0,0
350170,1,1,1995,0,0,0,0,0,0,0,0,0,0
350171,1,1,1995,0,0,0,0,0,0,11,0,0,0
350171,2,1,1995,0,0,0,0,0,0,0,0,0,0
350172,1,1,1995,22,22,22,22,22,22,22,22,22,22
350173,1,1,1995,27,27,27,27,27,27,27,27,27,27
350173,2,1,1995,0,0,11,0,0,0,0,0,0,0
350174,1,1,1995,28,24,12,4,7,8,0,20,4,14
350175,1,1,1995,17,17,17,17,17,17,17,17,17,17
350176,1,1,1995,17,17,17,17,17,17,17,17,17,17
350177,1,1,1995,35,35,35,35,35,35,35,35,35,35
350178,0,1,1995,13,11,25,0,15,28,26,28,0,26
350178,1,1,1995,0,0,0,0,0,0,0,0,0,0
350179,0,1,1995,30,30,30,30,30,30,30,30,30,30
350179,1,1,1995,0,0,0,0,0,0,0,0,0,0
350180,0,1,1995,31,31,31,31,31,31,31,31,31,31
350180,1,1,1995,0,0,0,0,0,0,0,0,0,0
350181,1,1,1995,13,13,13,13,13,13,13,13,13,13
350182,1,1,1995,1,1,1,1,1,1,1,1,1,1
350182,2,1,1995,0,0,0,0,0,0,0,0,0,0
350183,1,1,1995,0,0,0,0,0,0,0,0,0,0
350183,2,1,1995,16,7,21,28,9,11,7,9,5,0
350184,1,1,1995,0,0,0,0,0,0,0,0,0,0
350185,1,1,1995,5,5,5,5,5,5,5,5,5,5
350185,2,1,1995,0,0,0,0,0,0,0,0,0,0
350186,1,1,1995,0,0,0,0,0,0,0,0,0,0
350187,1,1,1995,0,0,0,0,0,0,0,0,0,0
350187,2,1,1995,0,0,0,0,0,0,0,0,0,0
350188,1,1,1995,19,19,19,19,19,19,19,19,19,19
350189,1,1,1995,18,18,18,18,18,18,18,18,18,18
350190,1,1,1995,0,0,0,0,0,0,0,0,0,0
350190,2,1,1995,0,0,0,0,0,0,0,0,0,0
350191,1,1,1995,0,0,0,0,0,0,0,0,0,0
350192,1,1,1995,0,0,0,0,0,0,0,0,0,0
350193,1,1,1995,0,0,0,0,0,0,0,0,0,0
350194,1,1,1995,21,21,21,21,21,21,21,21,21,21
350195,1,1,1995,10,10,10,10,10,10,10,10,10,10
350196,1,1,1995,0,0,0,0,0,0,0,0,0,0
350197,1,1,1995,0,0,0,0,0,0,0,0,0,0
350198,1,1,1995,0,0,0,0,0,0,0,0,0,0
350200,1,1,1995,0,0,0,0,0,0,0,0,0,0
350200,2,1,1995,30,18,17,17,0,6,22,16,21,12
350201,0,1,1995,23,23,23,23,23,23,23,23,23,23
350201,1,1,1995,0,0,0,26,0,0,0,0,0,0
350202,1,1,1995,0,0,0,0,0,0,0,0,0,0
350203,1,1,1995,13,8,15,16,10,12,0,12,17,19
350203,2,1,1995,0,0,0,19,0,0,0,0,30,0
350204,1,1,1995,19,19,19,19,19,19,19,19,19,19
350205,1,1,1995,0,0,0,0,0,0,0,0,0,0
350206,1,1,1995,1,1,1,1,1,1,1,1,1,1
350207,1,1,1995,0,0,0,0,0,0,0,38,0,0
350208,0,1,1995,14,14,14,14,14,14,14,14,14,14
350208,1,1,1995,14,14,14,14,14,14,14,14,14,14
350209,1,1,1995,18,18,18,18,18,18,18,18,18,18
350209,2,1,1995,0,0,0,0,0,0,0,0,0,0
350210,1,1,1995,15,15,15,15,15,15,15,15,15,15
350211,1,1,1995,20,20,20,20,20,20,20,20,20,20
350212,1,1,1995,0,0,0,0,0,0,0,0,0,0
350212,2,1,1995,0,0,0,9,0,10,0,0,0,0
350213,1,1,1995,11,0,11,0,3,10,12,0,0,0
350213,2,1,1995,0,0,9,0,0,0,12,0,0,0
350214,1,1,1995,0,0,0,0,0,0,0,0,0,0
350214,2,1,1995,21,13,14,11,15,9,16,19,17,4
350215,1,1,1995,0,0,0,0,0,0,0,0,0,0
350216,1,1,1995,17,17,17,17,17,17,17,17,17,17
350217,0,1,1995,0,0,0,0,0,0,0,0,0,0
350217,1,1,1995,0,16,5,15,0,33,23,0,17,14
350218,1,1,1995,30,30,30,30,30,30,30,30,30,30
350219,1,1,1995,0,0,0,0,0,0,0,0,0,0
350219,2,1,1995,0,0,0,0,0,0,0,0,0,0
350220,1,1,1995,16,16,16,16,16,16,16,16,16,16
350221,0,1,1995,15,15,15,15,15,15,15,15,15,15
350221,1,1,1995,0,0,0,0,0,0,0,0,0,0
350222,1,1,1995,0,0,0,0,0,0,0,4,16,0
350223,1,1,1995,0,0,0,0,0,0,0,0,0,0
350223,2,1,1995,0,0,0,0,0,0,0,0,0,0
350224,0,1,1995,0,0,0,0,0,0,0,0,0,0
350224,1,1,1995,0,0,0,0,0,0,0,0,0,0
350225,0,1,1995,17,17,17,17,17,17,17,17,17,17
350225,1,1,1995,0,0,0,0,0,0,0,0,0,0
350226,1,1,1995,0,0,0,0,0,0,0,0,0,0
350227,1,1,1995,0,0,0,0,0,0,0,0,0,0
350228,0,1,1995,20,20,20,20,20,20,20,20,20,20
350228,1,1,1995,16,17,0,34,0,17,16,14,13,8
350229,1,1,1995,2,17,33,18,15,20,18,23,12,13
350230,1,1,1995,0,0,0,0,0,0,0,0,0,0
350231,1,1,1995,0,0,0,0,0,0,0,0,0,0
350232,1,1,1995,14,17,12,0,0,0,14,18,13,13
350233,1,1,1995,0,0,0,0,0,0,0,0,0,0
350233,2,1,1995,0,0,0,0,0,0,0,0,0,0
350234,1,1,1995,0,0,0,0,0,0,0,0,0,0
350234,2,1,1995,0,0,0,0,0,0,0,0,0,0
350235,1,1,1995,0,0,0,0,0,0,0,0,0,0
350236,0,1,1995,0,0,0,0,0,0,0,0,0,0
350236,1,1,1995,0,0,0,0,0,0,0,0,0,0
350237,0,1,1995,0,0,0,0,0,0,0,0,0,0
350237,1,1,1995,0,0,0,0,0,0,0,0,0,0
350238,1,1,1995,14,14,14,14,14,14,14,14,14,14
350240,0,1,1995,22,22,22,22,22,22,22,22,22,22
350240,1,1,1995,0,0,0,0,0,0,0,0,0,0
350241,0,1,1995,0,0,0,0,0,0,10,0,0,0
350241,0,2,1995,0,0,0,0,0,7,0,0,0,0
350241,1,1,1995,0,0,0,0,0,0,0,0,0,0
350242,0,1,1995,0,0,0,0,0,0,0,0,0,0
350242,1,1,1995,0,0,0,0,0,0,0,0,0,0
350243,1,1,1995,0,0,0,0,0,0,0,0,0,0
350244,1,1,1995,0,0,0,0,0,0,0,0,0,0
350244,2,1,1995,0,0,0,0,0,0,0,0,0,0
350245,1,1,1995,0,0,0,0,0,0,0,0,0,0
350245,2,1,1995,0,0,0,0,0,0,0,0,0,0
350245,3,1,1995,0,0,0,0,0,0,0,0,0,0
350246,1,1,1995,32,32,32,32,32,32,32,32,32,32
350247,0,1,1995,18,18,18,18,18,18,18,18,18,18
350247,1,1,1995,0,17,13,14,0,9,18,0,24,0
350248,1,1,1995,22,22,22,22,22,22,22,22,22,22
350249,0,1,1995,29,0,0,0,0,25,0,17,0,0
350249,1,1,1995,0,0,0,0,0,0,0,0,23,0
350250,1,1,1995,0,0,0,0,0,0,0,0,0,0
350250,2,1,1995,0,0,0,0,0,0,0,0,0,0
350251,1,1,1995,0,0,0,0,0,0,0,0,0,0
350251,2,1,1995,20,19,14,30,22,8,9,13,40,8
350252,1,1,1995,14,0,17,3,11,0,10,12,4,0
350253,1,1,1995,13,13,13,13,13,13,13,13,13,13
350253,2,1,1995,0,0,0,0,0,0,0,0,0,0
350254,1,1,1995,0,0,0,0,0,0,0,0,0,0
350254,2,1,1995,0,0,0,0,0,0,0,0,0,0
350255,1,1,1995,13,13,13,13,13,13,13,13,13,13
350256,1,1,1995,0,0,0,0,0,0,0,0,0,0
350257,1,1,1995,0,0,0,0,0,0,0,0,0,0
350258,0,1,1995,0,0,0,0,0,0,0,0,0,0
350258,1,1,1995,0,0,0,0,0,0,0,0,0,0
350259,1,1,1995,0,0,0,0,0,0,0,0,0,0
350260,1,1,1995,3,19,0,14,7,22,13,17,16,0
350261,1,1,1995,19,19,19,19,19,19,19,19,19,19
350262,1,1,1995,12,12,12,12,12,12,12,12,12,12
350263,1,1,1995,0,0,0,0,0,0,0,0,0,0
350263,2,1,1995,0,0,0,0,0,0,0,0,0,0
350264,1,1,1995,10,10,10,10,10,10,10,10,10,10
350264,2,1,1995,0,0,0,0,0,0,0,0,0,0
350265,1,1,1995,0,0,0,0,0,0,0,0,0,0
350266,1,1,1995,0,0,0,0,0,0,0,0,0,0
350266,2,1,1995,0,0,0,0,0,0,0,0,0,0
350267,0,1,1995,13,13,13,13,13,13,13,13,13,13
350267,1,1,1995,0,0,0,0,0,0,0,0,0,0
350268,0,1,1995,0,0,0,0,0,0,0,0,0,0
350268,1,1,1995,0,0,0,0,0,0,0,0,0,0
350269,0,1,1995,20,20,20,20,20,20,20,20,20,20
350269,1,1,1995,0,0,19,0,0,0,0,0,0,0
350270,1,1,1995,11,0,0,0,0,0,0,0,0,0
350270,2,1,1995,0,0,0,0,0,0,0,0,0,0
350271,1,1,1995,0,0,0,0,0,0,0,0,0,0
350272,1,1,1995,0,0,0,0,0,0,0,0,0,0
350273,1,1,1995,0,0,0,0,0,0,0,0,0,0
350274,0,1,1995,13,13,13,13,13,13,13,13,13,13
350274,0,2,1995,7,0,10,13,0,36,30,21,45,29
350274,1,1,1995,0,15,11,5,14,29,8,32,21,19
350275,1,1,1995,0,0,0,0,0,0,0,0,0,0
350276,1,1,1995,9,19,0,13,8,0,17,0,16,0
350277,1,1,1995,0,0,0,0,0,0,0,0,0,0