ST_CASE,VEH_NO,PER_NO,YEAR,P1,P2,P3,P4,P5,P6,P7,P8,P9,P10
350278,1,1,1995,0,0,0,0,0,0,16,0,3,0
350279,1,1,1995,0,0,0,0,0,0,0,0,0,0
350279,2,1,1995,0,0,0,0,0,0,0,0,0,0
350279,3,1,1995,0,0,0,0,0,0,0,0,0,0
350280,1,1,1995,21,21,21,21,21,21,21,21,21,21
350281,1,1,1995,16,16,16,16,16,16,16,16,16,16
350282,0,1,1995,17,17,17,17,17,17,17,17,17,17
350282,1,1,1995,0,0,0,0,0,0,0,0,0,0
350282,2,1,1995,0,0,0,0,0,0,0,0,0,0
350282,3,1,1995,0,0,0,0,0,0,0,10,0,0
350283,1,1,1995,11,11,11,11,11,11,11,11,11,11
350284,1,1,1995,0,0,0,0,0,0,12,0,0,0
350284,2,1,1995,0,0,0,0,0,0,0,0,0,0
350285,1,1,1995,20,20,20,20,20,20,20,20,20,20
350286,1,1,1995,26,17,5,36,18,0,21,19,21,20
350287,1,1,1995,17,18,20,11,34,0,14,15,15,12
350288,1,1,1995,0,0,0,0,0,0,0,0,0,0
350288,2,1,1995,0,0,0,0,0,0,0,0,0,0
350289,1,1,1995,0,0,0,0,0,0,0,0,0,0
350290,1,1,1995,0,0,0,0,0,0,10,0,0,0
350290,2,1,1995,0,6,13,0,13,10,6,3,17,19
350291,1,1,1995,0,0,0,0,0,0,0,0,0,0
350292,1,1,1995,0,0,0,0,0,0,0,0,0,0
350292,2,1,1995,4,4,4,4,4,4,4,4,4,4
350293,1,1,1995,19,19,19,19,19,19,19,19,19,19
350294,1,1,1995,0,0,0,0,0,0,0,0,0,0
350295,1,1,1995,0,17,21,5,23,15,0,21,22,0
350296,1,1,1995,20,30,13,24,21,22,14,0,13,12
350297,1,1,1995,9,12,6,10,12,12,6,11,0,7
350298,1,1,1995,0,0,0,0,0,0,0,0,0,0
350299,0,1,1995,22,22,22,22,22,22,22,22,22,22
350299,1,1,1995,24,0,0,0,0,0,0,17,18,13
350301,0,1,1995,32,32,32,32,32,32,32,32,32,32
350301,1,1,1995,0,0,0,0,0,0,0,0,0,0
350302,1,1,1995,0,0,0,0,0,0,0,0,0,0
350302,2,1,1995,0,0,0,0,0,0,0,0,0,0
350303,1,1,1995,0,0,0,0,0,0,0,0,0,0
350304,0,1,1995,9,0,0,11,26,0,0,0,7,0
350304,1,1,1995,19,14,0,0,6,18,0,36,0,8
350305,1,1,1995,25,11,32,10,11,24,0,20,25,24
350306,1,1,1995,22,22,22,22,22,22,22,22,22,22
350307,1,1,1995,0,0,0,0,0,0,0,0,0,0
350308,0,1,1995,16,16,16,16,16,16,16,16,16,16
350308,1,1,1995,0,12,0,16,0,13,0,22,0,0
350309,1,1,1995,17,15,14,0,8,23,4,13,15,28
350310,1,1,1995,0,0,0,0,0,0,0,0,0,10
350311,0,1,1995,0,0,0,17,0,0,0,0,0,0
350311,1,1,1995,24,0,0,0,27,0,0,0,0,0
350312,1,1,1995,0,0,0,0,0,0,0,0,0,0
350312,2,1,1995,0,0,0,0,0,0,0,0,0,0
350313,1,1,1995,0,0,0,0,0,0,15,0,0,0
350313,2,1,1995,0,0,0,0,0,0,0,0,0,0
350314,1,1,1995,34,34,34,34,34,34,34,34,34,34
350315,1,1,1995,25,26,23,28,26,27,23,16,25,36
350316,1,1,1995,0,0,0,0,0,0,0,0,0,0
350316,2,1,1995,0,27,0,0,0,0,0,0,0,0
350316,3,1,1995,0,0,0,0,0,0,0,0,0,0
350316,4,1,1995,0,0,0,0,0,0,0,0,0,0
350317,0,1,1995,0,0,0,0,0,0,37,0,0,0
350317,1,1,1995,0,0,0,0,0,0,0,0,0,0
350318,1,1,1995,0,0,0,0,0,0,0,0,0,0
350318,2,1,1995,0,0,0,0,0,0,0,0,0,0
350319,1,1,1995,11,13,0,6,8,4,11,14,10,19
350320,0,1,1995,0,0,0,0,0,0,0,0,0,0
350320,1,1,1995,9,13,0,0,0,0,11,0,0,13
350321,1,1,1995,31,31,31,31,31,31,31,31,31,31
350322,1,1,1995,0,0,0,0,0,0,0,0,0,0
350323,1,1,1995,0,0,0,0,0,0,0,0,0,0
350323,2,1,1995,0,17,0,0,0,0,0,0,0,0
350324,0,1,1995,19,19,19,19,19,19,19,19,19,19
350324,1,1,1995,0,0,0,0,0,0,0,0,0,0
350325,1,1,1995,36,12,22,25,16,22,17,19,18,27
350326,1,1,1995,0,0,0,0,0,0,0,0,0,0
350327,1,1,1995,0,0,0,0,0,0,0,0,0,0
350327,2,1,1995,0,0,0,0,0,0,0,0,0,0
350328,1,1,1995,0,17,0,15,0,0,7,0,18,10
350329,1,1,1995,0,0,0,0,0,0,0,0,0,0
350330,0,1,1995,0,0,0,0,0,0,0,0,0,0
350330,1,1,1995,0,0,0,0,0,0,0,0,0,0
350331,1,1,1995,0,0,0,0,0,0,0,0,0,0
350332,1,1,1995,0,0,0,0,0,0,0,0,0,0
350332,2,1,1995,11,2,14,11,18,21,11,6,17,5
350333,0,1,1995,0,0,0,0,0,0,0,0,0,0
350333,1,1,1995,0,0,0,0,0,0,0,0,0,0
350334,0,1,1995,26,26,26,26,26,26,26,26,26,26
350334,0,2,1995,31,31,31,31,31,31,31,31,31,31
350334,1,1,1995,0,0,0,0,0,0,0,0,0,0
350335,0,1,1995,0,0,0,0,0,0,0,0,0,0
350335,1,1,1995,0,29,0,0,9,0,14,19,0,0
350336,1,1,1995,0,0,0,0,0,0,0,0,0,0
350336,2,1,1995,0,0,0,0,0,0,0,0,0,0
350336,3,1,1995,0,0,0,0,0,0,0,0,0,0
350337,0,1,1995,0,0,0,0,0,0,0,0,0,0
350337,1,1,1995,0,0,0,0,0,0,0,0,0,0
350337,2,1,1995,0,0,0,0,0,0,0,0,0,0
350338,1,1,1995,0,0,0,0,0,0,0,0,0,0
350339,1,1,1995,0,0,0,0,0,0,0,0,0,0
350339,2,1,1995,0,0,0,0,0,0,0,0,0,0
350340,1,1,1995,0,0,0,0,0,0,0,0,0,0
350340,2,1,1995,0,0,0,0,0,0,0,0,0,0
350341,1,1,1995,19,19,19,19,19,19,19,19,19,19
350342,1,1,1995,18,18,18,18,18,18,18,18,18,18
350342,2,1,1995,23,7,20,10,21,17,6,21,17,6
350343,1,1,1995,0,0,0,0,0,0,0,0,0,0
350343,2,1,1995,0,0,0,0,0,0,0,0,0,0
350344,0,1,1995,0,0,0,0,0,0,0,0,0,0
350344,1,1,1995,0,0,0,0,0,0,0,0,0,0
350345,1,1,1995,0,0,0,0,0,0,0,0,0,0
350346,1,1,1995,0,0,0,0,0,0,0,0,0,0
350347,1,1,1995,0,0,0,0,0,0,0,0,0,0
350348,1,1,1995,0,0,0,0,0,0,0,0,0,0
350349,1,1,1995,0,0,0,0,0,0,0,0,0,0
350350,1,1,1995,0,28,0,0,0,12,0,0,11,15
350350,2,1,1995,0,0,0,0,0,0,0,0,0,0
350351,1,1,1995,0,13,0,0,0,0,0,0,0,0
350351,2,1,1995,0,0,0,0,0,0,0,0,0,0
350352,0,1,1995,25,25,25,25,25,25,25,25,25,25
350352,1,1,1995,0,0,0,0,0,0,0,0,0,0
350353,0,1,1995,31,31,31,31,31,31,31,31,31,31
350353,1,1,1995,0,0,0,0,0,0,0,0,0,0
350354,1,1,1995,9,8,9,20,8,0,18,9,11,12
350355,1,1,1995,21,21,21,21,21,21,21,21,21,21
350356,1,1,1995,0,0,0,0,0,0,0,0,0,0
350356,2,1,1995,0,0,0,0,0,0,0,0,0,0
350356,3,1,1995,0,0,0,0,0,0,0,0,0,0
350357,1,1,1995,19,19,19,19,19,19,19,19,19,19
350358,0,1,1995,0,0,0,0,0,0,0,0,0,0
350358,1,1,1995,0,0,0,0,0,0,0,0,0,0
350359,1,1,1995,27,27,27,27,27,27,27,27,27,27
350360,0,1,1995,0,0,0,0,0,0,0,0,0,0
350360,1,1,1995,0,0,0,0,0,0,0,0,0,0
350361,1,1,1995,0,0,0,0,0,0,0,0,0,0
350362,1,1,1995,0,0,0,0,0,0,0,0,0,0
350363,1,1,1995,0,0,0,0,0,0,0,0,0,0
350363,2,1,1995,0,0,0,0,0,0,0,0,0,0
350364,1,1,1995,0,0,0,0,0,0,0,0,0,0
350365,1,1,1995,23,23,23,23,23,23,23,23,23,23
350366,1,1,1995,0,0,0,0,0,0,0,0,0,0
350367,1,1,1995,0,0,0,0,0,0,0,0,0,0
350368,1,1,1995,0,0,0,0,0,0,0,0,0,0
350369,1,1,1995,24,24,24,24,24,24,24,24,24,24
350370,1,1,1995,0,0,0,0,0,0,0,0,0,0
350370,2,1,1995,0,0,0,0,0,0,0,0,0,0
350371,1,1,1995,0,0,0,0,0,0,0,0,0,0
350371,2,1,1995,0,0,0,0,0,0,0,0,0,0
350372,1,1,1995,0,0,0,0,0,0,0,0,0,0
350373,1,1,1995,0,0,0,0,0,0,0,0,0,0
350374,0,1,1995,29,29,29,29,29,29,29,29,29,29
350374,1,1,1995,0,0,0,0,0,0,0,0,0,0
350375,1,1,1995,0,0,0,0,0,0,0,0,0,0
350375,2,1,1995,21,21,21,21,21,21,21,21,21,21
350376,0,1,1995,31,31,31,31,31,31,31,31,31,31
350376,1,1,1995,0,0,0,0,0,0,0,0,0,0
350377,0,1,1995,0,0,0,0,0,0,0,0,0,0
350377,1,1,1995,0,12,0,0,0,0,0,0,0,0
350378,1,1,1995,16,16,16,16,16,16,16,16,16,16
350379,1,1,1995,0,0,0,0,0,0,0,0,0,0
350380,0,1,1995,36,36,36,36,36,36,36,36,36,36
350380,1,1,1995,0,0,0,0,0,0,0,0,0,0
350381,1,1,1995,0,0,0,0,0,0,0,0,0,0
350381,2,1,1995,13,14,4,25,6,19,11,0,15,17
350382,1,1,1995,0,0,0,0,0,0,0,0,0,0
350383,1,1,1995,18,18,18,18,18,18,18,18,18,18
350384,1,1,1995,27,27,27,27,27,27,27,27,27,27
350385,1,1,1995,0,0,0,0,0,0,0,0,0,0
350386,0,1,1995,35,35,35,35,35,35,35,35,35,35
350386,1,1,1995,0,0,0,0,0,0,0,0,17,0
350387,1,1,1995,0,0,0,0,0,0,0,0,0,0
350387,2,1,1995,0,0,0,0,0,0,0,0,0,0
350388,0,1,1995,31,31,31,31,31,31,31,31,31,31
350388,1,1,1995,0,0,0,0,0,0,0,0,0,0
350388,2,1,1995,0,0,0,0,0,0,0,0,0,0
350388,3,1,1995,0,0,0,0,0,0,0,0,0,0
350389,1,1,1995,0,0,0,0,0,0,0,0,0,0
350389,2,1,1995,13,6,0,0,0,0,0,0,18,0
350390,1,1,1995,0,0,0,0,0,3,0,0,0,0
350390,2,1,1995,0,0,0,0,0,0,0,0,0,0
350391,1,1,1995,19,19,19,19,19,19,19,19,19,19
350392,1,1,1995,22,22,22,22,22,22,22,22,22,22
350393,1,1,1995,16,13,15,0,8,32,26,5,9,0
350393,2,1,1995,0,0,0,0,17,0,0,0,0,0
350394,1,1,1995,0,0,0,0,0,0,0,0,0,0
350395,1,1,1995,0,0,0,0,0,0,0,0,0,0
350395,2,1,1995,0,0,0,0,0,0,0,0,0,0
350396,0,1,1995,0,0,0,0,0,0,0,0,0,0
350396,1,1,1995,0,0,0,0,0,0,0,0,0,0
350397,1,1,1995,0,0,0,0,0,0,0,0,0,0
350397,2,1,1995,16,16,16,16,16,16,16,16,16,16
350398,0,1,1995,0,0,0,0,0,0,0,0,0,0
350398,1,1,1995,0,0,0,0,0,0,0,0,0,0
350399,0,1,1995,0,0,0,31,35,0,0,0,0,0
350399,1,1,1995,0,0,0,0,26,0,0,0,12,0
350400,1,1,1995,28,28,28,28,28,28,28,28,28,28
350401,1,1,1995,16,16,16,16,16,16,16,16,16,16
350402,1,1,1995,28,28,28,28,28,28,28,28,28,28
350402,2,1,1995,0,0,0,0,0,0,0,0,0,0
350403,1,1,1995,0,0,0,0,0,0,0,0,0,0
350403,2,1,1995,0,0,0,0,0,0,0,0,0,0
350404,0,1,1995,1,1,1,1,1,1,1,1,1,1
350404,1,1,1995,0,0,0,0,0,0,0,0,0,0
350405,1,1,1995,24,24,24,24,24,24,24,24,24,24
350406,0,1,1995,14,14,14,14,14,14,14,14,14,14
350406,1,1,1995,0,0,0,0,0,0,0,0,0,0
350407,1,1,1995,14,0,38,17,17,27,9,30,27,28
350408,1,1,1995,13,13,13,13,13,13,13,13,13,13
350409,1,1,1995,9,22,15,16,17,27,8,16,26,15
350410,1,1,1995,0,0,0,0,0,0,0,0,0,0
350411,1,1,1995,0,0,0,0,0,0,0,0,0,0
350412,1,1,1995,0,11,13,10,16,5,12,19,12,7
350412,2,1,1995,0,0,0,0,0,0,0,0,0,0
350413,1,1,1995,0,0,0,0,0,0,0,0,0,0
350413,2,1,1995,0,0,0,0,0,0,0,0,0,0
350413,3,1,1995,0,0,0,0,0,0,0,0,0,0
350413,4,1,1995,7,0,0,0,0,0,0,0,0,0
350414,1,1,1995,0,0,0,0,0,0,0,0,0,0
350414,2,1,1995,7,7,7,7,7,7,7,7,7,7
350415,0,1,1995,0,0,0,0,0,0,0,0,0,0
350415,1,1,1995,0,0,0,0,0,0,0,0,0,8
350416,0,1,1995,0,0,0,0,0,0,0,0,0,0
350416,1,1,1995,0,0,0,0,0,0,0,0,0,9
350417,1,1,1995,10,0,24,0,0,0,0,0,0,0
350418,1,1,1995,16,16,16,16,16,16,16,16,16,16
350419,1,1,1995,0,0,0,0,0,0,0,0,0,0
350420,1,1,1995,20,20,20,20,20,20,20,20,20,20
350421,1,1,1995,0,0,0,0,0,0,0,0,0,0
350422,1,1,1995,0,0,0,0,0,0,0,0,0,0
350423,1,1,1995,12,12,12,12,12,12,12,12,12,12
350424,1,1,1995,25,25,25,25,25,25,25,25,25,25
350425,1,1,1995,0,0,0,0,0,0,0,0,12,0
350426,0,1,1995,0,0,0,0,0,0,0,0,0,0
350426,0,2,1995,5,11,12,8,0,0,13,8,11,0
350426,1,1,1995,0,0,0,6,0,0,0,0,0,0
350427,1,1,1995,12,0,10,15,18,29,18,16,15,0
350428,1,1,1995,13,18,0,22,7,25,9,12,11,18
360001,1,1,1995,0,0,0,0,0,0,0,0,0,0
360002,1,1,1995,0,0,0,0,0,0,0,0,0,0
360003,0,1,1995,0,0,0,0,0,0,0,0,0,0
360003,1,1,1995,0,0,0,0,0,0,0,0,0,0
360004,0,1,1995,0,0,0,0,0,0,0,0,0,0
360004,1,1,1995,0,0,0,0,0,0,0,0,0,0
360005,1,1,1995,0,0,0,0,0,0,0,0,0,0
360005,2,1,1995,0,0,0,0,0,0,0,0,0,0
360006,1,1,1995,0,0,0,0,0,0,0,0,0,0
360006,2,1,1995,0,0,0,0,0,0,0,0,0,0
360007,1,1,1995,0,0,0,0,0,0,0,0,0,0
360007,2,1,1995,0,0,0,0,0,0,0,0,0,0
360008,1,1,1995,0,0,0,0,0,0,0,0,0,0
360008,2,1,1995,0,0,0,0,0,0,0,0,0,0
360009,1,1,1995,0,0,0,0,0,0,0,0,0,0
360009,2,1,1995,0,0,0,0,0,0,0,0,0,0
360010,1,1,1995,0,0,0,0,0,0,0,0,0,0
360010,2,1,1995,0,0,0,0,0,0,0,0,0,0
360011,1,1,1995,0,0,0,0,0,0,0,0,0,0
360011,2,1,1995,0,0,0,0,3,0,0,0,0,0
360012,1,1,1995,11,11,11,11,11,11,11,11,11,11
360013,1,1,1995,0,0,0,0,0,0,0,20,4,0
360014,1,1,1995,0,0,0,0,0,0,0,0,0,0
360015,1,1,1995,0,0,0,0,0,0,0,0,0,0
360016,0,1,1995,17,17,17,17,17,17,17,17,17,17
360016,1,1,1995,6,6,6,6,6,6,6,6,6,6
360016,2,1,1995,0,0,0,0,0,0,0,0,0,0
360017,1,1,1995,10,10,10,10,10,10,10,10,10,10
360018,1,1,1995,24,24,24,24,24,24,24,24,24,24
360019,1,1,1995,15,15,15,15,15,15,15,15,15,15
360020,0,1,1995,0,0,0,0,0,0,0,0,0,0
360020,1,1,1995,0,0,0,0,0,0,0,0,0,0
360021,1,1,1995,0,0,0,0,7,0,0,0,0,0
360022,1,1,1995,21,21,21,21,21,21,21,21,21,21
360023,1,1,1995,0,0,0,0,0,0,0,0,0,0
360024,0,1,1995,0,0,0,0,0,0,0,0,0,0
360024,1,1,1995,0,0,0,0,0,0,0,0,0,0
360025,0,1,1995,0,0,0,0,0,0,0,0,0,0
360025,1,1,1995,0,0,0,0,0,0,0,0,0,0
360026,1,1,1995,25,25,25,25,25,25,25,25,25,25
360027,1,1,1995,0,0,0,0,0,0,0,0,0,0
360027,2,1,1995,0,0,0,0,0,0,0,0,0,0
360028,0,1,1995,15,22,15,4,17,3,24,20,10,18
360028,1,1,1995,0,0,0,0,0,0,0,0,0,0
360029,1,1,1995,0,0,0,0,0,0,0,0,0,0
360029,2,1,1995,0,0,0,0,0,0,0,0,0,0
360030,0,1,1995,0,0,0,0,0,0,0,0,0,25
360030,1,1,1995,0,0,0,0,0,0,0,0,0,0
360031,1,1,1995,0,0,0,0,0,0,0,0,0,0
360032,1,1,1995,0,0,0,0,0,0,0,0,0,0
360032,2,1,1995,0,0,0,0,0,0,0,0,0,0
360033,1,1,1995,0,0,0,0,0,0,0,0,0,0
360034,0,1,1995,26,26,26,26,26,26,26,26,26,26
360034,1,1,1995,0,0,0,0,0,0,0,0,0,0
360035,1,1,1995,11,11,11,11,11,11,11,11,11,11
360036,1,1,1995,3,3,3,3,3,3,3,3,3,3
360037,1,1,1995,22,22,22,22,22,22,22,22,22,22
360037,2,1,1995,0,0,0,0,0,0,0,0,0,0
360038,1,1,1995,0,0,0,0,0,0,0,0,0,0
360038,2,1,1995,0,0,0,0,0,0,0,0,0,0
360039,0,1,1995,0,0,0,0,0,0,0,0,0,0
360039,1,1,1995,0,0,0,0,0,0,0,0,0,0
360039,2,1,1995,0,0,0,0,0,0,0,0,0,0
360040,1,1,1995,0,0,0,0,0,0,0,0,0,0
360040,2,1,1995,0,0,0,0,0,0,0,0,0,0
360041,1,1,1995,0,0,0,0,0,0,0,0,0,0
360042,1,1,1995,0,0,0,0,0,0,0,0,0,0
360042,2,1,1995,0,0,0,0,0,0,0,0,0,0
360043,1,1,1995,0,0,0,0,0,0,0,0,0,0
360044,1,1,1995,25,25,25,25,25,25,25,25,25,25
360045,0,1,1995,0,0,0,0,0,0,0,0,0,0
360045,1,1,1995,0,0,0,0,0,0,0,0,0,0
360046,1,1,1995,0,0,0,0,0,0,0,0,0,0
360046,2,1,1995,0,0,0,0,0,0,0,0,0,0
360046,3,1,1995,0,0,0,0,0,0,0,0,0,0
360047,1,1,1995,0,0,0,0,0,0,0,0,0,0
360047,2,1,1995,0,0,0,0,0,0,0,0,0,0
360048,1,1,1995,0,0,0,0,0,0,0,0,0,0
360048,2,1,1995,0,0,0,0,0,0,0,0,14,0
360049,0,1,1995,19,19,19,19,19,19,19,19,19,19
360049,1,1,1995,21,5,9,24,5,18,6,17,17,4
360050,1,1,1995,2,2,2,2,2,2,2,2,2,2
360050,2,1,1995,0,0,0,0,0,0,0,0,0,0
360051,1,1,1995,15,15,15,15,15,15,15,15,15,15
360052,1,1,1995,0,0,0,0,0,0,0,0,0,0
360052,2,1,1995,0,0,0,0,0,0,0,0,0,0
360053,0,1,1995,0,0,0,0,0,0,0,0,0,0
360053,1,1,1995,0,0,0,0,0,0,0,0,0,0
360054,0,1,1995,0,0,0,0,0,0,0,0,0,0
360054,1,1,1995,0,0,0,0,0,0,0,0,0,0
360054,3,1,1995,0,0,0,0,0,0,0,0,0,0
360055,1,1,1995,12,12,12,12,12,12,12,12,12,12
360056,1,1,1995,0,0,0,0,0,0,0,0,0,0
360056,2,1,1995,0,0,0,0,20,0,0,0,0,8
360056,3,1,1995,0,0,0,0,0,0,0,0,0,0
360057,1,1,1995,0,0,0,0,0,0,0,0,0,0
360057,2,1,1995,0,0,0,0,0,0,0,0,0,0
360057,3,1,1995,0,0,0,0,0,0,0,0,0,0
360058,1,1,1995,0,0,0,0,0,0,0,0,0,0
360058,2,1,1995,0,0,0,0,0,0,0,0,0,0
360059,1,1,1995,0,0,0,0,0,0,0,0,0,0
360059,2,1,1995,0,0,0,0,0,0,0,0,0,0
360060,1,1,1995,0,0,0,0,0,0,0,0,0,0
360061,1,1,1995,0,9,0,19,18,22,0,0,22,26
360062,1,1,1995,0,0,0,0,0,0,0,0,0,0
360062,2,1,1995,0,0,0,0,0,0,0,0,0,0
360063,1,1,1995,0,0,0,0,0,0,0,0,0,0
360063,2,1,1995,0,0,0,0,0,0,0,0,0,0
360064,1,1,1995,0,0,0,0,0,0,0,0,0,0
360065,1,1,1995,0,0,0,0,0,0,0,0,0,0
360066,1,1,1995,0,0,0,0,7,0,0,0,0,0
360066,2,1,1995,0,12,11,0,23,0,4,0,18,0
360067,0,1,1995,0,0,0,0,0,0,0,0,0,0
360067,1,1,1995,0,0,0,0,0,0,0,0,0,0
360068,1,1,1995,0,0,0,0,0,0,0,0,0,0
360068,2,1,1995,0,0,0,0,0,0,10,0,0,0
360069,1,1,1995,0,0,0,0,0,0,0,0,0,0
360069,2,1,1995,1,1,1,1,1,1,1,1,1,1
360070,1,1,1995,0,0,0,0,0,0,0,0,0,0
360070,2,1,1995,0,0,0,0,0,0,0,0,0,0
360071,1,1,1995,0,0,0,0,0,0,0,0,0,0
360071,2,1,1995,0,0,0,0,0,0,0,0,0,0
360071,3,1,1995,0,0,0,0,0,0,0,0,0,0
360072,1,1,1995,0,0,0,0,0,0,0,0,0,0
360072,2,1,1995,0,0,0,0,0,0,0,0,0,0
360074,1,1,1995,0,0,0,0,0,0,0,0,0,19
360075,1,1,1995,0,0,0,0,0,0,0,0,0,0
360075,2,1,1995,0,0,0,0,0,0,0,0,0,0
360076,1,1,1995,0,0,0,0,0,0,0,0,0,0
360076,2,1,1995,0,0,0,0,0,0,0,0,0,0
360077,1,1,1995,0,0,0,0,0,0,0,0,0,0
360077,2,1,1995,0,0,0,0,0,0,0,0,0,0
360078,1,1,1995,22,14,15,10,7,19,15,9,21,8
360079,1,1,1995,0,0,0,0,0,0,0,0,0,4
360080,1,1,1995,0,0,0,0,0,0,0,0,0,0
360080,2,1,1995,0,0,0,0,0,0,31,0,10,0
360081,1,1,1995,0,0,0,0,0,0,0,0,0,0
360081,2,1,1995,11,11,11,11,11,11,11,11,11,11
360082,1,1,1995,0,0,0,0,0,0,0,0,0,0
360082,2,1,1995,0,0,0,0,0,0,0,11,0,0
360083,1,1,1995,0,0,0,0,0,0,0,0,0,0
360083,2,1,1995,0,0,0,0,0,0,0,0,0,7
360084,1,1,1995,0,0,0,0,0,0,0,0,0,0
360085,1,1,1995,0,0,0,0,0,0,0,0,0,0
360086,1,1,1995,11,11,11,11,11,11,11,11,11,11
360087,1,1,1995,7,7,7,7,7,7,7,7,7,7
360087,2,1,1995,0,0,0,0,0,0,0,0,0,0
360088,0,1,1995,0,0,0,0,0,0,0,0,0,0
360088,1,1,1995,0,0,0,0,0,0,0,0,0,0
360089,0,1,1995,0,0,0,0,0,0,0,0,0,0
360089,1,1,1995,0,0,0,0,0,0,0,0,0,0
360090,0,1,1995,0,0,0,0,0,0,0,0,0,0
360090,1,1,1995,0,0,0,0,0,0,0,0,0,0
360091,1,1,1995,28,28,28,28,28,28,28,28,28,28
360092,1,1,1995,10,10,10,10,10,10,10,10,10,10
360092,2,1,1995,0,0,0,0,0,0,0,0,0,17
360092,3,1,1995,0,0,0,0,0,0,0,0,0,0
360093,1,1,1995,0,0,0,0,0,0,0,0,0,0
360093,2,1,1995,0,0,0,0,0,0,0,0,0,0
360094,1,1,1995,10,10,10,10,10,10,10,10,10,10
360094,2,1,1995,0,0,0,0,9,0,0,0,0,0
360096,1,1,1995,12,12,12,12,12,12,12,12,12,12
360096,2,1,1995,0,0,0,0,0,0,0,0,0,0
360096,3,1,1995,0,0,0,0,0,0,0,0,0,0
360097,1,1,1995,7,7,7,7,7,7,7,7,7,7
360098,1,1,1995,0,0,0,0,0,0,0,0,0,0
360098,2,1,1995,0,0,0,0,0,0,0,0,0,0
360099,1,1,1995,4,0,0,0,0,0,0,0,0,0
360099,2,1,1995,0,0,0,0,0,0,0,0,0,0
360100,1,1,1995,0,0,0,0,0,0,0,0,0,0
360100,2,1,1995,0,0,0,0,0,0,0,0,0,0
360101,1,1,1995,0,0,0,0,0,0,0,0,0,0
360101,2,1,1995,0,0,0,0,0,0,0,0,0,0
360102,1,1,1995,0,0,0,0,0,0,0,0,0,0
360102,2,1,1995,0,0,0,0,0,0,0,0,0,0
360102,3,1,1995,0,0,0,0,0,0,0,0,0,0
360103,1,1,1995,0,0,0,0,0,0,0,0,0,0
360103,2,1,1995,0,0,0,0,0,4,0,0,0,0
360104,1,1,1995,0,0,0,0,0,0,0,0,0,0
360104,2,1,1995,0,0,0,0,0,0,0,0,0,0
360105,1,1,1995,0,0,0,0,0,0,0,0,0,0
360105,2,1,1995,0,0,0,0,0,0,13,0,0,0
360106,1,1,1995,0,0,9,0,0,0,0,0,0,0
360106,2,1,1995,0,0,0,0,0,0,0,0,0,0
360107,0,1,1995,0,0,0,0,0,0,0,0,0,0
360107,1,1,1995,0,0,0,0,0,0,0,0,0,0
360108,1,1,1995,0,0,0,0,0,0,0,0,0,0
360108,2,1,1995,0,0,0,0,0,0,0,0,0,0
360109,1,1,1995,0,0,0,0,0,0,0,0,0,0
360109,2,1,1995,0,0,0,0,0,0,0,0,0,0
360110,0,1,1995,0,0,26,0,0,0,0,0,0,0
360110,1,1,1995,0,0,0,0,0,0,0,0,0,0
360111,1,1,1995,0,0,0,0,0,0,0,0,0,0
360111,2,1,1995,0,0,0,0,0,0,0,0,0,0
360112,0,1,1995,0,0,0,0,0,0,0,0,0,0
360112,1,1,1995,0,0,0,0,0,0,0,0,0,0
360113,1,1,1995,0,0,0,0,0,0,0,0,0,0
360113,2,1,1995,1,1,1,1,1,1,1,1,1,1
360114,0,1,1995,0,0,0,0,0,0,0,0,0,0
360114,1,1,1995,0,0,0,0,0,0,0,0,0,0
360115,0,1,1995,0,0,0,0,0,0,0,0,0,0
360115,1,1,1995,0,0,0,0,0,0,0,0,0,0
360116,0,1,1995,31,31,31,31,31,31,31,31,31,31
360116,1,1,1995,31,0,20,0,11,0,0,17,0,9
360117,1,1,1995,0,0,0,0,0,0,0,0,0,0
360118,1,1,1995,22,22,22,22,22,22,22,22,22,22
360119,0,1,1995,0,0,31,0,25,0,24,0,0,32
360119,1,1,1995,0,0,0,0,0,0,0,0,0,0
360120,1,1,1995,19,19,19,19,19,19,19,19,19,19
360121,1,1,1995,0,0,0,0,0,0,0,0,0,0
360121,2,1,1995,0,0,0,0,0,0,0,0,0,0
360121,3,1,1995,0,0,0,0,0,0,0,0,0,0
360122,1,1,1995,0,0,0,0,0,0,0,0,0,0
360123,1,1,1995,10,10,10,10,10,10,10,10,10,10
360124,1,1,1995,0,0,0,0,0,0,0,0,0,0
360124,2,1,1995,19,0,0,0,0,0,0,0,0,0
360125,1,1,1995,0,0,0,0,0,0,11,0,0,0
360125,2,1,1995,0,0,0,0,0,0,0,0,0,0
360126,1,1,1995,26,26,26,26,26,26,26,26,26,26
360126,2,1,1995,0,0,0,0,0,0,0,0,0,0
360127,1,1,1995,0,0,0,0,0,0,0,0,0,0
360128,0,1,1995,0,0,0,0,0,0,0,0,0,0
360128,1,1,1995,0,0,0,0,0,0,0,0,0,0
360129,1,1,1995,0,0,0,0,13,0,0,0,0,0
360129,2,1,1995,0,0,0,0,0,0,0,0,0,0
360130,0,1,1995,0,0,0,0,0,0,0,0,0,0
360130,1,1,1995,0,0,0,0,0,0,0,0,0,0