ST_CASE,VEH_NO,PER_NO,YEAR,P1,P2,P3,P4,P5,P6,P7,P8,P9,P10
360131,0,1,1995,0,0,0,0,0,0,0,0,0,0
360131,1,1,1995,0,0,0,0,0,0,0,0,0,0
360132,1,1,1995,25,25,25,25,25,25,25,25,25,25
360132,2,1,1995,0,0,0,0,0,0,0,0,0,0
360133,1,1,1995,9,0,0,0,6,0,0,0,0,0
360134,0,1,1995,0,0,0,0,0,0,0,0,0,0
360134,1,1,1995,0,0,0,0,0,0,0,0,0,0
360135,0,1,1995,0,0,0,0,0,0,0,0,0,0
360135,1,1,1995,0,0,0,0,0,0,0,0,0,0
360136,1,1,1995,0,0,0,0,0,0,0,0,0,0
360136,2,1,1995,0,0,0,0,0,0,0,0,0,0
360137,1,1,1995,0,0,0,0,0,0,0,0,0,0
360137,2,1,1995,0,0,0,0,0,0,0,0,0,0
360138,1,1,1995,0,0,0,0,0,0,0,0,0,0
360138,2,1,1995,0,0,0,0,0,0,0,0,0,0
360139,1,1,1995,0,7,0,0,0,0,0,0,0,0
360139,2,1,1995,0,0,0,0,0,0,0,0,0,0
360140,0,1,1995,0,0,0,0,0,0,0,0,0,0
360140,1,1,1995,0,0,0,0,0,0,0,0,0,0
360141,1,1,1995,24,24,24,24,24,24,24,24,24,24
360142,1,1,1995,0,0,0,0,0,0,0,0,4,0
360142,2,1,1995,0,0,0,0,0,0,0,0,0,0
360143,1,1,1995,0,0,0,0,0,0,0,0,0,0
360143,2,1,1995,0,0,0,0,0,0,0,0,0,0
360143,3,1,1995,0,0,0,0,0,0,0,0,0,0
360144,1,1,1995,22,22,22,22,22,22,22,22,22,22
360145,0,1,1995,0,0,0,0,0,0,0,0,0,0
360145,1,1,1995,0,0,0,0,26,12,0,0,0,0
360146,1,1,1995,0,0,0,0,0,0,0,0,0,0
360147,1,1,1995,10,10,10,10,10,10,10,10,10,10
360147,2,1,1995,0,0,0,0,0,0,0,0,0,0
360148,1,1,1995,7,7,7,7,7,7,7,7,7,7
360149,1,1,1995,31,31,31,31,31,31,31,31,31,31
360150,1,1,1995,5,13,7,9,22,10,12,19,7,8
360151,1,1,1995,0,0,0,0,0,0,0,11,3,0
360152,0,1,1995,24,24,24,24,24,24,24,24,24,24
360152,1,1,1995,0,0,0,0,0,0,0,0,0,0
360153,1,1,1995,0,0,0,0,0,0,0,0,0,0
360153,2,1,1995,0,0,0,0,0,0,17,0,0,0
360154,1,1,1995,0,0,0,0,0,0,3,0,0,0
360155,1,1,1995,18,18,18,18,18,18,18,18,18,18
360156,0,1,1995,0,0,0,0,0,0,0,0,0,0
360156,1,1,1995,0,0,0,0,0,0,0,0,0,0
360157,1,1,1995,20,20,20,20,20,20,20,20,20,20
360157,2,1,1995,0,0,5,0,0,0,0,0,0,0
360158,0,1,1995,15,15,15,15,15,15,15,15,15,15
360158,1,1,1995,0,0,0,0,0,0,0,0,0,0
360159,0,1,1995,0,0,0,0,0,0,0,0,0,0
360159,1,1,1995,23,0,0,0,0,0,0,0,0,0
360160,0,1,1995,0,0,0,0,0,0,0,0,0,0
360160,1,1,1995,0,0,0,0,0,0,0,0,0,0
360161,1,1,1995,13,0,20,3,19,10,7,21,20,16
360162,0,1,1995,0,0,0,0,0,0,0,24,25,19
360162,1,1,1995,0,0,0,0,0,0,0,0,0,0
360163,0,1,1995,5,5,5,5,5,5,5,5,5,5
360163,1,1,1995,0,0,0,0,0,0,5,0,0,0
360164,0,1,1995,37,37,37,37,37,37,37,37,37,37
360164,1,1,1995,0,0,0,0,0,0,0,0,0,0
360165,0,1,1995,24,24,24,24,24,24,24,24,24,24
360165,1,1,1995,0,32,11,0,0,22,0,0,0,0
360166,0,1,1995,0,0,0,0,0,0,0,0,0,0
360166,1,1,1995,0,0,0,0,0,0,0,0,0,0
360166,2,1,1995,0,0,0,0,0,0,0,0,0,0
360167,0,1,1995,0,0,0,0,0,0,0,0,0,0
360167,1,1,1995,0,0,0,0,0,0,0,0,0,0
360168,1,1,1995,0,0,0,0,0,0,0,0,0,0
360168,2,1,1995,0,0,0,0,0,0,0,0,0,0
360169,0,1,1995,0,0,0,0,0,0,0,0,0,0
360169,1,1,1995,0,0,0,0,0,0,0,0,0,0
360170,0,1,1995,13,13,13,13,13,13,13,13,13,13
360170,1,1,1995,0,0,0,0,0,0,0,0,0,0
360171,1,1,1995,0,5,6,24,26,13,19,18,29,0
360172,1,1,1995,0,0,0,0,0,0,0,0,0,0
360172,2,1,1995,0,0,0,0,0,0,0,14,0,0
360173,1,1,1995,5,2,27,16,9,10,20,12,12,4
360174,1,1,1995,0,0,11,0,0,0,7,0,0,0
360175,1,1,1995,19,10,13,11,16,13,17,3,11,12
360175,2,1,1995,0,0,0,0,0,0,0,0,0,0
360176,0,1,1995,16,16,16,16,16,16,16,16,16,16
360176,0,2,1995,14,14,14,14,14,14,14,14,14,14
360176,1,1,1995,23,11,11,5,9,7,3,3,10,19
360177,1,1,1995,0,0,0,0,0,0,0,0,0,0
360177,2,1,1995,0,0,0,0,0,0,0,0,0,0
360178,1,1,1995,9,9,9,9,9,9,9,9,9,9
360179,1,1,1995,12,12,12,12,12,12,12,12,12,12
360179,2,1,1995,0,0,0,0,0,0,0,0,0,0
360180,1,1,1995,0,0,0,0,0,0,0,0,0,0
360180,2,1,1995,0,0,0,0,0,0,0,0,0,0
360180,3,1,1995,0,0,0,0,0,0,0,0,0,0
360181,0,1,1995,0,0,0,0,0,0,0,0,0,0
360181,1,1,1995,26,26,26,26,26,26,26,26,26,26
360182,1,1,1995,0,0,0,0,0,0,0,0,0,0
360182,2,1,1995,0,0,0,0,0,0,0,0,0,0
360183,1,1,1995,0,0,0,0,0,0,0,0,0,0
360184,1,1,1995,0,0,0,0,0,0,0,0,0,0
360184,2,1,1995,0,0,0,0,0,0,0,0,0,0
360185,1,1,1995,9,9,9,9,9,9,9,9,9,9
360186,1,1,1995,0,0,0,0,0,0,0,0,0,0
360186,2,1,1995,0,0,0,0,0,0,0,0,0,0
360187,1,1,1995,6,6,6,6,6,6,6,6,6,6
360188,1,1,1995,0,0,0,30,0,0,0,0,0,0
360189,0,1,1995,20,16,15,21,38,3,12,26,27,12
360189,1,1,1995,28,0,0,0,0,0,0,0,0,0
360190,1,1,1995,0,0,0,0,0,0,0,0,0,0
360191,0,1,1995,0,0,0,0,0,0,0,0,0,0
360191,1,1,1995,0,0,0,0,0,0,0,0,0,0
360191,2,1,1995,0,0,0,0,0,0,0,0,0,0
360192,1,1,1995,27,27,27,27,27,27,27,27,27,27
360193,0,1,1995,0,0,0,0,0,0,0,0,0,0
360193,1,1,1995,14,0,0,0,0,0,0,0,0,0
360194,1,1,1995,0,0,0,0,0,0,0,0,0,0
360195,1,1,1995,0,0,0,0,0,0,0,0,0,0
360195,2,1,1995,0,0,0,0,0,0,0,0,0,0
360195,3,1,1995,0,0,0,0,0,0,0,0,0,0
360195,4,1,1995,0,0,0,0,0,0,0,0,0,0
360196,1,1,1995,9,9,9,9,9,9,9,9,9,9
360197,1,1,1995,0,0,0,0,0,0,0,0,0,0
360197,2,1,1995,0,0,0,0,0,0,0,0,0,0
360198,1,1,1995,0,24,0,12,0,10,33,0,0,0
360199,1,1,1995,39,39,39,39,39,39,39,39,39,39
360200,1,1,1995,0,0,0,0,0,0,0,0,0,0
360200,2,1,1995,0,0,0,0,0,0,0,0,0,0
360201,0,1,1995,0,0,0,0,0,0,0,0,0,0
360201,1,1,1995,14,0,0,19,0,9,0,0,30,0
360202,1,1,1995,0,0,0,0,0,0,0,0,0,0
360202,2,1,1995,0,0,0,0,0,0,0,0,0,0
360203,1,1,1995,0,0,0,0,0,0,0,0,0,0
360203,2,1,1995,0,0,0,0,0,0,0,0,0,0
360204,1,1,1995,0,0,0,0,0,0,0,0,0,0
360204,2,1,1995,0,0,0,0,0,0,0,0,0,9
360205,1,1,1995,20,20,20,20,20,20,20,20,20,20
360206,1,1,1995,7,7,7,7,7,7,7,7,7,7
360207,1,1,1995,0,0,0,0,0,0,0,0,0,0
360207,2,1,1995,0,0,0,0,0,0,0,0,0,0
360208,1,1,1995,8,24,27,15,27,18,10,17,12,36
360209,0,1,1995,0,9,28,28,0,32,0,17,27,15
360209,0,2,1995,24,24,24,24,24,24,24,24,24,24
360209,1,1,1995,0,0,0,0,0,0,0,0,0,0
360210,0,1,1995,22,22,22,22,22,22,22,22,22,22
360210,1,1,1995,0,0,0,0,0,0,0,7,17,13
360211,0,1,1995,0,0,0,0,0,0,0,0,0,0
360211,1,1,1995,0,0,0,0,0,0,0,0,0,0
360212,1,1,1995,11,11,11,11,11,11,11,11,11,11
360213,1,1,1995,0,0,0,0,0,0,0,0,0,0
360214,1,1,1995,0,0,0,0,0,0,0,0,0,0
360214,2,1,1995,0,0,0,0,0,0,0,0,0,0
360215,1,1,1995,0,0,0,0,0,0,0,0,0,0
360215,2,1,1995,0,0,0,0,0,0,0,0,0,0
360216,1,1,1995,0,0,0,0,0,0,0,0,0,0
360216,2,1,1995,0,0,0,0,0,0,0,0,0,0
360217,1,1,1995,0,0,0,0,0,0,0,0,0,0
360217,2,1,1995,0,0,0,0,0,0,0,0,0,0
360218,1,1,1995,16,16,16,16,16,16,16,16,16,16
360218,2,1,1995,0,0,0,0,0,0,0,0,0,0
360219,2,1,1995,0,0,0,0,0,0,0,0,0,0
360220,1,1,1995,0,0,0,0,0,0,0,0,0,0
360221,1,1,1995,0,0,0,0,0,0,0,0,0,0
360222,1,1,1995,0,0,0,0,0,0,0,0,0,0
360222,2,1,1995,0,0,0,0,0,0,0,0,0,0
360223,1,1,1995,0,0,0,0,0,0,0,0,0,0
360223,2,1,1995,0,0,0,0,0,0,0,0,0,0
360224,1,1,1995,15,15,15,15,15,15,15,15,15,15
360225,1,1,1995,0,0,11,30,30,9,13,8,6,9
360226,0,1,1995,0,0,0,0,0,0,0,0,0,0
360226,0,2,1995,0,0,18,22,0,0,31,26,0,0
360226,1,1,1995,0,0,0,0,0,0,0,0,0,0
360227,1,1,1995,10,3,22,12,19,0,23,21,6,4
360228,1,1,1995,0,0,0,0,0,0,0,0,0,0
360229,1,1,1995,29,6,13,9,17,0,9,7,9,0
360229,2,1,1995,0,0,0,0,0,0,0,0,0,0
360230,1,1,1995,0,0,0,0,0,0,0,0,0,0
360230,2,1,1995,0,0,0,0,0,0,0,0,0,0
360231,1,1,1995,0,0,0,0,0,0,0,0,0,0
360231,2,1,1995,0,0,0,0,0,0,0,0,0,0
360232,1,1,1995,0,0,0,0,0,0,0,0,0,0
360233,0,1,1995,23,23,23,23,23,23,23,23,23,23
360233,1,1,1995,0,0,0,0,0,0,2,0,0,0
360234,1,1,1995,0,0,0,0,0,0,0,0,0,0
360235,1,1,1995,0,0,0,0,0,0,0,0,0,0
360236,1,1,1995,0,0,0,0,0,0,0,0,0,0
360237,1,1,1995,7,10,10,32,9,18,22,15,24,16
360238,1,1,1995,14,7,27,0,16,0,8,16,18,18
360238,2,1,1995,0,0,0,0,0,0,0,0,0,0
360239,1,1,1995,0,0,0,0,0,0,0,0,0,0
360240,1,1,1995,0,0,0,0,0,0,0,0,0,0
360241,1,1,1995,12,12,37,0,15,10,15,23,35,0
360242,1,1,1995,10,10,10,10,10,10,10,10,10,10
360243,1,1,1995,27,27,27,27,27,27,27,27,27,27
360244,1,1,1995,0,0,0,0,0,0,0,0,0,0
360245,1,1,1995,0,0,0,0,0,25,0,32,0,0
360246,1,1,1995,0,0,0,0,0,0,0,0,0,0
360246,2,1,1995,17,17,17,17,17,17,17,17,17,17
360247,1,1,1995,0,0,0,0,0,0,0,0,0,0
360248,1,1,1995,2,2,2,2,2,2,2,2,2,2
360249,1,1,1995,0,0,0,0,0,0,0,0,0,0
360249,2,1,1995,0,0,0,0,0,0,0,0,0,0
360250,0,1,1995,19,19,19,19,19,19,19,19,19,19
360250,1,1,1995,0,0,0,0,0,0,0,0,0,0
360251,1,1,1995,20,20,20,20,20,20,20,20,20,20
360252,1,1,1995,26,26,26,26,26,26,26,26,26,26
360253,0,1,1995,20,20,20,20,20,20,20,20,20,20
360253,1,1,1995,0,0,0,19,0,0,0,0,0,0
360254,1,1,1995,0,0,0,0,0,0,0,0,0,0
360254,2,1,1995,0,0,0,0,0,0,0,0,0,0
360254,3,1,1995,0,0,0,0,0,0,0,0,0,0
360255,1,1,1995,30,11,19,21,27,31,21,28,19,0
360256,1,1,1995,17,17,17,17,17,17,17,17,17,17
360257,1,1,1995,0,0,0,0,0,0,0,0,0,0
360257,2,1,1995,0,0,0,0,0,0,0,0,0,0
360258,1,1,1995,0,0,0,0,0,0,0,0,0,0
360258,2,1,1995,0,0,0,0,0,0,0,0,0,0
360259,1,1,1995,24,24,24,24,24,24,24,24,24,24
360260,0,1,1995,0,0,0,0,0,15,0,0,0,0
360260,1,1,1995,0,0,0,0,0,0,0,0,0,0
360261,0,1,1995,0,0,0,0,0,0,0,0,0,0
360261,1,1,1995,0,0,0,0,0,0,0,0,0,0
360262,1,1,1995,18,18,18,18,18,18,18,18,18,18
360263,0,1,1995,0,0,0,0,0,0,0,0,0,0
360263,1,1,1995,0,0,0,0,0,0,0,0,0,0
360264,0,1,1995,0,0,0,0,0,0,0,0,0,0
360264,1,1,1995,0,0,0,0,0,0,0,0,0,0
360265,1,1,1995,22,22,22,22,22,22,22,22,22,22
360266,1,1,1995,0,0,0,0,0,0,0,0,0,0
360266,2,1,1995,8,8,8,8,8,8,8,8,8,8
360267,1,1,1995,0,0,0,0,0,0,0,0,0,0
360267,2,1,1995,0,0,0,0,0,0,0,0,0,0
360268,1,1,1995,0,0,0,0,0,0,0,0,0,0
360268,2,1,1995,0,0,0,0,0,0,0,0,0,0
360269,1,1,1995,0,0,0,0,0,0,26,32,0,0
360270,1,1,1995,0,0,0,0,0,0,0,0,0,0
360271,1,1,1995,17,17,17,17,17,17,17,17,17,17
360271,2,1,1995,0,0,0,0,0,0,0,0,0,0
360272,1,1,1995,0,0,0,0,0,0,0,0,0,0
360273,1,1,1995,0,0,0,0,14,12,0,16,16,0
360274,1,1,1995,0,0,0,0,0,0,0,0,0,0
360275,1,1,1995,0,0,0,0,0,0,0,0,0,0
360276,0,1,1995,0,0,0,0,0,0,0,0,0,0
360276,1,1,1995,0,0,0,0,0,0,0,0,0,0
360277,1,1,1995,0,0,0,0,0,0,0,0,0,0
360277,2,1,1995,0,0,0,0,0,0,0,0,0,0
360278,1,1,1995,0,0,0,0,0,0,0,0,0,0
360278,2,1,1995,0,0,0,0,0,0,0,0,0,0
360279,0,1,1995,0,0,0,0,0,0,0,0,0,0
360279,1,1,1995,0,0,0,0,0,0,0,0,0,0
360280,0,1,1995,0,0,0,0,0,0,0,0,0,0
360280,1,1,1995,0,0,0,0,0,0,0,0,0,0
360281,1,1,1995,0,0,0,0,0,0,0,0,0,6
360281,2,1,1995,0,0,0,0,0,0,0,0,0,0
360282,1,1,1995,0,0,0,0,0,0,0,0,0,0
360283,1,1,1995,26,26,26,26,26,26,26,26,26,26
360284,1,1,1995,0,10,15,0,0,0,0,0,0,0
360285,1,1,1995,0,0,0,0,0,0,0,0,0,0
360285,2,1,1995,0,0,0,0,0,0,0,0,0,0
360285,3,1,1995,0,0,0,0,0,0,0,0,0,0
360286,1,1,1995,22,22,22,22,22,22,22,22,22,22
360287,1,1,1995,0,0,0,0,0,0,0,0,0,0
360287,2,1,1995,0,0,0,0,0,0,0,0,0,0
360288,1,1,1995,0,0,0,0,0,0,0,0,0,0
360288,2,1,1995,0,0,0,0,0,0,0,0,0,0
360289,1,1,1995,10,10,10,10,10,10,10,10,10,10
360290,1,1,1995,0,0,0,0,0,0,0,0,0,0
360290,2,1,1995,0,0,0,0,0,0,0,0,0,0
360291,1,1,1995,0,0,0,0,0,0,0,0,0,0
360292,1,1,1995,0,0,0,0,0,0,0,0,0,0
360293,1,1,1995,0,10,0,6,0,0,0,0,0,0
360294,1,1,1995,23,0,0,0,14,0,0,0,0,0
360295,1,1,1995,0,0,0,0,0,0,0,0,0,0
360296,1,1,1995,0,0,0,0,0,0,0,0,0,0
360296,2,1,1995,10,12,9,8,10,18,6,13,24,0
360297,1,1,1995,0,0,0,0,0,0,0,0,0,0
360297,2,1,1995,0,0,0,0,0,0,0,0,0,0
360298,1,1,1995,0,0,0,0,0,0,0,0,0,0
360298,2,1,1995,0,0,0,0,0,0,0,0,0,0
360299,1,1,1995,0,0,0,0,0,0,0,0,0,0
360299,2,1,1995,0,0,0,0,0,0,0,0,0,0
360300,1,1,1995,16,16,16,16,16,16,16,16,16,16
360300,2,1,1995,0,0,0,0,23,0,0,0,0,0
360301,1,1,1995,0,0,0,0,0,0,0,0,0,0
360301,2,1,1995,0,0,0,0,0,0,0,0,0,0
360302,1,1,1995,21,12,26,23,7,16,8,26,8,8
360303,1,1,1995,0,0,0,0,0,0,0,0,0,0
360304,1,1,1995,21,16,19,5,10,3,16,20,9,19
360305,0,1,1995,9,0,0,18,0,8,10,11,0,27
360305,1,1,1995,7,8,17,17,5,19,13,20,14,22
360306,1,1,1995,0,0,0,0,0,0,0,0,0,0
360306,2,1,1995,0,0,0,0,0,0,0,0,0,0
360307,1,1,1995,14,14,14,14,14,14,14,14,14,14
360308,0,1,1995,0,0,0,0,0,0,0,0,0,0
360308,0,2,1995,0,0,0,25,0,0,0,0,0,0
360308,1,1,1995,0,0,0,0,0,0,0,0,0,0
360309,1,1,1995,21,21,21,21,21,21,21,21,21,21
360310,0,1,1995,0,0,0,0,0,0,0,0,0,0
360310,1,1,1995,0,0,0,0,0,0,0,0,0,0
360311,1,1,1995,0,15,0,0,9,0,0,0,0,0
360312,1,1,1995,0,0,0,0,0,0,0,0,0,0
360313,1,1,1995,0,0,0,0,0,0,0,0,0,0
360314,1,1,1995,0,0,0,0,0,0,0,0,0,0
360314,2,1,1995,0,0,0,0,0,0,0,0,0,0
360315,1,1,1995,18,18,18,18,18,18,18,18,18,18
360316,1,1,1995,0,0,0,0,0,0,0,0,0,0
360316,2,1,1995,0,0,0,0,0,0,0,0,0,0
360316,3,1,1995,0,0,0,0,0,0,0,0,0,0
360317,1,1,1995,25,25,25,25,25,25,25,25,25,25
360318,1,1,1995,17,17,17,17,17,17,17,17,17,17
360319,1,1,1995,0,0,0,0,0,0,0,0,0,0
360319,2,1,1995,0,0,0,0,0,0,0,0,0,0
360320,1,1,1995,0,0,0,24,0,0,0,0,0,0
360320,2,1,1995,0,0,0,0,0,0,0,0,0,0
360321,0,1,1995,0,0,0,0,0,0,0,0,0,0
360321,1,1,1995,0,0,0,0,0,0,0,0,0,0
360322,1,1,1995,0,0,0,0,0,0,0,0,0,0
360322,2,1,1995,0,0,0,0,0,0,0,0,0,0
360323,0,1,1995,0,0,0,0,0,0,0,0,0,0
360323,1,1,1995,0,0,0,0,0,0,0,0,0,0
360324,1,1,1995,0,0,0,0,0,0,0,0,0,0
360324,2,1,1995,0,0,0,0,0,0,18,0,0,13
360325,0,1,1995,20,20,20,20,20,20,20,20,20,20
360325,1,1,1995,13,13,13,13,13,13,13,13,13,13
360326,1,1,1995,3,0,0,6,0,0,0,0,0,0
360326,2,1,1995,0,0,0,0,0,0,0,0,0,0
360327,1,1,1995,0,0,0,0,0,0,0,0,10,0
360327,2,1,1995,0,0,0,0,0,0,0,0,0,0
360328,0,1,1995,0,0,0,0,0,0,0,0,0,0
360328,1,1,1995,0,0,0,0,0,0,0,0,0,0
360329,0,1,1995,0,0,0,0,0,0,0,0,0,0
360329,1,1,1995,0,0,0,5,0,0,0,0,0,0
360330,1,1,1995,16,7,0,0,3,0,0,0,0,0
360331,1,1,1995,12,12,12,12,12,12,12,12,12,12
360332,1,1,1995,5,5,5,5,5,5,5,5,5,5
360333,0,1,1995,26,26,26,26,26,26,26,26,26,26
360333,1,1,1995,0,10,23,10,15,18,0,0,10,0
360334,1,1,1995,27,27,27,27,27,27,27,27,27,27
360335,1,1,1995,0,17,0,0,0,0,0,0,0,0
360335,2,1,1995,0,0,0,0,0,0,0,0,0,0
360336,1,1,1995,10,6,10,7,18,19,3,18,18,13
360336,2,1,1995,0,0,0,0,0,0,0,0,0,0
360337,1,1,1995,11,17,15,29,13,22,8,10,7,13
360338,0,1,1995,0,0,0,0,0,0,0,0,0,0
360338,1,1,1995,0,0,0,0,0,0,0,0,0,0
360339,1,1,1995,0,0,0,0,0,0,0,0,0,0
360340,1,1,1995,0,0,11,0,0,0,0,0,0,0
360340,2,1,1995,0,0,0,0,0,0,0,0,0,0
360341,1,1,1995,0,0,19,0,0,0,0,0,0,0
360342,1,1,1995,21,21,21,21,21,21,21,21,21,21
360343,1,1,1995,10,10,10,10,10,10,10,10,10,10
360343,2,1,1995,0,0,0,0,0,0,0,0,0,0
360344,0,1,1995,0,0,0,0,0,0,0,0,0,0
360344,1,1,1995,0,0,0,0,0,0,0,0,0,0
360345,1,1,1995,0,0,0,0,0,0,0,0,15,0
360346,0,1,1995,0,0,0,0,0,0,0,0,0,0
360346,1,1,1995,0,0,0,0,0,0,10,0,0,0
360347,1,1,1995,0,0,0,0,0,0,0,0,0,0
360347,2,1,1995,0,0,0,0,0,0,0,0,0,0
360348,1,1,1995,0,0,0,0,0,0,0,0,0,0
360348,2,1,1995,0,0,0,0,0,0,0,0,0,0
360349,1,1,1995,23,23,23,23,23,23,23,23,23,23
360350,0,1,1995,23,23,23,23,23,23,23,23,23,23
360350,1,1,1995,0,0,0,0,0,0,0,0,24,0
360351,1,1,1995,0,0,0,0,0,0,0,0,0,0
360351,2,1,1995,0,0,0,0,0,0,0,0,0,0
360352,1,1,1995,11,11,11,11,11,11,11,11,11,11
360353,1,1,1995,15,15,15,15,15,15,15,15,15,15
360354,1,1,1995,26,26,26,26,26,26,26,26,26,26
360354,2,1,1995,0,0,0,0,0,0,0,0,0,0
360355,0,1,1995,0,0,0,0,0,0,0,0,0,0
360355,1,1,1995,0,0,0,0,0,0,0,0,0,0
360356,1,1,1995,0,0,0,0,0,0,0,0,0,0
360357,1,1,1995,0,0,0,0,0,0,0,0,0,0
360358,1,1,1995,0,0,0,0,0,0,0,0,0,0
360359,1,1,1995,0,0,0,0,0,0,0,0,0,0
360359,2,1,1995,0,0,0,0,0,0,0,0,0,0
360360,0,1,1995,0,0,0,0,0,0,0,0,0,0
360360,1,1,1995,0,0,0,0,0,0,0,0,0,0
360361,1,1,1995,0,0,0,0,0,0,0,0,0,0
360361,2,1,1995,0,0,0,9,0,0,0,0,0,0
360361,3,1,1995,0,0,0,0,0,0,0,0,0,0
360362,1,1,1995,0,0,0,0,0,0,0,0,0,0
360362,2,1,1995,0,0,0,0,0,0,0,0,0,0
360363,1,1,1995,21,21,21,21,21,21,21,21,21,21
360364,0,1,1995,15,36,17,15,0,16,0,12,19,20
360364,1,1,1995,0,0,0,0,0,0,0,0,0,0
360365,1,1,1995,14,7,0,16,13,11,24,10,28,17
360365,2,1,1995,0,0,0,0,0,0,0,0,0,0
360366,1,1,1995,0,0,0,0,0,0,0,0,0,0
360367,1,1,1995,19,19,19,19,19,19,19,19,19,19
360368,1,1,1995,15,15,15,15,15,15,15,15,15,15
360369,1,1,1995,0,0,0,0,0,0,0,0,0,0
360369,2,1,1995,0,0,0,0,0,0,0,0,0,0
360370,0,1,1995,0,0,0,0,0,0,0,0,0,0
360370,1,1,1995,0,0,0,0,0,0,0,0,0,0
360371,1,1,1995,0,0,0,0,0,0,0,0,0,0
360372,1,1,1995,0,0,0,0,0,0,0,0,0,0
360372,2,1,1995,0,0,0,0,0,0,0,0,0,0
360372,3,1,1995,0,0,0,0,0,0,0,0,0,0
360373,1,1,1995,0,0,0,0,0,0,0,0,0,0
360373,2,1,1995,0,0,0,9,12,0,0,0,0,0
360374,1,1,1995,0,0,0,0,0,0,0,0,0,0
360374,2,1,1995,0,0,0,0,0,0,0,0,0,0
360375,1,1,1995,0,0,0,0,0,0,0,0,0,0
360375,2,1,1995,0,0,0,0,0,0,0,0,0,0
360376,1,1,1995,9,0,0,0,0,0,0,0,10,0
360377,1,1,1995,0,0,0,0,0,0,0,0,0,0
360377,2,1,1995,0,0,0,0,0,0,0,0,0,0
360378,1,1,1995,18,0,0,0,0,9,0,19,12,0
360379,1,1,1995,0,0,0,0,0,0,0,0,0,0
360379,2,1,1995,0,0,0,0,0,0,0,0,0,0
360380,1,1,1995,10,10,10,10,10,10,10,10,10,10
360381,1,1,1995,0,0,0,0,0,0,0,0,0,0
360381,2,1,1995,0,0,0,0,0,0,0,0,0,0
360382,0,1,1995,0,0,0,0,0,0,0,0,0,0
360382,1,1,1995,0,0,0,0,0,0,0,0,0,0
360383,1,1,1995,0,0,0,0,0,0,0,0,0,0
360383,2,1,1995,0,0,0,0,0,0,0,0,0,0
360384,1,1,1995,0,0,0,0,0,0,0,0,0,0
360384,2,1,1995,0,0,0,0,0,0,0,0,0,0
360385,1,1,1995,0,0,0,0,0,0,0,0,0,0
360385,2,1,1995,0,0,0,0,0,0,0,0,0,0
360386,1,1,1995,19,19,19,19,19,19,19,19,19,19
360387,0,1,1995,13,13,13,13,13,13,13,13,13,13
360387,0,2,1995,5,0,16,25,23,0,23,10,17,41
360387,1,1,1995,0,0,0,0,0,0,0,0,0,0
360388,1,1,1995,0,0,18,0,0,19,0,16,5,9
360389,1,1,1995,0,0,0,0,0,0,0,0,0,0
360390,0,1,1995,14,14,14,14,14,14,14,14,14,14
360390,1,1,1995,0,0,0,0,0,0,0,0,0,0
360391,1,1,1995,0,0,0,0,0,0,0,0,0,0
360391,2,1,1995,0,18,0,0,0,0,0,0,0,0
360391,3,1,1995,0,0,0,0,0,0,21,0,0,6
360392,0,1,1995,0,0,0,0,0,0,0,0,0,0
360392,1,1,1995,0,0,0,0,0,0,0,0,0,0
360393,0,1,1995,3,3,3,3,3,3,3,3,3,3
360393,1,1,1995,0,0,0,0,0,0,0,0,0,0
360394,1,1,1995,0,0,0,0,0,0,0,0,0,0
360395,0,1,1995,0,0,0,0,0,0,0,0,0,0
360395,0,2,1995,0,0,0,0,0,0,0,0,0,0
360395,1,1,1995,0,0,0,0,0,0,0,0,0,0
360396,0,1,1995,0,0,0,0,0,0,0,0,0,0
360396,1,1,1995,0,0,0,0,0,0,0,0,0,0
360397,1,1,1995,16,16,16,16,16,16,16,16,16,16
360398,1,1,1995,0,0,0,0,0,0,0,0,0,0
360399,1,1,1995,15,15,15,15,15,15,15,15,15,15
360400,0,1,1995,0,0,0,0,0,0,0,0,20,0
360400,1,1,1995,0,0,0,0,0,0,0,0,0,0
360401,1,1,1995,0,14,0,0,0,0,0,0,0,0
360402,1,1,1995,14,5,3,30,31,19,13,16,13,0
360403,1,1,1995,8,8,8,8,8,8,8,8,8,8
360403,2,1,1995,0,0,0,0,0,0,0,0,0,0
360404,1,1,1995,0,0,0,0,0,0,0,0,0,0
360404,2,1,1995,0,0,0,0,0,0,9,0,0,0
360404,3,1,1995,0,0,0,0,0,0,0,0,0,0
360405,0,1,1995,0,0,0,0,0,0,0,0,0,0
360405,1,1,1995,0,0,0,0,0,0,0,23,0,0
360406,1,1,1995,34,28,17,7,17,9,39,19,13,0
360407,1,1,1995,12,12,12,12,12,12,12,12,12,12
360408,1,1,1995,0,0,0,0,0,0,0,0,0,0
360409,0,1,1995,6,0,0,0,0,20,0,0,0,0
360409,0,2,1995,0,0,0,0,0,0,0,0,0,0
360409,1,1,1995,1,1,1,1,1,1,1,1,1,1
360410,1,1,1995,17,17,17,17,17,17,17,17,17,17
360411,1,1,1995,11,12,14,16,11,17,18,7,27,7
360412,0,1,1995,0,0,0,0,0,0,0,0,0,0
360412,2,1,1995,0,0,0,0,0,0,16,16,0,0