ST_CASE,VEH_NO,PER_NO,YEAR,P1,P2,P3,P4,P5,P6,P7,P8,P9,P10
360686,1,1,1995,13,13,13,13,13,13,13,13,13,13
360687,1,1,1995,17,0,0,0,0,0,0,4,16,0
360688,1,1,1995,0,0,0,0,0,0,0,0,0,0
360689,1,1,1995,12,0,0,0,0,0,0,0,0,0
360689,2,1,1995,13,13,13,13,13,13,13,13,13,13
360690,0,1,1995,0,0,0,14,0,0,0,0,0,0
360690,1,1,1995,0,0,0,0,0,0,0,0,0,0
360691,1,1,1995,25,25,25,25,25,25,25,25,25,25
360692,1,1,1995,6,6,6,6,6,6,6,6,6,6
360693,1,1,1995,0,0,0,0,0,0,0,0,0,0
360694,1,1,1995,0,0,0,0,0,0,0,0,0,0
360695,1,1,1995,0,0,0,0,0,0,0,0,0,0
360696,0,1,1995,0,0,0,0,0,0,0,0,0,0
360696,1,1,1995,0,0,0,0,0,0,0,0,0,0
360697,1,1,1995,0,0,0,0,0,0,0,0,0,0
360698,1,1,1995,17,17,17,17,17,17,17,17,17,17
360699,1,1,1995,0,0,0,9,0,0,0,0,0,0
360699,2,1,1995,0,0,0,0,0,0,0,0,0,0
360699,3,1,1995,0,0,0,0,0,0,0,0,0,12
360699,4,1,1995,0,0,0,0,0,0,0,0,0,0
360699,5,1,1995,0,0,0,0,0,0,0,0,0,0
360700,1,1,1995,0,0,0,0,0,0,0,0,0,0
360700,2,1,1995,0,0,0,0,0,0,0,0,0,0
360701,1,1,1995,10,10,10,10,10,10,10,10,10,10
360702,1,1,1995,0,0,0,0,0,0,0,0,0,0
360703,1,1,1995,21,0,0,0,21,26,0,0,0,0
360704,0,1,1995,23,23,23,23,23,23,23,23,23,23
360704,1,1,1995,0,0,0,0,0,0,0,0,0,0
360705,0,1,1995,0,0,0,0,0,0,0,0,0,0
360705,1,1,1995,0,0,0,0,0,0,0,0,0,0
360706,0,1,1995,0,0,23,0,0,0,0,0,0,0
360706,1,1,1995,0,0,0,0,0,0,0,0,0,0
360707,1,1,1995,0,0,0,0,0,0,0,0,0,0
360707,2,1,1995,0,0,0,0,0,0,0,0,0,0
360708,0,1,1995,0,0,0,0,0,0,0,0,0,0
360708,1,1,1995,0,0,0,0,0,0,0,0,0,0
360709,1,1,1995,23,16,7,26,11,4,14,5,12,14
360709,2,1,1995,7,11,0,0,0,0,0,0,0,0
360710,0,1,1995,0,0,0,0,0,0,0,0,0,0
360710,1,1,1995,0,0,0,0,0,0,0,0,0,0
360711,1,1,1995,0,0,0,0,0,0,0,0,0,0
360712,1,1,1995,0,0,0,0,0,0,0,0,0,0
360712,2,1,1995,0,0,0,0,0,0,0,0,0,0
360713,1,1,1995,0,0,0,0,0,0,0,0,0,0
360714,0,1,1995,0,0,0,0,0,0,0,0,0,0
360714,1,1,1995,29,8,9,17,0,12,8,7,10,10
360715,0,1,1995,0,0,0,0,0,0,0,0,0,0
360715,1,1,1995,0,0,16,0,0,0,0,0,0,0
360716,1,1,1995,0,0,0,0,0,0,0,0,0,0
360717,1,1,1995,0,0,0,0,0,0,0,0,0,0
360717,2,1,1995,0,0,0,0,0,0,0,0,0,0
360718,0,1,1995,0,0,0,0,0,0,0,0,0,0
360718,1,1,1995,9,10,27,19,10,16,14,15,12,13
360718,2,1,1995,0,0,9,0,0,0,0,0,0,0
360719,1,1,1995,0,0,0,0,0,0,0,0,0,36
360720,1,1,1995,0,0,0,0,0,0,0,0,0,0
360720,2,1,1995,0,0,0,0,0,0,0,0,0,0
360721,1,1,1995,0,0,0,0,0,0,0,0,0,0
360721,2,1,1995,0,0,0,0,0,0,0,0,0,0
360721,3,1,1995,0,0,0,0,0,0,0,0,0,0
360722,1,1,1995,17,26,7,17,11,9,17,9,11,4
360723,0,1,1995,0,0,0,0,0,0,0,0,0,0
360723,1,1,1995,0,0,0,0,0,0,15,0,0,0
360724,1,1,1995,0,0,0,0,0,0,0,0,0,0
360724,2,1,1995,0,0,0,0,0,0,0,0,0,0
360725,0,1,1995,36,36,36,36,36,36,36,36,36,36
360725,1,1,1995,0,0,0,0,0,0,0,0,0,0
360725,2,1,1995,0,0,0,0,0,0,0,0,0,0
360726,0,1,1995,0,0,0,0,0,0,0,0,0,0
360726,1,1,1995,0,0,2,0,0,0,0,11,0,28
360726,2,1,1995,15,23,22,16,8,0,17,0,14,17
360727,0,1,1995,0,20,0,12,0,10,0,0,0,23
360727,1,1,1995,12,6,16,2,16,14,12,10,13,10
360728,1,1,1995,0,0,0,0,0,0,0,0,0,0
360728,2,1,1995,0,0,0,0,0,0,0,0,0,0
360729,1,1,1995,21,21,21,21,21,21,21,21,21,21
360730,0,1,1995,0,0,0,0,0,0,0,0,0,0
360730,1,1,1995,0,0,0,0,0,0,0,0,0,0
360731,1,1,1995,13,13,13,13,13,13,13,13,13,13
360732,1,1,1995,0,0,0,0,0,0,0,0,0,0
360732,2,1,1995,0,0,0,0,0,0,0,0,0,0
360733,1,1,1995,0,0,0,0,0,0,0,0,0,0
360734,1,1,1995,9,9,9,9,9,9,9,9,9,9
360735,1,1,1995,0,0,0,0,0,6,0,0,0,0
360735,2,1,1995,0,0,0,0,0,0,7,0,0,0
360736,1,1,1995,9,9,9,9,9,9,9,9,9,9
360737,1,1,1995,0,21,16,0,0,0,0,0,0,0
360738,1,1,1995,0,0,0,0,0,0,0,0,0,0
360738,2,1,1995,0,0,0,0,0,0,0,0,0,0
360739,1,1,1995,0,0,0,0,0,0,0,0,0,0
360739,2,1,1995,0,0,0,0,0,0,0,18,0,0
360740,1,1,1995,6,6,32,22,15,20,6,9,28,8
360741,1,1,1995,0,0,0,0,0,0,0,0,0,0
360741,2,1,1995,0,0,0,0,0,0,0,0,0,0
360742,1,1,1995,0,0,0,0,0,0,0,0,0,0
360742,2,1,1995,0,0,0,0,0,0,0,0,0,0
360743,0,1,1995,14,14,14,14,14,14,14,14,14,14
360743,1,1,1995,0,0,0,0,0,0,0,0,0,0
360744,0,1,1995,0,0,0,0,0,0,0,0,0,0
360744,1,1,1995,0,0,0,0,0,0,0,0,0,0
360745,0,1,1995,8,8,8,8,8,8,8,8,8,8
360745,1,1,1995,0,0,0,0,0,0,0,0,0,0
360746,1,1,1995,20,24,9,3,9,10,6,31,18,13
360747,0,1,1995,41,41,41,41,41,41,41,41,41,41
360747,0,2,1995,39,39,39,39,39,39,39,39,39,39
360747,1,1,1995,0,0,0,0,0,0,0,0,0,0
360748,1,1,1995,0,0,0,0,0,0,15,0,0,0
360748,2,1,1995,0,0,0,0,0,0,0,0,0,0
360749,0,1,1995,0,0,0,0,0,0,0,0,0,0
360749,1,1,1995,0,0,0,0,0,0,0,0,0,0
360750,1,1,1995,0,0,0,0,0,0,0,0,0,9
360750,2,1,1995,0,0,0,0,0,0,0,0,0,0
360751,0,1,1995,0,0,7,0,0,15,0,0,0,0
360751,0,2,1995,0,0,0,0,0,0,0,0,0,0
360751,1,1,1995,0,0,0,0,0,0,0,0,0,0
360752,1,1,1995,0,0,0,16,0,0,0,0,0,0
360753,1,1,1995,0,0,0,0,0,0,0,0,0,0
360753,2,1,1995,0,0,0,0,0,0,15,0,0,22
360754,1,1,1995,25,25,25,25,25,25,25,25,25,25
360755,0,1,1995,0,7,0,0,27,0,20,0,25,28
360755,1,1,1995,0,0,0,0,0,0,6,0,0,0
360756,0,1,1995,22,35,18,28,0,44,17,10,17,6
360756,1,1,1995,28,10,14,12,22,14,0,9,6,19
360757,1,1,1995,0,0,0,0,0,0,0,0,0,0
360758,1,1,1995,2,2,2,2,2,2,2,2,2,2
360759,1,1,1995,0,0,0,0,0,0,0,0,0,0
360759,2,1,1995,17,17,17,17,17,17,17,17,17,17
360760,0,1,1995,29,29,29,29,29,29,29,29,29,29
360760,1,1,1995,0,0,0,0,0,0,0,0,0,0
360761,0,1,1995,20,20,20,20,20,20,20,20,20,20
360761,1,1,1995,8,0,0,0,0,0,0,0,0,0
360762,1,1,1995,0,0,0,0,0,0,0,0,0,0
360762,2,1,1995,0,0,0,0,0,0,0,0,0,0
360763,0,1,1995,0,0,0,0,0,0,0,0,0,0
360763,1,1,1995,0,0,0,0,0,0,0,0,0,0
360764,1,1,1995,8,8,8,8,8,8,8,8,8,8
360765,1,1,1995,0,0,0,0,0,0,0,0,0,0
360765,2,1,1995,0,0,0,0,0,0,0,0,0,0
360766,1,1,1995,0,0,0,0,0,0,0,0,0,0
360766,2,1,1995,0,0,0,0,0,0,0,0,0,0
360767,1,1,1995,0,0,0,0,0,0,0,0,0,0
360768,1,1,1995,33,13,0,26,18,0,29,7,0,0
360769,0,1,1995,0,0,0,16,0,0,16,19,31,29
360769,1,1,1995,0,0,0,0,0,0,0,0,0,0
360770,1,1,1995,0,0,0,0,0,0,0,0,0,0
360771,1,1,1995,0,0,0,0,0,0,0,0,0,0
360772,0,1,1995,0,0,0,0,0,0,0,0,0,0
360772,0,2,1995,0,0,0,0,0,0,0,0,0,0
360772,1,1,1995,0,0,0,0,0,0,0,0,0,0
360773,1,1,1995,0,0,0,0,0,0,0,0,0,0
360773,2,1,1995,0,0,0,0,0,0,0,0,0,0
360774,1,1,1995,0,0,0,0,0,0,0,0,0,0
360774,2,1,1995,0,0,0,0,0,0,2,0,0,0
360775,1,1,1995,0,0,0,0,0,0,0,0,0,0
360776,1,1,1995,12,4,17,4,3,0,9,25,0,14
360777,0,1,1995,4,4,4,4,4,4,4,4,4,4
360777,1,1,1995,0,0,0,0,0,0,0,0,0,0
360778,1,1,1995,0,0,0,0,0,0,0,0,0,0
360778,2,1,1995,0,0,0,0,0,0,0,0,0,0
360779,1,1,1995,0,0,0,0,0,0,14,0,0,0
360779,2,1,1995,10,10,10,10,10,10,10,10,10,10
360780,0,1,1995,0,0,0,0,0,0,0,0,0,0
360780,1,1,1995,0,0,0,0,0,0,0,0,0,0
360781,0,1,1995,0,0,0,0,0,0,0,0,0,0
360781,1,1,1995,0,0,0,0,0,0,0,0,0,0
360782,0,1,1995,0,0,0,0,0,14,0,0,0,0
360782,1,1,1995,0,0,0,0,0,0,0,0,0,0
360783,1,1,1995,0,0,0,0,0,0,0,0,0,0
360784,1,1,1995,0,0,0,0,0,0,0,0,0,0
360784,2,1,1995,0,0,0,0,0,0,0,0,0,0
360784,3,1,1995,0,0,0,0,0,0,0,0,0,0
360784,4,1,1995,0,0,0,0,0,0,0,0,0,0
360785,1,1,1995,0,0,0,0,0,0,0,0,0,5
360785,2,1,1995,12,12,12,12,12,12,12,12,12,12
360786,1,1,1995,0,0,0,0,0,0,0,0,0,0
360786,2,1,1995,0,0,0,0,0,0,0,0,0,0
360787,1,1,1995,0,0,0,0,0,0,0,0,0,0
360787,2,1,1995,0,0,0,0,0,0,0,0,0,0
360787,3,1,1995,0,0,0,0,0,0,0,0,0,0
360788,1,1,1995,9,9,9,9,9,9,9,9,9,9
360789,1,1,1995,0,0,0,0,0,0,0,0,0,0
360789,2,1,1995,0,0,0,0,0,0,0,0,0,0
360790,0,1,1995,0,0,0,0,0,0,0,0,0,0
360790,2,1,1995,0,0,0,0,0,0,0,0,0,0
360791,1,1,1995,0,0,0,0,0,0,0,0,0,0
360791,2,1,1995,0,0,0,0,0,0,0,0,0,0
360792,1,1,1995,3,0,0,0,0,0,0,0,0,0
360792,2,1,1995,0,0,0,0,0,0,0,0,0,0
360793,1,1,1995,0,0,0,0,0,0,0,0,0,0
360794,1,1,1995,20,20,20,20,20,20,20,20,20,20
360795,0,1,1995,0,0,0,0,0,0,0,0,0,0
360795,0,2,1995,18,21,13,16,26,19,16,34,32,31
360795,1,1,1995,0,0,0,0,0,0,0,0,0,0
360796,1,1,1995,0,0,0,0,0,0,0,0,0,0
360797,1,1,1995,0,0,0,0,3,0,0,0,0,0
360797,2,1,1995,0,0,0,0,0,0,0,0,0,0
360798,1,1,1995,0,0,0,0,0,0,0,0,0,0
360798,2,1,1995,0,0,0,0,0,0,0,0,0,0
360799,1,1,1995,0,0,0,0,0,0,0,0,0,0
360799,2,1,1995,0,0,0,0,0,0,0,0,0,0
360800,1,1,1995,30,12,18,5,9,27,25,15,17,22
360801,0,1,1995,0,0,0,0,0,0,0,0,0,0
360801,1,1,1995,0,0,0,0,0,0,0,0,0,0
360802,1,1,1995,0,0,0,0,0,0,0,0,0,0
360803,1,1,1995,14,14,14,14,14,14,14,14,14,14
360804,1,1,1995,0,0,0,0,0,0,0,0,0,0
360805,0,1,1995,0,0,0,0,0,0,0,0,0,0
360805,1,1,1995,0,0,0,0,0,0,0,0,0,0
360806,1,1,1995,0,0,0,0,0,0,0,0,0,0
360806,2,1,1995,0,0,0,0,0,0,0,0,0,0
360807,0,1,1995,21,21,21,21,21,21,21,21,21,21
360807,1,1,1995,0,0,11,0,0,0,0,0,0,0
360808,0,1,1995,0,0,0,0,0,0,0,0,0,0
360808,0,2,1995,19,14,30,9,0,30,26,9,0,0
360808,1,1,1995,0,0,0,30,0,0,0,0,0,0
360808,2,1,1995,0,0,11,0,0,0,0,0,0,0
360809,0,1,1995,18,18,18,18,18,18,18,18,18,18
360809,1,1,1995,0,0,0,0,0,0,0,0,0,0
360810,0,1,1995,0,0,0,0,17,0,0,0,0,29
360810,0,2,1995,0,0,0,0,0,0,0,0,0,0
360810,1,1,1995,0,0,0,0,0,0,0,0,0,0
360810,2,1,1995,0,0,0,0,0,0,0,0,0,0
360811,0,1,1995,15,0,10,31,15,30,0,18,0,4
360811,1,1,1995,0,0,0,0,0,0,0,0,0,0
360811,2,1,1995,0,3,0,13,6,0,0,0,0,12
360812,1,1,1995,0,0,0,0,0,0,0,0,0,0
360812,2,1,1995,0,0,0,0,0,0,6,0,0,0
360813,0,1,1995,0,0,0,0,0,0,0,0,0,0
360813,1,1,1995,0,0,0,0,0,0,0,0,0,0
360814,1,1,1995,0,0,0,0,0,0,0,0,0,0
360814,2,1,1995,0,0,0,0,0,0,0,0,0,0
360815,1,1,1995,0,0,0,0,0,0,0,0,0,0
360815,2,1,1995,0,0,0,0,0,0,0,0,0,0
360816,1,1,1995,0,0,0,0,0,0,0,0,0,0
360816,2,1,1995,0,0,0,0,0,0,0,0,0,0
360817,0,1,1995,0,0,0,0,0,0,0,0,0,0
360817,1,1,1995,0,0,0,0,0,0,0,0,0,9
360819,1,1,1995,0,0,0,0,0,0,0,0,0,0
360820,0,1,1995,0,14,0,0,0,0,0,0,0,0
360820,0,2,1995,0,0,0,0,0,0,0,0,0,0
360820,1,1,1995,0,0,0,0,0,0,0,0,0,0
360821,0,1,1995,0,0,0,0,0,0,0,0,0,0
360821,0,2,1995,0,22,12,20,0,0,0,30,25,11
360821,1,1,1995,0,0,0,0,0,25,0,0,0,0
360822,0,1,1995,0,0,0,0,0,0,0,0,0,0
360822,1,1,1995,0,0,0,0,0,0,0,0,0,0
360823,1,1,1995,0,0,0,0,0,0,0,0,0,0
360823,2,1,1995,0,0,0,8,17,0,0,0,7,0
360824,1,1,1995,0,0,0,0,0,0,0,0,0,0
360824,2,1,1995,0,0,0,0,0,0,0,0,0,0
360825,1,1,1995,0,0,0,0,0,0,0,0,0,0
360826,1,1,1995,18,24,8,9,16,6,21,10,0,10
360826,2,1,1995,0,0,0,0,0,0,0,0,0,0
360827,1,1,1995,0,0,0,21,0,0,0,0,0,0
360828,1,1,1995,0,0,0,0,0,0,0,0,0,0
360828,2,1,1995,0,0,0,0,0,0,0,0,0,0
360828,3,1,1995,0,0,0,0,0,0,0,0,0,0
360829,1,1,1995,0,0,0,0,0,0,0,0,0,0
360829,2,1,1995,0,0,0,0,0,0,0,0,0,0
360830,1,1,1995,5,5,5,5,5,5,5,5,5,5
360831,1,1,1995,11,11,11,11,11,11,11,11,11,11
360832,1,1,1995,0,0,0,0,0,0,0,0,0,0
360832,2,1,1995,0,0,0,0,0,0,0,0,0,0
360833,1,1,1995,0,0,0,0,0,0,0,0,0,0
360833,2,1,1995,0,0,0,0,0,0,0,0,0,0
360834,1,1,1995,0,0,0,0,0,0,0,0,0,0
360834,2,1,1995,0,0,0,0,0,0,0,0,0,0
360835,0,1,1995,0,0,0,0,0,0,0,0,0,0
360835,1,1,1995,0,0,0,0,0,0,0,0,0,0
360836,1,1,1995,18,18,18,18,18,18,18,18,18,18
360837,0,1,1995,0,0,0,0,0,0,0,0,0,0
360837,0,2,1995,27,0,0,0,0,0,24,0,18,0
360837,0,3,1995,3,0,0,0,8,0,27,0,0,0
360837,1,1,1995,0,0,0,0,0,0,0,0,0,0
360838,1,1,1995,23,23,23,23,23,23,23,23,23,23
360839,1,1,1995,0,0,0,0,0,0,0,0,0,0
360840,1,1,1995,0,0,0,0,0,0,0,0,0,0
360840,2,1,1995,0,0,0,0,0,0,0,0,0,0
360841,0,1,1995,0,0,0,0,0,0,0,0,0,0
360841,1,1,1995,0,0,0,0,0,0,0,0,0,0
360842,1,1,1995,0,0,0,0,0,0,0,0,0,0
360842,2,1,1995,0,0,0,0,0,0,0,0,0,0
360843,1,1,1995,0,0,0,0,0,0,0,0,0,0
360844,1,1,1995,12,12,12,12,12,12,12,12,12,12
360844,2,1,1995,0,0,0,0,0,0,0,0,0,0
360845,1,1,1995,0,0,5,0,0,0,0,0,0,4
360845,2,1,1995,0,0,0,0,0,0,0,0,0,0
360846,1,1,1995,0,0,0,0,0,0,0,0,0,0
360847,1,1,1995,0,0,0,0,0,0,0,0,0,0
360848,1,1,1995,0,0,0,0,0,0,0,0,12,0
360848,2,1,1995,0,0,0,0,0,0,27,0,0,0
360849,1,1,1995,8,10,0,0,0,0,0,0,0,0
360850,0,1,1995,0,0,0,0,0,0,0,0,0,0
360850,1,1,1995,0,0,0,0,0,0,0,0,0,0
360851,1,1,1995,0,0,0,0,37,0,0,35,25,31
360852,1,1,1995,0,0,0,0,0,0,0,0,0,0
360853,1,1,1995,8,8,8,8,8,8,8,8,8,8
360853,2,1,1995,0,0,0,0,0,0,0,0,0,0
360853,3,1,1995,0,0,6,0,24,0,0,0,0,0
360854,1,1,1995,19,19,19,19,19,19,19,19,19,19
360854,2,1,1995,0,0,0,0,0,0,0,0,0,0
360855,0,1,1995,0,0,0,0,0,0,0,0,0,0
360855,1,1,1995,0,0,0,0,0,0,0,0,0,0
360856,1,1,1995,0,0,0,0,0,0,0,0,0,0
360857,1,1,1995,28,14,8,21,14,19,28,16,19,11
360858,0,1,1995,0,0,0,0,0,0,0,0,0,0
360858,1,1,1995,0,0,0,0,0,0,0,0,0,0
360859,1,1,1995,0,0,0,0,0,0,0,0,0,0
360859,2,1,1995,15,0,0,0,0,0,0,0,0,0
360860,1,1,1995,0,0,0,6,0,0,0,0,0,0
360860,2,1,1995,0,0,0,0,0,0,0,0,0,0
360861,1,1,1995,0,0,0,0,0,0,0,0,0,0
360861,2,1,1995,0,5,0,0,0,0,0,0,0,0
360862,0,1,1995,34,19,0,0,21,0,0,0,0,0
360862,1,1,1995,0,0,0,0,0,0,0,0,0,0
360863,1,1,1995,0,0,0,0,0,0,0,0,0,0
360863,2,1,1995,0,0,0,0,0,0,0,0,0,0
360864,1,1,1995,12,12,12,12,12,12,12,12,12,12
360865,1,1,1995,8,8,8,8,8,8,8,8,8,8
360866,1,1,1995,0,0,0,0,19,0,0,0,0,0
360867,0,1,1995,0,0,0,0,0,0,0,0,0,0
360867,1,1,1995,0,0,0,0,0,0,0,0,0,0
360868,0,1,1995,17,17,17,17,17,17,17,17,17,17
360868,1,1,1995,34,12,14,23,17,20,18,29,23,28
360869,0,1,1995,0,20,0,0,45,0,13,17,35,25
360869,1,1,1995,9,6,24,10,5,18,15,25,16,16
360869,2,1,1995,0,0,0,0,0,0,0,0,0,0
360870,1,1,1995,0,0,0,17,0,0,20,0,31,0
360871,0,1,1995,0,0,0,7,0,0,0,0,10,0
360871,1,1,1995,9,0,9,19,18,2,10,7,4,6
360872,1,1,1995,0,0,0,0,0,0,0,0,0,0
360872,2,1,1995,0,0,0,0,0,0,17,0,0,0
360873,1,1,1995,0,0,0,0,0,0,0,0,0,0
360873,2,1,1995,0,0,0,0,0,0,0,0,0,0
360873,3,1,1995,0,0,0,0,0,0,0,0,0,0
360874,1,1,1995,17,16,19,18,11,18,24,5,37,3
360875,0,1,1995,0,0,0,0,0,0,0,0,0,0
360875,1,1,1995,0,0,0,0,0,0,30,0,0,0
360876,0,1,1995,23,23,23,23,23,23,23,23,23,23
360876,1,1,1995,0,0,0,12,0,0,3,0,0,16
360877,1,1,1995,0,0,0,0,0,19,0,0,0,0
360878,1,1,1995,11,0,0,0,0,0,0,0,0,0
360879,0,1,1995,0,0,0,0,0,0,0,0,0,0
360879,1,1,1995,0,0,0,0,0,0,0,0,0,0
360880,1,1,1995,17,0,0,21,0,13,18,10,17,18
360881,1,1,1995,6,6,6,6,6,6,6,6,6,6
360881,2,1,1995,0,0,0,0,0,0,0,0,0,0
360882,1,1,1995,0,0,0,0,0,0,0,0,0,0
360882,2,1,1995,0,0,0,0,0,0,0,0,0,0
360883,1,1,1995,0,0,0,0,0,0,0,0,0,0
360884,1,1,1995,10,16,31,21,0,15,17,12,14,18
360884,2,1,1995,0,0,0,0,0,0,0,0,0,7
360884,3,1,1995,0,0,0,0,0,0,0,0,0,0
360885,1,1,1995,17,14,8,22,20,25,0,25,13,34
360886,1,1,1995,0,0,0,0,0,0,0,0,0,0
360886,2,1,1995,0,0,0,0,0,0,0,0,0,0
360887,1,1,1995,0,0,0,0,0,0,0,0,0,0
360888,1,1,1995,1,1,1,1,1,1,1,1,1,1
360888,2,1,1995,0,0,0,0,0,0,0,0,0,0
360889,1,1,1995,0,0,0,0,0,0,0,0,0,0
360890,0,1,1995,21,21,21,21,21,21,21,21,21,21
360890,1,1,1995,0,0,0,0,0,0,0,0,0,0
360891,0,1,1995,10,10,10,10,10,10,10,10,10,10
360891,1,1,1995,14,7,21,3,15,8,21,12,11,11
360892,0,1,1995,0,0,0,0,0,0,0,0,0,0
360892,1,1,1995,0,0,0,0,0,0,0,0,13,0
360893,1,1,1995,0,0,0,0,0,0,0,0,0,0
360893,2,1,1995,0,0,0,0,0,0,0,0,0,0
360894,0,1,1995,23,24,0,11,9,28,32,0,18,0
360894,1,1,1995,8,8,8,8,8,8,8,8,8,8
360895,1,1,1995,0,0,0,0,0,0,0,0,0,0
360895,2,1,1995,0,0,0,0,0,0,0,0,0,0
360896,0,1,1995,0,0,0,0,0,0,0,0,0,0
360896,1,1,1995,0,0,0,0,0,0,0,0,0,0
360897,1,1,1995,0,0,0,0,0,0,0,0,0,0
360897,2,1,1995,0,0,0,0,0,0,0,0,0,0
360898,1,1,1995,0,0,0,0,0,0,0,0,0,0
360899,1,1,1995,32,32,32,32,32,32,32,32,32,32
360900,1,1,1995,0,0,0,0,0,0,0,0,0,0
360901,0,1,1995,0,0,0,0,0,0,0,0,0,0
360901,1,1,1995,0,0,0,0,0,0,0,0,0,0
360902,1,1,1995,25,25,25,25,25,25,25,25,25,25
360902,2,1,1995,0,0,0,0,0,0,0,0,0,0
360902,3,1,1995,0,0,0,0,0,0,0,0,0,0
360903,0,1,1995,0,0,0,0,0,0,0,0,0,0
360903,1,1,1995,0,0,0,0,0,24,0,0,0,0
360904,1,1,1995,0,0,0,0,0,0,0,0,0,0
360904,2,1,1995,2,2,2,2,2,2,2,2,2,2
360905,1,1,1995,0,0,0,0,0,0,0,0,30,0
360905,2,1,1995,0,0,0,0,0,0,0,0,0,0
360906,0,1,1995,0,17,15,33,0,0,0,18,0,12
360906,1,1,1995,0,0,0,0,0,0,0,0,0,0
360907,1,1,1995,0,0,0,0,0,0,0,0,0,0
360908,1,1,1995,0,0,0,0,0,0,0,0,0,0
360908,2,1,1995,0,0,0,0,0,0,0,0,0,0
360909,1,1,1995,17,17,17,17,17,17,17,17,17,17
360910,1,1,1995,0,0,0,0,0,0,0,0,0,0
360911,1,1,1995,8,0,0,0,0,0,0,0,0,0
360911,2,1,1995,0,0,0,0,0,0,0,0,0,0
360911,3,1,1995,0,0,0,0,0,0,0,0,0,0
360912,1,1,1995,0,0,0,0,0,0,0,0,0,0
360912,2,1,1995,0,0,0,0,0,0,0,0,0,0
360913,1,1,1995,0,0,0,0,0,0,0,0,0,0
360914,0,1,1995,6,6,6,6,6,6,6,6,6,6
360914,1,1,1995,0,0,0,0,0,0,0,0,0,0
360915,0,1,1995,0,0,0,0,0,0,11,0,0,0
360915,1,1,1995,0,0,0,0,0,0,0,0,0,0
360916,0,1,1995,0,21,20,0,8,0,20,0,28,0
360916,1,1,1995,2,13,15,13,18,14,20,25,16,12
360917,1,1,1995,10,10,10,10,10,10,10,10,10,10
360918,1,1,1995,17,30,21,33,29,17,18,13,8,27
360918,2,1,1995,0,0,7,0,8,0,0,0,0,0
360919,1,1,1995,0,0,0,0,0,0,0,0,0,0
360919,2,1,1995,0,0,0,0,0,0,0,0,0,0
360920,1,1,1995,0,0,0,0,0,0,0,0,0,0
360920,2,1,1995,0,0,0,0,0,0,0,0,0,0
360921,1,1,1995,21,21,21,21,21,21,21,21,21,21
360922,0,1,1995,0,0,0,0,0,0,0,0,0,0
360922,1,1,1995,0,0,0,0,27,0,0,0,0,0
360923,1,1,1995,10,15,0,19,8,9,0,0,10,0
360923,2,1,1995,0,0,15,14,0,0,0,0,0,0
360924,1,1,1995,26,26,26,26,26,26,26,26,26,26
360924,2,1,1995,0,0,0,0,0,0,0,0,0,0
360925,1,1,1995,24,24,24,24,24,24,24,24,24,24
360926,1,1,1995,0,0,0,0,0,0,0,0,0,0
360927,1,1,1995,0,0,11,0,10,0,0,0,0,0
360928,1,1,1995,0,0,0,0,0,0,0,0,0,0
360928,2,1,1995,0,0,0,0,0,0,0,0,0,0
360928,3,1,1995,0,0,0,0,0,0,0,0,0,0
360928,4,1,1995,0,0,0,0,0,0,0,0,0,0
360929,1,1,1995,0,0,0,0,0,0,0,0,0,0
360929,2,1,1995,0,0,0,0,0,0,0,0,0,0
360930,1,1,1995,0,0,0,0,0,0,0,0,0,0
360930,2,1,1995,0,0,0,0,0,0,0,0,0,0
360931,1,1,1995,0,0,0,0,0,0,0,0,7,0
360931,2,1,1995,0,0,0,0,0,0,0,0,0,0
360932,1,1,1995,22,24,9,16,21,9,15,16,22,20
360933,0,1,1995,14,28,0,0,12,19,48,16,25,0
360933,1,1,1995,0,0,0,0,0,0,0,0,0,0
360933,2,1,1995,25,0,0,0,0,0,0,0,0,0
360934,1,1,1995,0,0,0,0,0,0,0,0,0,0
360935,0,1,1995,0,0,0,0,0,0,0,0,0,0
360935,1,1,1995,0,0,0,0,0,0,0,0,0,0
360936,0,1,1995,0,0,0,0,0,0,0,0,0,0
360936,0,2,1995,0,0,0,7,0,0,0,0,0,0
360936,1,1,1995,0,0,0,0,0,18,0,0,0,0
360937,1,1,1995,24,9,25,22,27,0,16,15,11,22
360937,2,1,1995,0,0,0,0,0,0,0,0,0,0
360938,1,1,1995,0,0,0,0,0,0,0,0,0,0
360938,2,1,1995,0,0,0,0,0,0,0,0,0,0
360939,1,1,1995,0,0,0,0,0,0,0,0,0,0
360939,2,1,1995,0,0,0,0,0,0,0,0,0,0
360939,3,1,1995,0,0,0,0,0,0,0,0,0,0
360940,1,1,1995,0,0,0,0,0,0,0,0,0,0
360940,2,1,1995,0,0,0,0,0,0,0,0,0,0
360941,1,1,1995,0,0,0,0,0,0,0,0,0,0
360941,2,1,1995,0,0,0,0,0,0,0,0,0,0
360942,1,1,1995,0,0,0,0,0,0,0,0,0,0
360942,2,1,1995,0,0,0,0,0,0,0,0,0,0
360942,3,1,1995,0,0,0,0,0,0,0,0,0,0
360942,4,1,1995,0,0,0,0,0,0,0,0,0,0
360943,0,1,1995,0,0,0,0,0,0,0,0,0,0
360943,1,1,1995,0,0,0,0,0,0,0,0,0,0
360944,1,1,1995,0,0,0,0,0,0,0,0,0,0
360944,2,1,1995,4,4,4,4,4,4,4,4,4,4
360945,1,1,1995,12,18,11,9,11,21,0,16,18,20
360945,2,1,1995,0,0,0,23,0,0,0,0,0,0
360946,0,1,1995,14,14,14,14,14,14,14,14,14,14