ST_CASE,VEH_NO,PER_NO,YEAR,P1,P2,P3,P4,P5,P6,P7,P8,P9,P10
360946,1,1,1995,0,0,0,6,0,0,0,0,0,11
360946,2,1,1995,12,0,0,0,15,18,19,0,21,0
360947,1,1,1995,13,0,0,0,0,0,0,0,0,0
360947,2,1,1995,0,0,0,0,0,0,9,7,0,14
360947,3,1,1995,0,0,0,0,0,0,0,0,0,0
360947,4,1,1995,0,0,0,0,0,0,0,0,0,0
360948,1,1,1995,33,33,33,33,33,33,33,33,33,33
360949,1,1,1995,0,0,0,0,0,0,0,0,0,0
360950,1,1,1995,6,6,6,6,6,6,6,6,6,6
360951,0,1,1995,0,0,0,0,0,0,0,0,0,0
360951,1,1,1995,0,0,0,0,0,0,0,0,0,0
360952,1,1,1995,14,14,14,14,14,14,14,14,14,14
360952,2,1,1995,0,0,0,0,0,0,0,0,0,0
360953,1,1,1995,25,25,12,38,18,3,20,17,23,9
360953,2,1,1995,0,0,0,0,0,0,0,0,0,0
360954,1,1,1995,21,0,0,0,0,0,0,0,0,0
360954,2,1,1995,22,0,0,0,2,0,0,0,0,0
360954,3,1,1995,0,0,0,0,0,0,0,0,0,0
360955,0,1,1995,0,21,0,0,0,0,8,0,0,0
360955,1,1,1995,0,0,0,0,0,0,0,0,0,0
360956,1,1,1995,29,23,10,15,22,18,15,30,11,21
360957,1,1,1995,0,0,0,0,0,0,0,0,0,0
360958,1,1,1995,0,0,0,0,0,0,0,0,0,0
360959,0,1,1995,0,0,0,0,0,0,0,0,0,0
360959,1,1,1995,28,0,0,0,0,0,0,0,0,0
360960,1,1,1995,8,0,0,0,0,0,0,22,0,0
360960,2,1,1995,0,0,0,0,0,0,0,0,0,0
360961,1,1,1995,0,0,0,0,0,0,7,0,0,0
360962,0,1,1995,0,0,0,0,9,0,0,0,21,0
360962,1,1,1995,0,0,0,0,0,0,0,0,0,0
360963,1,1,1995,0,0,0,0,0,0,0,0,0,0
360963,2,1,1995,0,0,0,0,0,0,0,0,0,0
360963,3,1,1995,0,0,0,0,0,0,0,0,0,0
360964,0,1,1995,0,0,0,0,0,0,0,0,0,0
360964,1,1,1995,0,0,0,0,0,0,0,0,0,0
360965,1,1,1995,0,23,16,11,0,22,4,30,9,13
360966,0,1,1995,1,1,1,1,1,1,1,1,1,1
360966,1,1,1995,26,13,19,27,0,9,0,10,8,8
360967,0,1,1995,0,0,0,0,0,0,0,0,0,0
360967,1,1,1995,0,0,0,0,0,0,0,0,0,0
360968,1,1,1995,43,30,0,11,18,12,25,8,23,0
360969,1,1,1995,0,0,0,0,0,0,0,0,0,0
360969,2,1,1995,27,27,27,27,27,27,27,27,27,27
360970,0,1,1995,0,0,0,0,0,0,0,0,0,0
360970,1,1,1995,0,0,0,0,0,0,0,0,0,0
360971,1,1,1995,0,0,0,0,0,0,0,0,0,0
360971,2,1,1995,0,0,0,0,0,0,0,0,0,0
360972,1,1,1995,0,0,0,0,0,0,0,0,0,0
360972,2,1,1995,26,5,17,20,11,4,20,6,51,17
360973,0,1,1995,0,0,0,0,0,0,0,0,0,0
360973,0,2,1995,10,0,35,35,0,0,15,34,11,0
360973,1,1,1995,8,0,13,4,6,16,9,14,16,28
360973,2,1,1995,0,0,0,9,0,0,0,0,0,0
360973,3,1,1995,0,0,0,0,0,0,0,0,0,0
360974,0,1,1995,0,0,0,0,0,0,0,0,0,0
360974,1,1,1995,21,26,10,0,15,14,19,16,10,21
360975,0,1,1995,0,0,0,0,0,0,0,0,0,0
360975,1,1,1995,0,0,0,0,0,0,0,0,0,0
360976,1,1,1995,0,0,0,0,16,0,0,0,0,6
360976,2,1,1995,0,0,0,0,0,0,0,0,0,0
360977,1,1,1995,0,0,0,29,20,13,32,8,6,3
360978,1,1,1995,0,0,0,0,0,0,0,0,0,0
360979,0,1,1995,0,0,0,0,0,0,0,0,0,0
360979,1,1,1995,15,0,0,10,0,0,0,0,0,0
360980,1,1,1995,0,0,0,0,0,0,0,0,0,0
360980,2,1,1995,2,0,0,0,0,0,0,0,0,0
360980,3,1,1995,0,0,0,0,0,0,0,0,0,0
360981,0,1,1995,0,0,0,0,0,0,0,0,0,0
360981,1,1,1995,0,0,0,0,0,0,0,0,0,0
360982,0,1,1995,12,12,12,12,12,12,12,12,12,12
360982,1,1,1995,26,16,19,7,29,10,21,0,25,22
360983,0,1,1995,0,0,0,0,0,0,0,0,0,0
360983,1,1,1995,0,0,0,0,0,0,0,0,0,0
360984,1,1,1995,14,14,14,14,14,14,14,14,14,14
360985,0,1,1995,0,8,0,36,24,0,0,0,0,12
360985,1,1,1995,0,0,0,0,0,0,0,0,0,0
360986,1,1,1995,0,0,0,0,0,0,0,0,0,0
360986,2,1,1995,0,0,0,0,0,0,0,0,0,0
360987,1,1,1995,0,0,0,0,0,0,0,0,0,0
360987,2,1,1995,0,0,0,0,0,0,0,0,0,0
360987,3,1,1995,0,0,0,0,0,0,0,0,5,0
360988,0,1,1995,0,0,0,0,0,0,0,0,0,0
360988,1,1,1995,0,0,0,0,0,0,0,0,0,0
360988,2,1,1995,0,0,0,0,0,0,0,0,0,0
360989,0,1,1995,0,0,0,0,0,0,0,0,0,0
360989,1,1,1995,0,16,0,0,0,0,0,0,0,0
360990,1,1,1995,0,0,0,0,0,0,6,0,0,0
360990,2,1,1995,0,0,0,0,0,0,0,0,0,0
360991,1,1,1995,0,0,0,0,0,0,0,0,0,0
360991,2,1,1995,0,0,0,0,0,0,0,0,0,0
360992,0,1,1995,0,0,0,0,0,0,0,0,0,0
360992,1,1,1995,0,0,0,0,0,0,0,0,0,0
360993,0,1,1995,36,36,36,36,36,36,36,36,36,36
360993,1,1,1995,13,0,0,3,5,20,0,0,14,0
360994,1,1,1995,0,0,0,0,0,0,0,0,0,5
360994,2,1,1995,0,0,0,0,0,0,0,0,0,0
360995,1,1,1995,11,11,11,11,11,11,11,11,11,11
360996,0,1,1995,0,0,0,0,0,0,0,0,0,16
360996,1,1,1995,0,0,0,0,0,0,0,0,0,0
360996,2,1,1995,0,0,0,0,0,0,0,0,0,0
360997,1,1,1995,0,0,0,0,0,19,0,0,0,0
360998,0,1,1995,0,0,0,0,0,0,0,0,0,14
360998,0,2,1995,0,0,0,0,0,0,10,46,0,0
360998,1,1,1995,0,0,0,0,0,0,0,0,0,0
360998,2,1,1995,0,0,0,0,0,0,0,0,0,0
360998,3,1,1995,0,0,0,11,0,0,0,0,0,0
360999,0,1,1995,24,31,0,0,14,0,6,21,24,37
360999,1,1,1995,0,0,0,0,0,0,0,0,0,0
361000,0,1,1995,1,1,1,1,1,1,1,1,1,1
361000,1,1,1995,29,12,9,15,23,17,0,2,9,16
361001,0,1,1995,0,0,0,0,0,0,0,0,0,0
361001,1,1,1995,0,0,0,0,0,0,0,0,0,0
361002,0,1,1995,18,0,0,8,30,8,0,27,0,0
361002,1,1,1995,0,0,12,0,19,0,0,0,0,0
361003,0,1,1995,17,17,9,25,33,40,15,30,26,20
361003,1,1,1995,0,0,0,0,0,0,0,0,0,0
361004,0,1,1995,0,0,0,0,0,0,0,0,0,0
361004,1,1,1995,0,0,0,0,0,0,0,0,0,0
361005,1,1,1995,20,20,20,20,20,20,20,20,20,20
361006,1,1,1995,0,0,0,0,0,0,0,0,0,0
361007,1,1,1995,0,0,0,0,0,0,0,0,0,0
361007,2,1,1995,0,0,0,0,0,0,0,0,0,0
361007,3,1,1995,0,0,0,0,0,0,0,0,0,0
361008,1,1,1995,0,0,0,15,0,0,0,13,0,0
361009,1,1,1995,11,11,11,11,11,11,11,11,11,11
361010,1,1,1995,11,11,11,11,11,11,11,11,11,11
361010,2,1,1995,0,0,0,0,0,0,0,0,0,0
361011,1,1,1995,10,4,15,10,7,9,8,8,13,5
361011,2,1,1995,0,0,0,0,0,0,0,0,0,12
361012,1,1,1995,0,0,0,0,0,0,0,0,0,0
361012,2,1,1995,0,0,0,0,0,0,0,0,0,0
361013,0,1,1995,0,0,0,0,0,0,0,0,0,0
361013,1,1,1995,0,0,0,0,0,0,0,0,0,0
361014,1,1,1995,8,8,8,8,8,8,8,8,8,8
361015,1,1,1995,0,0,0,0,0,0,0,0,0,0
361016,1,1,1995,20,25,0,20,15,25,27,6,0,11
361017,1,1,1995,6,6,6,6,6,6,6,6,6,6
361018,1,1,1995,28,20,16,28,37,30,39,4,14,37
361019,0,1,1995,0,0,0,0,0,0,0,0,0,0
361019,0,2,1995,0,0,0,0,0,0,0,0,0,0
361019,1,1,1995,0,0,0,0,0,0,0,0,0,0
361020,0,1,1995,13,13,13,13,13,13,13,13,13,13
361020,1,1,1995,0,0,0,0,0,0,0,0,0,0
361021,0,1,1995,0,0,0,0,0,0,0,0,0,0
361021,1,1,1995,0,0,0,0,0,0,0,0,0,0
361022,0,1,1995,0,0,0,0,0,0,0,0,0,0
361022,1,1,1995,24,8,0,15,0,0,0,0,0,0
361023,1,1,1995,0,13,0,0,15,0,14,0,0,0
361024,0,1,1995,0,0,0,0,0,0,0,0,0,0
361024,0,2,1995,0,0,0,0,0,0,0,0,0,0
361024,0,3,1995,0,0,0,0,0,0,0,0,0,0
361024,1,1,1995,0,0,0,0,0,0,0,0,0,0
361025,0,1,1995,0,0,0,0,0,0,0,0,0,0
361025,0,2,1995,0,0,0,0,0,0,0,0,0,0
361025,1,1,1995,0,0,0,0,0,0,0,0,0,0
361026,0,1,1995,0,0,0,0,0,0,0,0,0,0
361026,1,1,1995,0,0,0,0,0,0,0,0,0,0
361027,1,1,1995,0,0,0,63,0,0,0,0,0,0
361027,2,1,1995,13,0,0,0,0,0,0,0,13,0
361028,1,1,1995,0,0,0,0,0,0,0,0,0,0
361028,2,1,1995,0,0,0,0,0,0,0,0,0,0
361029,0,1,1995,19,0,14,24,0,14,22,0,0,44
361029,1,1,1995,0,0,0,0,0,0,0,0,0,0
361030,1,1,1995,0,0,0,0,0,0,0,0,0,0
361031,1,1,1995,0,0,0,0,0,12,4,0,0,0
361031,2,1,1995,0,0,0,0,0,0,0,0,0,0
361032,1,1,1995,0,0,0,9,0,0,0,4,6,0
361032,2,1,1995,0,0,0,0,0,0,0,0,0,0
361032,3,1,1995,0,0,0,0,0,0,0,0,0,0
361032,4,1,1995,0,0,0,0,0,0,0,0,0,0
361033,0,1,1995,0,0,0,0,0,0,0,0,0,0
361033,1,1,1995,0,0,0,0,0,0,0,0,0,0
361034,0,1,1995,0,0,0,0,0,0,0,0,0,0
361034,1,1,1995,0,0,0,0,0,0,0,0,0,0
361035,1,1,1995,0,0,0,0,0,0,0,0,0,0
361035,2,1,1995,0,0,0,0,0,0,0,0,0,0
361036,0,1,1995,0,0,0,0,0,0,0,0,0,0
361036,0,2,1995,0,0,22,0,0,0,4,0,37,13
361036,0,3,1995,21,0,21,0,0,0,0,0,18,8
361036,1,1,1995,9,0,0,0,0,0,0,0,0,0
361037,0,1,1995,0,0,0,0,0,0,0,0,0,0
361037,1,1,1995,0,0,0,0,0,0,0,0,0,0
361038,0,1,1995,0,0,0,0,0,0,0,0,0,0
361038,1,1,1995,0,0,7,0,0,0,0,0,0,0
361039,1,1,1995,26,10,17,29,15,0,13,18,24,20
361040,1,1,1995,16,16,16,16,16,16,16,16,16,16
361041,1,1,1995,18,0,0,0,0,0,0,0,0,0
361042,1,1,1995,0,0,0,0,0,0,0,0,0,0
361042,2,1,1995,0,0,0,0,0,0,0,0,0,0
361043,0,1,1995,0,0,0,0,0,0,0,0,0,0
361043,1,1,1995,0,0,0,0,0,0,0,0,0,0
361044,0,1,1995,15,15,15,15,15,15,15,15,15,15
361044,1,1,1995,0,14,0,0,0,0,0,0,9,0
361045,1,1,1995,0,0,0,0,0,0,0,0,0,0
361046,1,1,1995,0,0,0,0,0,0,0,0,0,0
361047,1,1,1995,0,0,0,0,0,0,0,0,0,0
361047,2,1,1995,0,0,0,0,0,0,0,0,0,0
361048,1,1,1995,0,0,0,0,0,0,0,0,0,0
361048,2,1,1995,8,21,2,8,23,8,11,11,13,14
361049,1,1,1995,16,25,11,16,8,0,18,12,9,6
361049,2,1,1995,0,0,0,0,0,0,0,0,0,0
361050,1,1,1995,0,0,0,0,0,0,0,0,0,0
361050,2,1,1995,0,0,0,0,0,0,0,0,0,0
361051,1,1,1995,13,13,13,13,13,13,13,13,13,13
361052,1,1,1995,21,21,21,21,21,21,21,21,21,21
361053,1,1,1995,0,0,0,0,0,0,0,0,0,0
361054,1,1,1995,16,16,16,16,16,16,16,16,16,16
361055,1,1,1995,13,13,13,13,13,13,13,13,13,13
361056,1,1,1995,20,20,20,20,20,20,20,20,20,20
361056,2,1,1995,0,0,0,0,0,0,0,0,0,0
361057,0,1,1995,0,0,0,0,0,0,0,0,0,0
361057,1,1,1995,0,0,0,11,0,0,0,0,0,0
361058,1,1,1995,8,8,8,8,8,8,8,8,8,8
361058,2,1,1995,0,0,0,0,0,0,0,0,0,0
361059,1,1,1995,0,0,0,0,0,0,0,0,0,0
361060,1,1,1995,0,0,0,0,0,0,0,26,0,0
361060,2,1,1995,25,21,29,0,6,10,8,7,4,16
361061,0,1,1995,0,0,0,0,0,0,0,0,0,0
361061,1,1,1995,0,0,0,0,0,0,0,0,0,0
361062,0,1,1995,0,0,0,0,0,0,0,0,0,0
361062,1,1,1995,0,0,0,0,0,0,0,0,0,0
361063,1,1,1995,29,29,29,29,29,29,29,29,29,29
361063,2,1,1995,0,0,0,0,0,0,0,0,0,0
361064,0,1,1995,17,17,17,17,17,17,17,17,17,17
361064,1,1,1995,0,0,0,0,0,0,0,0,0,0
361065,1,1,1995,7,0,0,0,0,0,4,0,0,0
361066,1,1,1995,0,0,0,0,0,0,0,0,0,0
361066,2,1,1995,0,0,0,0,0,0,0,0,0,0
361067,0,1,1995,0,0,43,0,0,6,0,0,0,0
361067,1,1,1995,0,0,0,0,0,0,0,0,0,0
361068,1,1,1995,31,0,0,0,0,4,0,0,0,17
361069,1,1,1995,0,10,0,0,0,0,0,0,0,8
361070,1,1,1995,15,15,15,15,15,15,15,15,15,15
361071,1,1,1995,14,14,14,14,14,14,14,14,14,14
361072,0,1,1995,0,0,0,0,0,0,0,0,0,0
361072,1,1,1995,0,0,0,0,0,0,0,0,0,0
361073,0,1,1995,32,32,32,32,32,32,32,32,32,32
361073,1,1,1995,0,0,0,0,0,0,0,0,0,0
361074,0,1,1995,0,0,0,0,0,0,0,0,0,0
361074,0,2,1995,0,0,0,0,0,0,0,0,0,0
361074,1,1,1995,0,0,0,0,0,0,0,0,0,0
361075,1,1,1995,0,0,0,0,0,0,0,0,0,0
361075,2,1,1995,0,0,0,0,0,0,0,0,0,0
361076,1,1,1995,0,0,0,0,0,0,0,0,0,0
361076,2,1,1995,0,0,0,0,0,0,0,0,0,0
361077,1,1,1995,0,0,0,0,0,0,0,0,0,0
361077,2,1,1995,0,0,0,0,0,0,0,0,0,0
361077,3,1,1995,0,0,0,0,0,0,10,0,0,0
361077,4,1,1995,0,0,0,0,0,0,0,0,0,0
361078,1,1,1995,0,0,0,0,0,0,0,0,0,0
361078,2,1,1995,16,16,16,16,16,16,16,16,16,16
361079,1,1,1995,17,17,17,17,17,17,17,17,17,17
361080,1,1,1995,13,0,3,29,0,0,0,0,0,0
361080,2,1,1995,0,0,0,0,0,6,0,0,0,0
361081,1,1,1995,0,0,0,0,0,0,0,0,0,0
361081,2,1,1995,0,0,0,0,0,0,0,0,13,7
361082,1,1,1995,8,8,8,8,8,8,8,8,8,8
361083,1,1,1995,0,0,0,0,0,0,0,0,0,0
361084,0,1,1995,0,0,0,0,0,0,0,0,0,0
361084,1,1,1995,0,0,0,0,0,0,0,0,0,0
361085,1,1,1995,26,18,4,20,7,26,9,15,7,21
361085,2,1,1995,20,26,34,27,22,16,18,18,25,17
361086,1,1,1995,26,26,26,26,26,26,26,26,26,26
361087,1,1,1995,0,0,0,0,0,0,0,0,0,0
361088,1,1,1995,0,0,0,0,0,0,13,0,16,0
361089,1,1,1995,0,0,0,0,0,0,0,0,0,0
361090,1,1,1995,0,0,0,0,0,0,0,0,0,0
361090,2,1,1995,0,0,0,0,0,0,0,0,0,0
361091,1,1,1995,0,0,0,0,0,0,0,0,0,0
361091,2,1,1995,20,20,16,13,22,22,11,21,15,2
361092,0,1,1995,0,0,25,21,0,0,16,21,47,22
361092,1,1,1995,0,0,0,0,0,18,0,0,12,0
361093,1,1,1995,0,0,0,0,0,0,0,0,0,0
361093,2,1,1995,0,0,0,0,0,0,0,0,0,0
361094,1,1,1995,0,0,0,0,0,0,0,0,0,0
361094,2,1,1995,0,0,0,0,0,0,0,0,0,0
361095,1,1,1995,0,0,0,0,0,0,0,0,0,0
361095,2,1,1995,7,9,28,7,10,28,16,16,12,12
361096,1,1,1995,0,0,0,0,0,0,0,0,0,0
361096,2,1,1995,0,0,0,0,0,0,0,0,0,0
361097,0,1,1995,0,0,0,0,0,0,0,0,0,0
361097,1,1,1995,0,0,0,0,0,0,0,0,0,0
361098,1,1,1995,0,0,0,0,0,0,0,0,0,0
361098,2,1,1995,0,0,0,0,0,0,0,0,0,0
361098,3,1,1995,0,0,0,0,0,0,0,0,0,0
361099,0,1,1995,0,0,0,0,0,0,0,0,0,0
361099,1,1,1995,0,0,0,0,0,0,0,0,0,0
361100,1,1,1995,33,16,20,9,15,23,10,33,11,2
361101,1,1,1995,14,21,6,9,7,17,23,14,0,8
361101,2,1,1995,0,0,0,0,0,0,0,0,0,0
361102,0,1,1995,0,7,0,0,0,0,29,13,0,44
361102,1,1,1995,0,0,0,0,0,0,0,0,0,0
361103,1,1,1995,0,0,0,0,0,0,0,0,0,0
361104,1,1,1995,0,0,0,0,0,0,0,0,0,0
361104,2,1,1995,0,0,16,0,0,0,0,0,0,15
361105,1,1,1995,0,0,0,0,0,0,0,0,0,0
361105,2,1,1995,0,0,0,0,0,0,0,0,0,0
361106,0,1,1995,0,0,0,0,0,0,0,0,0,0
361107,0,1,1995,0,0,0,0,0,0,0,0,0,0
361107,1,1,1995,0,0,0,0,0,0,0,0,0,0
361108,0,1,1995,0,0,0,0,0,0,0,0,0,0
361108,1,1,1995,9,20,4,15,16,24,30,15,10,2
361108,2,1,1995,0,0,0,0,0,0,0,0,11,0
361109,1,1,1995,9,9,9,9,9,9,9,9,9,9
361109,2,1,1995,0,0,0,0,0,0,0,0,0,0
361110,1,1,1995,12,9,18,5,0,23,8,6,14,14
361111,0,1,1995,1,1,1,1,1,1,1,1,1,1
361111,0,2,1995,0,0,0,0,0,0,0,0,0,0
361111,0,3,1995,0,0,0,0,0,0,0,0,0,0
361111,1,1,1995,0,0,0,0,9,0,0,0,0,0
361112,1,1,1995,0,0,0,0,0,0,0,0,0,0
361113,1,1,1995,15,19,7,13,8,0,24,26,18,16
361113,2,1,1995,0,0,0,0,0,0,0,0,0,0
361114,1,1,1995,0,0,0,0,0,0,0,0,0,0
361115,0,1,1995,22,22,22,22,22,22,22,22,22,22
361115,1,1,1995,0,0,0,0,0,0,0,0,0,0
361116,1,1,1995,0,0,0,0,0,0,0,0,0,0
361117,0,1,1995,24,24,24,24,24,24,24,24,24,24
361117,1,1,1995,0,0,0,0,0,0,0,0,0,0
361118,1,1,1995,0,0,0,0,0,0,0,0,0,0
361118,2,1,1995,0,0,0,0,0,0,0,0,0,0
361119,1,1,1995,17,0,0,14,0,0,0,0,9,0
361119,2,1,1995,0,0,0,0,0,10,7,0,0,0
361120,1,1,1995,0,0,0,0,0,0,0,0,0,0
361121,1,1,1995,0,0,0,0,0,0,0,0,0,0
361122,1,1,1995,36,8,17,0,0,0,23,0,13,0
361123,1,1,1995,0,0,0,0,0,0,0,0,18,17
361124,0,1,1995,0,0,0,0,0,0,0,0,0,0
361124,1,1,1995,0,0,0,0,0,0,0,0,0,0
361124,2,1,1995,0,0,0,0,0,0,0,0,0,0
361125,1,1,1995,0,0,0,0,0,0,0,0,0,0
361126,0,1,1995,0,0,0,0,0,0,0,0,0,0
361126,0,2,1995,0,0,24,0,0,0,0,0,0,0
361126,1,1,1995,0,10,31,0,0,0,0,0,0,0
361127,0,1,1995,0,0,0,18,0,0,21,0,0,0
361127,1,1,1995,0,0,0,0,0,0,0,0,0,0
361127,2,1,1995,0,0,0,0,0,0,0,0,0,0
361127,3,1,1995,0,0,0,0,0,0,0,0,0,0
361128,1,1,1995,0,0,10,0,10,20,0,24,26,0
361129,1,1,1995,8,8,8,8,8,8,8,8,8,8
361129,2,1,1995,0,0,0,0,0,0,0,0,0,0
361130,1,1,1995,0,0,0,0,0,0,0,0,0,0
361130,2,1,1995,2,2,2,2,2,2,2,2,2,2
361131,1,1,1995,0,0,0,0,0,0,0,0,0,0
361131,2,1,1995,14,7,0,0,0,20,0,0,0,0
361132,1,1,1995,0,0,0,0,0,0,0,0,0,0
361133,1,1,1995,1,1,1,1,1,1,1,1,1,1
361134,1,1,1995,0,0,0,0,0,0,0,0,0,0
361134,2,1,1995,0,0,0,0,0,0,0,0,0,0
361135,1,1,1995,0,0,0,0,0,0,0,0,0,0
361136,1,1,1995,3,3,3,3,3,3,3,3,3,3
361137,0,1,1995,0,0,0,0,0,0,0,0,0,0
361137,1,1,1995,0,0,0,0,26,0,0,21,0,16
361138,0,1,1995,0,0,0,0,0,0,0,0,0,0
361138,1,1,1995,0,0,0,0,0,0,0,0,0,0
361139,0,1,1995,9,12,0,17,0,4,0,9,0,0
361139,1,1,1995,0,0,0,0,0,0,0,0,0,0
361140,0,1,1995,0,0,0,0,0,0,0,16,0,0
361140,1,1,1995,0,0,0,0,0,0,0,0,0,0
361140,2,1,1995,0,0,0,18,0,0,0,0,0,0
361141,1,1,1995,0,0,0,0,0,0,0,0,0,0
361141,2,1,1995,0,0,0,0,0,0,0,0,0,0
361142,1,1,1995,20,20,20,20,20,20,20,20,20,20
361143,1,1,1995,0,0,0,0,0,0,0,0,0,0
361144,0,1,1995,0,0,0,0,0,0,0,0,0,0
361144,1,1,1995,0,0,0,0,0,0,0,0,0,0
361145,1,1,1995,0,0,0,20,0,0,16,0,0,15
361145,2,1,1995,0,0,0,0,13,0,0,0,0,0
361146,1,1,1995,0,0,0,0,0,0,0,0,0,0
361146,2,1,1995,0,0,0,0,0,0,12,0,0,0
361147,0,1,1995,17,8,6,32,21,14,8,25,10,3
361147,1,1,1995,0,0,0,0,0,0,0,12,0,0
361148,0,1,1995,0,0,0,0,0,0,0,0,0,0
361148,1,1,1995,0,0,0,0,0,0,0,0,0,0
361149,0,1,1995,0,0,0,0,0,0,0,0,0,0
361149,1,1,1995,0,0,0,0,0,0,0,0,0,0
361150,0,1,1995,0,0,0,0,0,0,0,0,0,0
361150,0,2,1995,0,0,0,0,0,0,0,0,0,6
361150,1,1,1995,0,0,0,0,0,0,0,0,0,0
361151,0,1,1995,24,25,0,16,3,38,25,33,24,11
361151,1,1,1995,0,4,0,0,0,0,0,0,0,0
361152,1,1,1995,0,0,0,0,0,0,0,0,0,0
361152,2,1,1995,0,0,0,0,0,0,0,0,0,0
361153,1,1,1995,0,0,0,0,0,0,0,0,0,0
361153,2,1,1995,0,0,0,0,0,0,0,0,0,0
361154,1,1,1995,0,0,0,0,0,0,0,0,0,0
361154,2,1,1995,0,0,0,0,0,0,0,0,0,0
361155,1,1,1995,0,0,0,0,16,0,0,0,0,0
361155,2,1,1995,5,0,0,0,0,0,0,0,0,0
361156,1,1,1995,0,0,0,0,0,0,0,0,0,0
361156,2,1,1995,0,0,0,0,0,0,0,0,0,0
361157,1,1,1995,0,0,0,0,0,0,0,0,0,0
361157,2,1,1995,0,0,0,0,0,0,0,0,0,0
361158,1,1,1995,0,0,0,0,0,0,0,0,0,0
361159,1,1,1995,0,0,0,0,0,0,0,0,0,0
361159,2,1,1995,0,0,0,0,0,0,0,0,0,0
361160,1,1,1995,0,0,0,0,0,0,0,0,0,0
361160,2,1,1995,0,0,0,0,0,0,0,0,0,0
361161,1,1,1995,0,0,0,0,0,0,0,0,0,0
361162,1,1,1995,0,0,0,0,0,0,0,0,0,0
361163,1,1,1995,12,12,12,12,12,12,12,12,12,12
361164,1,1,1995,24,10,12,21,25,11,15,16,0,0
361165,1,1,1995,0,0,0,0,0,0,0,0,0,0
361166,1,1,1995,0,0,0,0,0,0,0,0,0,0
361167,1,1,1995,0,0,0,0,0,0,0,0,0,0
361167,2,1,1995,0,0,0,0,0,0,0,0,0,0
361168,1,1,1995,0,0,0,0,0,0,0,0,0,0
361168,2,1,1995,0,0,0,0,0,0,0,0,0,0
361168,3,1,1995,0,0,0,0,0,0,0,0,0,0
361169,1,1,1995,0,0,0,0,0,0,0,0,0,0
361170,1,1,1995,0,0,0,0,0,0,0,17,0,0
361170,2,1,1995,0,0,0,0,0,0,0,0,0,0
361171,1,1,1995,8,14,10,7,33,20,22,11,16,19
361172,0,1,1995,0,0,0,0,0,0,0,0,0,0
361172,1,1,1995,0,0,0,0,0,0,0,0,0,0
361173,1,1,1995,0,0,0,0,0,0,0,0,0,0
361173,2,1,1995,0,0,0,0,0,0,0,0,0,0
361174,1,1,1995,0,0,0,0,0,0,0,0,0,0
361175,1,1,1995,0,0,0,0,0,0,0,0,0,0
361175,2,1,1995,0,0,0,0,0,0,0,0,0,0
361175,3,1,1995,0,0,0,0,0,0,0,0,0,0
361175,4,1,1995,0,0,0,0,0,0,0,0,0,0
361176,1,1,1995,0,0,0,0,0,0,0,0,0,0
361176,2,1,1995,0,0,0,0,0,0,0,0,0,0
361177,1,1,1995,0,0,0,0,0,0,0,0,0,0
361177,2,1,1995,0,0,0,0,0,0,0,0,0,0
361177,3,1,1995,0,0,0,0,0,0,0,0,0,0
361178,0,1,1995,0,0,0,0,0,0,0,0,0,0
361178,1,1,1995,0,0,0,0,0,0,0,0,0,0
361179,0,1,1995,0,0,0,0,0,0,0,0,0,0
361179,1,1,1995,0,0,0,0,0,0,0,0,0,0
361180,1,1,1995,0,0,0,0,0,0,0,0,0,0
361180,2,1,1995,0,0,0,0,0,0,0,0,0,0
361181,0,1,1995,0,0,0,0,0,0,0,0,0,0
361181,1,1,1995,0,0,0,0,0,0,0,0,0,0
361182,0,1,1995,0,0,0,0,0,0,0,0,0,0
361182,1,1,1995,0,0,0,0,0,0,0,0,0,0
361183,0,1,1995,0,0,0,0,0,0,0,0,0,0
361184,0,1,1995,0,0,0,0,0,0,0,0,0,0
361184,1,1,1995,0,0,0,16,0,0,0,0,0,0
361185,1,1,1995,0,0,0,0,0,0,0,0,0,0
361185,2,1,1995,0,0,0,0,0,0,0,0,0,0
361186,1,1,1995,11,20,13,9,18,5,21,25,39,0
361187,1,1,1995,14,15,8,11,12,8,23,25,12,17
361188,0,1,1995,0,0,0,0,0,0,0,0,0,0
361188,1,1,1995,0,0,0,0,0,0,0,0,0,0
361189,0,1,1995,0,0,0,0,0,0,0,0,0,0
361189,1,1,1995,0,0,0,0,0,0,0,0,0,0
361190,0,1,1995,1,1,1,1,1,1,1,1,1,1
361190,1,1,1995,0,0,0,0,0,0,0,0,0,0
361191,1,1,1995,0,0,0,0,0,0,0,0,8,0
361191,2,1,1995,0,0,0,0,0,0,0,0,0,0
361191,3,1,1995,0,0,0,0,0,0,0,0,0,0
361192,1,1,1995,0,0,0,0,0,0,0,0,0,0
361192,2,1,1995,0,0,0,0,0,0,0,0,0,0
361193,1,1,1995,0,0,0,0,0,0,0,0,0,0
361193,2,1,1995,0,0,0,0,0,0,0,0,0,0
361194,0,1,1995,0,0,0,0,0,0,0,0,0,0
361194,1,1,1995,0,0,0,0,0,0,0,0,0,0
361196,0,1,1995,0,0,0,0,0,0,0,0,0,0
361196,1,1,1995,0,0,0,0,0,0,0,0,0,0
361197,0,1,1995,33,33,33,33,33,33,33,33,33,33
361197,1,1,1995,0,0,0,0,0,0,0,0,0,0
361198,0,1,1995,0,0,0,0,0,0,0,0,0,0
361198,1,1,1995,0,0,0,0,0,0,0,0,0,0
361199,1,1,1995,0,0,0,0,0,0,0,0,0,0
361199,2,1,1995,0,0,0,0,0,0,0,0,0,0
361200,0,1,1995,0,0,0,0,0,0,0,0,0,0
361200,1,1,1995,0,0,0,0,0,0,0,0,0,0