ST_CASE,VEH_NO,PER_NO,YEAR,P1,P2,P3,P4,P5,P6,P7,P8,P9,P10
361201,0,1,1995,13,13,13,13,13,13,13,13,13,13
361201,0,2,1995,6,15,31,28,0,22,21,36,0,23
361201,1,1,1995,0,0,0,0,0,0,0,0,0,0
361202,0,1,1995,2,2,2,2,2,2,2,2,2,2
361202,1,1,1995,11,14,13,12,22,11,15,30,0,9
361203,1,1,1995,0,0,0,0,0,0,0,0,0,0
361204,0,1,1995,20,20,20,20,20,20,20,20,20,20
361204,1,1,1995,0,0,0,0,17,0,0,0,0,0
361205,1,1,1995,22,22,22,22,22,22,22,22,22,22
361206,1,1,1995,0,0,0,0,0,0,0,0,0,0
361207,1,1,1995,15,15,15,15,15,15,15,15,15,15
361208,1,1,1995,19,19,19,19,19,19,19,19,19,19
361209,1,1,1995,0,0,0,0,0,0,0,0,0,0
361209,2,1,1995,3,0,10,0,0,0,0,0,0,0
361210,0,1,1995,0,0,0,0,0,0,0,0,0,0
361210,1,1,1995,0,0,14,0,0,0,0,0,0,0
361211,1,1,1995,0,0,0,0,0,0,0,0,0,0
361212,0,1,1995,34,34,34,34,34,34,34,34,34,34
361212,1,1,1995,38,0,17,0,4,0,0,0,24,15
361213,0,1,1995,28,28,28,28,28,28,28,28,28,28
361213,1,1,1995,21,23,0,34,24,19,14,0,0,0
361214,1,1,1995,15,15,15,15,15,15,15,15,15,15
361214,2,1,1995,18,13,15,18,9,10,20,10,6,11
361215,1,1,1995,0,20,0,0,0,0,0,0,0,0
361215,2,1,1995,0,0,0,0,0,0,0,0,0,4
361216,1,1,1995,0,0,0,0,0,0,0,0,0,0
361216,2,1,1995,0,19,0,0,0,0,0,0,0,0
361217,1,1,1995,0,0,0,0,0,0,0,0,0,0
361217,2,1,1995,0,0,0,0,0,0,0,0,0,0
361218,0,1,1995,0,0,0,0,0,0,0,0,0,0
361218,1,1,1995,0,0,0,0,0,0,0,0,0,0
361219,1,1,1995,0,0,0,0,0,0,0,0,0,0
361220,1,1,1995,22,16,10,13,20,19,27,11,5,11
361221,1,1,1995,0,0,0,0,0,0,0,0,0,0
361221,2,1,1995,0,0,0,24,0,0,0,0,0,25
361222,1,1,1995,0,0,0,0,0,0,0,0,0,0
361222,2,1,1995,14,11,0,4,23,0,23,0,0,23
361223,1,1,1995,20,20,20,20,20,20,20,20,20,20
361224,1,1,1995,0,0,0,0,0,0,0,0,0,0
361224,2,1,1995,0,0,0,0,0,0,0,0,0,0
361225,1,1,1995,6,6,6,6,6,6,6,6,6,6
361225,2,1,1995,0,0,0,0,0,0,0,0,0,0
361226,1,1,1995,0,0,0,0,0,0,0,0,0,0
361226,2,1,1995,0,0,0,0,0,0,0,0,0,0
361227,0,1,1995,12,12,12,12,12,12,12,12,12,12
361227,0,2,1995,0,0,28,17,20,21,26,9,12,16
361227,1,1,1995,0,0,0,0,0,0,0,0,0,0
361227,2,1,1995,0,0,0,0,0,0,0,0,0,0
361228,1,1,1995,24,24,24,24,24,24,24,24,24,24
361228,2,1,1995,31,9,4,8,17,21,16,7,5,4
361229,1,1,1995,0,0,0,0,0,0,0,0,0,0
361230,1,1,1995,0,0,0,0,0,0,0,0,0,0
361230,2,1,1995,0,0,0,0,0,0,0,0,0,0
361231,0,1,1995,0,0,0,0,0,0,0,0,0,0
361231,1,1,1995,0,0,28,0,0,0,0,0,0,0
361232,0,1,1995,0,0,0,0,0,0,0,0,0,0
361232,1,1,1995,0,0,0,0,0,0,0,0,0,0
361233,0,1,1995,0,0,0,0,0,0,0,0,0,0
361233,1,1,1995,0,0,0,0,0,0,0,0,0,0
361234,1,1,1995,0,0,0,0,0,0,0,0,0,0
361235,0,1,1995,0,0,0,0,0,0,0,0,0,0
361235,0,2,1995,0,0,0,0,0,0,0,0,0,0
361235,1,1,1995,0,0,0,0,0,0,0,0,0,0
361235,2,1,1995,0,0,0,0,0,0,0,0,0,0
361236,1,1,1995,0,0,0,0,0,0,0,0,0,0
361236,2,1,1995,0,0,0,0,0,0,0,0,0,0
361236,3,1,1995,0,0,0,0,0,0,0,0,0,0
361237,1,1,1995,0,0,0,0,0,0,0,0,0,0
361237,2,1,1995,0,0,0,0,0,0,0,0,0,0
361238,0,1,1995,10,10,10,10,10,10,10,10,10,10
361238,1,1,1995,0,0,0,0,0,0,0,0,0,0
361239,1,1,1995,0,0,0,0,0,0,0,0,0,0
361239,2,1,1995,0,0,0,0,0,0,0,0,0,0
361240,1,1,1995,27,27,27,27,27,27,27,27,27,27
361241,0,1,1995,0,0,0,0,0,0,0,0,16,0
361241,1,1,1995,0,0,0,0,0,0,0,0,0,0
361242,1,1,1995,0,0,0,17,0,0,0,0,0,0
361242,2,1,1995,0,0,0,0,0,0,0,0,0,0
361243,1,1,1995,15,18,12,24,7,9,36,12,37,13
361244,1,1,1995,0,0,0,0,0,0,0,0,0,0
361245,1,1,1995,0,0,0,0,0,0,0,0,0,0
361246,1,1,1995,5,5,5,5,5,5,5,5,5,5
361247,1,1,1995,0,0,0,0,0,0,0,0,0,0
361248,1,1,1995,9,10,9,13,7,12,10,2,16,6
361248,2,1,1995,7,7,7,7,7,7,7,7,7,7
361249,1,1,1995,0,0,0,0,0,0,0,0,0,0
361249,2,1,1995,0,0,0,0,0,0,0,0,0,0
361250,0,1,1995,0,0,0,0,0,0,0,0,0,0
361250,1,1,1995,12,18,19,29,6,15,20,18,9,22
361251,0,1,1995,0,0,0,0,0,0,0,0,0,0
361251,1,1,1995,0,0,0,0,0,0,0,0,0,0
361252,1,1,1995,0,0,0,0,0,0,0,0,0,0
361253,0,1,1995,0,0,33,26,14,0,23,43,23,0
361253,0,2,1995,0,0,0,0,0,0,0,0,0,0
361253,0,3,1995,25,0,0,0,33,0,0,0,0,0
361253,4,1,1995,0,0,0,0,0,0,0,0,0,0
361254,0,1,1995,0,0,0,0,0,0,0,0,0,0
361254,1,1,1995,0,4,0,0,0,4,0,0,0,0
361255,0,1,1995,0,0,0,0,0,0,0,0,0,0
361255,1,1,1995,0,0,0,0,0,0,0,0,0,0
361256,1,1,1995,0,0,0,0,28,0,0,0,0,0
361256,2,1,1995,0,0,0,0,0,0,0,0,0,0
361257,0,1,1995,0,0,0,0,0,0,0,0,0,0
361257,1,1,1995,0,0,0,0,0,0,0,0,0,0
361258,1,1,1995,0,0,0,0,0,0,0,0,0,0
361258,2,1,1995,0,0,0,0,0,0,0,0,0,0
361259,1,1,1995,0,0,0,0,0,0,0,0,0,0
361260,1,1,1995,0,0,0,0,0,0,0,0,0,0
361261,0,1,1995,0,0,27,0,0,41,0,0,0,0
361261,1,1,1995,0,0,0,0,12,18,0,0,0,0
361262,0,1,1995,22,0,13,0,13,15,20,0,0,0
361262,1,1,1995,0,0,0,0,0,0,0,0,0,0
361263,0,1,1995,0,0,0,0,0,0,0,0,0,0
361263,1,1,1995,0,0,0,0,0,10,0,0,0,0
361264,0,1,1995,0,0,0,0,0,0,0,0,0,0
361264,1,1,1995,0,0,0,0,0,0,0,0,0,0
361265,0,1,1995,0,0,0,0,0,0,0,0,0,0
361265,1,1,1995,0,0,0,0,0,0,0,0,0,0
361266,1,1,1995,0,0,0,0,0,0,0,0,0,0
361266,2,1,1995,0,0,0,0,0,0,0,0,0,0
361267,0,1,1995,12,20,14,0,0,12,12,0,12,0
361267,1,1,1995,20,5,9,21,5,29,24,15,25,10
361267,2,1,1995,0,0,0,0,0,0,0,0,0,0
361268,1,1,1995,0,0,0,0,0,0,0,0,0,0
361268,2,1,1995,0,0,0,0,0,0,0,0,0,0
361269,1,1,1995,26,26,26,26,26,26,26,26,26,26
361270,0,1,1995,0,0,0,0,0,0,0,0,0,0
361270,1,1,1995,0,0,0,0,0,0,0,0,0,0
361271,0,1,1995,0,0,0,0,0,0,0,0,0,0
361271,1,1,1995,0,0,0,0,0,0,0,0,0,0
361271,2,1,1995,0,0,0,0,0,0,0,0,0,0
361271,3,1,1995,0,11,0,0,0,0,0,0,0,0
361272,0,1,1995,0,0,0,0,0,0,0,0,0,0
361272,1,1,1995,9,0,0,0,0,0,0,0,0,0
361273,1,1,1995,0,0,0,0,0,0,0,0,0,0
361273,2,1,1995,0,0,0,0,0,0,0,0,0,0
361273,3,1,1995,0,0,0,0,0,0,0,0,0,0
361274,0,1,1995,0,0,0,0,0,0,0,0,0,0
361274,1,1,1995,0,0,0,0,0,0,0,0,0,0
361275,1,1,1995,18,8,4,15,8,6,27,6,14,17
361276,0,1,1995,0,0,0,0,0,0,0,0,0,0
361276,1,1,1995,0,0,0,7,0,0,0,0,17,0
361277,1,1,1995,0,0,0,0,0,0,0,0,0,0
361277,2,1,1995,0,0,0,0,0,0,0,0,0,0
361278,1,1,1995,28,28,28,28,28,28,28,28,28,28
361279,1,1,1995,16,16,16,16,16,16,16,16,16,16
361280,1,1,1995,0,0,0,0,0,0,0,0,0,0
361281,1,1,1995,0,0,0,0,0,0,0,0,0,0
361282,1,1,1995,12,12,12,12,12,12,12,12,12,12
361283,0,1,1995,0,0,0,0,0,0,0,0,0,0
361283,1,1,1995,0,0,0,0,0,0,0,0,0,0
361284,1,1,1995,7,22,21,0,8,17,6,9,22,0
361284,2,1,1995,8,0,0,0,0,0,0,0,0,0
361284,3,1,1995,0,0,0,0,0,0,0,0,0,0
361285,1,1,1995,0,0,0,0,0,0,0,0,0,0
361285,2,1,1995,0,0,0,0,0,0,0,0,0,0
361286,1,1,1995,0,0,0,0,0,0,0,0,0,0
361286,2,1,1995,0,0,0,0,0,0,0,0,0,0
361287,0,1,1995,0,0,0,0,0,0,0,0,0,0
361287,0,2,1995,0,20,0,0,0,0,0,20,8,33
361287,1,1,1995,0,0,0,0,0,0,0,0,0,0
361288,1,1,1995,0,0,0,0,0,0,0,0,0,0
361289,0,1,1995,0,0,0,0,0,0,0,0,0,0
361289,1,1,1995,0,0,0,0,0,0,0,0,0,0
361290,1,1,1995,0,0,0,0,0,0,0,0,0,0
361290,2,1,1995,0,0,0,0,0,0,0,0,0,0
361291,1,1,1995,5,14,0,0,27,0,22,0,0,0
361292,0,1,1995,0,0,0,0,0,0,0,0,0,0
361292,1,1,1995,0,0,0,0,0,0,0,0,0,0
361293,1,1,1995,0,0,0,0,0,0,0,0,0,0
361293,2,1,1995,0,0,0,0,0,0,0,0,0,0
361293,3,1,1995,0,0,0,0,0,0,0,0,0,0
361294,1,1,1995,12,25,10,12,0,23,17,9,22,28
361295,1,1,1995,25,25,25,25,25,25,25,25,25,25
361296,0,1,1995,0,0,0,0,0,0,0,0,0,0
361296,1,1,1995,0,0,0,0,8,0,0,0,0,0
361297,0,1,1995,0,0,0,0,0,0,0,0,0,0
361297,1,1,1995,0,0,0,0,0,0,0,0,0,0
361298,0,1,1995,0,0,0,0,0,0,0,0,0,0
361298,1,1,1995,0,0,0,0,0,22,0,0,0,0
361299,1,1,1995,0,0,0,0,0,0,0,0,0,0
361299,2,1,1995,0,0,0,0,0,0,0,0,0,0
361299,3,1,1995,0,0,0,0,0,0,0,0,0,0
361300,0,1,1995,0,0,0,0,0,0,0,0,0,0
361300,1,1,1995,16,0,11,11,14,7,12,0,12,14
361301,0,1,1995,0,0,0,0,0,0,0,0,0,0
361301,1,1,1995,0,0,0,0,0,0,0,0,0,0
361302,1,1,1995,0,0,0,6,0,0,0,0,0,7
361303,1,1,1995,0,0,0,0,0,0,0,0,0,0
361304,0,1,1995,0,0,0,0,0,0,0,0,0,0
361304,1,1,1995,0,0,0,0,0,0,0,0,0,0
361305,1,1,1995,10,22,12,27,6,18,31,18,14,12
361305,2,1,1995,0,0,0,0,0,0,0,0,0,0
361305,3,1,1995,0,0,0,9,0,0,0,0,0,0
361306,1,1,1995,0,0,0,0,0,0,0,0,0,0
361306,2,1,1995,0,0,0,0,0,0,0,0,0,0
361307,1,1,1995,0,0,0,0,0,0,0,0,0,0
361307,2,1,1995,0,0,0,0,0,0,0,0,20,0
361308,1,1,1995,0,0,0,0,0,0,0,0,0,0
361308,2,1,1995,0,0,0,0,0,0,0,0,0,0
361309,1,1,1995,0,0,0,0,0,0,0,0,0,0
361309,2,1,1995,0,0,0,0,0,0,0,0,0,0
361310,1,1,1995,0,0,0,0,0,0,0,0,0,0
361310,2,1,1995,0,0,0,0,0,0,11,0,0,0
361311,1,1,1995,0,0,0,0,0,0,0,0,0,0
361311,2,1,1995,0,0,0,0,0,0,0,0,0,0
361312,0,1,1995,0,0,17,36,0,19,0,0,0,29
361312,1,1,1995,0,0,0,0,0,0,0,15,0,0
361313,0,1,1995,0,0,0,0,0,0,0,0,0,0
361313,1,1,1995,0,0,0,0,0,0,0,0,0,0
361314,1,1,1995,9,0,0,15,11,0,0,0,0,0
361315,0,1,1995,0,0,0,0,0,0,0,0,0,0
361315,1,1,1995,0,0,0,0,0,0,0,0,0,0
361316,0,1,1995,16,16,16,16,16,16,16,16,16,16
361316,1,1,1995,0,0,0,0,0,22,0,16,0,0
361317,1,1,1995,0,0,0,0,0,0,0,0,0,0
361317,2,1,1995,0,0,0,0,0,0,0,0,0,0
361318,1,1,1995,0,0,0,0,0,0,0,0,0,0
361318,2,1,1995,0,0,0,0,0,0,0,0,0,0
361319,0,1,1995,0,0,0,0,0,0,25,0,0,0
361319,1,1,1995,0,0,0,0,0,0,0,0,0,0
361319,2,1,1995,0,0,0,0,0,0,0,0,0,0
361320,0,1,1995,0,0,0,0,0,0,0,0,0,0
361320,1,1,1995,0,0,0,0,0,8,0,0,0,0
361321,1,1,1995,0,0,0,0,0,0,0,0,0,0
361321,2,1,1995,0,0,0,0,0,0,0,0,0,0
361321,3,1,1995,0,0,0,0,0,0,0,0,0,6
361322,1,1,1995,0,0,0,0,0,0,0,0,0,0
361322,2,1,1995,0,0,4,0,0,0,0,0,12,0
361323,1,1,1995,3,3,3,3,3,3,3,3,3,3
361323,2,1,1995,0,0,0,0,0,0,0,0,0,0
361324,1,1,1995,9,15,15,12,7,18,7,14,20,26
361325,1,1,1995,19,19,19,19,19,19,19,19,19,19
361326,0,1,1995,8,0,8,0,0,12,9,9,6,0
361326,1,1,1995,0,0,0,0,0,0,0,0,0,0
361327,1,1,1995,0,0,0,0,0,0,0,0,0,0
361327,2,1,1995,0,0,0,0,0,0,0,0,0,0
361328,1,1,1995,0,0,0,0,0,0,0,0,0,0
361328,2,1,1995,0,0,0,0,0,0,0,0,0,0
361329,1,1,1995,0,0,0,0,0,0,0,0,0,0
361330,1,1,1995,19,19,19,19,19,19,19,19,19,19
361331,0,1,1995,0,0,0,0,0,0,0,0,0,0
361331,1,1,1995,11,10,6,7,12,21,16,32,6,0
361332,1,1,1995,0,0,0,0,0,0,0,0,0,0
361333,0,1,1995,0,0,0,0,0,0,0,0,0,0
361333,1,1,1995,0,0,0,0,0,0,0,0,0,0
361334,0,1,1995,0,0,0,0,0,0,0,0,0,0
361334,1,1,1995,0,0,0,22,0,0,0,0,0,0
361335,0,1,1995,0,0,0,0,0,0,0,0,0,0
361335,1,1,1995,0,0,0,0,0,0,0,0,0,0
361336,1,1,1995,22,22,22,22,22,22,22,22,22,22
361336,2,1,1995,0,0,0,6,0,0,0,0,0,0
361337,0,1,1995,15,15,15,15,15,15,15,15,15,15
361337,1,1,1995,12,8,0,0,0,0,0,0,0,0
361338,1,1,1995,0,0,0,0,0,0,0,0,0,0
361339,1,1,1995,0,0,0,0,0,0,0,0,0,0
361340,1,1,1995,0,0,0,0,0,0,0,0,0,0
361340,2,1,1995,0,0,0,0,0,0,0,0,0,0
361341,1,1,1995,10,10,10,10,10,10,10,10,10,10
361342,1,1,1995,7,17,12,6,17,14,30,24,8,14
361343,0,1,1995,20,20,20,20,20,20,20,20,20,20
361343,1,1,1995,0,0,0,0,0,0,0,0,0,0
361343,2,1,1995,0,0,0,0,0,0,0,0,0,0
361344,1,1,1995,15,21,4,11,16,9,27,13,8,7
361345,1,1,1995,0,0,0,0,0,0,0,0,0,0
361346,1,1,1995,18,18,18,18,18,18,18,18,18,18
361346,2,1,1995,11,18,15,17,7,9,17,8,4,0
361347,1,1,1995,19,19,19,19,19,19,19,19,19,19
361348,1,1,1995,0,0,0,0,0,0,0,0,0,0
361349,1,1,1995,0,0,0,0,0,0,0,0,0,0
361349,2,1,1995,0,0,0,8,0,0,11,0,0,0
361350,0,1,1995,0,5,0,0,0,0,0,0,0,0
361350,1,1,1995,0,0,0,0,0,0,0,0,0,0
361351,1,1,1995,12,12,12,12,12,12,12,12,12,12
361352,0,1,1995,0,0,0,0,0,0,0,0,0,0
361352,1,1,1995,0,0,0,0,0,0,0,0,0,0
361353,1,1,1995,0,0,0,0,0,0,0,0,0,0
361354,1,1,1995,8,8,8,8,8,8,8,8,8,8
361355,1,1,1995,0,0,8,13,12,6,9,13,5,11
361355,2,1,1995,0,0,0,0,0,0,0,0,0,0
361355,3,1,1995,0,0,0,0,0,0,0,0,0,0
361356,1,1,1995,26,9,27,34,14,14,14,26,10,8
361356,2,1,1995,0,0,0,0,15,0,0,0,0,7
361357,1,1,1995,0,0,0,0,0,0,0,0,0,0
361358,1,1,1995,0,8,0,0,0,0,0,0,0,0
361359,0,1,1995,0,0,0,0,0,0,0,0,0,0
361359,1,1,1995,0,0,0,0,0,0,0,0,0,0
361360,0,1,1995,0,0,0,0,0,0,0,0,0,0
361360,1,1,1995,0,0,0,0,0,0,0,0,0,0
361361,1,1,1995,0,0,12,0,0,0,0,0,0,0
361361,2,1,1995,0,0,0,6,0,0,0,0,0,0
361362,1,1,1995,0,16,0,0,0,0,19,11,17,0
361363,0,1,1995,0,0,0,0,0,0,0,0,0,0
361363,1,1,1995,0,19,5,0,0,15,11,0,0,21
361364,1,1,1995,0,0,0,0,2,0,0,0,0,0
361364,2,1,1995,0,0,0,0,0,0,0,0,0,0
361365,1,1,1995,0,0,0,0,0,0,0,0,0,0
361365,2,1,1995,0,0,0,0,0,0,0,0,0,0
361366,1,1,1995,0,0,0,20,0,0,12,0,0,0
361367,1,1,1995,14,14,14,14,14,14,14,14,14,14
361367,2,1,1995,0,0,0,0,0,0,11,0,0,0
361368,1,1,1995,0,0,0,0,0,0,0,0,0,0
361369,0,1,1995,0,0,0,0,0,0,0,0,0,0
361369,1,1,1995,0,0,0,0,0,0,0,0,0,0
361370,1,1,1995,0,15,0,0,0,0,0,0,0,0
361370,2,1,1995,3,3,3,3,3,3,3,3,3,3
361371,0,1,1995,0,0,0,0,0,0,0,0,0,0
361371,1,1,1995,0,0,0,0,0,0,0,0,0,0
361372,0,1,1995,0,0,0,0,0,0,0,0,0,0
361372,1,1,1995,0,0,0,0,0,0,0,0,0,0
361373,1,1,1995,0,0,0,0,24,0,0,0,0,0
361374,0,1,1995,0,0,0,0,0,0,0,0,0,0
361374,1,1,1995,0,0,0,0,0,0,0,0,0,0
361375,0,1,1995,0,0,0,0,0,0,0,0,0,0
361375,1,1,1995,0,0,0,0,0,0,0,0,8,10
361376,0,1,1995,0,0,0,0,0,0,0,0,0,0
361376,1,1,1995,0,0,0,0,0,0,0,0,0,0
361377,1,1,1995,0,0,0,0,0,0,0,0,0,0
361377,2,1,1995,0,0,0,0,0,0,0,0,0,0
361378,1,1,1995,0,0,0,0,0,0,0,0,0,0
361378,2,1,1995,0,0,0,0,0,0,0,0,0,0
361378,3,1,1995,0,0,0,0,0,0,0,0,0,0
361379,0,1,1995,0,0,0,0,0,0,0,0,0,0
361379,1,1,1995,14,14,14,14,14,14,14,14,14,14
361380,0,1,1995,0,0,0,0,0,0,0,0,0,0
361380,1,1,1995,0,0,0,0,0,0,0,0,0,0
361381,1,1,1995,0,0,0,0,0,0,0,0,0,0
361381,2,1,1995,0,0,0,0,0,0,0,0,0,0
361382,0,1,1995,17,17,17,17,17,17,17,17,17,17
361382,1,1,1995,0,0,0,0,0,0,0,0,0,0
361383,1,1,1995,0,0,0,16,0,0,0,0,0,0
361383,2,1,1995,0,0,0,0,0,0,0,0,0,0
361384,1,1,1995,0,0,0,0,0,0,0,0,0,0
361384,2,1,1995,0,0,0,0,0,0,0,0,0,0
361385,0,1,1995,0,0,0,0,0,0,0,0,0,0
361385,1,1,1995,0,0,0,5,0,0,0,0,0,0
361386,1,1,1995,0,0,0,10,0,0,0,0,0,0
361387,1,1,1995,0,0,0,0,0,0,0,0,0,0
361387,2,1,1995,0,0,0,0,0,0,0,0,0,0
361388,1,1,1995,0,0,0,0,0,0,0,0,0,0
361388,2,1,1995,1,16,19,22,7,6,8,10,11,12
361389,1,1,1995,14,0,0,0,0,0,0,0,0,0
361389,2,1,1995,0,0,0,0,0,0,0,0,0,0
361389,3,1,1995,0,0,0,0,0,0,0,0,0,0
361390,0,1,1995,7,7,7,7,7,7,7,7,7,7
361390,1,1,1995,0,23,0,0,11,0,0,0,0,13
361391,1,1,1995,0,0,0,0,0,0,0,0,0,0
361391,2,1,1995,0,0,0,0,0,0,0,0,0,0
361392,0,1,1995,22,29,35,22,6,11,32,27,0,23
361392,1,1,1995,0,0,0,0,0,0,0,0,0,0
361393,1,1,1995,0,0,0,0,0,20,0,0,0,27
361394,1,1,1995,0,0,0,0,0,0,0,0,0,0
361394,2,1,1995,0,0,1,0,0,0,0,0,0,0
361395,1,1,1995,0,0,0,0,0,0,0,0,0,0
361396,1,1,1995,3,0,10,12,11,19,8,12,31,26
361397,1,1,1995,0,0,0,0,0,0,0,0,0,0
361398,1,1,1995,0,0,0,0,0,0,0,0,0,0
361399,1,1,1995,0,0,0,0,0,0,0,0,0,0
361399,2,1,1995,0,0,0,0,0,0,0,0,0,0
361400,1,1,1995,0,0,0,0,0,0,0,0,0,0
361400,2,1,1995,0,0,0,0,0,0,0,0,0,0
361401,0,1,1995,0,0,0,0,0,0,0,0,0,0
361401,1,1,1995,0,0,0,0,0,0,0,0,0,0
361402,1,1,1995,0,0,0,0,0,0,0,0,0,0
361402,2,1,1995,0,0,0,0,0,0,0,0,0,0
361403,1,1,1995,0,0,0,0,0,0,0,0,0,0
361403,2,1,1995,0,0,0,0,0,0,0,0,0,0
361404,1,1,1995,0,0,0,0,0,0,0,0,0,12
361404,2,1,1995,0,0,0,0,0,0,0,0,0,0
361405,1,1,1995,0,0,0,0,0,0,0,0,0,0
361405,2,1,1995,0,0,0,0,0,0,0,0,0,0
361406,0,1,1995,0,0,0,0,0,0,0,0,0,0
361406,1,1,1995,0,0,0,0,0,0,0,0,0,0
361407,0,1,1995,0,0,0,0,0,0,0,0,0,0
361407,1,1,1995,11,9,16,2,0,13,0,5,0,7
361408,0,1,1995,0,0,0,0,0,0,0,0,0,0
361408,1,1,1995,0,0,0,10,0,0,0,0,0,0
361409,1,1,1995,0,0,0,0,0,11,0,0,0,0
361409,2,1,1995,0,0,0,0,0,11,0,0,0,0
361410,1,1,1995,0,0,0,0,0,0,0,0,0,0
361410,2,1,1995,0,0,0,0,0,0,0,0,0,0
361411,1,1,1995,0,0,0,0,0,0,0,0,0,0
361411,2,1,1995,0,0,0,0,0,0,0,0,0,0
361412,0,1,1995,0,5,0,0,0,0,0,0,0,0
361412,0,2,1995,0,0,0,0,0,0,0,0,0,0
361412,1,1,1995,0,0,0,0,0,0,0,0,0,0
361413,1,1,1995,0,0,0,0,0,0,0,0,0,0
361414,0,1,1995,0,0,0,0,0,0,0,0,0,0
361414,1,1,1995,0,0,0,11,0,0,0,0,0,0
361415,1,1,1995,33,33,33,33,33,33,33,33,33,33
361416,1,1,1995,0,0,0,0,0,0,0,0,0,0
361417,1,1,1995,0,0,0,0,0,0,0,0,0,0
361418,1,1,1995,0,0,0,0,0,0,29,17,16,0
361419,0,1,1995,0,0,0,0,0,0,0,0,0,0
361419,1,1,1995,0,0,0,0,0,0,0,0,0,0
361420,0,1,1995,0,0,0,24,28,14,10,19,16,26
361420,0,2,1995,0,0,0,0,0,0,0,0,0,0
361420,1,1,1995,0,0,0,0,0,0,0,0,0,0
361421,0,1,1995,12,12,12,12,12,12,12,12,12,12
361421,1,1,1995,0,0,0,0,0,0,0,0,0,0
361422,0,1,1995,0,0,0,0,0,0,0,0,0,0
361422,1,1,1995,0,0,0,0,0,0,0,0,0,0
361423,0,1,1995,0,0,0,0,0,0,0,0,0,0
361423,1,1,1995,0,0,0,0,0,0,0,0,0,0
361424,1,1,1995,0,0,0,0,0,0,0,0,0,0
361424,2,1,1995,0,0,0,0,0,0,0,0,0,0
361425,0,1,1995,0,0,0,0,0,23,0,0,0,0
361425,1,1,1995,0,0,0,0,0,0,0,0,0,0
361426,1,1,1995,19,17,23,12,12,8,21,15,16,23
361426,2,1,1995,0,0,0,0,0,0,0,0,0,0
361427,1,1,1995,0,0,0,0,0,0,0,0,0,0
361427,2,1,1995,0,0,0,0,0,0,0,0,0,0
361428,1,1,1995,13,13,13,13,13,13,13,13,13,13
361428,2,1,1995,0,0,0,0,0,0,0,0,0,0
361429,1,1,1995,0,0,0,0,0,0,0,0,0,0
361429,2,1,1995,0,0,13,0,0,0,0,0,0,0
361430,1,1,1995,0,0,0,0,0,0,0,0,0,0
361430,2,1,1995,0,0,0,0,0,0,5,0,0,0
361431,1,1,1995,0,0,0,0,0,0,0,0,0,0
361431,2,1,1995,0,14,0,0,0,0,0,0,0,0
361432,1,1,1995,0,0,0,0,0,0,0,0,0,0
361432,2,1,1995,0,0,0,0,0,0,0,0,0,0
361433,1,1,1995,6,6,6,6,6,6,6,6,6,6
361434,1,1,1995,0,0,0,0,0,0,0,0,0,0
361434,2,1,1995,0,0,0,0,0,0,0,0,0,0
361435,1,1,1995,13,0,0,0,0,0,0,0,0,0
361435,2,1,1995,0,0,0,0,0,0,0,0,0,0
361436,0,1,1995,0,0,0,0,0,0,0,0,0,0
361436,1,1,1995,0,0,0,0,0,0,0,0,0,0
361437,1,1,1995,0,0,0,0,6,0,0,0,0,0
361437,2,1,1995,0,0,0,0,0,0,0,0,0,0
361437,3,1,1995,0,0,0,0,0,0,0,0,0,0
361437,4,1,1995,0,0,0,0,0,0,0,0,0,0
361438,0,1,1995,0,0,0,0,0,0,0,0,0,0
361438,1,1,1995,0,0,0,0,0,0,0,0,0,0
361439,0,1,1995,0,0,0,0,0,0,0,0,0,0
361439,1,1,1995,0,0,0,0,0,0,0,0,0,0
361440,0,1,1995,0,0,0,0,0,0,0,0,0,0
361440,1,1,1995,0,0,0,0,0,0,0,0,0,0
361441,0,1,1995,23,23,23,23,23,23,23,23,23,23
361441,1,1,1995,0,0,0,0,0,0,0,0,0,0
361442,0,1,1995,16,16,16,16,16,16,16,16,16,16
361442,1,1,1995,0,0,0,0,0,0,0,0,0,0
361443,0,1,1995,0,0,0,0,0,0,0,0,0,0
361443,1,1,1995,0,0,0,0,0,0,0,0,0,0
361444,0,1,1995,34,15,0,0,0,5,28,0,0,26
361444,1,1,1995,0,0,0,0,0,0,0,0,0,0
361445,0,1,1995,0,0,0,0,0,0,0,0,0,0
361445,1,1,1995,0,0,0,0,0,0,0,0,0,0
361446,1,1,1995,25,25,25,25,25,25,25,25,25,25
361447,1,1,1995,17,9,12,21,13,0,14,8,22,15
361447,2,1,1995,0,0,0,22,0,11,0,0,0,0
361448,1,1,1995,0,12,0,2,5,0,0,0,0,0
361448,2,1,1995,38,0,0,0,0,0,37,0,0,0
361449,0,1,1995,0,0,0,0,0,0,0,0,0,0
361449,1,1,1995,0,0,0,0,11,0,8,0,0,0
361450,1,1,1995,0,0,0,0,0,0,9,0,0,0
361451,1,1,1995,19,19,19,19,19,19,19,19,19,19
361452,0,1,1995,39,39,39,39,39,39,39,39,39,39
361452,1,1,1995,0,0,0,0,0,0,0,0,0,0
361453,1,1,1995,0,0,0,0,0,0,0,0,0,0
361453,2,1,1995,0,0,0,0,0,0,24,0,0,0
361454,1,1,1995,0,0,0,0,0,0,0,0,0,0
361454,2,1,1995,0,0,0,0,0,0,0,0,0,0
361455,1,1,1995,0,0,0,0,0,0,0,18,0,0
361455,2,1,1995,0,0,0,0,0,0,0,0,0,0
361455,3,1,1995,0,0,0,0,0,0,0,0,0,0
361456,0,1,1995,0,0,0,0,0,0,0,0,0,0
361456,1,1,1995,0,0,0,0,0,0,0,0,0,0