ST_CASE,VEH_NO,PER_NO,YEAR,P1,P2,P3,P4,P5,P6,P7,P8,P9,P10
361456,2,1,1995,0,0,0,13,0,0,0,0,0,0
361457,0,1,1995,0,0,0,0,0,0,0,0,0,0
361457,1,1,1995,0,5,0,0,0,0,0,0,0,0
361458,0,1,1995,0,0,0,0,0,0,0,0,0,0
361458,1,1,1995,0,0,0,0,0,0,0,0,0,0
361459,1,1,1995,0,0,0,12,0,0,0,0,3,0
361460,0,1,1995,22,0,0,0,16,0,0,0,0,0
361460,1,1,1995,0,0,0,0,13,0,0,0,0,0
361461,0,1,1995,0,0,0,0,0,0,0,0,0,0
361461,1,1,1995,0,0,0,0,16,0,0,22,0,0
361462,1,1,1995,0,0,0,0,0,0,0,3,0,0
361463,0,1,1995,30,30,30,30,30,30,30,30,30,30
361463,1,1,1995,0,11,14,15,4,0,4,24,6,26
361464,1,1,1995,0,0,0,0,0,0,0,0,0,0
361465,1,1,1995,0,0,0,0,0,0,0,0,0,0
361465,2,1,1995,0,0,0,0,0,0,0,0,0,0
361466,0,1,1995,0,0,0,0,0,0,0,0,0,0
361466,1,1,1995,0,7,0,0,0,0,0,0,0,0
361466,2,1,1995,0,0,0,0,0,0,0,0,0,0
361467,0,1,1995,0,0,0,0,0,0,0,0,0,0
361467,1,1,1995,0,0,0,0,0,0,0,0,0,0
361468,1,1,1995,0,0,0,21,15,47,18,0,0,7
361468,2,1,1995,0,4,23,17,22,7,17,20,21,33
361469,1,1,1995,0,0,0,0,0,0,0,0,0,0
361470,0,1,1995,0,0,0,0,0,0,0,0,0,0
361470,1,1,1995,0,0,0,0,0,0,0,0,0,0
361471,0,1,1995,0,0,20,16,31,18,33,17,23,0
361471,0,2,1995,23,0,0,19,28,21,13,21,15,19
361471,1,1,1995,22,11,10,12,12,11,7,14,15,15
361472,1,1,1995,0,0,0,0,0,0,0,0,0,0
361473,0,1,1995,0,0,0,0,0,0,0,0,0,0
361473,1,1,1995,0,0,0,0,0,0,0,0,0,0
361474,0,1,1995,0,0,0,0,0,0,0,0,0,0
361474,1,1,1995,0,0,0,0,0,0,0,0,0,0
361475,0,1,1995,0,0,0,0,0,0,0,0,0,0
361475,1,1,1995,0,0,0,0,0,0,0,0,0,0
361476,1,1,1995,0,0,0,0,0,0,0,0,0,0
361476,2,1,1995,0,0,0,0,0,0,0,0,0,0
361477,1,1,1995,0,0,0,0,0,0,0,0,0,0
361477,2,1,1995,0,0,29,0,0,0,0,0,0,0
361477,3,1,1995,0,0,0,0,0,0,0,0,0,0
361478,0,1,1995,0,0,0,0,0,0,0,0,0,0
361478,1,1,1995,0,0,0,0,0,0,0,0,0,0
361479,1,1,1995,0,0,0,0,16,0,0,0,0,0
361479,2,1,1995,0,0,0,0,0,0,0,0,0,0
361480,0,1,1995,0,0,0,0,0,0,0,0,0,0
361480,1,1,1995,0,0,0,0,0,0,0,0,0,0
361481,1,1,1995,0,0,0,0,0,0,0,0,0,0
361481,2,1,1995,0,0,0,0,0,0,0,0,0,0
361482,1,1,1995,0,0,0,0,0,0,0,0,0,0
361482,2,1,1995,0,0,0,0,0,0,0,0,0,0
361483,1,1,1995,0,0,0,0,0,0,0,0,0,0
361484,1,1,1995,0,0,0,0,0,0,0,0,0,0
361485,0,1,1995,0,0,0,0,0,0,0,0,0,0
361485,1,1,1995,0,0,0,0,0,0,0,0,0,8
361486,1,1,1995,0,0,0,0,0,0,0,0,0,0
361486,2,1,1995,0,0,0,0,0,0,0,0,26,0
361487,1,1,1995,0,0,0,0,0,0,15,0,0,0
361487,2,1,1995,16,16,16,16,16,16,16,16,16,16
361488,1,1,1995,0,0,0,0,0,0,0,0,0,0
361488,2,1,1995,0,0,0,0,0,0,0,0,0,0
361489,1,1,1995,0,0,0,0,0,0,0,0,0,0
361489,2,1,1995,0,0,0,0,0,0,0,0,0,0
361490,0,1,1995,0,0,0,0,0,0,0,0,0,0
361490,1,1,1995,0,0,0,0,0,0,0,0,9,7
361491,1,1,1995,0,0,0,0,0,0,0,0,0,0
361491,2,1,1995,0,0,0,0,0,0,0,0,0,0
361492,1,1,1995,0,0,0,0,0,0,0,0,0,0
361492,2,1,1995,0,0,0,0,0,0,0,0,0,0
361493,0,1,1995,28,11,21,0,12,5,0,0,43,7
361493,1,1,1995,0,24,19,11,4,0,3,51,9,0
361494,1,1,1995,0,0,0,0,0,0,0,0,0,0
361494,2,1,1995,0,0,0,0,0,0,0,0,0,0
361495,1,1,1995,0,0,0,0,0,0,0,0,0,0
361496,1,1,1995,0,0,0,0,0,0,0,0,0,0
361496,2,1,1995,0,0,0,0,0,0,0,0,0,0
361497,1,1,1995,0,0,0,0,0,0,0,0,0,0
361497,2,1,1995,0,0,0,0,0,0,0,0,0,0
361497,3,1,1995,0,0,0,0,0,0,0,0,0,0
361498,0,1,1995,25,32,24,0,22,0,0,0,0,0
361498,1,1,1995,18,11,20,0,17,19,0,0,14,0
361499,0,1,1995,0,0,0,0,0,0,0,0,0,0
361499,1,1,1995,0,0,0,0,0,0,0,0,0,0
361500,1,1,1995,19,15,12,0,20,16,17,0,12,17
361501,1,1,1995,29,14,1,26,15,48,0,0,14,4
361502,1,1,1995,0,0,0,0,0,0,0,0,0,0
361503,1,1,1995,0,0,0,0,0,0,0,0,0,0
361503,2,1,1995,0,0,11,0,0,0,3,5,5,0
361504,1,1,1995,22,16,9,7,10,8,9,7,7,19
361504,2,1,1995,0,0,0,0,0,0,0,0,0,15
361505,0,1,1995,0,0,0,0,0,0,0,0,0,0
361505,1,1,1995,0,0,0,0,0,0,0,0,0,0
361506,0,1,1995,0,0,0,0,0,0,0,0,0,0
361506,1,1,1995,0,0,0,13,0,0,0,0,0,0
361507,0,1,1995,0,0,0,0,0,0,0,0,0,0
361507,1,1,1995,0,0,0,0,0,0,0,0,0,0
361508,0,1,1995,0,0,0,0,0,0,0,0,0,0
361508,1,1,1995,0,0,0,0,0,0,0,0,0,0
361509,0,1,1995,0,0,0,0,0,0,0,0,0,0
361509,0,2,1995,0,7,0,24,0,0,0,0,0,0
361509,1,1,1995,0,0,0,0,0,0,0,0,0,0
361510,0,1,1995,0,0,0,0,0,0,0,0,0,0
361510,1,1,1995,5,16,19,0,0,0,9,6,10,9
361511,1,1,1995,0,0,0,0,0,0,0,0,0,0
361512,1,1,1995,17,18,18,24,0,0,10,0,22,17
361512,2,1,1995,1,1,1,1,1,1,1,1,1,1
361513,1,1,1995,0,0,0,0,0,0,0,0,0,0
361514,1,1,1995,15,15,15,15,15,15,15,15,15,15
361515,0,1,1995,36,36,36,36,36,36,36,36,36,36
361515,1,1,1995,0,0,0,0,0,0,0,0,0,0
361516,1,1,1995,0,0,0,0,0,0,0,0,0,0
361516,2,1,1995,0,0,0,0,0,0,0,0,0,0
361517,0,1,1995,0,0,0,0,0,0,0,0,0,0
361517,1,1,1995,0,0,0,0,0,0,0,0,0,0
361518,0,1,1995,0,0,0,0,0,0,0,0,0,0
361518,1,1,1995,0,0,0,0,0,0,0,0,0,0
361519,0,1,1995,30,30,30,30,30,30,30,30,30,30
361519,1,1,1995,5,16,16,16,31,11,18,7,8,11
361520,0,1,1995,0,0,0,0,0,0,0,0,0,0
361520,1,1,1995,0,0,0,0,0,0,0,0,0,0
361521,0,1,1995,0,0,0,0,0,0,0,0,0,0
361521,1,1,1995,0,0,0,0,0,0,0,0,0,0
361522,1,1,1995,0,0,0,0,0,0,0,0,0,0
361522,2,1,1995,0,0,0,0,0,0,0,0,0,0
361523,0,1,1995,0,0,0,0,0,0,0,0,0,0
361523,1,1,1995,0,0,0,0,0,0,0,0,0,0
361524,1,1,1995,0,0,0,0,0,0,0,0,0,0
361524,2,1,1995,0,0,0,0,0,0,0,0,0,0
361524,3,1,1995,0,0,0,0,0,0,0,0,0,0
361525,1,1,1995,0,0,0,0,0,0,0,0,0,0
361525,2,1,1995,0,0,0,0,0,0,0,0,0,0
361526,1,1,1995,0,0,0,0,20,0,0,10,0,0
361527,1,1,1995,0,0,0,0,0,0,0,0,0,0
361527,2,1,1995,0,0,0,0,0,0,0,0,0,0
361528,1,1,1995,0,0,0,0,0,0,0,0,0,0
361529,1,1,1995,0,0,0,0,0,0,0,0,7,0
361530,0,1,1995,0,21,0,8,0,0,0,0,0,0
361530,1,1,1995,0,0,0,0,0,0,0,0,0,0
361531,1,1,1995,0,0,0,0,0,0,0,0,0,0
361532,1,1,1995,18,18,18,18,18,18,18,18,18,18
361533,1,1,1995,0,0,0,0,0,0,0,0,14,0
361534,0,1,1995,0,0,0,0,0,5,0,0,0,0
361534,1,1,1995,0,0,0,0,0,0,0,0,6,0
361535,1,1,1995,0,0,0,0,0,0,0,0,0,0
361535,2,1,1995,0,0,0,0,0,0,0,0,0,0
361536,1,1,1995,0,0,0,0,0,0,0,0,0,0
361536,2,1,1995,0,0,0,0,0,0,0,0,0,0
361537,0,1,1995,0,11,0,24,0,31,0,10,0,37
361537,1,1,1995,0,0,27,0,0,0,0,0,0,0
361538,1,1,1995,0,13,16,0,0,14,6,10,0,0
361539,0,1,1995,0,0,0,0,12,0,0,0,0,7
361539,1,1,1995,0,0,0,0,0,0,0,0,0,0
361539,2,1,1995,0,0,0,0,0,0,0,0,0,0
361539,3,1,1995,0,0,0,0,0,0,0,0,0,0
361540,0,1,1995,0,0,0,0,0,0,0,0,0,0
361540,1,1,1995,0,0,0,0,0,0,0,0,0,0
361540,2,1,1995,0,0,0,0,0,0,0,0,0,0
361541,0,1,1995,0,3,0,0,0,0,0,0,0,9
361541,1,1,1995,0,0,0,0,0,0,0,0,0,0
361542,0,1,1995,0,0,0,0,0,0,0,0,0,0
361542,1,1,1995,0,0,0,0,0,0,0,0,0,0
361543,0,1,1995,0,0,0,0,0,0,0,0,0,0
361543,1,1,1995,0,0,0,0,0,11,0,0,0,0
361544,0,1,1995,0,0,0,0,0,0,0,0,0,0
361544,1,1,1995,0,0,0,0,0,0,0,0,0,0
361545,0,1,1995,0,0,0,0,0,0,0,0,0,0
361545,1,1,1995,0,0,0,0,0,0,0,0,0,0
361546,0,1,1995,0,0,0,0,0,0,0,0,0,0
361546,1,1,1995,0,0,0,0,0,0,0,0,0,0
361547,1,1,1995,0,0,0,0,0,0,0,0,0,0
361547,2,1,1995,0,0,0,0,0,0,0,0,0,0
361548,0,1,1995,0,0,0,0,0,0,0,0,0,0
361548,1,1,1995,0,0,0,0,0,0,0,0,0,0
361549,0,1,1995,10,0,23,0,15,0,27,10,10,6
361549,2,1,1995,0,0,0,0,0,0,0,0,0,0
361550,1,1,1995,0,0,0,0,0,0,0,0,0,0
361551,1,1,1995,0,0,0,16,0,0,0,0,0,0
361552,0,1,1995,0,0,0,0,0,0,0,0,0,0
361552,1,1,1995,0,0,0,0,0,0,0,0,0,0
361552,2,1,1995,0,0,0,0,0,0,0,0,0,0
361553,0,1,1995,0,0,0,0,0,0,0,0,0,0
361553,1,1,1995,0,0,18,0,0,0,0,0,0,0
361554,0,1,1995,0,0,0,0,0,0,26,0,0,0
361554,1,1,1995,10,16,5,19,14,25,7,4,3,2
361555,1,1,1995,6,0,0,0,0,0,0,0,0,0
361556,0,1,1995,0,0,0,0,0,0,0,0,0,0
361556,1,1,1995,0,0,0,0,0,0,0,0,0,0
361557,1,1,1995,0,0,0,0,0,0,0,0,0,0
361558,0,1,1995,0,0,0,0,0,0,0,0,0,0
361558,1,1,1995,0,0,0,0,0,0,0,0,0,0
361559,1,1,1995,20,20,20,20,20,20,20,20,20,20
361560,0,1,1995,0,0,0,0,0,0,0,0,0,0
361560,1,1,1995,0,0,0,0,0,0,0,0,0,0
361561,0,1,1995,0,0,0,0,0,0,0,0,0,0
361561,1,1,1995,0,0,0,0,0,0,0,0,0,0
361562,1,1,1995,20,20,20,20,20,20,20,20,20,20
361562,2,1,1995,0,0,15,0,0,0,0,0,0,0
361563,1,1,1995,0,0,0,0,0,0,0,0,0,0
361563,2,1,1995,0,0,0,0,0,0,0,0,0,0
361564,1,1,1995,0,0,0,0,0,0,0,0,0,0
361564,2,1,1995,0,0,0,0,5,0,0,0,23,0
361565,1,1,1995,0,0,0,0,0,0,0,0,0,0
361565,2,1,1995,0,0,0,0,0,0,0,0,0,0
361566,0,1,1995,14,0,0,0,10,10,24,0,0,33
361566,1,1,1995,0,0,0,17,0,0,0,0,0,0
361567,1,1,1995,0,0,11,0,0,0,0,0,0,0
361568,0,1,1995,0,0,0,0,0,20,0,9,10,17
361568,1,1,1995,0,0,0,0,0,0,22,0,0,0
361569,1,1,1995,0,0,0,0,0,0,0,0,0,0
361569,2,1,1995,0,0,16,0,0,0,0,0,0,0
361570,0,1,1995,0,0,0,0,0,0,0,0,0,0
361570,1,1,1995,0,0,0,0,0,0,19,0,0,0
361571,1,1,1995,0,0,0,0,0,0,8,7,0,0
361572,1,1,1995,0,0,0,0,0,0,0,6,0,0
361572,2,1,1995,0,0,0,0,0,0,0,0,0,0
361573,1,1,1995,32,32,32,32,32,32,32,32,32,32
370001,1,1,1995,0,0,0,0,0,0,0,0,0,0
370002,1,1,1995,0,0,0,0,0,0,0,0,0,0
370002,2,1,1995,0,0,0,0,0,0,0,0,0,0
370002,3,1,1995,0,0,0,0,0,0,0,0,0,0
370003,1,1,1995,10,10,10,10,10,10,10,10,10,10
370004,1,1,1995,0,0,0,0,0,0,0,0,0,0
370004,2,1,1995,0,0,0,0,0,0,0,0,0,0
370005,1,1,1995,0,0,0,0,0,0,0,0,0,0
370006,1,1,1995,0,0,0,0,0,0,0,0,0,0
370006,2,1,1995,0,0,0,0,0,0,0,0,0,0
370007,1,1,1995,0,0,0,0,0,0,0,0,0,0
370007,2,1,1995,0,0,0,0,0,0,0,0,0,0
370007,3,1,1995,0,0,0,0,0,0,0,0,0,0
370008,1,1,1995,9,0,0,0,0,0,0,0,21,0
370009,1,1,1995,0,0,0,0,0,0,0,0,0,0
370010,1,1,1995,0,0,0,0,0,0,0,0,0,0
370010,2,1,1995,0,0,0,0,0,0,0,0,0,0
370011,0,1,1995,0,0,0,0,0,0,0,0,0,0
370011,1,1,1995,0,0,0,0,0,0,0,0,0,0
370012,1,1,1995,25,9,13,19,28,14,14,5,17,23
370013,1,1,1995,0,0,0,0,0,0,0,0,0,0
370013,2,1,1995,0,0,0,0,0,0,0,0,0,0
370013,3,1,1995,0,0,0,0,0,0,0,0,0,0
370013,4,1,1995,0,0,0,0,0,0,0,0,0,0
370014,1,1,1995,0,0,0,0,0,0,0,0,0,0
370014,2,1,1995,0,0,0,0,0,0,0,0,0,0
370015,1,1,1995,0,0,0,0,0,0,0,0,0,0
370015,2,1,1995,0,0,0,0,0,0,0,0,0,0
370016,0,1,1995,0,0,0,0,0,0,0,0,0,0
370016,1,1,1995,0,0,0,0,0,0,0,0,0,0
370017,1,1,1995,32,14,15,21,0,0,4,26,20,11
370018,1,1,1995,17,6,23,0,19,33,5,7,11,24
370018,2,1,1995,0,0,0,0,0,0,0,0,0,0
370019,0,1,1995,18,18,18,18,18,18,18,18,18,18
370019,1,1,1995,0,0,0,0,0,0,0,0,0,0
370020,1,1,1995,0,0,0,0,0,0,0,0,0,0
370021,1,1,1995,0,0,0,0,0,0,0,0,0,0
370021,2,1,1995,0,0,0,0,0,0,0,0,0,0
370021,3,1,1995,0,0,0,0,0,0,0,0,0,0
370022,0,1,1995,0,0,0,0,0,0,0,0,0,0
370022,1,1,1995,0,0,0,0,0,0,0,0,0,0
370023,0,1,1995,0,0,0,0,0,0,0,0,0,0
370023,1,1,1995,0,0,0,0,0,0,0,0,0,0
370024,0,1,1995,0,0,0,0,0,0,0,0,0,0
370024,1,1,1995,0,0,0,0,0,0,0,0,0,0
370025,0,1,1995,0,0,0,0,0,0,0,0,0,0
370025,1,1,1995,0,0,0,0,0,0,0,0,0,0
370026,0,1,1995,23,23,23,23,23,23,23,23,23,23
370026,1,1,1995,10,0,0,0,0,0,0,0,0,14
370027,1,1,1995,10,32,27,13,0,11,23,7,7,25
370027,2,1,1995,0,0,0,0,0,0,0,0,0,0
370028,1,1,1995,27,27,27,27,27,27,27,27,27,27
370030,1,1,1995,12,12,12,12,12,12,12,12,12,12
370031,1,1,1995,9,9,9,9,9,9,9,9,9,9
370031,2,1,1995,0,0,0,0,0,0,0,0,0,0
370032,1,1,1995,0,0,0,12,0,0,0,0,0,0
370032,2,1,1995,0,0,0,0,0,0,0,0,0,0
370032,3,1,1995,0,0,0,0,0,0,0,0,0,0
370033,1,1,1995,0,0,0,0,0,0,0,0,0,0
370033,2,1,1995,0,0,0,0,0,0,0,0,0,0
370034,0,1,1995,0,0,0,0,0,0,0,0,0,0
370034,1,1,1995,0,0,0,0,0,0,0,0,0,0
370035,1,1,1995,0,0,0,0,0,0,0,0,0,0
370035,2,1,1995,0,0,0,0,0,0,0,0,0,0
370036,1,1,1995,0,0,0,0,0,0,0,0,0,0
370037,1,1,1995,0,0,0,0,0,0,0,0,4,0
370037,2,1,1995,0,0,0,0,0,0,0,0,0,0
370038,1,1,1995,0,0,0,0,0,0,0,0,0,0
370039,1,1,1995,0,0,0,0,0,0,0,0,0,15
370040,1,1,1995,0,0,0,0,0,0,0,0,0,0
370040,2,1,1995,0,0,0,0,0,0,0,0,0,0
370041,1,1,1995,0,0,0,0,0,0,0,0,0,0
370041,2,1,1995,0,0,0,0,0,0,0,0,0,0
370041,3,1,1995,0,0,0,0,0,0,0,0,0,0
370042,1,1,1995,0,0,0,0,0,0,0,0,0,0
370043,0,1,1995,24,24,24,24,24,24,24,24,24,24
370043,1,1,1995,0,0,0,0,0,0,0,0,0,0
370044,1,1,1995,0,0,0,0,0,0,0,0,0,0
370044,2,1,1995,0,0,0,0,0,0,0,0,0,0
370044,3,1,1995,0,0,0,0,0,0,0,0,0,0
370045,1,1,1995,0,0,0,0,0,0,0,0,0,0
370046,1,1,1995,4,3,14,16,13,7,15,9,20,13
370047,1,1,1995,0,0,0,0,0,0,0,0,0,0
370048,1,1,1995,0,0,0,0,0,0,0,0,0,0
370048,2,1,1995,0,0,7,2,12,14,7,0,11,25
370049,0,1,1995,37,37,37,37,37,37,37,37,37,37
370049,1,1,1995,0,23,0,0,0,14,0,0,0,0
370050,0,1,1995,0,0,0,0,0,0,0,0,0,0
370050,1,1,1995,0,0,0,0,0,0,0,0,0,0
370051,1,1,1995,0,0,0,0,0,0,0,0,0,0
370051,2,1,1995,0,0,0,0,0,0,0,0,0,0
370052,0,1,1995,0,0,0,0,0,0,0,0,0,0
370052,1,1,1995,0,0,0,0,0,0,0,0,0,0
370053,1,1,1995,0,0,0,0,0,0,0,10,0,0
370054,1,1,1995,0,0,0,0,0,0,0,0,0,0
370054,2,1,1995,0,0,0,0,0,0,0,0,0,0
370055,1,1,1995,0,0,0,0,0,0,0,0,0,0
370055,2,1,1995,0,0,0,0,0,0,0,0,0,0
370056,0,1,1995,0,0,0,0,0,0,0,0,0,0
370056,0,2,1995,0,0,10,0,0,13,0,0,0,6
370056,0,3,1995,0,0,0,17,0,0,15,0,0,0
370056,1,1,1995,0,0,0,0,0,0,0,0,0,0
370057,0,1,1995,19,19,19,19,19,19,19,19,19,19
370057,1,1,1995,10,0,0,0,0,0,0,0,0,0
370058,1,1,1995,0,0,0,0,0,0,0,0,0,0
370059,0,1,1995,34,34,34,34,34,34,34,34,34,34
370059,1,1,1995,0,0,0,0,0,0,0,0,11,0
370060,1,1,1995,9,9,9,9,9,9,9,9,9,9
370060,2,1,1995,0,0,0,0,0,0,0,0,0,0
370061,1,1,1995,0,0,0,0,0,0,0,0,0,0
370062,0,1,1995,0,0,0,0,0,0,0,0,0,0
370062,1,1,1995,0,0,0,0,0,0,0,0,0,0
370063,1,1,1995,0,0,0,0,0,0,0,0,0,0
370064,1,1,1995,0,0,0,0,0,0,0,0,0,0
370064,2,1,1995,0,0,0,0,0,0,0,0,0,0
370065,1,1,1995,23,23,23,23,23,23,23,23,23,23
370066,1,1,1995,0,0,0,0,0,0,0,0,0,0
370066,2,1,1995,0,0,0,0,0,0,0,0,0,0
370067,1,1,1995,0,0,0,0,0,0,0,0,0,0
370067,2,1,1995,0,0,6,0,0,0,0,0,0,0
370068,1,1,1995,0,0,0,0,0,0,0,0,0,0
370068,2,1,1995,0,0,0,0,0,0,0,0,0,0
370069,1,1,1995,0,0,0,0,0,0,0,0,0,0
370069,2,1,1995,0,0,0,0,0,0,0,0,0,0
370070,0,1,1995,29,19,23,19,12,14,12,21,10,18
370070,1,1,1995,0,0,0,0,0,0,0,0,0,0
370071,1,1,1995,0,0,0,0,0,0,0,0,0,0
370071,2,1,1995,0,0,0,0,0,0,0,0,0,0
370072,1,1,1995,0,0,0,0,0,0,0,0,0,0
370072,2,1,1995,0,0,0,0,0,0,0,0,0,0
370073,1,1,1995,15,15,15,15,15,15,15,15,15,15
370074,1,1,1995,0,0,0,0,0,0,0,10,0,0
370075,1,1,1995,0,0,0,0,0,0,0,0,0,0
370076,0,1,1995,24,24,24,24,24,24,24,24,24,24
370076,1,1,1995,0,0,0,0,0,0,0,0,0,0
370077,1,1,1995,0,0,0,0,0,0,0,0,0,0
370078,1,1,1995,15,0,0,11,0,27,13,31,22,35
370079,1,1,1995,0,0,0,0,0,0,0,0,0,0
370079,2,1,1995,0,0,0,0,0,0,0,0,0,0
370079,3,1,1995,0,0,0,0,6,0,0,0,0,5
370080,1,1,1995,31,31,31,31,31,31,31,31,31,31
370080,2,1,1995,0,0,0,0,0,0,0,0,0,0
370081,0,1,1995,0,0,0,0,0,0,0,0,0,0
370081,1,1,1995,0,0,0,0,0,0,0,0,0,0
370082,1,1,1995,10,6,10,16,26,14,3,12,6,11
370082,2,1,1995,0,0,0,0,0,0,0,0,0,0
370083,1,1,1995,0,0,0,0,0,0,0,0,0,0
370083,2,1,1995,38,38,38,38,38,38,38,38,38,38
370084,1,1,1995,0,0,0,0,0,0,0,0,0,0
370084,2,1,1995,0,0,16,0,0,0,0,0,0,0
370085,1,1,1995,0,0,0,0,0,0,0,0,0,0
370086,1,1,1995,0,0,0,0,0,0,0,0,0,0
370086,2,1,1995,0,0,0,0,0,0,0,0,0,0
370086,3,1,1995,0,0,0,0,0,0,0,0,0,0
370086,4,1,1995,0,0,0,0,0,0,0,0,0,0
370087,1,1,1995,3,3,3,3,3,3,3,3,3,3
370088,1,1,1995,0,0,0,0,0,0,0,0,0,0
370088,2,1,1995,0,0,0,0,0,0,0,0,0,0
370089,0,1,1995,0,0,0,0,0,0,0,0,0,0
370089,1,1,1995,0,0,5,0,0,0,0,0,0,0
370090,1,1,1995,0,0,0,0,12,0,0,0,0,0
370091,1,1,1995,0,0,0,0,0,0,0,0,0,0
370092,1,1,1995,7,7,7,7,7,7,7,7,7,7
370093,1,1,1995,0,0,0,0,0,0,0,0,0,0
370093,2,1,1995,0,0,0,0,0,0,0,0,0,0
370094,0,1,1995,16,16,16,16,16,16,16,16,16,16
370094,1,1,1995,0,0,0,0,0,0,0,0,0,0
370095,1,1,1995,0,0,0,0,0,0,0,0,0,0
370096,0,1,1995,0,0,0,0,0,0,0,10,0,0
370096,1,1,1995,0,0,9,0,0,0,0,0,0,0
370097,1,1,1995,0,0,0,0,0,0,0,0,0,0
370097,2,1,1995,0,0,0,0,0,0,0,0,0,0
370098,1,1,1995,0,0,0,0,0,12,0,0,0,0
370098,2,1,1995,0,0,0,0,0,0,0,0,0,0
370099,1,1,1995,0,0,0,0,0,0,0,0,0,0
370099,2,1,1995,0,0,0,0,0,0,0,0,0,0
370101,1,1,1995,20,20,20,20,20,20,20,20,20,20
370102,1,1,1995,21,21,21,21,21,21,21,21,21,21
370103,1,1,1995,30,30,30,30,30,30,30,30,30,30
370104,1,1,1995,30,30,30,30,30,30,30,30,30,30
370105,1,1,1995,0,0,0,0,0,0,0,0,0,0
370106,1,1,1995,0,0,0,0,0,0,0,0,0,0
370107,1,1,1995,0,0,0,0,0,0,0,0,0,0
370107,2,1,1995,0,0,0,0,0,0,0,0,0,0
370108,1,1,1995,0,0,0,0,0,0,0,0,0,0
370108,2,1,1995,0,0,0,0,0,0,0,0,0,0
370109,1,1,1995,0,0,0,0,0,0,0,0,0,0
370109,2,1,1995,0,0,0,0,0,0,0,0,0,0
370110,1,1,1995,18,18,18,18,18,18,18,18,18,18
370110,2,1,1995,15,0,0,6,0,0,0,0,0,0
370111,1,1,1995,16,9,14,7,22,20,21,3,14,21
370112,1,1,1995,0,0,0,0,0,0,0,0,0,0
370112,2,1,1995,0,0,0,0,0,0,0,0,0,0
370112,3,1,1995,0,0,0,0,0,0,21,0,0,0
370113,1,1,1995,18,18,18,18,18,18,18,18,18,18
370114,0,1,1995,8,8,8,8,8,8,8,8,8,8
370114,1,1,1995,0,0,0,0,0,0,0,0,0,0
370115,0,1,1995,4,4,4,4,4,4,4,4,4,4
370115,1,1,1995,0,0,0,0,0,14,0,0,0,0
370116,1,1,1995,0,0,0,0,0,0,0,0,0,0
370116,2,1,1995,0,0,0,0,0,0,0,0,0,0
370117,0,1,1995,0,0,0,0,0,0,0,0,0,0
370118,1,1,1995,0,0,0,0,0,0,0,0,0,0
370119,1,1,1995,0,0,0,0,0,0,0,0,0,0
370119,2,1,1995,0,0,0,0,0,0,0,0,44,0
370120,1,1,1995,0,0,0,0,10,0,0,0,0,0
370121,1,1,1995,0,0,0,0,0,0,0,0,0,0
370122,1,1,1995,0,0,0,0,0,0,0,0,0,0
370122,2,1,1995,0,0,0,0,0,0,0,0,0,0
370123,1,1,1995,11,11,11,11,11,11,11,11,11,11
370123,2,1,1995,0,0,0,0,0,0,0,0,0,0
370124,1,1,1995,0,0,0,0,0,0,0,0,0,0
370124,2,1,1995,0,0,0,0,0,0,0,0,0,0
370125,1,1,1995,0,0,0,0,0,0,0,0,0,0
370126,1,1,1995,0,0,0,0,0,0,0,0,0,0
370127,1,1,1995,0,0,0,0,0,0,0,0,0,0
370127,2,1,1995,0,0,0,0,0,0,0,0,0,0
370128,1,1,1995,0,0,0,0,0,0,0,0,0,0
370129,1,1,1995,24,24,24,24,24,24,24,24,24,24
370130,1,1,1995,14,7,3,15,14,6,4,0,13,4
370130,2,1,1995,0,0,20,0,0,0,0,0,0,0
370131,1,1,1995,0,0,0,0,0,0,0,0,0,0
370131,2,1,1995,0,0,0,0,0,0,0,0,0,0
370131,3,1,1995,0,0,0,0,0,0,0,0,0,0
370132,1,1,1995,0,0,0,0,0,0,0,0,0,0
370132,2,1,1995,0,0,0,0,0,0,0,0,0,0
370133,0,1,1995,0,0,0,0,0,0,0,0,0,0
370133,1,1,1995,0,0,0,0,0,0,0,0,0,0
370134,0,1,1995,30,30,30,30,30,30,30,30,30,30
370134,1,1,1995,0,0,18,0,0,0,0,0,0,0
370135,1,1,1995,2,17,14,17,13,11,20,17,14,15
370136,1,1,1995,0,0,0,3,0,0,0,0,0,0
370136,2,1,1995,0,0,0,0,0,0,0,0,0,0
370137,1,1,1995,0,0,0,0,0,0,0,0,0,0
370137,2,1,1995,0,0,0,0,18,0,0,0,0,0
370138,1,1,1995,17,17,17,17,17,17,17,17,17,17
370138,2,1,1995,0,0,0,0,0,0,0,0,0,0
370139,1,1,1995,0,0,0,0,0,0,0,0,0,0
370139,2,1,1995,0,0,0,0,0,0,0,0,0,0
370140,1,1,1995,0,0,0,0,0,0,0,0,0,0
370140,2,1,1995,0,0,0,0,0,0,0,0,0,0
370141,0,1,1995,23,23,23,23,23,23,23,23,23,23
370141,1,1,1995,0,0,0,0,0,0,0,0,0,0
370142,1,1,1995,0,0,0,15,0,0,0,0,0,16
370143,1,1,1995,0,0,0,0,0,0,0,0,0,0
370143,2,1,1995,0,0,0,0,0,0,0,0,0,0
370144,1,1,1995,0,0,0,0,0,0,0,0,0,0
370145,1,1,1995,0,0,0,0,0,0,0,0,0,0
370145,2,1,1995,0,0,0,0,0,0,0,0,0,0
370146,0,1,1995,39,39,39,39,39,39,39,39,39,39
370146,1,1,1995,0,0,0,0,0,0,0,0,0,0
370147,1,1,1995,19,19,19,19,19,19,19,19,19,19
370148,1,1,1995,0,0,0,0,0,0,0,0,0,0
370149,1,1,1995,0,0,0,0,0,0,0,0,0,0
370150,1,1,1995,0,0,0,0,0,0,0,0,0,0