ST_CASE,VEH_NO,PER_NO,YEAR,P1,P2,P3,P4,P5,P6,P7,P8,P9,P10
370151,1,1,1995,6,6,6,6,6,6,6,6,6,6
370152,1,1,1995,0,0,0,0,0,0,0,0,0,0
370153,1,1,1995,0,0,0,0,0,0,0,0,0,0
370153,2,1,1995,0,0,0,0,0,0,0,0,0,0
370154,0,1,1995,0,0,0,0,0,0,0,0,0,0
370154,1,1,1995,0,0,0,0,0,0,0,0,0,0
370155,1,1,1995,0,3,0,0,0,0,0,0,0,0
370155,2,1,1995,19,19,19,19,19,19,19,19,19,19
370156,1,1,1995,12,12,12,12,12,12,12,12,12,12
370157,1,1,1995,0,18,4,20,17,9,0,3,17,13
370157,2,1,1995,0,0,0,0,0,0,0,0,0,0
370158,1,1,1995,0,0,0,0,0,0,0,0,0,0
370158,2,1,1995,0,0,0,0,0,0,0,0,0,0
370159,0,1,1995,0,0,0,0,0,0,0,0,0,0
370159,1,1,1995,0,0,0,0,0,0,0,0,0,0
370160,1,1,1995,0,0,0,0,0,0,0,0,0,0
370160,2,1,1995,0,0,0,0,0,0,0,0,0,0
370161,0,1,1995,15,15,15,15,15,15,15,15,15,15
370161,0,2,1995,0,0,0,0,0,0,0,0,0,21
370161,1,1,1995,15,20,9,16,0,14,8,18,22,16
370162,1,1,1995,0,0,0,0,0,0,0,0,0,0
370162,2,1,1995,0,0,0,0,0,0,0,0,0,0
370163,1,1,1995,0,0,0,0,0,0,8,0,0,0
370164,1,1,1995,0,0,0,0,0,0,0,0,0,0
370165,1,1,1995,0,0,0,0,0,0,0,0,0,0
370165,2,1,1995,0,0,0,0,0,0,0,0,0,0
370165,3,1,1995,0,0,0,0,0,0,0,0,0,0
370165,4,1,1995,0,0,0,0,0,0,0,0,0,0
370166,0,1,1995,0,0,0,0,0,0,0,0,0,0
370166,1,1,1995,0,0,0,0,0,0,0,0,0,0
370167,1,1,1995,29,14,15,21,17,21,29,21,12,5
370168,1,1,1995,0,0,0,0,0,0,0,0,0,0
370168,2,1,1995,0,0,0,0,0,0,0,0,0,0
370169,1,1,1995,5,5,5,5,5,5,5,5,5,5
370170,1,1,1995,0,0,0,0,0,0,0,0,0,0
370171,1,1,1995,11,14,21,25,23,31,14,18,9,11
370172,1,1,1995,0,0,0,2,0,0,0,0,0,0
370173,1,1,1995,0,0,0,0,0,0,0,0,0,0
370173,2,1,1995,22,17,10,18,19,14,6,20,17,15
370174,1,1,1995,11,11,11,11,11,11,11,11,11,11
370175,0,1,1995,0,0,0,0,0,0,0,0,0,0
370175,1,1,1995,0,0,0,0,0,0,0,0,0,0
370176,1,1,1995,0,0,0,0,0,0,0,0,0,0
370176,2,1,1995,0,0,0,0,0,0,0,0,0,0
370177,1,1,1995,0,0,0,0,0,0,0,0,0,0
370177,2,1,1995,18,0,0,0,0,0,0,0,0,0
370178,1,1,1995,10,10,10,10,10,10,10,10,10,10
370179,1,1,1995,0,0,0,0,0,0,0,0,0,0
370179,2,1,1995,0,0,0,0,0,0,0,0,0,0
370180,1,1,1995,0,0,0,0,0,0,0,0,0,0
370180,2,1,1995,0,0,0,0,0,0,0,0,0,0
370181,1,1,1995,0,0,0,0,0,0,0,0,0,0
370181,2,1,1995,0,0,0,0,0,0,0,0,0,0
370182,1,1,1995,0,0,0,0,0,0,0,0,0,0
370182,2,1,1995,0,0,0,0,0,0,0,0,0,0
370182,3,1,1995,0,0,0,0,0,0,0,0,0,0
370182,4,1,1995,0,0,0,0,0,0,0,0,0,0
370183,1,1,1995,0,0,0,0,0,0,0,0,0,0
370183,2,1,1995,0,0,0,0,0,0,0,0,0,0
370184,0,1,1995,8,8,8,8,8,8,8,8,8,8
370184,1,1,1995,0,0,0,0,0,0,0,0,0,0
370185,1,1,1995,10,16,14,14,17,17,13,11,6,22
370185,2,1,1995,0,0,0,0,0,0,0,0,0,0
370186,1,1,1995,12,12,12,12,12,12,12,12,12,12
370186,2,1,1995,0,0,0,0,0,0,0,0,0,0
370187,1,1,1995,0,0,0,0,0,0,0,23,0,0
370188,1,1,1995,0,0,0,0,0,0,0,0,0,0
370188,2,1,1995,0,0,0,0,0,0,0,0,0,0
370189,1,1,1995,0,0,0,0,0,0,0,0,0,0
370189,2,1,1995,0,0,0,0,0,0,0,0,0,0
370189,3,1,1995,0,0,0,0,0,0,0,0,0,0
370190,1,1,1995,0,0,0,0,0,0,0,0,0,0
370191,1,1,1995,16,16,16,16,16,16,16,16,16,16
370192,1,1,1995,0,0,0,0,0,0,0,0,0,0
370192,2,1,1995,0,0,0,0,0,0,0,0,0,0
370193,0,1,1995,0,0,0,0,0,0,0,0,0,0
370193,1,1,1995,0,0,0,0,0,0,11,0,0,0
370194,1,1,1995,0,0,0,0,0,0,0,0,0,0
370194,2,1,1995,0,0,0,0,0,0,0,0,0,0
370195,1,1,1995,0,0,0,0,0,0,0,0,0,0
370195,2,1,1995,0,0,0,0,0,0,0,0,0,0
370196,1,1,1995,19,19,19,19,19,19,19,19,19,19
370197,1,1,1995,0,0,0,0,0,0,0,0,0,0
370198,1,1,1995,0,0,0,0,0,0,0,0,0,0
370199,1,1,1995,0,0,0,0,0,0,0,0,0,0
370200,1,1,1995,0,0,0,0,0,0,0,0,0,0
370201,1,1,1995,0,0,0,0,0,0,0,0,0,0
370202,1,1,1995,0,0,0,0,0,0,0,0,0,0
370202,2,1,1995,11,11,11,11,11,11,11,11,11,11
370203,1,1,1995,0,0,0,0,0,0,0,0,0,0
370203,2,1,1995,0,0,0,0,0,0,0,0,0,0
370204,1,1,1995,0,0,0,0,0,0,0,0,0,0
370205,1,1,1995,0,18,15,0,12,19,0,0,0,0
370206,1,1,1995,0,0,0,0,0,0,0,0,0,0
370206,2,1,1995,13,13,13,13,13,13,13,13,13,13
370207,1,1,1995,0,0,0,0,0,0,0,0,0,0
370207,2,1,1995,0,0,0,0,0,0,0,0,0,0
370207,3,1,1995,0,0,0,0,0,0,0,0,0,0
370208,1,1,1995,0,0,0,0,0,0,0,0,0,0
370209,1,1,1995,14,14,14,14,14,14,14,14,14,14
370210,1,1,1995,34,34,34,34,34,34,34,34,34,34
370211,1,1,1995,0,0,0,0,0,0,0,0,0,0
370212,0,1,1995,0,0,0,0,0,0,0,0,0,0
370212,1,1,1995,0,0,0,0,0,0,0,0,0,0
370213,1,1,1995,0,0,0,0,0,0,0,0,0,15
370213,2,1,1995,0,0,0,0,0,0,0,0,0,0
370214,1,1,1995,0,0,0,0,0,0,0,0,0,0
370215,1,1,1995,0,0,0,0,0,0,0,25,0,0
370215,2,1,1995,0,0,0,0,0,0,0,0,0,0
370215,3,1,1995,0,0,0,0,0,0,0,0,0,0
370216,1,1,1995,0,0,0,0,0,0,0,0,0,0
370217,0,1,1995,15,15,15,15,15,15,15,15,15,15
370217,1,1,1995,0,0,0,0,0,0,0,0,0,0
370218,1,1,1995,0,0,0,0,0,0,0,0,0,0
370218,2,1,1995,0,0,0,0,0,0,0,0,0,0
370219,1,1,1995,0,0,0,0,6,0,0,0,0,0
370220,1,1,1995,0,0,0,0,0,0,0,0,0,0
370221,1,1,1995,0,0,0,18,0,0,0,0,8,0
370221,2,1,1995,0,17,0,0,0,26,0,0,16,0
370222,1,1,1995,0,0,0,0,0,0,0,0,0,0
370222,2,1,1995,0,0,0,0,0,0,0,0,0,0
370223,0,1,1995,26,26,26,26,26,26,26,26,26,26
370223,1,1,1995,0,0,0,0,0,0,0,0,0,0
370224,0,1,1995,0,0,0,0,0,0,0,0,0,0
370224,1,1,1995,20,0,15,0,0,0,0,0,0,0
370224,2,1,1995,0,0,0,0,0,0,0,0,0,0
370225,1,1,1995,25,25,25,25,25,25,25,25,25,25
370226,1,1,1995,0,0,0,0,0,0,0,0,0,0
370226,2,1,1995,0,0,0,5,0,0,0,0,0,0
370227,1,1,1995,31,31,31,31,31,31,31,31,31,31
370228,1,1,1995,0,0,0,0,0,0,0,0,0,0
370228,2,1,1995,0,0,0,0,0,0,0,0,0,0
370229,1,1,1995,0,0,0,0,0,0,0,0,0,0
370229,2,1,1995,0,0,0,0,0,0,0,0,0,0
370230,0,1,1995,0,0,0,0,0,0,0,0,0,0
370230,1,1,1995,0,0,0,0,0,0,0,0,0,0
370231,1,1,1995,31,31,31,31,31,31,31,31,31,31
370232,0,1,1995,0,0,0,0,0,0,0,0,0,0
370232,1,1,1995,0,0,0,0,0,0,0,0,0,0
370233,1,1,1995,0,0,0,0,0,0,0,0,0,0
370233,2,1,1995,0,0,0,0,0,0,0,0,0,0
370234,0,1,1995,0,0,0,0,0,0,0,0,0,0
370234,1,1,1995,0,0,0,0,0,0,0,0,0,0
370235,1,1,1995,0,0,0,0,0,17,0,0,0,0
370235,2,1,1995,0,0,0,0,0,0,0,0,0,0
370236,1,1,1995,0,0,0,0,0,0,0,0,0,0
370236,2,1,1995,32,32,32,32,32,32,32,32,32,32
370237,1,1,1995,7,0,0,0,0,0,0,0,0,0
370238,1,1,1995,0,0,0,0,0,0,0,0,0,0
370238,2,1,1995,0,0,0,0,0,0,0,0,0,0
370239,1,1,1995,0,0,0,0,0,0,0,0,0,0
370239,2,1,1995,0,0,0,0,0,0,0,0,0,0
370240,1,1,1995,0,0,0,13,0,0,0,0,18,5
370241,1,1,1995,0,0,0,0,0,0,0,0,0,0
370241,2,1,1995,20,4,7,15,14,13,11,0,11,9
370242,1,1,1995,0,0,0,0,0,0,0,0,0,0
370242,2,1,1995,0,0,0,0,0,0,0,0,0,0
370243,1,1,1995,0,0,0,0,0,0,0,0,0,0
370243,2,1,1995,0,0,0,0,0,0,0,0,0,0
370244,0,1,1995,0,0,0,0,0,0,0,0,0,0
370244,1,1,1995,0,0,0,0,0,0,0,0,0,0
370245,1,1,1995,0,0,0,0,19,0,0,0,0,0
370245,2,1,1995,0,0,0,0,0,0,0,0,0,0
370245,3,1,1995,0,0,8,0,0,0,0,0,18,17
370246,1,1,1995,0,0,0,0,0,0,0,0,0,0
370247,1,1,1995,10,10,10,10,10,10,10,10,10,10
370247,2,1,1995,0,0,0,0,0,0,0,0,0,0
370248,0,1,1995,0,0,0,0,0,0,0,0,0,0
370249,0,1,1995,0,0,0,0,0,0,0,0,0,0
370249,1,1,1995,0,0,0,0,0,0,0,0,0,0
370250,1,1,1995,0,0,0,0,0,0,0,0,0,0
370250,2,1,1995,0,0,0,0,0,0,0,0,0,0
370251,1,1,1995,0,0,0,0,0,0,0,0,0,0
370251,2,1,1995,0,0,0,0,0,0,0,0,0,0
370252,1,1,1995,0,0,0,0,0,0,0,0,0,0
370253,1,1,1995,0,0,0,0,0,0,0,0,0,0
370253,2,1,1995,0,0,0,0,0,0,0,0,0,0
370254,1,1,1995,0,0,0,0,0,0,0,0,0,0
370255,1,1,1995,16,16,16,16,16,16,16,16,16,16
370256,1,1,1995,13,17,11,6,19,12,33,24,17,9
370256,2,1,1995,0,0,0,0,0,0,0,0,0,0
370257,1,1,1995,0,9,0,0,0,0,0,0,0,0
370257,2,1,1995,0,0,0,0,0,0,0,0,0,0
370258,1,1,1995,47,47,47,47,47,47,47,47,47,47
370259,0,1,1995,0,0,0,0,0,0,0,0,0,0
370259,1,1,1995,0,0,0,0,0,0,0,0,0,0
370260,1,1,1995,0,0,0,0,0,0,0,0,0,0
370260,2,1,1995,0,0,0,0,0,0,0,0,0,0
370260,3,1,1995,0,0,0,0,0,0,0,0,0,0
370261,1,1,1995,0,0,0,0,0,0,0,0,0,0
370262,0,1,1995,0,0,0,0,0,0,0,0,0,0
370262,1,1,1995,0,0,0,0,0,0,0,0,0,0
370263,1,1,1995,0,0,0,0,0,0,0,0,0,0
370263,2,1,1995,0,0,0,0,0,0,0,0,0,0
370264,0,1,1995,7,7,7,7,7,7,7,7,7,7
370264,1,1,1995,0,0,0,0,0,0,0,0,0,0
370265,0,1,1995,25,25,25,25,25,25,25,25,25,25
370265,1,1,1995,0,0,0,0,0,0,0,0,0,0
370266,1,1,1995,0,0,0,0,0,0,0,0,0,0
370266,2,1,1995,0,0,0,0,0,0,0,0,0,0
370267,0,1,1995,0,0,0,0,0,0,0,0,0,0
370267,1,1,1995,0,0,0,0,0,0,0,0,0,14
370268,1,1,1995,0,0,0,0,0,0,0,0,0,0
370268,2,1,1995,0,10,0,0,0,0,0,0,0,21
370269,1,1,1995,0,0,0,0,0,0,0,0,0,0
370270,1,1,1995,0,0,0,0,0,0,0,0,0,0
370271,1,1,1995,0,0,0,0,0,0,0,0,0,0
370271,2,1,1995,0,0,0,0,0,0,0,0,0,0
370272,1,1,1995,22,22,22,22,22,22,22,22,22,22
370273,1,1,1995,0,0,0,0,0,0,0,0,0,0
370273,2,1,1995,0,0,0,0,0,0,0,0,0,0
370274,1,1,1995,30,30,30,30,30,30,30,30,30,30
370275,1,1,1995,0,0,0,0,0,0,0,0,0,0
370275,2,1,1995,0,0,0,0,0,0,0,0,0,0
370276,1,1,1995,5,0,0,0,0,0,0,0,0,0
370277,1,1,1995,0,0,0,0,0,0,0,0,0,0
370278,1,1,1995,26,26,26,26,26,26,26,26,26,26
370279,1,1,1995,0,0,0,0,0,0,0,0,0,0
370279,2,1,1995,0,0,0,0,0,0,0,0,0,12
370280,0,1,1995,0,0,0,0,0,0,0,0,0,0
370280,1,1,1995,0,0,0,0,0,0,0,0,0,0
370281,1,1,1995,0,0,0,0,0,0,0,7,12,0
370281,2,1,1995,0,0,0,0,0,0,0,0,0,0
370282,1,1,1995,26,26,26,26,26,26,26,26,26,26
370283,0,1,1995,26,26,26,26,26,26,26,26,26,26
370283,1,1,1995,0,0,0,0,0,0,0,0,0,0
370284,1,1,1995,0,0,0,0,0,0,0,0,0,0
370285,1,1,1995,0,16,0,0,0,0,0,0,0,0
370286,1,1,1995,17,10,6,0,7,13,9,11,16,17
370287,0,1,1995,0,0,0,0,0,0,0,0,0,0
370287,1,1,1995,0,0,0,0,0,0,0,0,0,0
370287,2,1,1995,0,0,0,0,0,0,0,0,0,0
370288,1,1,1995,20,22,3,18,32,30,21,49,22,13
370289,1,1,1995,0,0,0,0,0,0,0,0,0,0
370290,1,1,1995,0,0,0,0,0,0,0,0,0,0
370291,1,1,1995,0,0,0,0,0,0,0,0,0,0
370291,2,1,1995,0,0,0,0,0,0,0,0,0,0
370292,1,1,1995,0,0,0,0,0,0,0,0,0,0
370293,1,1,1995,14,38,8,16,16,7,32,11,23,21
370294,1,1,1995,0,0,0,0,0,0,0,0,0,0
370294,2,1,1995,0,0,0,0,0,0,0,0,0,0
370295,1,1,1995,32,32,32,32,32,32,32,32,32,32
370295,2,1,1995,0,0,0,0,0,0,0,0,0,0
370296,1,1,1995,8,8,8,8,8,8,8,8,8,8
370297,1,1,1995,16,16,16,16,16,16,16,16,16,16
370297,2,1,1995,0,0,0,0,0,0,0,0,0,0
370298,1,1,1995,0,0,0,0,0,0,0,0,0,0
370299,1,1,1995,0,0,0,0,0,0,0,0,0,0
370299,2,1,1995,0,0,0,0,0,0,0,0,0,0
370300,1,1,1995,0,0,0,0,0,26,0,0,0,0
370301,1,1,1995,20,20,20,20,20,20,20,20,20,20
370302,1,1,1995,0,0,0,0,0,0,0,0,0,19
370302,2,1,1995,0,0,0,0,0,0,0,0,0,0
370303,1,1,1995,0,0,0,0,0,0,0,0,0,0
370304,1,1,1995,21,21,21,21,21,21,21,21,21,21
370305,1,1,1995,0,0,0,0,0,0,0,0,0,0
370305,2,1,1995,5,0,0,0,0,0,0,0,0,0
370306,1,1,1995,0,11,12,6,11,12,15,11,36,11
370307,1,1,1995,10,10,10,10,10,10,10,10,10,10
370307,2,1,1995,0,0,22,0,11,0,0,0,0,0
370308,1,1,1995,0,0,0,0,0,0,0,0,0,0
370308,2,1,1995,0,0,0,0,0,0,0,0,0,0
370309,1,1,1995,0,0,0,0,0,0,0,0,0,0
370310,1,1,1995,41,41,41,41,41,41,41,41,41,41
370310,2,1,1995,0,0,0,0,0,0,0,0,0,0
370310,3,1,1995,18,0,0,0,0,0,0,0,0,0
370311,1,1,1995,35,35,35,35,35,35,35,35,35,35
370312,1,1,1995,0,0,0,0,0,0,0,0,0,0
370313,1,1,1995,19,19,19,19,19,19,19,19,19,19
370314,1,1,1995,0,0,0,0,0,0,0,0,0,0
370315,0,1,1995,0,0,0,0,0,0,0,0,0,0
370315,1,1,1995,0,0,0,0,0,0,0,0,0,0
370316,1,1,1995,0,0,0,0,0,0,0,0,0,0
370316,2,1,1995,0,0,0,0,0,0,0,0,0,0
370317,1,1,1995,0,0,0,0,0,0,0,0,0,0
370317,2,1,1995,0,0,0,0,0,0,0,0,0,0
370317,3,1,1995,0,0,0,0,0,0,0,0,0,0
370318,1,1,1995,0,0,0,0,0,0,0,0,0,0
370318,2,1,1995,0,0,0,0,0,0,0,0,0,0
370319,1,1,1995,0,0,0,0,0,0,0,0,0,0
370320,1,1,1995,0,0,0,0,0,0,0,0,0,0
370320,2,1,1995,0,0,0,0,0,0,0,0,0,0
370320,3,1,1995,5,0,0,0,0,0,0,0,0,0
370320,4,1,1995,0,0,0,0,0,0,0,0,0,0
370321,1,1,1995,0,0,0,0,0,0,0,0,0,0
370321,2,1,1995,4,4,4,4,4,4,4,4,4,4
370322,1,1,1995,22,22,22,22,22,22,22,22,22,22
370322,2,1,1995,0,0,0,0,0,0,0,0,0,0
370323,1,1,1995,0,0,0,0,0,0,0,0,0,0
370323,2,1,1995,0,0,0,0,0,0,0,0,0,0
370324,1,1,1995,0,0,6,0,0,0,0,20,0,12
370325,0,1,1995,0,0,0,0,0,0,0,0,0,0
370325,1,1,1995,0,0,0,0,0,0,0,0,0,0
370326,0,1,1995,0,0,0,0,0,0,0,0,0,0
370326,1,1,1995,0,0,0,0,0,0,7,0,0,0
370327,1,1,1995,0,0,0,0,0,0,0,0,0,0
370327,2,1,1995,0,0,0,0,0,0,0,0,0,0
370328,1,1,1995,25,26,0,10,13,15,15,17,15,23
370329,1,1,1995,16,16,16,16,16,16,16,16,16,16
370330,1,1,1995,11,17,20,11,10,0,19,24,10,18
370331,1,1,1995,0,0,0,0,0,0,0,0,0,0
370331,2,1,1995,0,0,14,0,0,0,0,0,0,0
370332,0,1,1995,21,21,21,21,21,21,21,21,21,21
370332,1,1,1995,5,6,15,11,7,21,7,4,15,7
370332,2,1,1995,0,0,0,0,0,0,0,4,0,0
370333,1,1,1995,0,0,0,0,0,0,0,0,0,0
370333,2,1,1995,0,0,0,0,0,0,0,0,0,0
370334,1,1,1995,0,0,0,0,0,0,0,0,0,0
370334,2,1,1995,0,0,0,0,0,0,0,0,0,0
370335,1,1,1995,0,0,0,0,0,0,0,0,0,0
370335,2,1,1995,0,0,0,0,0,0,0,0,0,0
370336,1,1,1995,0,0,0,0,0,0,0,0,0,0
370336,2,1,1995,0,0,0,0,0,0,0,0,0,0
370337,1,1,1995,0,0,0,0,0,0,0,0,0,0
370338,1,1,1995,18,18,18,18,18,18,18,18,18,18
370339,1,1,1995,0,0,0,0,0,0,0,0,0,0
370339,2,1,1995,0,0,0,0,0,0,0,0,0,0
370339,3,1,1995,0,0,0,0,0,0,0,0,0,0
370340,1,1,1995,0,0,0,0,0,0,0,0,0,0
370341,1,1,1995,0,0,0,0,0,0,0,0,0,0
370341,2,1,1995,0,0,0,0,0,0,0,0,0,0
370342,0,1,1995,24,24,24,24,24,24,24,24,24,24
370342,1,1,1995,0,0,0,0,0,0,0,0,0,0
370343,0,1,1995,0,0,0,0,0,0,0,0,0,0
370343,1,1,1995,17,0,0,0,0,0,0,0,0,0
370344,0,1,1995,0,0,0,0,0,0,0,0,0,0
370344,1,1,1995,0,0,0,0,0,0,0,0,0,0
370345,1,1,1995,0,0,0,0,0,0,0,0,0,0
370346,1,1,1995,0,0,0,0,0,0,0,0,0,0
370346,2,1,1995,0,0,0,0,0,0,0,0,0,0
370347,0,1,1995,7,14,20,14,24,17,17,20,12,24
370347,1,1,1995,0,0,0,0,0,0,0,0,0,0
370348,1,1,1995,28,28,28,28,28,28,28,28,28,28
370349,1,1,1995,0,0,0,0,0,0,0,0,0,0
370349,2,1,1995,0,0,0,0,0,0,0,0,0,0
370349,3,1,1995,0,0,0,0,0,0,0,0,0,0
370350,1,1,1995,0,0,0,0,0,0,0,0,0,0
370351,0,1,1995,30,30,30,30,30,30,30,30,30,30
370351,1,1,1995,0,0,0,0,0,0,0,0,0,0
370352,1,1,1995,0,0,0,0,0,0,0,0,0,0
370353,1,1,1995,0,0,0,0,0,0,0,0,0,0
370353,2,1,1995,23,6,19,15,24,12,15,22,20,24
370354,1,1,1995,7,10,15,12,17,26,12,23,39,18
370355,1,1,1995,25,25,25,25,25,25,25,25,25,25
370356,0,1,1995,0,0,0,0,0,0,0,0,0,0
370356,1,1,1995,0,0,0,0,0,0,0,0,0,0
370357,1,1,1995,0,0,0,0,0,0,0,0,0,0
370357,2,1,1995,0,0,0,0,0,0,0,0,0,0
370357,3,1,1995,0,0,0,0,0,0,0,0,0,0
370357,4,1,1995,0,0,0,0,0,0,0,0,0,0
370358,1,1,1995,0,0,0,0,0,0,0,0,0,0
370359,1,1,1995,16,11,13,12,13,14,8,6,13,18
370360,1,1,1995,0,0,0,0,0,0,0,0,0,0
370360,2,1,1995,0,0,0,0,0,0,0,0,0,0
370360,3,1,1995,0,0,0,0,0,0,0,0,0,0
370361,1,1,1995,34,34,34,34,34,34,34,34,34,34
370361,2,1,1995,2,0,0,0,5,0,0,0,0,0
370362,0,1,1995,0,0,0,0,0,0,0,0,0,0
370362,1,1,1995,0,0,0,0,0,0,0,0,0,0
370363,1,1,1995,0,0,0,0,0,0,0,0,0,0
370363,2,1,1995,0,0,0,0,0,0,0,0,0,0
370364,1,1,1995,0,0,0,0,0,0,0,0,0,0
370364,2,1,1995,0,0,0,0,0,0,0,0,0,0
370365,1,1,1995,0,0,5,0,0,0,0,0,0,0
370366,1,1,1995,23,30,11,14,33,21,17,15,21,19
370367,1,1,1995,0,0,0,0,0,0,0,0,0,0
370367,2,1,1995,0,0,0,0,0,0,0,0,0,0
370368,1,1,1995,0,0,0,0,0,0,0,0,7,0
370369,1,1,1995,0,0,0,0,0,0,0,0,0,0
370369,2,1,1995,0,0,0,0,0,0,0,0,0,0
370370,1,1,1995,0,0,0,0,0,0,0,0,0,0
370371,1,1,1995,17,17,17,17,17,17,17,17,17,17
370372,1,1,1995,0,0,0,0,0,0,0,0,0,0
370372,2,1,1995,0,0,0,0,0,0,0,0,0,0
370374,1,1,1995,35,35,35,35,35,35,35,35,35,35
370375,1,1,1995,0,0,0,0,0,0,0,0,0,0
370376,1,1,1995,0,0,0,0,0,0,0,0,0,0
370377,1,1,1995,0,0,0,0,0,0,0,0,0,0
370377,2,1,1995,0,23,0,0,0,0,17,0,0,0
370378,1,1,1995,0,0,0,0,0,0,0,0,0,0
370379,1,1,1995,7,7,7,7,7,7,7,7,7,7
370380,0,1,1995,16,16,16,16,16,16,16,16,16,16
370380,1,1,1995,0,0,0,0,0,0,0,0,0,0
370381,1,1,1995,0,0,0,0,0,0,0,0,0,0
370381,2,1,1995,0,0,0,0,0,0,0,0,0,0
370382,0,1,1995,0,0,0,0,0,0,0,0,0,0
370382,1,1,1995,0,0,0,0,0,0,0,0,0,0
370383,1,1,1995,0,0,0,0,0,0,0,18,0,0
370383,2,1,1995,0,0,0,0,0,0,0,0,0,0
370384,1,1,1995,0,0,0,0,0,0,0,0,0,14
370384,2,1,1995,0,0,0,0,0,0,0,0,0,0
370385,1,1,1995,0,0,0,0,0,3,0,0,9,0
370386,0,1,1995,0,0,0,0,0,0,0,0,0,0
370386,1,1,1995,0,0,0,0,0,0,0,1,0,0
370387,0,1,1995,0,0,0,0,0,0,0,0,0,0
370387,1,1,1995,0,0,0,0,0,0,0,0,0,0
370388,1,1,1995,0,0,0,0,0,0,0,0,0,0
370389,1,1,1995,19,8,14,7,19,6,14,10,20,14
370390,1,1,1995,0,0,0,0,0,0,0,0,0,0
370390,2,1,1995,0,0,0,0,0,0,0,0,0,0
370391,1,1,1995,0,0,0,0,0,0,0,0,0,0
370392,0,1,1995,0,0,0,0,0,0,0,0,0,0
370392,1,1,1995,0,0,0,0,0,0,0,0,0,0
370393,1,1,1995,0,0,0,0,0,0,0,0,0,0
370393,2,1,1995,0,0,0,0,0,0,0,0,0,0
370393,3,1,1995,0,0,0,0,0,0,6,0,0,0
370394,1,1,1995,0,0,0,0,0,0,0,0,0,0
370396,1,1,1995,12,11,7,9,9,14,0,0,5,7
370396,2,1,1995,0,0,0,0,0,0,0,0,0,0
370397,0,1,1995,0,0,0,0,0,0,0,0,0,0
370397,1,1,1995,0,0,0,0,0,0,0,0,0,0
370398,1,1,1995,20,20,20,20,20,20,20,20,20,20
370399,1,1,1995,0,0,0,0,0,0,0,0,0,0
370399,2,1,1995,0,0,0,0,0,0,0,0,0,0
370401,0,1,1995,3,3,3,3,3,3,3,3,3,3
370401,1,1,1995,4,0,0,0,0,0,0,0,0,0
370402,1,1,1995,0,0,0,0,0,0,0,0,0,0
370403,1,1,1995,0,0,0,0,0,0,0,0,0,0
370403,2,1,1995,0,0,0,0,0,0,0,0,0,0
370404,0,1,1995,22,22,22,22,22,22,22,22,22,22
370404,1,1,1995,9,0,0,0,0,0,0,0,0,0
370405,0,1,1995,22,22,22,22,22,22,22,22,22,22
370405,1,1,1995,0,0,0,0,12,0,0,0,0,0
370406,0,1,1995,0,0,0,0,0,0,0,0,0,0
370406,1,1,1995,0,0,0,0,0,0,0,0,0,0
370407,1,1,1995,0,0,0,0,0,0,0,0,0,0
370407,2,1,1995,0,0,0,0,0,0,0,0,0,0
370408,1,1,1995,18,18,18,18,18,18,18,18,18,18
370409,1,1,1995,0,0,0,0,0,0,0,0,0,0
370409,2,1,1995,0,0,0,0,0,0,0,0,0,0
370410,1,1,1995,0,0,0,0,0,0,0,0,0,0
370410,2,1,1995,0,0,0,0,0,0,0,0,0,0
370411,1,1,1995,31,31,31,31,31,31,31,31,31,31
370412,1,1,1995,0,0,0,0,0,0,0,0,0,0
370412,2,1,1995,0,0,0,0,0,0,0,0,0,0
370413,0,1,1995,0,0,0,0,0,0,0,0,0,0
370413,1,1,1995,0,0,0,0,0,0,0,0,0,0
370414,1,1,1995,0,0,0,0,0,0,0,0,0,0
370415,1,1,1995,0,0,0,0,0,0,0,0,0,0
370415,2,1,1995,0,0,0,0,0,0,0,0,0,0
370416,1,1,1995,13,9,10,0,13,15,0,10,31,0
370416,2,1,1995,0,0,0,0,0,0,0,0,0,0
370416,3,1,1995,0,0,0,0,0,0,0,0,0,0
370417,1,1,1995,0,0,0,0,0,0,0,0,0,0
370417,2,1,1995,0,0,0,12,0,0,0,0,0,0
370418,1,1,1995,15,15,15,15,15,15,15,15,15,15
370419,1,1,1995,0,0,0,0,0,0,0,0,0,0
370419,2,1,1995,0,0,0,0,0,0,0,0,0,0
370420,1,1,1995,0,0,0,0,0,0,0,0,0,0
370420,2,1,1995,0,0,0,0,0,0,0,0,0,0
370421,1,1,1995,0,0,0,0,0,0,0,0,0,0
370422,1,1,1995,0,0,0,0,0,0,0,0,0,0
370423,1,1,1995,0,0,0,0,0,0,0,0,0,0
370423,2,1,1995,0,0,0,0,0,0,0,0,0,0
370424,1,1,1995,0,0,0,0,0,0,0,0,0,0
370425,1,1,1995,0,0,0,0,0,0,0,0,0,0
370425,2,1,1995,0,0,0,0,0,0,0,0,0,0
370426,1,1,1995,0,0,0,0,0,0,0,0,0,0
370426,2,1,1995,23,23,23,23,23,23,23,23,23,23
370427,1,1,1995,4,14,0,0,0,9,11,9,8,9
370427,2,1,1995,0,0,0,0,0,0,0,0,0,0
370428,1,1,1995,20,13,11,15,13,17,29,25,6,16
370428,2,1,1995,0,0,0,0,0,0,0,0,0,0
370429,0,1,1995,0,0,0,0,0,0,0,0,0,0
370429,1,1,1995,0,0,0,0,0,0,0,0,0,0
370430,0,1,1995,21,21,21,21,21,21,21,21,21,21