ST_CASE,VEH_NO,PER_NO,YEAR,P1,P2,P3,P4,P5,P6,P7,P8,P9,P10
370430,1,1,1995,8,0,0,0,0,0,0,0,25,0
370431,1,1,1995,0,0,0,0,0,0,0,0,0,0
370431,2,1,1995,0,0,0,0,0,0,0,0,0,0
370432,1,1,1995,0,9,0,0,0,0,0,0,31,0
370432,2,1,1995,0,0,0,0,0,0,0,0,0,0
370433,1,1,1995,7,18,18,12,22,0,13,11,6,8
370434,1,1,1995,21,21,21,21,21,21,21,21,21,21
370435,1,1,1995,0,0,0,0,0,0,0,0,0,0
370435,2,1,1995,0,0,0,0,0,0,0,0,0,0
370436,1,1,1995,0,24,0,0,0,0,0,7,0,0
370437,1,1,1995,4,33,11,8,24,9,22,23,27,17
370438,1,1,1995,22,22,22,22,22,22,22,22,22,22
370439,0,1,1995,21,21,21,21,21,21,21,21,21,21
370439,1,1,1995,0,0,0,0,0,0,0,0,0,0
370440,1,1,1995,10,14,11,8,16,9,5,17,12,16
370441,0,1,1995,21,21,21,21,21,21,21,21,21,21
370441,1,1,1995,19,24,11,13,16,17,8,16,2,18
370442,1,1,1995,13,13,13,13,13,13,13,13,13,13
370443,1,1,1995,19,18,0,0,0,0,0,8,0,24
370444,1,1,1995,0,0,0,0,0,0,0,8,16,0
370444,2,1,1995,14,12,0,28,16,14,27,5,14,16
370445,1,1,1995,0,6,0,0,0,0,0,0,0,0
370446,1,1,1995,0,0,0,0,0,0,0,0,0,0
370447,1,1,1995,11,0,0,7,13,2,7,19,14,10
370447,2,1,1995,9,9,9,9,9,9,9,9,9,9
370448,1,1,1995,0,0,6,0,0,0,0,0,0,0
370448,2,1,1995,0,0,0,0,0,0,0,0,0,0
370449,1,1,1995,3,6,16,13,16,6,16,22,5,6
370450,1,1,1995,0,0,0,0,0,0,0,0,0,0
370450,2,1,1995,0,0,0,0,0,0,0,0,0,0
370451,1,1,1995,0,0,0,0,0,0,0,0,0,0
370451,2,1,1995,0,0,0,0,0,0,0,0,0,0
370452,1,1,1995,5,5,5,5,5,5,5,5,5,5
370453,1,1,1995,15,0,0,0,0,0,10,0,0,0
370453,2,1,1995,0,0,0,0,0,0,0,0,0,0
370454,1,1,1995,11,0,0,0,0,0,0,0,0,0
370454,2,1,1995,0,0,0,0,0,0,0,0,0,0
370455,1,1,1995,14,14,14,14,14,14,14,14,14,14
370456,0,1,1995,4,14,12,0,0,0,0,0,0,27
370456,1,1,1995,0,0,0,11,0,0,0,0,0,0
370457,0,1,1995,0,0,0,0,0,0,0,0,0,0
370457,1,1,1995,0,19,0,0,0,0,0,0,0,0
370458,1,1,1995,0,0,8,0,0,18,3,17,0,0
370459,1,1,1995,12,12,9,7,7,7,16,5,20,8
370459,2,1,1995,0,0,7,0,0,0,0,0,0,0
370460,1,1,1995,0,0,0,0,0,0,0,0,0,0
370461,1,1,1995,10,10,10,10,10,10,10,10,10,10
370462,1,1,1995,0,0,0,0,0,0,0,0,0,0
370462,2,1,1995,0,0,0,0,0,0,0,0,0,0
370463,1,1,1995,0,0,0,0,0,0,0,0,0,0
370463,2,1,1995,0,0,0,0,0,0,0,0,0,0
370464,1,1,1995,27,27,27,27,27,27,27,27,27,27
370465,1,1,1995,6,6,6,6,6,6,6,6,6,6
370466,1,1,1995,0,0,0,0,0,0,0,0,0,0
370467,1,1,1995,0,0,0,0,0,0,0,0,0,0
370468,1,1,1995,19,19,19,19,19,19,19,19,19,19
370469,1,1,1995,0,0,0,0,0,0,0,0,0,0
370470,1,1,1995,0,0,0,0,0,0,0,0,0,0
370471,1,1,1995,7,0,3,44,3,20,3,8,8,20
370471,2,1,1995,0,0,0,0,0,0,0,0,0,0
370472,1,1,1995,0,0,0,0,0,0,0,0,0,0
370472,2,1,1995,0,0,0,0,0,0,0,0,0,0
370473,1,1,1995,0,0,0,0,0,0,0,0,0,0
370474,1,1,1995,11,37,17,11,22,16,0,29,22,31
370475,0,1,1995,25,25,25,25,25,25,25,25,25,25
370475,1,1,1995,0,0,0,0,0,0,0,6,0,0
370476,1,1,1995,0,0,0,0,0,0,0,0,0,0
370477,1,1,1995,0,0,0,0,0,0,0,0,0,0
370477,2,1,1995,0,0,0,0,0,0,0,0,0,0
370478,1,1,1995,3,3,3,3,3,3,3,3,3,3
370478,2,1,1995,0,0,0,0,0,0,0,0,0,13
370479,1,1,1995,0,0,0,0,0,0,0,0,0,0
370480,1,1,1995,10,18,21,10,6,10,17,20,5,12
370481,1,1,1995,0,16,20,0,10,11,17,22,5,4
370482,1,1,1995,29,29,29,29,29,29,29,29,29,29
370483,0,1,1995,0,0,0,0,0,0,0,0,0,0
370483,1,1,1995,0,0,0,0,0,0,0,0,0,0
370484,1,1,1995,0,0,0,0,0,0,0,0,0,0
370485,1,1,1995,0,0,0,14,0,0,0,0,0,0
370486,1,1,1995,0,0,0,0,0,0,0,0,0,0
370486,2,1,1995,0,0,0,0,0,0,0,0,0,0
370487,1,1,1995,0,0,0,0,0,0,0,0,0,0
370487,2,1,1995,0,0,0,0,0,12,0,0,0,0
370488,1,1,1995,0,0,0,0,0,0,0,0,0,0
370489,1,1,1995,0,0,0,0,0,0,0,0,0,0
370489,2,1,1995,0,0,0,0,0,8,0,0,0,0
370489,3,1,1995,0,0,0,0,0,0,0,0,0,0
370490,1,1,1995,0,0,0,0,0,0,0,0,0,0
370490,2,1,1995,0,0,0,0,0,0,0,0,0,0
370491,1,1,1995,0,0,0,0,0,0,0,4,0,0
370491,2,1,1995,0,5,0,0,0,0,0,0,0,0
370492,1,1,1995,8,0,14,13,0,11,0,0,0,14
370493,0,1,1995,35,35,35,35,35,35,35,35,35,35
370493,1,1,1995,0,0,0,0,0,0,0,0,0,0
370494,0,1,1995,0,0,0,0,0,0,0,0,0,0
370494,1,1,1995,0,0,0,0,0,0,0,0,8,0
370495,1,1,1995,0,0,0,0,0,0,0,0,0,0
370496,1,1,1995,0,0,0,0,0,0,0,0,0,0
370497,1,1,1995,0,0,0,0,0,0,0,0,0,0
370497,2,1,1995,0,0,0,0,0,0,0,0,0,0
370498,0,1,1995,10,10,10,10,10,10,10,10,10,10
370498,1,1,1995,0,0,0,0,0,0,0,0,0,0
370499,0,1,1995,37,34,21,31,27,6,17,29,43,7
370499,1,1,1995,0,0,0,0,0,0,0,0,0,0
370500,1,1,1995,0,0,0,0,0,0,0,0,0,0
370500,2,1,1995,0,0,0,0,0,0,0,0,0,0
370501,1,1,1995,0,0,0,0,0,0,0,0,0,0
370502,1,1,1995,0,0,0,0,0,0,0,0,0,0
370502,2,1,1995,0,0,0,0,0,0,0,0,0,0
370503,1,1,1995,0,0,0,0,0,0,0,0,0,0
370504,1,1,1995,0,0,0,0,0,0,0,0,0,0
370504,2,1,1995,0,0,0,0,0,0,0,0,0,0
370505,1,1,1995,4,4,4,4,4,4,4,4,4,4
370506,0,1,1995,3,3,3,3,3,3,3,3,3,3
370506,1,1,1995,0,0,0,0,0,0,0,0,0,0
370507,1,1,1995,0,0,0,0,0,0,0,0,0,0
370507,2,1,1995,0,0,0,0,0,0,0,0,0,0
370508,0,1,1995,0,0,0,0,0,0,0,0,0,0
370508,1,1,1995,0,0,0,0,0,0,0,0,0,0
370509,0,1,1995,0,0,0,0,0,0,0,0,0,0
370509,1,1,1995,0,0,0,0,0,0,0,0,0,0
370510,1,1,1995,13,8,6,14,11,26,25,15,20,15
370510,2,1,1995,0,0,0,7,0,0,0,0,0,0
370511,1,1,1995,16,25,19,10,28,21,17,17,19,8
370512,1,1,1995,0,0,0,0,0,0,0,0,0,0
370512,2,1,1995,0,0,0,0,0,0,0,0,0,0
370513,0,1,1995,27,27,27,27,27,27,27,27,27,27
370513,1,1,1995,0,0,0,0,0,0,0,0,0,0
370514,1,1,1995,0,0,0,0,0,0,0,0,0,0
370514,2,1,1995,0,0,0,0,0,0,0,12,0,0
370514,3,1,1995,0,0,0,0,0,0,0,0,0,0
370515,1,1,1995,0,0,0,0,0,0,0,0,0,0
370515,2,1,1995,0,0,0,0,0,0,0,0,0,0
370516,1,1,1995,25,25,25,25,25,25,25,25,25,25
370516,2,1,1995,0,0,0,0,0,0,0,0,0,0
370517,1,1,1995,0,0,0,0,0,0,0,0,0,0
370517,2,1,1995,0,0,0,0,0,0,0,0,0,0
370518,0,1,1995,0,0,0,0,0,0,0,0,0,0
370519,0,1,1995,0,0,0,0,0,0,0,0,0,0
370519,1,1,1995,0,0,0,0,0,0,0,0,0,0
370520,1,1,1995,0,0,0,0,0,0,0,0,0,0
370520,2,1,1995,0,0,0,0,0,0,0,0,0,0
370521,0,1,1995,18,18,18,18,18,18,18,18,18,18
370521,1,1,1995,0,0,0,2,18,0,0,0,0,0
370522,0,1,1995,27,27,27,27,27,27,27,27,27,27
370522,1,1,1995,0,0,0,0,0,0,0,0,0,11
370523,1,1,1995,0,0,0,0,0,0,0,0,0,0
370524,1,1,1995,0,0,0,0,0,0,0,0,0,0
370524,2,1,1995,0,0,0,0,0,0,0,0,0,0
370524,3,1,1995,0,0,0,0,0,0,0,0,0,0
370525,0,1,1995,0,0,0,0,0,0,0,0,0,0
370525,1,1,1995,0,0,0,0,0,0,0,0,0,0
370526,1,1,1995,11,23,18,10,24,20,10,16,23,21
370527,1,1,1995,16,0,0,0,0,0,0,0,0,0
370527,2,1,1995,0,0,0,0,0,0,0,0,0,0
370528,1,1,1995,0,0,0,0,0,0,0,0,0,10
370528,2,1,1995,0,0,0,0,0,0,0,0,0,0
370529,1,1,1995,0,0,0,0,0,0,0,0,0,0
370529,2,1,1995,0,0,0,0,0,0,0,14,0,0
370530,1,1,1995,0,0,0,0,0,0,0,0,0,0
370530,2,1,1995,0,0,0,0,0,0,0,0,0,0
370531,1,1,1995,21,21,21,21,21,21,21,21,21,21
370532,1,1,1995,0,0,0,0,0,0,0,0,0,0
370532,2,1,1995,0,0,0,0,0,0,0,0,0,0
370532,3,1,1995,0,0,0,0,0,0,0,0,0,0
370533,1,1,1995,10,11,24,6,25,15,17,14,15,17
370533,2,1,1995,0,0,0,0,0,0,0,0,0,0
370534,1,1,1995,0,0,0,0,0,0,0,0,0,6
370534,2,1,1995,0,0,0,0,0,0,0,0,0,0
370534,3,1,1995,0,0,18,0,0,22,0,0,0,4
370534,4,1,1995,0,0,0,0,0,0,0,0,0,0
370535,1,1,1995,0,0,0,0,0,0,0,0,0,0
370536,0,1,1995,0,0,0,0,0,0,0,0,0,0
370536,1,1,1995,12,0,0,10,0,0,15,0,0,0
370537,1,1,1995,0,0,9,0,0,19,0,13,7,0
370537,2,1,1995,0,0,0,0,0,9,7,2,0,0
370538,1,1,1995,0,0,0,0,0,0,0,0,0,0
370539,1,1,1995,0,0,0,0,0,0,0,0,0,0
370540,1,1,1995,0,0,0,0,0,0,0,0,0,0
370541,1,1,1995,0,7,0,0,0,0,0,19,0,0
370541,2,1,1995,0,10,0,0,0,29,0,8,0,0
370542,1,1,1995,0,0,0,0,0,0,0,0,0,0
370542,2,1,1995,0,0,0,0,0,0,10,0,0,0
370543,1,1,1995,0,0,0,0,0,0,0,0,0,0
370543,2,1,1995,0,0,0,0,0,0,0,0,0,0
370544,1,1,1995,28,0,0,0,0,0,0,0,0,0
370544,2,1,1995,0,0,0,0,0,0,0,0,0,0
370545,1,1,1995,0,0,0,0,0,0,0,0,0,0
370546,1,1,1995,0,0,0,0,0,0,0,0,0,0
370547,1,1,1995,6,6,6,6,6,6,6,6,6,6
370548,1,1,1995,0,0,0,0,0,0,0,0,0,0
370549,1,1,1995,3,3,3,3,3,3,3,3,3,3
370550,1,1,1995,0,0,0,0,0,0,0,0,0,0
370551,1,1,1995,0,0,0,0,0,0,0,0,0,0
370551,2,1,1995,0,0,0,0,0,0,8,0,0,0
370552,1,1,1995,0,0,0,0,0,0,0,0,0,0
370552,2,1,1995,0,0,0,0,0,0,0,0,0,0
370553,1,1,1995,0,0,0,0,0,0,0,0,0,0
370553,2,1,1995,0,0,0,0,0,0,0,0,0,0
370554,1,1,1995,10,12,22,19,6,5,19,18,14,27
370555,1,1,1995,0,0,0,0,0,0,0,0,0,0
370555,2,1,1995,0,0,0,0,0,0,0,0,0,0
370556,1,1,1995,0,0,0,0,0,0,0,0,0,0
370557,1,1,1995,0,0,0,0,0,0,0,0,0,0
370557,2,1,1995,0,0,0,0,0,0,0,0,0,0
370558,0,1,1995,0,0,0,0,0,0,0,0,0,0
370558,1,1,1995,0,0,0,0,0,0,0,0,0,0
370558,2,1,1995,0,0,0,0,0,0,0,0,0,0
370559,1,1,1995,0,0,0,0,0,0,0,0,0,0
370560,1,1,1995,0,0,0,0,0,0,0,0,0,0
370561,1,1,1995,0,0,0,0,0,0,0,0,0,0
370561,2,1,1995,0,0,0,0,0,0,0,0,0,0
370562,1,1,1995,9,9,9,9,9,9,9,9,9,9
370563,1,1,1995,11,7,11,15,18,0,22,17,14,15
370564,1,1,1995,0,0,0,19,0,0,0,0,24,0
370564,2,1,1995,10,0,0,0,0,0,0,0,0,0
370565,1,1,1995,5,7,3,30,26,24,8,9,30,21
370566,1,1,1995,0,0,0,0,0,0,0,0,0,0
370566,2,1,1995,0,0,0,0,0,0,0,0,0,0
370567,1,1,1995,0,0,0,0,0,0,0,0,0,0
370567,2,1,1995,0,0,0,0,0,0,0,0,0,0
370568,1,1,1995,0,0,0,0,0,0,0,0,0,0
370569,1,1,1995,0,0,0,0,0,0,0,0,0,0
370569,2,1,1995,0,0,0,0,0,0,0,0,16,0
370570,1,1,1995,0,0,0,0,0,0,0,0,0,0
370571,1,1,1995,0,0,0,0,0,0,0,0,0,0
370571,2,1,1995,0,0,0,0,0,0,0,0,0,0
370572,1,1,1995,0,0,0,0,0,0,0,0,0,0
370572,2,1,1995,0,0,0,0,0,0,0,0,0,0
370573,1,1,1995,0,0,0,0,0,0,0,0,0,0
370574,0,1,1995,0,0,0,0,0,0,0,0,0,0
370574,1,1,1995,0,0,0,0,0,0,0,0,0,0
370575,1,1,1995,0,0,0,0,0,0,0,0,0,0
370576,1,1,1995,19,22,21,0,19,20,28,17,13,22
370577,1,1,1995,0,0,0,0,0,0,0,0,0,0
370578,1,1,1995,0,0,0,0,0,0,0,0,0,0
370579,1,1,1995,14,14,14,14,14,14,14,14,14,14
370580,1,1,1995,12,12,12,12,12,12,12,12,12,12
370581,1,1,1995,0,0,0,0,0,0,0,0,0,0
370581,2,1,1995,0,0,0,0,0,0,0,0,0,0
370582,0,1,1995,0,0,0,0,0,0,0,0,0,0
370582,1,1,1995,0,0,0,0,0,0,0,0,0,0
370583,1,1,1995,18,0,0,7,0,0,0,16,0,10
370584,1,1,1995,29,29,29,29,29,29,29,29,29,29
370585,1,1,1995,0,0,0,0,0,0,0,0,0,0
370586,1,1,1995,15,15,15,15,15,15,15,15,15,15
370587,1,1,1995,0,0,22,10,0,0,0,0,0,0
370588,1,1,1995,35,35,35,35,35,35,35,35,35,35
370589,1,1,1995,0,0,0,0,0,0,0,0,0,0
370590,0,1,1995,0,31,33,32,36,22,11,14,26,15
370590,1,1,1995,0,0,0,0,0,0,11,0,0,0
370591,1,1,1995,7,13,17,14,10,5,15,13,17,12
370592,1,1,1995,15,20,23,21,18,0,24,0,26,0
370593,1,1,1995,0,0,0,0,0,0,0,0,0,0
370593,2,1,1995,0,0,0,0,0,0,0,7,0,0
370594,1,1,1995,7,7,0,26,0,21,0,0,21,24
370595,1,1,1995,0,0,0,0,0,0,0,0,0,0
370595,2,1,1995,0,0,0,0,0,4,0,0,0,0
370596,1,1,1995,9,0,0,0,0,0,0,0,0,0
370596,2,1,1995,0,0,0,0,0,0,0,0,0,0
370597,1,1,1995,17,17,17,17,17,17,17,17,17,17
370598,1,1,1995,0,0,0,0,0,0,0,0,0,0
370598,2,1,1995,5,0,0,0,0,0,0,0,0,0
370598,3,1,1995,0,0,0,0,0,0,0,0,0,0
370599,1,1,1995,13,13,13,13,13,13,13,13,13,13
370600,1,1,1995,25,25,25,25,25,25,25,25,25,25
370601,1,1,1995,22,22,22,22,22,22,22,22,22,22
370602,1,1,1995,22,2,17,0,0,0,0,0,0,0
370603,1,1,1995,0,0,0,0,0,0,0,0,0,0
370603,2,1,1995,0,0,0,0,0,0,0,0,0,0
370604,1,1,1995,0,0,0,0,0,0,0,0,0,0
370605,1,1,1995,6,6,6,6,6,6,6,6,6,6
370606,0,1,1995,0,0,0,0,0,0,0,0,0,0
370606,1,1,1995,0,0,0,0,0,0,0,0,0,0
370607,1,1,1995,0,0,0,0,0,0,0,0,0,0
370607,2,1,1995,0,0,0,0,0,0,0,0,0,0
370607,3,1,1995,0,0,0,0,0,0,0,0,0,0
370607,4,1,1995,0,0,0,0,0,0,0,0,0,0
370607,5,1,1995,0,0,0,0,0,0,0,0,0,0
370608,1,1,1995,0,0,0,0,0,0,0,0,0,0
370608,2,1,1995,20,21,27,9,7,14,3,14,8,10
370609,0,1,1995,0,0,0,0,0,0,13,0,0,0
370609,0,2,1995,0,0,0,0,0,0,0,0,0,0
370609,1,1,1995,6,13,26,20,0,7,15,13,12,9
370610,1,1,1995,12,12,12,12,12,12,12,12,12,12
370612,1,1,1995,0,0,0,0,0,0,0,0,0,0
370612,2,1,1995,0,0,0,0,0,0,0,0,0,0
370612,3,1,1995,0,0,0,0,0,0,0,0,18,0
370612,4,1,1995,0,0,0,0,0,0,0,0,0,0
370613,0,1,1995,17,17,17,17,17,17,17,17,17,17
370613,1,1,1995,8,11,6,13,4,14,29,15,4,22
370614,1,1,1995,0,0,0,0,0,0,0,0,0,0
370615,1,1,1995,0,0,6,0,12,0,0,0,12,0
370615,2,1,1995,0,0,0,0,0,0,0,0,0,0
370616,1,1,1995,0,0,0,0,0,0,0,0,0,0
370617,1,1,1995,0,0,0,0,0,0,0,0,0,0
370618,0,1,1995,0,0,0,0,0,0,0,0,0,0
370618,1,1,1995,0,0,0,0,0,0,0,0,0,0
370619,0,1,1995,13,13,13,13,13,13,13,13,13,13
370619,1,1,1995,0,0,0,0,0,0,0,0,0,0
370620,1,1,1995,24,5,22,13,15,26,11,16,7,0
370621,1,1,1995,17,17,17,17,17,17,17,17,17,17
370622,1,1,1995,0,0,0,0,0,0,0,0,0,0
370622,2,1,1995,0,0,0,0,0,0,0,0,0,0
370623,1,1,1995,0,0,20,0,0,0,0,0,0,0
370623,2,1,1995,0,0,0,0,0,0,0,0,0,0
370624,1,1,1995,0,0,0,0,0,0,0,0,0,0
370624,2,1,1995,0,0,0,0,0,0,0,0,0,0
370625,1,1,1995,22,22,22,22,22,22,22,22,22,22
370626,1,1,1995,0,0,0,0,0,0,0,0,0,0
370626,2,1,1995,0,0,0,0,0,0,0,0,0,0
370627,1,1,1995,0,0,0,0,0,0,0,0,0,0
370627,2,1,1995,0,0,0,0,0,0,0,0,0,0
370628,1,1,1995,0,0,0,0,0,0,0,0,0,0
370628,2,1,1995,8,8,8,8,8,8,8,8,8,8
370629,1,1,1995,29,13,20,14,12,22,0,15,14,27
370630,1,1,1995,24,15,0,18,21,31,18,33,28,13
370631,0,1,1995,0,0,0,0,0,0,0,0,0,0
370631,1,1,1995,0,0,0,0,0,0,0,0,0,0
370632,1,1,1995,12,12,12,12,12,12,12,12,12,12
370632,2,1,1995,26,26,26,26,26,26,26,26,26,26
370633,1,1,1995,21,45,10,22,16,9,13,15,13,8
370634,1,1,1995,0,0,0,0,0,0,0,0,0,0
370634,2,1,1995,0,0,0,0,0,0,0,0,0,0
370635,1,1,1995,0,0,0,0,0,23,35,0,16,0
370636,0,1,1995,0,0,0,0,0,0,0,0,0,0
370636,1,1,1995,0,0,0,0,0,0,0,0,0,0
370637,1,1,1995,0,0,0,0,0,0,0,0,0,0
370638,1,1,1995,0,0,0,0,0,0,0,0,0,3
370639,1,1,1995,18,18,18,18,18,18,18,18,18,18
370640,1,1,1995,0,0,0,0,0,0,0,0,0,0
370640,2,1,1995,0,0,0,0,0,0,0,0,0,0
370640,3,1,1995,0,0,0,0,0,0,0,0,0,0
370641,1,1,1995,0,0,0,0,0,0,0,0,0,0
370641,2,1,1995,0,0,0,0,0,0,0,0,0,0
370641,3,1,1995,0,0,0,9,0,0,0,0,0,0
370642,1,1,1995,0,0,8,0,0,0,0,0,0,0
370642,2,1,1995,15,28,11,17,0,17,16,19,22,17
370643,0,1,1995,0,0,0,0,0,22,0,0,0,0
370643,1,1,1995,0,0,0,0,0,0,0,0,0,0
370644,1,1,1995,7,7,19,8,18,11,20,20,9,9
370644,2,1,1995,16,9,6,9,14,7,6,6,12,9
370645,1,1,1995,0,0,0,0,0,0,0,0,0,0
370646,1,1,1995,0,0,0,0,0,0,0,0,0,0
370646,2,1,1995,0,0,0,0,0,0,0,0,0,0
370647,1,1,1995,0,0,0,0,0,0,0,0,0,0
370648,1,1,1995,20,20,20,20,20,20,20,20,20,20
370648,2,1,1995,0,0,0,0,0,0,0,0,0,0
370649,1,1,1995,9,9,9,9,9,9,9,9,9,9
370650,1,1,1995,31,31,31,31,31,31,31,31,31,31
370651,0,1,1995,0,0,0,0,0,0,0,0,0,0
370651,1,1,1995,0,0,0,0,0,0,0,0,0,0
370652,1,1,1995,0,0,0,0,0,0,0,0,0,0
370652,2,1,1995,0,0,0,0,0,0,0,0,0,0
370652,3,1,1995,0,0,0,0,0,0,0,0,0,0
370652,4,1,1995,0,0,0,0,0,0,0,0,0,0
370653,1,1,1995,0,0,0,0,0,22,0,15,0,0
370653,2,1,1995,20,20,20,20,20,20,20,20,20,20
370654,1,1,1995,0,0,0,0,0,0,0,0,0,0
370655,1,1,1995,9,9,9,9,9,9,9,9,9,9
370656,0,1,1995,0,0,0,0,0,0,0,0,0,0
370656,1,1,1995,0,0,0,0,0,0,0,0,0,0
370657,1,1,1995,0,0,0,0,0,0,0,0,0,0
370657,2,1,1995,0,0,0,0,0,0,0,0,0,0
370658,1,1,1995,0,0,0,0,0,0,0,0,0,0
370659,1,1,1995,26,26,26,26,26,26,26,26,26,26
370660,1,1,1995,15,11,14,0,11,2,12,14,21,12
370661,1,1,1995,0,0,0,0,0,0,0,0,0,0
370661,2,1,1995,0,0,0,0,0,0,0,0,0,0
370662,1,1,1995,9,9,9,9,9,9,9,9,9,9
370663,1,1,1995,0,0,0,0,0,0,0,0,0,0
370663,2,1,1995,0,0,0,0,0,0,0,0,0,0
370664,1,1,1995,0,0,0,0,0,0,0,0,0,0
370665,1,1,1995,0,0,0,0,0,0,0,0,0,0
370665,2,1,1995,0,0,0,0,0,0,0,0,0,0
370665,3,1,1995,0,0,0,0,0,0,0,0,0,0
370665,4,1,1995,0,0,0,0,0,0,0,0,0,0
370666,1,1,1995,0,0,0,0,0,0,0,0,0,0
370666,2,1,1995,0,0,0,0,0,0,0,0,0,0
370667,0,1,1995,37,37,37,37,37,37,37,37,37,37
370667,1,1,1995,0,0,0,0,0,0,0,0,0,0
370668,1,1,1995,0,0,0,0,0,0,0,0,0,0
370669,0,1,1995,20,20,20,20,20,20,20,20,20,20
370669,1,1,1995,7,0,0,0,0,0,3,0,0,0
370670,1,1,1995,7,0,19,10,19,0,0,20,7,0
370670,2,1,1995,20,20,20,20,20,20,20,20,20,20
370671,1,1,1995,18,18,18,18,18,18,18,18,18,18
370672,1,1,1995,0,11,17,0,15,10,0,0,0,0
370673,1,1,1995,5,0,0,0,15,0,0,0,0,0
370674,0,1,1995,0,0,0,0,26,0,0,0,0,35
370674,1,1,1995,0,0,0,0,0,0,0,0,0,0
370675,1,1,1995,0,0,0,0,0,0,0,0,0,0
370675,2,1,1995,0,0,0,0,0,0,0,0,0,0
370676,1,1,1995,0,0,0,0,0,0,0,0,0,0
370676,2,1,1995,0,0,0,0,0,0,0,0,0,5
370677,0,1,1995,0,22,20,26,0,0,0,19,21,0
370677,1,1,1995,0,0,0,0,20,0,0,0,0,20
370678,1,1,1995,0,0,0,0,0,0,0,0,0,0
370679,0,1,1995,36,25,0,0,9,25,13,30,0,6
370679,1,1,1995,0,0,0,0,0,0,0,0,0,0
370680,1,1,1995,0,0,0,0,0,0,0,0,0,0
370680,2,1,1995,0,0,0,0,0,0,0,0,0,0
370680,3,1,1995,0,0,0,0,0,0,0,0,0,0
370681,1,1,1995,0,0,0,0,0,0,0,0,0,0
370681,2,1,1995,6,0,10,17,29,9,0,10,10,18
370681,3,1,1995,0,0,0,0,0,0,0,0,0,0
370682,1,1,1995,13,13,13,13,13,13,13,13,13,13
370683,1,1,1995,0,0,0,0,0,0,0,0,0,0
370684,1,1,1995,0,0,0,0,0,0,0,0,0,0
370684,2,1,1995,0,0,0,0,0,0,0,0,0,0
370685,1,1,1995,0,0,0,0,0,0,0,0,0,0
370685,2,1,1995,0,0,0,0,0,0,0,0,0,0
370686,1,1,1995,0,0,0,0,0,0,0,0,0,0
370687,1,1,1995,0,0,0,0,0,0,0,0,0,0
370687,2,1,1995,0,0,0,0,0,0,0,0,0,0
370688,1,1,1995,0,0,0,0,0,0,0,0,0,0
370689,1,1,1995,0,0,13,0,0,0,0,0,0,0
370689,2,1,1995,0,0,0,0,0,0,0,0,0,0
370690,0,1,1995,0,0,0,0,22,0,0,0,0,0
370690,1,1,1995,0,0,0,0,0,0,0,0,0,0
370691,1,1,1995,0,0,0,0,0,0,11,0,0,0
370691,2,1,1995,34,0,0,20,0,0,26,0,21,0
370692,0,1,1995,22,14,0,28,31,3,22,11,35,16
370692,1,1,1995,0,0,0,0,0,0,19,9,0,0
370693,1,1,1995,0,0,0,0,0,0,0,0,0,0
370693,2,1,1995,0,0,0,0,0,0,0,0,0,0
370694,0,1,1995,0,0,0,0,0,0,0,0,0,0
370694,1,1,1995,0,0,0,0,0,0,0,0,0,0
370695,1,1,1995,9,14,2,17,15,8,0,30,11,24
370696,1,1,1995,18,18,5,8,8,16,12,22,8,9
370697,1,1,1995,0,0,0,15,0,8,0,0,0,0
370698,0,1,1995,31,31,31,31,31,31,31,31,31,31
370698,1,1,1995,11,0,2,0,0,0,0,0,6,0
370699,1,1,1995,16,20,30,15,20,17,17,14,13,24
370700,1,1,1995,0,0,0,0,0,0,0,0,0,0
370700,2,1,1995,0,0,0,0,0,0,0,0,0,0
370700,3,1,1995,0,0,0,0,0,0,0,0,0,0
370701,1,1,1995,0,0,0,0,0,0,0,0,0,0
370701,2,1,1995,0,0,0,0,0,0,0,0,0,0
370702,1,1,1995,0,0,0,0,0,0,0,0,0,0
370702,2,1,1995,0,0,0,0,0,0,0,0,0,0
370703,1,1,1995,0,0,0,0,0,0,0,0,0,0
370704,1,1,1995,0,0,0,0,0,0,0,0,0,0
370704,2,1,1995,0,0,0,0,0,0,0,0,0,0
370705,1,1,1995,23,23,23,23,23,23,23,23,23,23
370706,1,1,1995,0,0,0,0,0,0,0,0,0,0
370706,2,1,1995,0,0,0,0,0,0,0,0,0,0
370706,3,1,1995,0,0,0,0,0,0,0,0,0,0
370707,1,1,1995,0,0,0,0,0,0,0,0,0,0
370708,0,1,1995,0,0,0,0,0,0,0,0,0,0
370708,1,1,1995,0,0,0,0,0,0,0,0,0,0
370709,1,1,1995,0,0,0,0,0,0,0,0,0,0
370709,2,1,1995,0,0,0,0,0,0,0,10,0,0
370710,1,1,1995,0,0,0,0,0,0,0,0,0,0
370712,1,1,1995,0,0,0,0,0,0,0,0,0,0
370712,2,1,1995,5,5,5,5,5,5,5,5,5,5
370713,1,1,1995,0,0,0,0,0,0,0,0,0,0
370713,2,1,1995,0,0,0,0,0,0,0,0,0,0
370713,3,1,1995,0,0,0,0,0,0,0,0,0,0
370714,0,1,1995,0,0,0,0,0,0,0,0,0,0
370714,1,1,1995,0,0,0,0,0,0,0,0,0,0
370715,1,1,1995,0,0,0,0,0,0,0,0,0,0
370715,2,1,1995,0,0,0,0,0,0,0,0,0,0
370715,3,1,1995,0,0,0,0,0,0,0,0,0,0
370716,1,1,1995,0,0,0,0,0,0,0,0,0,0