ST_CASE,VEH_NO,PER_NO,YEAR,P1,P2,P3,P4,P5,P6,P7,P8,P9,P10
370716,2,1,1995,0,0,0,0,0,0,0,0,0,0
370717,1,1,1995,0,0,0,0,0,0,0,0,0,0
370717,2,1,1995,0,0,0,0,0,0,0,0,0,0
370718,1,1,1995,17,17,17,17,17,17,17,17,17,17
370719,1,1,1995,0,0,0,0,0,7,0,0,0,0
370720,1,1,1995,0,0,0,0,0,0,0,0,0,0
370721,1,1,1995,10,10,10,10,10,10,10,10,10,10
370722,1,1,1995,0,0,0,0,0,0,0,0,0,0
370723,1,1,1995,0,0,0,0,0,0,0,0,0,0
370723,2,1,1995,0,0,0,0,0,0,0,0,0,0
370724,0,1,1995,20,20,20,20,20,20,20,20,20,20
370724,1,1,1995,0,0,0,0,0,0,0,0,0,0
370725,1,1,1995,0,0,0,0,0,0,0,0,0,0
370725,2,1,1995,0,0,0,0,0,0,0,0,0,0
370726,1,1,1995,0,0,0,0,0,0,0,0,0,0
370727,1,1,1995,0,0,0,0,0,0,0,0,0,0
370727,2,1,1995,16,0,0,0,16,35,13,14,8,0
370728,0,1,1995,0,0,0,0,0,0,0,0,0,0
370728,1,1,1995,0,0,0,0,0,0,0,0,0,0
370729,1,1,1995,0,0,19,0,0,0,0,13,0,0
370729,2,1,1995,0,0,0,0,0,0,0,0,0,0
370730,0,1,1995,46,46,46,46,46,46,46,46,46,46
370730,1,1,1995,0,0,18,0,0,0,0,0,0,0
370731,1,1,1995,0,0,0,0,0,0,0,0,0,0
370731,2,1,1995,0,0,0,18,0,0,0,0,0,0
370732,1,1,1995,0,0,0,0,0,0,0,0,0,0
370733,0,1,1995,0,0,0,0,0,0,0,0,0,0
370733,1,1,1995,0,0,0,0,0,0,0,0,0,0
370733,2,1,1995,0,0,0,0,0,0,0,0,0,0
370734,0,1,1995,31,19,4,31,24,0,0,14,6,27
370734,1,1,1995,0,0,0,0,0,0,0,0,0,0
370735,1,1,1995,0,0,0,0,0,0,0,0,0,0
370735,2,1,1995,0,0,0,0,0,0,0,0,14,0
370736,1,1,1995,0,0,0,0,0,0,0,0,0,0
370736,2,1,1995,0,0,5,0,14,0,0,0,0,0
370737,1,1,1995,14,0,0,17,0,6,19,0,23,8
370738,1,1,1995,0,0,0,0,0,0,0,0,0,0
370738,2,1,1995,0,0,0,0,0,0,0,0,0,0
370739,1,1,1995,10,10,10,10,10,10,10,10,10,10
370740,1,1,1995,0,0,0,0,0,0,0,0,0,0
370740,2,1,1995,0,0,0,0,0,0,0,0,0,0
370740,3,1,1995,0,0,0,0,0,0,0,0,0,0
370741,1,1,1995,0,0,0,0,0,0,0,0,0,0
370741,2,1,1995,0,0,0,0,0,0,0,0,0,0
370742,1,1,1995,23,23,23,23,23,23,23,23,23,23
370743,1,1,1995,0,0,0,0,0,0,0,0,0,0
370743,2,1,1995,0,0,0,0,0,0,0,0,0,0
370744,1,1,1995,0,0,0,0,0,0,0,0,0,0
370744,2,1,1995,0,0,0,0,0,0,0,0,0,0
370744,3,1,1995,0,0,0,0,0,0,0,0,0,0
370745,1,1,1995,22,22,22,22,22,22,22,22,22,22
370746,1,1,1995,0,0,0,0,0,0,0,0,0,0
370746,2,1,1995,0,0,0,0,0,0,0,0,0,0
370747,1,1,1995,10,10,10,10,10,10,10,10,10,10
370748,1,1,1995,0,0,0,0,0,0,0,0,0,0
370749,1,1,1995,27,27,27,27,27,27,27,27,27,27
370750,1,1,1995,22,15,5,8,15,17,22,16,0,23
370751,0,1,1995,0,0,0,0,0,36,0,0,0,0
370751,1,1,1995,0,0,0,0,0,0,0,0,0,0
370752,1,1,1995,0,0,0,0,0,0,0,0,0,0
370753,1,1,1995,16,16,16,16,16,16,16,16,16,16
370753,2,1,1995,0,52,0,18,11,0,20,0,19,0
370754,1,1,1995,0,0,0,0,0,0,0,0,0,0
370755,1,1,1995,0,0,0,0,0,0,0,0,0,0
370755,2,1,1995,0,0,0,0,0,0,0,0,0,0
370756,1,1,1995,0,0,0,0,0,0,0,0,0,0
370757,1,1,1995,0,0,0,0,0,0,0,0,0,0
370758,1,1,1995,0,0,0,0,0,0,0,0,0,0
370758,2,1,1995,0,0,0,0,0,0,0,0,0,0
370759,1,1,1995,0,32,0,0,9,17,22,0,0,0
370760,1,1,1995,24,14,14,24,23,2,9,4,3,13
370761,1,1,1995,0,0,0,0,0,0,0,0,0,0
370762,1,1,1995,0,0,0,0,0,0,0,0,0,0
370762,2,1,1995,0,0,0,0,0,0,0,0,0,0
370763,1,1,1995,0,0,0,0,0,0,0,0,0,0
370763,2,1,1995,0,0,0,0,0,0,0,0,0,0
370764,1,1,1995,0,0,0,0,0,0,0,0,0,0
370764,2,1,1995,0,0,0,0,0,0,0,0,0,0
370764,3,1,1995,0,0,0,0,0,0,0,0,0,0
370765,0,1,1995,29,29,29,29,29,29,29,29,29,29
370765,1,1,1995,0,0,0,0,0,0,0,0,0,0
370766,0,1,1995,21,21,21,21,21,21,21,21,21,21
370766,1,1,1995,16,14,0,19,0,14,5,15,20,0
370767,1,1,1995,0,0,0,0,0,45,0,0,0,0
370767,2,1,1995,0,0,0,0,0,0,0,0,0,0
370767,3,1,1995,0,20,0,0,0,0,0,0,19,0
370768,0,1,1995,0,0,0,0,0,0,0,0,0,0
370768,1,1,1995,0,16,6,8,6,8,26,12,25,8
370769,1,1,1995,16,16,16,16,16,16,16,16,16,16
370770,1,1,1995,0,0,0,0,0,0,0,0,0,0
370771,1,1,1995,0,0,0,0,0,0,0,0,0,0
370772,0,1,1995,0,11,4,11,21,21,0,18,7,12
370772,1,1,1995,12,0,0,0,0,0,0,0,0,0
370773,1,1,1995,0,0,0,0,0,0,0,0,0,0
370773,2,1,1995,0,0,0,0,0,0,0,0,0,0
370774,1,1,1995,0,0,0,0,0,0,0,0,0,0
370774,2,1,1995,0,0,0,0,0,0,0,0,0,0
370774,3,1,1995,0,0,0,0,0,0,0,0,0,0
370775,1,1,1995,20,20,20,20,20,20,20,20,20,20
370776,1,1,1995,0,0,0,0,0,0,0,0,0,0
370777,1,1,1995,29,22,12,0,25,26,2,25,21,18
370778,0,1,1995,32,32,32,32,32,32,32,32,32,32
370778,1,1,1995,0,22,0,0,0,0,0,0,0,0
370779,0,1,1995,0,0,0,0,0,0,0,0,0,0
370779,1,1,1995,0,0,0,0,0,0,0,0,0,0
370780,1,1,1995,32,32,32,32,32,32,32,32,32,32
370781,1,1,1995,0,0,0,0,0,0,0,0,0,0
370781,2,1,1995,0,0,0,0,0,0,0,0,0,0
370782,1,1,1995,0,0,0,0,0,0,0,0,0,0
370783,1,1,1995,0,0,0,0,0,0,0,0,0,5
370783,2,1,1995,16,0,19,0,14,10,12,12,4,13
370784,1,1,1995,11,11,11,11,11,11,11,11,11,11
370784,2,1,1995,0,0,0,0,0,0,0,0,0,0
370785,1,1,1995,0,0,0,0,0,0,0,0,0,0
370785,2,1,1995,0,0,0,0,0,0,0,0,0,0
370786,1,1,1995,0,19,16,4,0,11,14,0,11,7
370786,2,1,1995,0,0,0,0,0,0,0,0,0,0
370786,3,1,1995,0,0,0,0,0,0,0,0,0,0
370787,1,1,1995,0,0,0,0,0,0,0,0,0,18
370787,2,1,1995,0,0,0,0,0,0,0,0,0,0
370787,3,1,1995,0,0,0,0,0,0,0,0,0,0
370787,4,1,1995,0,0,0,0,0,0,0,0,0,0
370788,1,1,1995,0,0,0,0,0,0,0,0,0,0
370788,2,1,1995,0,0,0,0,0,0,0,0,0,0
370788,3,1,1995,0,0,0,0,0,0,0,0,0,0
370788,4,1,1995,0,0,0,0,0,0,0,0,0,0
370789,1,1,1995,0,0,0,0,0,0,0,0,0,0
370789,2,1,1995,0,0,0,0,0,0,0,0,0,20
370790,0,1,1995,18,18,18,18,18,18,18,18,18,18
370790,1,1,1995,0,0,0,0,0,0,0,0,0,0
370791,1,1,1995,0,0,0,0,0,0,0,0,0,0
370792,1,1,1995,0,0,0,0,0,0,0,0,0,0
370792,2,1,1995,0,0,0,0,0,0,0,0,0,0
370792,3,1,1995,0,0,0,0,0,0,0,0,0,0
370793,1,1,1995,0,0,0,0,0,0,0,0,0,0
370793,2,1,1995,0,0,0,0,0,0,0,0,0,0
370794,1,1,1995,14,14,14,14,14,14,14,14,14,14
370795,1,1,1995,9,9,9,9,9,9,9,9,9,9
370796,1,1,1995,0,0,0,0,0,0,0,0,0,0
370797,1,1,1995,21,21,21,21,21,21,21,21,21,21
370798,1,1,1995,8,8,8,8,8,8,8,8,8,8
370799,1,1,1995,0,0,0,0,0,0,0,0,0,0
370800,1,1,1995,0,0,0,0,0,0,0,0,0,0
370800,2,1,1995,0,0,0,0,0,0,0,0,0,0
370801,1,1,1995,0,0,0,0,0,0,0,0,0,0
370801,2,1,1995,0,0,0,0,0,0,0,0,0,0
370802,1,1,1995,0,0,0,0,0,11,0,0,0,0
370802,2,1,1995,0,0,0,0,0,0,0,0,0,0
370803,0,1,1995,31,31,31,31,31,31,31,31,31,31
370803,1,1,1995,0,7,23,19,16,0,31,0,19,0
370804,1,1,1995,0,0,0,0,0,0,0,0,0,0
370804,2,1,1995,0,0,0,0,0,0,0,0,0,0
370805,0,1,1995,23,23,23,23,23,23,23,23,23,23
370805,1,1,1995,8,0,0,22,0,0,0,0,0,0
370806,1,1,1995,0,0,0,0,0,0,0,0,0,0
370806,2,1,1995,0,0,0,0,0,0,0,0,0,0
370807,1,1,1995,0,0,0,0,0,0,0,0,0,0
370807,2,1,1995,0,0,0,0,0,0,0,0,0,0
370808,0,1,1995,0,0,0,0,0,0,0,0,0,0
370808,1,1,1995,0,0,0,0,0,0,0,0,0,0
370809,0,1,1995,0,0,0,0,0,0,0,0,0,0
370809,1,1,1995,3,0,0,0,0,0,0,0,0,0
370810,1,1,1995,16,16,16,16,16,16,16,16,16,16
370811,1,1,1995,0,0,0,0,0,0,0,0,0,4
370812,1,1,1995,0,7,0,0,0,0,0,0,0,0
370813,1,1,1995,0,0,0,0,0,0,0,0,0,0
370813,2,1,1995,0,0,0,0,0,0,0,0,0,0
370814,1,1,1995,0,0,0,0,0,0,0,0,0,0
370814,2,1,1995,0,0,0,0,0,0,0,0,0,0
370815,0,1,1995,24,24,24,24,24,24,24,24,24,24
370815,1,1,1995,0,0,0,0,0,0,0,0,0,0
370816,1,1,1995,0,0,0,0,0,0,0,0,0,0
370816,2,1,1995,0,0,0,0,0,0,0,0,0,0
370817,0,1,1995,20,20,20,20,20,20,20,20,20,20
370817,1,1,1995,0,16,17,6,10,0,5,0,0,24
370818,1,1,1995,21,12,5,4,4,23,0,14,15,10
370818,2,1,1995,0,0,0,0,0,0,0,0,0,0
370819,1,1,1995,0,0,0,0,0,0,0,0,0,0
370820,1,1,1995,0,0,0,0,0,0,0,0,0,0
370820,2,1,1995,0,0,0,0,0,0,0,0,0,0
370821,1,1,1995,0,0,0,0,0,0,0,0,0,0
370822,1,1,1995,0,0,0,0,0,0,0,0,0,0
370822,2,1,1995,0,0,0,0,0,0,0,0,0,0
370823,1,1,1995,0,0,0,0,0,0,0,0,0,0
370824,1,1,1995,22,22,22,22,22,22,22,22,22,22
370825,1,1,1995,0,0,0,0,0,0,0,0,0,0
370825,2,1,1995,0,0,0,0,0,0,0,0,0,0
370826,1,1,1995,0,0,0,0,0,0,0,0,0,0
370826,2,1,1995,0,0,0,0,0,0,0,0,0,0
370827,1,1,1995,0,0,0,0,0,0,0,0,0,0
370827,2,1,1995,0,0,0,0,0,0,0,0,0,0
370828,1,1,1995,16,16,16,16,16,16,16,16,16,16
370829,1,1,1995,25,25,25,25,25,25,25,25,25,25
370829,2,1,1995,0,0,0,0,0,0,0,0,0,0
370830,1,1,1995,0,0,0,0,0,0,0,0,0,0
370830,2,1,1995,0,0,0,0,0,0,6,0,0,0
370831,1,1,1995,4,8,13,12,24,8,6,13,18,6
370831,2,1,1995,0,0,0,0,0,0,0,0,0,0
370831,3,1,1995,16,9,20,9,20,18,12,10,20,8
370831,4,1,1995,0,0,0,9,0,0,0,0,0,0
370832,1,1,1995,23,23,23,23,23,23,23,23,23,23
370832,2,1,1995,0,0,0,0,0,0,0,0,0,0
370833,1,1,1995,0,0,0,0,0,0,0,0,0,0
370833,2,1,1995,0,0,0,0,0,0,0,0,0,0
370834,1,1,1995,0,0,0,0,0,0,0,0,0,0
370834,2,1,1995,0,0,0,0,0,0,0,0,0,0
370835,1,1,1995,0,0,0,0,0,0,0,0,0,0
370836,1,1,1995,20,20,20,20,20,20,20,20,20,20
370837,1,1,1995,0,0,0,12,0,0,0,0,0,0
370837,2,1,1995,0,0,0,0,0,0,0,0,0,0
370837,3,1,1995,0,0,0,0,0,0,0,0,0,0
370838,1,1,1995,0,0,0,0,0,0,0,0,0,0
370838,2,1,1995,0,0,0,0,0,0,0,0,0,0
370839,1,1,1995,30,30,30,30,30,30,30,30,30,30
370840,1,1,1995,0,0,0,0,0,0,0,0,0,0
370840,2,1,1995,0,0,0,0,0,0,0,0,0,0
370841,0,1,1995,0,0,0,0,0,0,32,14,15,43
370841,0,2,1995,0,0,0,0,0,0,0,0,0,0
370841,1,1,1995,19,14,22,14,10,13,20,8,14,26
370842,1,1,1995,14,14,14,14,14,14,14,14,14,14
370842,2,1,1995,0,0,0,0,0,0,7,0,0,0
370843,1,1,1995,0,0,0,0,0,0,0,0,0,0
370843,2,1,1995,0,0,0,0,0,0,0,0,0,0
370844,1,1,1995,0,0,0,0,0,0,0,0,0,0
370845,0,1,1995,0,12,0,9,17,0,7,0,26,0
370845,1,1,1995,0,0,0,0,0,0,0,0,0,0
370846,1,1,1995,0,0,0,0,0,0,0,0,0,0
370846,2,1,1995,0,0,0,0,0,0,0,0,0,0
370847,0,1,1995,0,0,0,0,0,0,0,0,0,0
370847,1,1,1995,0,0,0,0,0,0,0,0,0,0
370848,0,1,1995,27,27,27,27,27,27,27,27,27,27
370848,1,1,1995,0,8,29,16,0,21,11,0,28,6
370849,1,1,1995,19,19,19,19,19,19,19,19,19,19
370850,1,1,1995,0,0,0,0,0,0,0,0,0,0
370850,2,1,1995,0,0,0,0,0,0,0,0,0,0
370851,1,1,1995,0,0,0,0,0,0,0,0,0,0
370851,2,1,1995,0,0,0,0,0,0,0,0,0,0
370851,3,1,1995,0,0,0,0,0,0,0,0,0,0
370852,1,1,1995,0,0,0,0,0,0,0,0,0,0
370852,2,1,1995,0,0,0,0,0,0,0,0,0,0
370853,1,1,1995,0,0,0,0,0,0,0,0,0,0
370853,2,1,1995,0,0,23,0,0,16,0,10,21,0
370854,1,1,1995,0,0,0,0,0,0,0,0,0,0
370854,2,1,1995,0,0,0,0,0,0,0,0,0,0
370855,1,1,1995,0,0,0,0,0,0,0,0,0,0
370855,2,1,1995,0,0,0,0,0,0,0,0,0,0
370855,3,1,1995,0,0,0,0,0,0,0,0,0,0
370856,1,1,1995,0,0,0,0,0,0,0,0,0,0
370857,1,1,1995,12,16,18,10,5,9,8,0,8,7
370857,2,1,1995,0,0,0,0,35,0,0,0,30,22
370858,1,1,1995,6,17,13,20,14,5,12,21,22,16
370858,2,1,1995,0,0,20,0,0,0,0,0,0,0
370859,1,1,1995,0,0,0,0,0,0,0,0,0,0
370859,2,1,1995,0,0,0,0,0,0,0,0,0,0
370860,1,1,1995,0,0,0,0,0,0,0,0,0,0
370860,2,1,1995,0,0,0,0,0,0,0,0,0,0
370861,1,1,1995,0,0,0,0,0,0,0,0,0,0
370862,1,1,1995,20,20,20,20,20,20,20,20,20,20
370863,1,1,1995,0,0,0,0,0,0,0,0,0,0
370863,2,1,1995,0,0,0,0,0,0,0,0,0,0
370864,0,1,1995,0,0,0,0,0,0,0,0,0,0
370864,1,1,1995,0,0,0,0,0,0,0,0,0,0
370865,1,1,1995,0,0,0,0,0,0,0,0,0,0
370865,2,1,1995,0,0,0,0,0,0,0,0,0,0
370866,1,1,1995,30,30,30,30,30,30,30,30,30,30
370867,1,1,1995,0,0,0,0,0,0,0,0,0,0
370867,2,1,1995,0,0,0,0,0,0,0,0,0,0
370868,0,1,1995,15,15,15,15,15,15,15,15,15,15
370868,1,1,1995,0,0,0,0,19,0,0,0,0,0
370869,1,1,1995,0,0,0,0,0,0,0,0,0,0
370869,2,1,1995,0,0,0,0,0,0,0,0,0,0
370870,1,1,1995,16,16,16,16,16,16,16,16,16,16
370871,1,1,1995,0,0,0,0,0,0,0,0,0,0
370871,2,1,1995,0,0,0,0,0,0,0,0,0,0
370872,1,1,1995,0,0,0,0,0,0,0,0,0,0
370873,1,1,1995,17,17,17,17,17,17,17,17,17,17
370874,0,1,1995,0,0,0,19,0,0,7,0,0,0
370874,1,1,1995,0,0,0,0,0,0,0,0,0,0
370875,0,1,1995,25,25,25,25,25,25,25,25,25,25
370875,1,1,1995,0,0,0,0,0,0,0,0,0,0
370875,2,1,1995,0,0,0,0,0,0,0,0,0,0
370875,3,1,1995,0,0,0,0,0,0,0,0,0,0
370876,1,1,1995,32,20,29,24,23,13,21,24,29,23
370877,1,1,1995,15,0,9,15,21,24,0,0,35,0
370878,1,1,1995,0,0,0,0,0,0,0,0,0,0
370878,2,1,1995,0,0,0,0,0,0,0,0,0,0
370879,1,1,1995,0,0,0,0,0,0,0,0,0,0
370879,2,1,1995,0,0,0,0,0,0,0,0,0,0
370880,1,1,1995,10,10,10,10,10,10,10,10,10,10
370880,2,1,1995,0,0,0,0,0,0,0,0,0,0
370881,1,1,1995,0,0,0,0,0,0,0,0,0,0
370881,2,1,1995,9,9,9,9,9,9,9,9,9,9
370882,1,1,1995,0,0,0,0,0,0,0,0,0,0
370883,1,1,1995,0,7,0,11,23,17,0,0,0,0
370883,2,1,1995,0,0,0,0,0,0,0,0,0,0
370883,3,1,1995,0,0,0,0,0,0,0,0,0,0
370884,1,1,1995,0,0,0,0,0,0,0,0,0,0
370884,2,1,1995,0,0,0,0,0,0,0,0,0,0
370885,1,1,1995,0,0,0,0,0,0,0,0,0,0
370885,2,1,1995,0,0,7,0,0,0,0,0,0,0
370886,1,1,1995,14,8,21,7,11,14,12,9,22,17
370887,0,1,1995,27,27,27,27,27,27,27,27,27,27
370887,1,1,1995,15,25,6,29,21,14,0,26,25,2
370888,1,1,1995,19,24,24,22,13,10,17,30,24,9
370888,2,1,1995,0,0,0,0,0,0,3,0,0,0
370889,1,1,1995,0,0,0,0,0,7,0,0,0,0
370890,1,1,1995,8,8,8,8,8,8,8,8,8,8
370891,0,1,1995,27,27,27,27,27,27,27,27,27,27
370891,1,1,1995,0,0,0,0,7,0,0,0,0,0
370892,1,1,1995,20,20,20,20,20,20,20,20,20,20
370893,1,1,1995,0,0,0,0,0,0,0,0,0,0
370893,2,1,1995,0,0,0,0,0,0,0,0,0,0
370893,3,1,1995,0,0,0,0,0,0,0,0,0,0
370893,4,1,1995,0,0,0,0,0,0,0,0,0,0
370893,5,1,1995,0,0,0,0,0,0,0,0,0,0
370893,6,1,1995,0,0,0,0,0,0,0,0,0,0
370895,1,1,1995,0,0,0,0,0,0,0,0,0,0
370895,2,1,1995,0,0,0,0,0,0,0,0,0,0
370895,3,1,1995,0,0,0,0,0,0,0,0,0,0
370896,1,1,1995,0,0,0,0,0,0,0,0,0,0
370896,2,1,1995,0,0,0,0,0,0,0,0,0,0
370896,3,1,1995,0,0,0,0,0,0,0,0,0,0
370896,4,1,1995,10,10,10,10,10,10,10,10,10,10
370896,5,1,1995,0,0,0,0,0,0,0,0,0,0
370897,1,1,1995,0,0,9,28,11,14,0,0,18,6
370897,2,1,1995,0,0,0,0,0,0,0,0,0,0
370898,1,1,1995,0,0,0,0,0,0,0,0,0,0
370898,2,1,1995,0,0,0,0,0,0,0,0,0,0
370899,1,1,1995,21,21,21,21,21,21,21,21,21,21
370900,1,1,1995,18,8,18,0,15,13,17,0,0,21
370900,2,1,1995,0,0,0,0,0,0,0,0,0,0
370901,1,1,1995,22,19,23,14,0,0,21,0,0,0
370902,1,1,1995,0,0,0,0,0,0,0,0,0,0
370902,2,1,1995,0,0,0,0,0,0,0,0,0,0
370903,0,1,1995,13,13,13,13,13,13,13,13,13,13
370903,1,1,1995,0,0,0,0,0,0,0,0,0,0
370904,1,1,1995,0,0,0,0,0,0,0,0,0,0
370905,1,1,1995,13,10,10,22,24,23,23,18,27,14
370906,1,1,1995,16,16,16,16,16,16,16,16,16,16
370907,1,1,1995,38,20,5,22,16,17,11,11,29,15
370908,1,1,1995,0,0,0,0,0,0,0,0,0,0
370908,2,1,1995,0,0,0,0,0,0,0,0,0,0
370909,1,1,1995,0,0,0,0,0,0,0,0,0,0
370909,2,1,1995,0,0,0,0,0,0,0,0,0,0
370910,1,1,1995,0,0,0,0,0,0,0,6,0,0
370911,1,1,1995,0,0,0,0,0,0,0,0,0,0
370912,0,1,1995,0,0,0,0,0,0,0,0,0,0
370912,1,1,1995,0,0,0,0,0,0,0,0,0,0
370913,1,1,1995,0,0,0,0,0,0,0,0,0,0
370914,1,1,1995,16,16,16,16,16,16,16,16,16,16
370915,0,1,1995,0,0,0,0,0,0,0,0,0,0
370915,1,1,1995,0,0,0,0,6,0,0,0,0,0
370916,0,1,1995,21,21,21,21,21,21,21,21,21,21
370916,1,1,1995,0,0,0,0,0,0,0,0,0,16
370917,1,1,1995,0,0,0,0,0,0,0,0,0,0
370917,2,1,1995,0,0,0,0,0,0,0,0,0,0
370917,3,1,1995,0,0,0,0,0,0,0,0,0,0
370918,1,1,1995,0,0,0,0,0,0,0,0,0,0
370918,2,1,1995,0,0,0,0,0,0,0,0,0,0
370919,1,1,1995,20,13,19,17,12,31,26,16,18,20
370920,0,1,1995,14,14,14,14,14,14,14,14,14,14
370920,1,1,1995,0,10,11,23,0,20,20,0,19,18
370921,1,1,1995,18,17,31,19,0,26,18,22,19,25
370922,0,1,1995,0,0,0,0,0,0,0,0,0,0
370922,1,1,1995,0,0,0,0,0,0,0,0,0,0
370923,1,1,1995,0,0,0,0,0,0,0,0,0,0
370923,2,1,1995,0,0,0,0,0,0,0,9,0,0
370924,1,1,1995,0,0,0,0,0,0,0,0,0,0
370924,2,1,1995,0,0,0,0,0,0,0,0,0,13
370925,1,1,1995,0,0,0,0,0,0,0,0,0,0
370926,1,1,1995,21,21,21,21,21,21,21,21,21,21
370926,2,1,1995,0,0,8,0,0,0,0,15,0,17
370927,1,1,1995,0,0,0,0,0,0,0,0,0,0
370927,2,1,1995,0,0,0,0,0,0,0,0,0,0
370928,1,1,1995,0,0,0,0,0,0,0,0,0,0
370928,2,1,1995,0,0,0,0,0,0,0,0,0,0
370929,1,1,1995,0,0,0,0,0,0,0,0,0,0
370930,1,1,1995,0,0,0,0,0,0,0,0,0,0
370931,1,1,1995,4,4,4,4,4,4,4,4,4,4
370932,1,1,1995,14,14,14,14,14,14,14,14,14,14
370933,1,1,1995,0,0,0,0,0,0,0,0,0,0
370934,0,1,1995,17,17,17,17,17,17,17,17,17,17
370934,1,1,1995,0,0,0,0,0,0,0,0,0,0
370935,0,1,1995,0,0,0,0,0,0,0,0,0,0
370935,1,1,1995,0,0,0,0,0,0,0,0,0,0
370936,1,1,1995,0,0,0,0,0,0,0,0,0,0
370936,2,1,1995,0,0,0,0,0,0,0,0,0,0
370937,1,1,1995,12,12,12,12,12,12,12,12,12,12
370938,1,1,1995,9,21,20,8,0,14,11,24,13,11
370939,1,1,1995,9,13,17,10,7,15,12,16,17,26
370940,1,1,1995,0,0,0,0,0,0,0,0,0,0
370941,0,1,1995,22,22,22,22,22,22,22,22,22,22
370941,1,1,1995,0,0,0,0,0,0,0,0,0,0
370942,0,1,1995,0,0,29,0,0,0,0,0,13,13
370942,1,1,1995,0,0,0,0,0,0,0,0,0,0
370943,1,1,1995,0,0,0,0,0,0,0,0,0,0
370943,2,1,1995,0,0,0,0,0,0,0,0,0,0
370944,1,1,1995,0,0,6,0,0,0,11,0,0,7
370945,1,1,1995,0,0,0,0,0,0,0,0,0,0
370945,2,1,1995,0,0,0,0,0,0,0,0,0,0
370946,1,1,1995,0,0,0,0,0,0,0,0,0,0
370947,1,1,1995,0,0,0,0,0,0,0,0,0,0
370947,2,1,1995,0,0,0,0,0,0,0,0,0,0
370948,1,1,1995,0,0,0,0,0,0,0,0,0,0
370948,2,1,1995,0,0,0,0,0,0,0,0,30,0
370949,1,1,1995,0,0,0,0,0,0,0,0,0,0
370949,2,1,1995,0,0,0,0,0,0,0,0,0,0
370950,1,1,1995,0,0,0,0,0,0,0,0,0,0
370950,2,1,1995,0,0,0,0,0,0,0,0,0,0
370951,1,1,1995,5,5,5,5,5,5,5,5,5,5
370952,1,1,1995,15,15,15,15,15,15,15,15,15,15
370953,1,1,1995,0,0,0,0,0,0,0,0,0,0
370953,2,1,1995,0,0,0,0,0,0,0,0,0,0
370954,0,1,1995,21,25,3,15,25,12,11,25,23,0
370954,1,1,1995,0,0,0,0,0,0,0,16,0,0
370955,1,1,1995,0,0,0,0,0,0,0,0,0,0
370955,2,1,1995,0,0,0,0,0,0,0,0,0,0
370956,1,1,1995,0,0,0,0,0,0,0,0,0,0
370956,2,1,1995,0,0,0,0,0,0,0,0,0,0
370957,0,1,1995,0,0,0,0,0,0,0,0,0,0
370957,1,1,1995,0,0,0,0,0,0,0,0,0,0
370958,1,1,1995,0,0,0,0,0,0,0,0,0,0
370959,1,1,1995,20,20,20,20,20,20,20,20,20,20
370960,1,1,1995,10,10,10,10,10,10,10,10,10,10
370961,1,1,1995,0,0,0,0,0,0,0,0,0,0
370961,2,1,1995,0,0,0,0,0,0,0,0,0,0
370962,1,1,1995,28,11,16,9,11,8,10,6,20,20
370963,1,1,1995,9,9,9,9,9,9,9,9,9,9
370964,0,1,1995,0,0,0,0,0,0,0,0,0,0
370964,1,1,1995,0,0,0,0,0,0,0,0,0,0
370965,1,1,1995,0,0,0,0,0,0,0,0,0,0
370965,2,1,1995,0,0,0,0,0,0,0,0,0,0
370966,1,1,1995,20,0,0,0,0,0,23,28,0,20
370967,0,1,1995,0,29,29,5,0,0,27,20,36,11
370967,1,1,1995,0,0,0,0,0,0,0,0,0,0
370968,1,1,1995,23,26,0,0,19,0,17,10,0,13
370969,1,1,1995,0,0,0,0,0,0,0,0,0,0
370970,1,1,1995,0,0,0,19,0,0,0,0,0,0
370971,1,1,1995,0,0,0,0,0,0,0,0,0,0
370971,2,1,1995,0,0,0,0,5,0,0,0,0,0
370972,0,1,1995,21,33,9,0,13,22,19,13,13,6
370972,1,1,1995,0,15,0,0,0,0,0,0,0,0
370973,1,1,1995,0,0,10,0,0,0,0,0,0,0
370973,2,1,1995,0,0,0,0,0,0,0,0,0,0
370974,1,1,1995,0,0,0,0,0,0,0,0,0,0
370974,2,1,1995,0,0,0,15,0,0,0,0,0,0
370974,3,1,1995,0,0,0,0,0,0,0,0,0,0
370975,1,1,1995,0,0,0,0,0,0,0,0,0,0
370975,2,1,1995,0,0,0,0,0,0,0,0,0,0
370976,1,1,1995,0,0,0,0,0,0,0,0,6,0
370976,2,1,1995,0,0,0,0,0,0,0,0,0,0
370977,1,1,1995,0,0,0,0,0,0,0,0,0,0
370977,2,1,1995,0,0,0,0,0,0,0,0,0,0
370978,1,1,1995,0,0,0,0,0,0,0,0,0,0
370978,2,1,1995,0,0,0,0,10,0,0,0,0,0
370979,0,1,1995,18,18,18,18,18,18,18,18,18,18
370979,1,1,1995,0,0,0,0,0,0,0,0,0,0
370979,2,1,1995,26,0,0,0,0,0,0,0,0,0
370980,1,1,1995,0,0,0,0,0,0,0,0,0,0
370980,2,1,1995,0,0,0,0,0,0,0,0,0,0
370980,3,1,1995,0,0,0,0,7,0,0,0,0,0
370980,4,1,1995,0,0,0,0,0,0,0,0,0,0
370981,0,1,1995,22,22,22,22,22,22,22,22,22,22