ST_CASE,VEH_NO,PER_NO,YEAR,P1,P2,P3,P4,P5,P6,P7,P8,P9,P10
371262,0,1,1995,20,20,20,20,20,20,20,20,20,20
371262,1,1,1995,0,0,0,0,0,0,0,0,0,0
371263,1,1,1995,0,0,0,0,0,0,0,0,0,0
371263,2,1,1995,0,0,0,0,0,0,0,0,0,0
371264,1,1,1995,0,29,18,19,23,0,42,16,0,31
371265,1,1,1995,0,0,0,0,0,0,19,10,0,0
371266,0,1,1995,0,0,0,0,0,0,0,0,0,0
371266,1,1,1995,0,0,0,0,0,0,0,0,0,0
371267,1,1,1995,0,7,0,0,0,17,0,6,31,0
371268,1,1,1995,15,15,25,21,20,22,22,16,23,42
371269,1,1,1995,0,0,0,37,14,0,22,0,0,0
371270,0,1,1995,0,0,6,0,15,0,0,0,24,6
371270,1,1,1995,0,13,0,0,0,0,0,0,0,0
371271,1,1,1995,11,0,0,9,0,0,32,21,21,0
371272,1,1,1995,22,22,22,22,22,22,22,22,22,22
371273,1,1,1995,0,0,0,0,0,0,0,0,0,0
371273,2,1,1995,0,0,0,0,0,0,0,0,0,0
371274,1,1,1995,0,0,0,0,0,0,11,0,0,0
371274,2,1,1995,0,0,0,0,17,0,0,0,0,0
371275,1,1,1995,18,18,18,18,18,18,18,18,18,18
371276,1,1,1995,21,7,9,0,16,20,16,32,31,20
371277,1,1,1995,17,20,15,29,12,0,8,12,11,22
371278,1,1,1995,0,0,0,0,0,0,0,0,0,0
371279,0,1,1995,0,0,0,0,0,0,14,0,0,0
371279,1,1,1995,0,0,0,0,0,0,0,0,0,0
371280,1,1,1995,0,0,0,0,0,0,0,0,0,0
371280,2,1,1995,0,0,0,0,0,0,0,0,0,0
371281,1,1,1995,29,29,29,29,29,29,29,29,29,29
371282,1,1,1995,0,0,0,0,0,0,0,0,0,0
371282,2,1,1995,0,0,0,0,0,0,0,0,0,0
371283,1,1,1995,11,11,11,11,11,11,11,11,11,11
371284,0,1,1995,0,0,0,0,0,0,0,0,0,0
371284,1,1,1995,0,0,0,0,0,0,0,0,0,0
371285,1,1,1995,25,25,25,25,25,25,25,25,25,25
371286,1,1,1995,0,0,0,0,0,0,0,0,0,0
371286,2,1,1995,0,0,0,0,0,0,0,0,0,0
371287,1,1,1995,0,0,0,0,0,0,0,0,0,0
371287,2,1,1995,0,0,0,0,0,0,0,0,0,0
371288,1,1,1995,0,0,0,0,0,0,0,0,0,0
371289,1,1,1995,4,8,6,12,4,2,9,19,21,0
371289,2,1,1995,0,0,14,0,0,0,0,0,0,0
371290,1,1,1995,0,0,0,0,0,0,0,0,0,0
371290,2,1,1995,0,0,0,0,0,0,0,0,0,0
371291,1,1,1995,0,0,0,0,0,0,0,0,0,0
371291,2,1,1995,0,0,0,0,0,0,0,0,0,0
371292,0,1,1995,16,7,15,12,0,20,24,27,9,19
371292,1,1,1995,0,0,0,0,0,0,0,0,0,0
371293,1,1,1995,0,0,0,0,0,0,0,0,0,0
371293,2,1,1995,0,0,0,0,0,0,0,0,0,0
371294,1,1,1995,0,0,0,0,0,0,0,0,0,0
371294,2,1,1995,0,0,0,0,0,0,0,0,0,0
371295,1,1,1995,5,5,5,5,5,5,5,5,5,5
371296,0,1,1995,0,11,27,0,26,23,0,0,0,0
371296,1,1,1995,0,6,20,14,0,10,2,9,11,13
371297,1,1,1995,11,11,27,17,22,21,6,7,21,9
371298,1,1,1995,0,0,0,0,0,0,0,0,0,0
371298,2,1,1995,0,0,0,0,0,0,0,0,0,0
371298,3,1,1995,0,0,0,0,0,0,0,0,0,0
371299,1,1,1995,0,0,0,0,0,0,0,0,0,0
371299,2,1,1995,0,0,0,0,0,0,0,0,0,0
371300,1,1,1995,0,0,0,0,0,0,0,0,0,0
371300,2,1,1995,0,0,0,0,0,0,0,0,0,0
371300,3,1,1995,0,0,0,0,0,0,0,0,0,0
371301,1,1,1995,0,0,0,0,0,31,0,0,0,0
371302,1,1,1995,13,0,27,19,28,22,20,21,16,19
371302,2,1,1995,0,0,0,0,0,0,0,0,0,0
371303,1,1,1995,0,0,0,0,0,0,0,0,0,0
371303,2,1,1995,0,0,0,0,0,0,0,0,0,0
371304,1,1,1995,0,0,0,0,0,0,0,0,0,0
371304,2,1,1995,0,0,0,0,0,0,0,9,0,0
371305,1,1,1995,0,0,0,0,0,0,0,0,0,0
371305,2,1,1995,0,0,0,0,0,0,0,0,0,0
371305,3,1,1995,0,0,0,0,0,0,0,0,0,0
371306,1,1,1995,0,0,0,0,0,0,0,0,0,0
371306,2,1,1995,0,0,12,0,0,0,0,0,0,0
371307,1,1,1995,0,0,0,0,0,0,0,14,0,0
371307,2,1,1995,0,0,0,0,0,0,0,0,0,0
371308,1,1,1995,0,0,0,0,0,0,0,0,0,0
371308,2,1,1995,0,0,0,0,0,0,0,0,0,0
371308,3,1,1995,0,0,0,0,0,0,0,0,0,0
371309,1,1,1995,0,0,0,0,0,0,0,0,0,0
371309,2,1,1995,0,0,0,0,0,0,0,0,0,0
371310,0,1,1995,0,0,0,0,0,0,0,16,0,0
371310,1,1,1995,0,19,12,14,16,8,10,9,21,16
371311,1,1,1995,12,9,25,23,22,18,24,12,25,19
371312,1,1,1995,0,0,0,0,0,0,0,7,0,0
371312,2,1,1995,0,0,0,0,0,0,0,0,0,0
371313,1,1,1995,0,0,0,0,0,0,0,0,0,0
371314,1,1,1995,0,0,0,0,10,0,0,0,0,0
371314,2,1,1995,0,0,0,0,0,0,0,0,0,0
371315,1,1,1995,23,34,20,10,26,24,29,0,0,0
371316,1,1,1995,21,10,14,7,29,17,23,31,2,7
380001,1,1,1995,0,0,0,0,0,0,0,0,0,0
380001,2,1,1995,12,12,12,12,12,12,12,12,12,12
380002,1,1,1995,0,0,0,0,0,0,0,0,0,0
380003,1,1,1995,0,0,0,0,0,0,0,13,0,0
380004,1,1,1995,0,0,0,0,0,0,0,0,0,0
380004,2,1,1995,0,0,0,0,0,0,0,0,0,0
380005,1,1,1995,0,0,0,0,0,0,0,0,0,0
380005,2,1,1995,15,15,15,15,15,15,15,15,15,15
380006,1,1,1995,11,11,11,11,11,11,11,11,11,11
380006,2,1,1995,0,0,16,0,0,0,0,0,0,0
380007,1,1,1995,5,17,0,16,31,23,9,0,20,9
380008,1,1,1995,0,0,0,0,0,0,0,0,0,0
380008,2,1,1995,0,0,0,0,0,0,0,0,0,0
380009,1,1,1995,0,0,0,0,0,0,0,0,0,0
380009,2,1,1995,0,7,0,0,0,0,0,13,0,0
380010,1,1,1995,0,0,0,0,0,0,0,0,0,0
380010,2,1,1995,0,0,20,0,0,0,0,0,0,0
380010,4,1,1995,0,0,0,0,0,0,0,0,0,0
380011,1,1,1995,0,0,0,0,0,0,0,0,0,0
380011,2,1,1995,0,0,0,0,0,0,0,0,0,0
380012,1,1,1995,2,12,0,0,0,0,0,0,0,0
380013,1,1,1995,0,0,0,0,0,0,0,0,0,0
380013,2,1,1995,0,0,0,0,0,0,0,0,0,0
380014,1,1,1995,11,11,11,11,11,11,11,11,11,11
380015,1,1,1995,0,0,0,0,0,0,0,0,0,0
380015,2,1,1995,25,25,25,25,25,25,25,25,25,25
380016,0,1,1995,23,23,23,23,23,23,23,23,23,23
380016,1,1,1995,0,0,0,0,0,0,0,0,0,0
380017,1,1,1995,1,1,1,1,1,1,1,1,1,1
380018,1,1,1995,22,22,22,22,22,22,22,22,22,22
380019,1,1,1995,0,0,0,0,0,0,0,0,0,0
380019,2,1,1995,0,0,0,0,0,0,0,0,0,0
380020,1,1,1995,16,16,16,16,16,16,16,16,16,16
380021,1,1,1995,18,18,18,18,18,18,18,18,18,18
380022,1,1,1995,17,0,8,30,0,0,0,31,13,10
380023,1,1,1995,16,0,0,0,0,0,0,0,0,0
380024,1,1,1995,8,8,8,8,8,8,8,8,8,8
380025,1,1,1995,0,0,0,0,0,0,0,0,0,0
380025,2,1,1995,0,0,0,0,0,0,0,0,0,0
380026,1,1,1995,0,10,0,5,1,9,27,6,0,8
380026,2,1,1995,0,0,0,0,0,0,0,0,0,0
380027,1,1,1995,6,0,0,0,0,0,0,0,0,0
380027,2,1,1995,0,0,0,0,0,0,0,0,0,0
380028,1,1,1995,8,8,8,8,8,8,8,8,8,8
380029,1,1,1995,0,0,0,0,0,0,0,0,0,0
380029,2,1,1995,0,0,0,0,0,0,0,0,0,0
380030,1,1,1995,0,0,0,0,0,0,0,0,0,0
380031,1,1,1995,13,3,7,0,11,17,18,14,20,0
380032,1,1,1995,12,0,16,8,17,16,0,13,15,0
380032,2,1,1995,0,0,0,0,0,0,0,0,0,0
380033,1,1,1995,5,5,5,5,5,5,5,5,5,5
380034,1,1,1995,0,0,0,0,0,0,0,0,0,0
380035,1,1,1995,24,22,27,7,27,23,19,13,17,25
380035,2,1,1995,0,0,0,0,0,0,0,4,0,8
380035,3,1,1995,0,0,0,0,0,7,0,0,0,0
380036,1,1,1995,0,0,0,0,0,0,0,0,0,0
380036,2,1,1995,0,0,0,0,0,0,0,0,0,0
380036,3,1,1995,0,0,0,0,0,0,0,0,0,0
380037,1,1,1995,0,0,0,0,0,0,0,0,0,5
380038,1,1,1995,0,0,0,0,0,0,0,12,0,0
380039,1,1,1995,0,0,0,0,0,0,0,0,0,0
380039,2,1,1995,28,28,28,28,28,28,28,28,28,28
380040,1,1,1995,0,0,0,0,0,0,0,0,0,0
380040,2,1,1995,0,0,0,0,0,0,0,0,0,0
380041,1,1,1995,23,23,23,23,23,23,23,23,23,23
380042,1,1,1995,0,0,0,0,0,0,0,0,0,0
380043,1,1,1995,0,3,0,0,0,0,0,10,5,0
380043,2,1,1995,0,0,0,0,0,0,0,0,0,0
380044,1,1,1995,12,11,9,17,13,0,34,6,21,39
380044,2,1,1995,13,13,13,13,13,13,13,13,13,13
380045,1,1,1995,0,0,0,0,6,0,0,0,0,0
380045,2,1,1995,0,0,0,0,0,0,0,0,0,0
380046,1,1,1995,0,0,0,0,0,0,0,0,0,0
380046,2,1,1995,0,0,0,0,0,0,0,0,0,0
380047,1,1,1995,21,21,21,21,21,21,21,21,21,21
380048,1,1,1995,18,18,18,18,18,18,18,18,18,18
380049,1,1,1995,0,0,0,0,0,0,13,0,0,0
380050,1,1,1995,25,14,23,20,24,16,20,12,16,8
380051,1,1,1995,26,26,26,26,26,26,26,26,26,26
380052,1,1,1995,10,10,10,10,10,10,10,10,10,10
380053,1,1,1995,14,11,23,9,12,19,13,0,36,0
380053,2,1,1995,0,0,0,0,0,0,0,0,0,0
380054,0,1,1995,0,0,0,0,0,0,0,0,0,0
380054,1,1,1995,0,0,0,0,0,13,7,0,0,0
380055,1,1,1995,16,0,0,0,0,0,0,0,0,0
380055,2,1,1995,0,0,0,0,0,0,0,0,0,0
380056,1,1,1995,17,17,17,17,17,17,17,17,17,17
380057,0,1,1995,0,0,0,0,0,0,0,0,0,0
380057,1,1,1995,0,0,0,0,0,0,0,0,0,0
380058,1,1,1995,21,21,21,21,21,21,21,21,21,21
380059,1,1,1995,0,0,0,0,0,0,0,0,0,0
380060,1,1,1995,8,8,8,8,8,8,8,8,8,8
380061,1,1,1995,0,0,0,0,0,0,0,0,0,0
380061,2,1,1995,23,20,11,27,14,16,0,25,23,28
380062,1,1,1995,4,4,4,4,4,4,4,4,4,4
380062,2,1,1995,0,0,0,0,0,0,0,0,0,0
380063,1,1,1995,14,14,14,14,14,14,14,14,14,14
380064,1,1,1995,5,5,5,5,5,5,5,5,5,5
380065,1,1,1995,14,14,14,14,14,14,14,14,14,14
380065,2,1,1995,0,0,0,0,0,0,0,0,0,0
390001,1,1,1995,0,0,0,0,0,0,0,0,0,0
390002,1,1,1995,0,0,0,0,0,0,0,0,0,0
390003,1,1,1995,0,0,0,0,0,0,0,0,0,0
390004,1,1,1995,0,0,0,0,0,0,0,0,0,0
390005,1,1,1995,0,0,0,0,0,0,0,0,0,0
390005,2,1,1995,0,0,0,0,0,0,0,0,0,0
390006,1,1,1995,18,18,18,18,18,18,18,18,18,18
390007,1,1,1995,25,25,25,25,25,25,25,25,25,25
390008,1,1,1995,0,0,0,0,0,0,0,0,0,0
390008,2,1,1995,0,0,0,0,0,0,0,0,0,0
390009,1,1,1995,0,0,0,0,0,0,0,0,0,0
390010,1,1,1995,23,23,23,23,23,23,23,23,23,23
390011,1,1,1995,22,22,22,22,22,22,22,22,22,22
390011,2,1,1995,0,0,0,0,0,0,0,0,0,0
390012,1,1,1995,0,0,0,0,0,0,0,0,0,18
390012,2,1,1995,0,0,0,0,0,0,0,0,0,0
390013,1,1,1995,0,0,0,0,0,0,0,0,0,0
390014,1,1,1995,0,0,8,0,0,0,0,0,0,0
390015,1,1,1995,0,0,5,0,0,0,0,0,0,0
390016,1,1,1995,0,0,0,0,0,0,0,0,0,15
390016,2,1,1995,0,0,0,0,0,0,0,0,0,0
390017,1,1,1995,0,0,0,0,0,0,0,0,0,0
390017,2,1,1995,0,0,0,0,0,0,0,0,0,0
390018,1,1,1995,0,0,0,0,0,0,0,0,0,0
390018,2,1,1995,0,0,0,0,0,0,0,0,0,0
390019,1,1,1995,5,20,15,0,14,21,0,0,8,8
390019,2,1,1995,0,0,0,0,0,0,0,0,0,0
390020,1,1,1995,0,0,0,0,0,0,0,0,0,0
390021,1,1,1995,0,0,0,0,0,0,0,0,0,0
390021,2,1,1995,0,15,0,0,0,0,0,0,0,0
390022,1,1,1995,0,0,0,0,0,0,0,0,0,0
390022,2,1,1995,0,0,0,0,0,0,0,0,0,0
390023,1,1,1995,21,21,21,21,21,21,21,21,21,21
390023,2,1,1995,0,3,8,0,0,0,0,0,0,12
390024,1,1,1995,0,0,0,0,0,0,0,0,0,0
390024,2,1,1995,0,0,0,0,0,0,0,0,0,0
390024,3,1,1995,0,12,0,0,0,0,0,0,0,0
390025,1,1,1995,10,9,0,0,0,0,22,0,0,0
390026,1,1,1995,0,0,0,0,0,0,0,0,7,0
390026,2,1,1995,0,0,0,0,0,0,0,0,0,0
390027,1,1,1995,0,0,0,0,0,0,0,0,0,0
390028,1,1,1995,0,0,0,0,0,0,0,0,0,0
390028,2,1,1995,0,0,0,0,0,0,0,0,0,0
390028,3,1,1995,0,0,0,0,0,0,0,0,0,0
390029,1,1,1995,0,0,0,0,0,0,0,0,0,0
390029,2,1,1995,0,0,0,0,0,0,0,0,0,0
390030,1,1,1995,0,0,0,0,0,0,0,0,0,0
390031,1,1,1995,0,0,0,13,0,0,0,0,0,0
390031,2,1,1995,0,0,0,4,0,0,0,0,0,0
390032,1,1,1995,0,0,0,0,0,0,0,0,0,0
390033,1,1,1995,0,0,0,0,19,18,0,15,9,38
390034,1,1,1995,28,28,28,28,28,28,28,28,28,28
390035,1,1,1995,12,12,12,12,12,12,12,12,12,12
390036,1,1,1995,18,0,0,0,0,0,0,0,34,22
390037,1,1,1995,0,0,0,0,0,0,0,0,0,0
390037,2,1,1995,0,0,0,0,0,0,0,0,0,0
390038,1,1,1995,0,0,0,0,0,0,0,0,0,0
390038,2,1,1995,0,0,0,0,0,0,0,0,0,0
390039,1,1,1995,0,0,0,0,0,0,0,0,0,0
390039,2,1,1995,0,0,0,0,0,0,0,0,0,0
390040,1,1,1995,0,0,0,0,0,0,0,0,0,0
390040,2,1,1995,0,0,0,0,0,9,0,0,0,0
390041,1,1,1995,0,0,0,0,0,0,0,0,0,0
390042,1,1,1995,1,1,1,1,1,1,1,1,1,1
390043,0,1,1995,0,0,0,0,0,0,0,0,0,0
390043,1,1,1995,0,6,0,0,0,0,0,0,0,0
390044,1,1,1995,21,21,21,21,21,21,21,21,21,21
390045,1,1,1995,0,25,4,0,0,0,0,0,0,15
390045,2,1,1995,0,0,0,0,0,0,0,0,0,0
390046,1,1,1995,0,0,0,0,0,0,0,0,0,0
390046,2,1,1995,0,0,0,0,0,0,0,0,0,0
390047,0,1,1995,0,0,0,0,0,0,0,0,0,0
390047,1,1,1995,0,0,0,0,0,0,0,0,0,0
390047,2,1,1995,0,0,0,0,0,0,0,0,0,0
390048,1,1,1995,0,0,0,0,0,0,0,0,0,0
390048,2,1,1995,0,0,0,0,0,0,0,0,0,0
390049,1,1,1995,0,0,0,0,0,0,3,0,0,0
390050,1,1,1995,0,0,0,0,0,0,0,0,0,0
390050,2,1,1995,0,0,0,0,0,0,0,0,0,0
390051,1,1,1995,18,18,18,18,18,18,18,18,18,18
390052,1,1,1995,0,0,0,0,0,0,0,0,0,0
390052,2,1,1995,0,0,0,0,0,0,0,0,0,0
390053,1,1,1995,0,0,0,0,0,0,0,0,0,0
390053,2,1,1995,0,0,0,0,0,0,0,0,0,0
390053,3,1,1995,0,0,0,0,0,0,0,0,0,0
390054,0,1,1995,0,0,0,0,0,0,0,0,0,0
390054,1,1,1995,0,0,0,0,0,0,0,0,0,0
390055,1,1,1995,20,20,20,20,20,20,20,20,20,20
390056,1,1,1995,19,19,19,19,19,19,19,19,19,19
390057,1,1,1995,0,0,0,0,0,0,0,0,0,0
390057,2,1,1995,6,6,6,6,6,6,6,6,6,6
390058,0,1,1995,0,0,0,0,0,0,0,0,0,0
390058,1,1,1995,0,0,0,0,0,0,0,0,0,0
390059,1,1,1995,0,0,0,0,0,0,0,0,0,0
390059,2,1,1995,0,0,0,0,0,0,0,0,0,0
390060,1,1,1995,0,0,0,0,0,0,0,0,0,0
390061,1,1,1995,0,0,0,0,0,0,0,0,0,0
390061,2,1,1995,0,0,0,0,0,0,0,0,0,0
390062,1,1,1995,20,20,20,20,20,20,20,20,20,20
390063,1,1,1995,0,0,0,0,0,0,0,0,0,0
390064,0,1,1995,0,0,0,0,0,0,22,0,0,0
390064,1,1,1995,0,0,0,0,0,0,8,0,0,0
390065,1,1,1995,8,0,0,0,0,0,0,0,0,0
390065,2,1,1995,0,0,0,0,0,0,0,0,0,0
390066,1,1,1995,4,4,4,4,4,4,4,4,4,4
390066,2,1,1995,0,0,0,0,0,0,0,0,0,0
390066,3,1,1995,0,0,0,0,0,0,0,0,0,6
390067,1,1,1995,0,0,0,0,0,0,0,0,0,0
390067,2,1,1995,0,23,0,0,0,0,0,0,0,0
390068,1,1,1995,0,0,0,0,0,0,0,0,0,0
390068,3,1,1995,0,0,0,0,0,0,0,0,0,0
390069,1,1,1995,0,0,0,0,0,0,0,21,0,18
390070,1,1,1995,0,0,0,0,0,0,0,0,0,0
390071,1,1,1995,0,0,0,0,0,0,0,0,0,0
390071,2,1,1995,0,0,0,0,0,0,0,0,0,0
390072,0,1,1995,0,0,0,0,0,0,0,0,0,0
390072,1,1,1995,0,0,0,0,0,0,0,0,0,0
390073,0,1,1995,0,0,0,0,0,0,0,0,0,0
390073,1,1,1995,18,18,18,18,18,18,18,18,18,18
390074,0,1,1995,0,0,0,0,0,0,0,0,0,0
390074,1,1,1995,0,0,0,0,0,0,0,0,0,0
390075,1,1,1995,12,15,40,14,8,36,7,8,18,14
390075,2,1,1995,0,0,0,0,0,0,0,0,0,0
390076,1,1,1995,0,0,0,0,0,0,0,0,0,0
390076,2,1,1995,0,0,0,0,0,0,0,0,0,0
390077,1,1,1995,1,1,1,1,1,1,1,1,1,1
390078,0,1,1995,19,0,0,0,0,0,31,43,0,0
390078,1,1,1995,0,0,0,0,0,0,0,0,0,0
390079,1,1,1995,1,1,1,1,1,1,1,1,1,1
390080,1,1,1995,19,19,19,19,19,19,19,19,19,19
390080,2,1,1995,15,15,15,15,15,15,15,15,15,15
390081,0,1,1995,0,3,22,6,0,0,0,11,0,0
390081,0,2,1995,11,2,21,13,17,9,0,9,0,0
390081,0,3,1995,3,3,3,3,3,3,3,3,3,3
390081,0,4,1995,6,6,6,6,6,6,6,6,6,6
390081,1,1,1995,0,0,0,0,0,0,0,0,0,0
390082,1,1,1995,0,0,0,0,0,0,0,0,0,0
390082,2,1,1995,0,0,0,0,0,0,0,0,0,0
390083,1,1,1995,10,10,10,10,10,10,10,10,10,10
390084,1,1,1995,0,0,0,0,0,0,0,0,0,0
390084,2,1,1995,0,0,0,0,0,0,0,0,0,0
390085,1,1,1995,0,0,0,0,0,0,0,0,0,0
390085,2,1,1995,0,0,0,0,0,0,0,0,0,0
390086,1,1,1995,28,28,28,28,28,28,28,28,28,28
390086,2,1,1995,5,11,10,31,21,17,4,24,26,16
390087,1,1,1995,0,0,0,0,0,0,0,0,0,0
390087,2,1,1995,0,0,0,0,0,0,0,0,0,0
390088,1,1,1995,0,0,0,0,0,0,0,0,0,0
390089,1,1,1995,0,0,0,0,0,0,0,0,0,0
390089,2,1,1995,0,0,0,0,0,0,0,0,0,0
390090,0,1,1995,0,0,0,0,0,0,0,0,0,0
390090,1,1,1995,0,0,0,0,0,0,0,0,0,0
390090,2,1,1995,0,0,0,0,0,0,0,0,0,0
390091,1,1,1995,0,0,0,0,0,0,0,0,0,0
390092,1,1,1995,20,20,20,20,20,20,20,20,20,20
390093,0,1,1995,0,0,0,0,0,0,0,0,0,0
390093,1,1,1995,0,0,0,0,0,0,0,0,0,0
390094,1,1,1995,0,0,0,0,0,0,0,0,0,0
390094,2,1,1995,0,0,0,0,0,0,0,0,0,0
390095,1,1,1995,18,18,18,18,18,18,18,18,18,18
390096,1,1,1995,17,17,17,17,17,17,17,17,17,17
390097,1,1,1995,0,0,0,0,0,0,0,0,0,0
390097,2,1,1995,0,0,0,0,0,0,0,0,0,0
390098,1,1,1995,0,0,7,0,0,0,0,0,9,0
390098,2,1,1995,0,0,15,0,0,0,0,13,0,0
390099,1,1,1995,0,0,12,0,0,0,0,0,0,0
390099,2,1,1995,0,0,0,0,0,0,0,0,0,0
390100,1,1,1995,0,0,0,0,0,0,0,0,0,0
390100,2,1,1995,0,0,0,0,0,0,0,0,0,0
390101,0,1,1995,22,8,0,0,0,0,0,8,0,0
390101,1,1,1995,0,0,0,0,0,0,0,0,0,0
390102,1,1,1995,0,0,0,0,0,0,0,0,0,0
390103,0,1,1995,0,0,0,0,0,0,0,0,0,0
390103,1,1,1995,0,0,0,0,0,0,0,0,0,0
390104,1,1,1995,17,0,0,0,0,0,0,0,0,0
390104,2,1,1995,0,0,0,0,0,0,0,0,0,0
390105,0,1,1995,0,0,0,0,0,0,0,0,0,0
390105,1,1,1995,0,0,0,0,0,0,0,0,0,0
390106,1,1,1995,0,0,0,0,0,0,0,0,0,0
390106,2,1,1995,0,0,0,0,0,0,0,0,0,0
390107,1,1,1995,0,0,0,0,0,0,0,0,0,0
390107,2,1,1995,0,0,0,0,0,0,0,0,0,0
390108,1,1,1995,27,27,27,27,27,27,27,27,27,27
390108,2,1,1995,0,0,0,0,0,0,0,0,0,0
390109,1,1,1995,0,0,0,0,0,0,0,0,0,0
390109,2,1,1995,0,0,0,0,0,0,0,0,0,0
390110,1,1,1995,0,0,0,0,0,0,0,0,0,0
390110,2,1,1995,16,16,16,16,16,16,16,16,16,16
390111,1,1,1995,11,4,8,30,16,16,5,0,9,0
390112,1,1,1995,12,0,0,0,0,0,0,0,27,0
390112,2,1,1995,0,0,0,0,0,0,0,0,0,0
390113,1,1,1995,12,12,12,12,12,12,12,12,12,12
390114,1,1,1995,11,11,11,11,11,11,11,11,11,11
390115,1,1,1995,0,0,0,0,0,0,0,19,0,0
390115,2,1,1995,0,0,0,0,0,0,0,0,0,16
390116,1,1,1995,1,1,1,1,1,1,1,1,1,1
390117,1,1,1995,0,0,0,0,0,0,0,0,0,0
390118,1,1,1995,0,0,0,0,0,0,0,0,0,0
390118,2,1,1995,0,0,0,0,0,0,0,0,11,0
390119,1,1,1995,34,34,34,34,34,34,34,34,34,34
390120,1,1,1995,19,19,19,19,19,19,19,19,19,19
390121,1,1,1995,0,0,0,0,0,0,0,0,0,0
390121,2,1,1995,0,0,0,0,0,0,0,0,0,0
390121,3,1,1995,0,0,0,0,0,0,0,0,0,0
390122,1,1,1995,0,0,0,0,0,0,0,0,0,0
390122,2,1,1995,0,0,0,0,0,0,0,0,0,0
390123,1,1,1995,10,20,5,20,0,0,0,0,29,30
390124,0,1,1995,0,0,0,0,0,0,0,0,0,0
390124,1,1,1995,0,3,0,0,0,0,0,0,0,0
390125,1,1,1995,0,0,0,0,0,0,0,0,0,0
390125,2,1,1995,0,0,0,0,0,0,0,0,0,0
390126,1,1,1995,0,0,0,0,0,0,0,0,0,0
390126,2,1,1995,0,0,0,0,0,0,0,0,0,0
390127,1,1,1995,18,18,18,18,18,18,18,18,18,18
390127,2,1,1995,8,0,0,0,0,0,0,0,0,0
390127,3,1,1995,0,0,0,0,0,0,0,0,0,0
390128,0,1,1995,0,0,0,0,0,0,0,0,0,0
390128,1,1,1995,24,20,14,17,16,21,23,14,13,26
390129,1,1,1995,0,0,0,0,0,0,0,0,0,0
390130,1,1,1995,0,0,0,0,0,0,0,0,0,0
390131,1,1,1995,0,0,0,0,0,0,0,0,0,0
390132,1,1,1995,14,14,14,14,14,14,14,14,14,14
390133,1,1,1995,0,0,0,0,0,0,0,0,0,0
390134,1,1,1995,29,29,29,29,29,29,29,29,29,29
390135,1,1,1995,0,0,0,0,0,0,0,0,0,0
390135,2,1,1995,0,0,0,0,0,0,0,0,0,0
390136,0,1,1995,0,0,0,0,0,0,0,0,0,0
390136,1,1,1995,0,0,0,0,0,0,0,0,0,0
390137,0,1,1995,17,0,0,0,0,0,24,0,0,0
390137,1,1,1995,0,0,0,0,0,0,0,0,0,0
390137,2,1,1995,0,0,0,0,0,0,0,0,0,0
390138,1,1,1995,0,0,0,0,0,0,0,0,0,0
390138,2,1,1995,0,0,0,0,0,0,0,0,0,0
390139,1,1,1995,0,0,0,0,0,0,0,0,0,0
390139,2,1,1995,0,0,0,0,0,0,0,0,0,0
390140,1,1,1995,0,0,0,0,0,0,0,0,0,0
390140,2,1,1995,0,11,10,3,0,11,12,26,13,21
390141,1,1,1995,0,0,0,0,0,0,0,0,0,0
390141,2,1,1995,0,0,0,0,0,0,0,0,0,0
390142,1,1,1995,19,19,19,19,19,19,19,19,19,19
390143,1,1,1995,0,0,0,0,0,0,0,9,0,0
390144,1,1,1995,4,0,11,14,0,15,9,20,24,16
390144,2,1,1995,4,4,4,4,4,4,4,4,4,4
390145,1,1,1995,0,17,24,22,10,23,0,24,20,10
390146,1,1,1995,0,9,0,0,0,0,0,10,0,0
390146,2,1,1995,0,0,0,0,0,0,0,0,4,0
390147,1,1,1995,0,3,16,34,12,5,21,20,3,11
390148,1,1,1995,0,0,0,0,0,0,0,0,0,0
390148,2,1,1995,0,0,0,0,0,0,0,0,0,0
390149,1,1,1995,0,0,0,0,0,0,0,0,0,0
390149,2,1,1995,0,0,0,0,0,0,0,0,0,0
390150,1,1,1995,0,0,0,0,0,0,0,0,0,0
390150,2,1,1995,0,0,0,0,0,0,0,0,0,0
390151,1,1,1995,0,0,0,0,0,0,0,0,0,0
390152,1,1,1995,19,19,19,19,19,19,19,19,19,19
390152,2,1,1995,0,0,0,0,0,0,0,0,0,0
390153,1,1,1995,0,0,0,0,0,0,0,0,0,0
390154,1,1,1995,9,9,9,9,9,9,9,9,9,9
390155,1,1,1995,8,8,8,8,8,8,8,8,8,8
390156,1,1,1995,0,0,0,0,0,0,0,0,0,0
390156,2,1,1995,0,0,0,0,0,0,0,0,0,0
390157,1,1,1995,0,0,0,0,0,0,0,0,0,0
390158,1,1,1995,0,0,0,0,0,0,0,0,0,0
390158,2,1,1995,0,0,0,0,0,0,0,0,0,0
390159,1,1,1995,6,6,6,6,6,6,6,6,6,6
390159,2,1,1995,0,0,0,0,0,0,0,0,0,0
390160,0,1,1995,0,0,0,0,28,18,0,0,0,0
390160,1,1,1995,21,21,21,21,21,21,21,21,21,21
390161,1,1,1995,22,22,22,22,22,22,22,22,22,22
390162,1,1,1995,0,0,0,0,0,0,0,0,0,0
390163,1,1,1995,0,0,0,0,0,0,0,0,0,0