ST_CASE,VEH_NO,PER_NO,YEAR,P1,P2,P3,P4,P5,P6,P7,P8,P9,P10
390163,2,1,1995,0,0,0,0,0,0,0,0,0,0
390164,1,1,1995,14,2,0,0,0,0,0,0,0,0
390165,1,1,1995,0,0,0,0,0,0,0,0,0,0
390165,2,1,1995,5,5,5,5,5,5,5,5,5,5
390166,1,1,1995,15,40,18,33,14,16,14,4,15,9
390167,0,1,1995,0,0,0,0,0,0,0,0,0,0
390167,0,2,1995,0,0,0,0,0,0,0,0,0,0
390167,1,1,1995,0,0,0,0,0,0,0,0,0,0
390168,1,1,1995,13,13,13,13,13,13,13,13,13,13
390169,1,1,1995,0,0,0,0,0,0,0,0,0,0
390169,2,1,1995,0,0,0,0,0,0,0,0,0,0
390170,1,1,1995,0,0,0,0,0,0,0,0,0,0
390171,1,1,1995,25,25,25,25,25,25,25,25,25,25
390172,1,1,1995,0,0,0,0,0,0,0,0,0,0
390172,2,1,1995,0,0,0,0,0,0,0,17,0,0
390173,1,1,1995,0,23,0,0,0,0,0,0,0,0
390174,1,1,1995,0,0,0,0,0,0,0,0,0,0
390174,2,1,1995,0,0,0,0,0,0,0,0,0,0
390175,1,1,1995,0,0,0,0,0,0,0,0,0,0
390175,2,1,1995,0,0,0,0,0,0,0,0,0,0
390176,1,1,1995,0,0,0,22,0,0,0,0,0,0
390176,2,1,1995,0,0,0,0,0,0,0,0,0,0
390177,1,1,1995,19,0,10,0,0,19,0,0,17,0
390178,1,1,1995,0,0,0,0,0,0,0,0,0,0
390179,1,1,1995,18,18,18,18,18,18,18,18,18,18
390180,1,1,1995,0,0,0,0,0,0,0,20,0,0
390181,1,1,1995,0,0,0,0,0,0,0,0,0,0
390181,2,1,1995,13,13,13,13,13,13,13,13,13,13
390182,1,1,1995,6,6,6,6,6,6,6,6,6,6
390183,1,1,1995,11,11,11,11,11,11,11,11,11,11
390184,1,1,1995,10,10,10,10,10,10,10,10,10,10
390185,1,1,1995,0,0,0,0,0,0,0,0,0,0
390186,1,1,1995,2,2,2,2,2,2,2,2,2,2
390186,2,1,1995,0,0,0,0,0,0,0,0,0,0
390187,1,1,1995,0,0,0,0,0,0,0,0,0,0
390188,1,1,1995,0,0,0,0,0,0,0,0,0,0
390188,2,1,1995,0,9,0,0,0,0,0,0,0,0
390189,1,1,1995,7,7,7,7,7,7,7,7,7,7
390189,2,1,1995,0,0,0,0,0,0,0,0,0,0
390190,1,1,1995,15,0,7,0,21,6,0,0,12,0
390191,1,1,1995,0,0,0,0,0,0,0,0,0,0
390191,2,1,1995,0,0,0,0,0,0,0,0,0,0
390192,1,1,1995,0,0,0,0,0,0,0,0,0,0
390192,2,1,1995,0,0,0,0,0,0,0,0,0,0
390193,1,1,1995,15,15,15,15,15,15,15,15,15,15
390194,1,1,1995,0,0,0,0,0,0,0,0,0,0
390195,1,1,1995,0,0,0,0,0,0,0,0,0,0
390195,2,1,1995,0,0,0,0,0,0,0,0,0,0
390196,1,1,1995,0,0,0,0,0,0,0,0,0,0
390196,2,1,1995,0,0,0,0,0,0,0,0,0,0
390197,1,1,1995,0,0,0,0,0,0,0,0,0,0
390197,2,1,1995,0,0,0,0,0,0,0,0,0,11
390198,1,1,1995,0,0,0,0,0,0,0,0,0,0
390198,2,1,1995,20,20,20,20,20,20,20,20,20,20
390198,3,1,1995,0,0,0,0,0,0,0,0,0,0
390199,1,1,1995,12,12,12,12,12,12,12,12,12,12
390199,2,1,1995,0,0,0,0,0,0,0,0,0,0
390200,1,1,1995,0,3,0,0,0,0,0,0,0,0
390200,2,1,1995,0,0,0,0,0,0,0,0,0,0
390201,1,1,1995,0,0,0,0,0,0,0,0,0,0
390201,2,1,1995,0,0,0,0,0,0,0,0,0,0
390202,1,1,1995,25,23,9,14,22,17,6,24,37,15
390202,2,1,1995,0,0,0,0,0,0,0,0,0,0
390203,1,1,1995,0,0,0,0,0,0,0,0,0,0
390203,2,1,1995,0,0,0,0,0,0,0,0,0,0
390204,1,1,1995,0,0,23,0,0,0,0,0,0,0
390204,2,1,1995,0,0,0,0,0,0,0,0,0,0
390204,3,1,1995,0,0,0,0,0,0,0,6,0,0
390204,4,1,1995,0,0,0,0,0,0,0,0,0,0
390204,5,1,1995,0,0,0,0,0,0,0,0,0,0
390204,6,1,1995,0,0,0,0,0,0,0,0,0,0
390204,7,1,1995,0,0,0,0,0,0,0,0,0,6
390205,1,1,1995,23,23,23,23,23,23,23,23,23,23
390205,2,1,1995,0,0,0,0,0,0,0,0,0,0
390206,1,1,1995,22,22,22,22,22,22,22,22,22,22
390206,2,1,1995,0,0,0,0,0,0,0,0,0,0
390207,1,1,1995,0,0,0,0,0,0,0,0,0,0
390207,2,1,1995,0,0,0,0,0,0,0,0,0,0
390207,3,1,1995,0,0,0,0,0,0,0,0,0,0
390208,1,1,1995,0,0,0,0,0,0,0,0,0,0
390208,2,1,1995,0,0,0,0,0,0,0,0,0,0
390209,1,1,1995,0,0,0,0,0,0,0,0,0,0
390210,1,1,1995,23,23,23,23,23,23,23,23,23,23
390211,1,1,1995,0,0,0,0,0,0,0,0,0,0
390211,2,1,1995,0,0,0,0,0,0,0,0,0,0
390212,1,1,1995,0,0,0,0,0,0,0,0,0,0
390212,2,1,1995,0,0,0,0,0,0,0,0,0,0
390213,1,1,1995,0,0,0,0,0,0,0,0,0,0
390213,2,1,1995,0,0,0,0,30,0,0,0,0,0
390214,1,1,1995,27,27,27,27,27,27,27,27,27,27
390215,1,1,1995,0,0,0,0,0,0,0,0,0,0
390215,2,1,1995,0,0,0,0,0,0,0,0,0,0
390216,1,1,1995,0,0,0,0,0,0,0,0,0,0
390216,2,1,1995,0,0,0,0,0,0,0,0,17,0
390217,1,1,1995,0,0,0,0,0,0,0,0,0,0
390217,2,1,1995,0,0,0,0,0,0,0,0,0,0
390218,1,1,1995,19,19,19,19,19,19,19,19,19,19
390219,1,1,1995,0,0,0,0,0,0,0,0,0,0
390219,2,1,1995,0,0,0,0,0,0,0,0,0,0
390220,1,1,1995,0,0,0,0,0,0,0,0,0,0
390221,1,1,1995,0,0,0,0,0,0,0,0,0,0
390221,2,1,1995,0,0,0,0,0,0,0,0,0,0
390222,1,1,1995,0,0,0,0,0,0,0,0,0,0
390222,2,1,1995,0,0,0,0,0,0,0,0,0,0
390222,3,1,1995,0,0,0,0,0,0,0,0,0,0
390223,1,1,1995,15,7,0,0,0,0,0,0,0,0
390223,2,1,1995,0,0,0,0,0,11,0,0,0,0
390224,1,1,1995,0,0,0,0,0,0,0,0,0,0
390224,2,1,1995,0,6,0,0,0,0,0,0,0,0
390224,3,1,1995,0,0,0,0,0,0,0,23,0,0
390225,1,1,1995,0,0,0,0,0,0,0,0,0,0
390225,2,1,1995,0,0,0,0,0,0,0,0,0,0
390226,1,1,1995,0,20,0,13,22,21,0,0,0,0
390227,1,1,1995,0,0,0,0,0,0,0,0,0,0
390228,0,1,1995,0,0,0,0,0,0,0,0,0,0
390228,1,1,1995,0,0,0,0,0,0,0,0,0,0
390229,1,1,1995,0,0,0,0,0,0,0,0,0,0
390230,1,1,1995,6,0,0,0,0,0,0,0,0,0
390230,2,1,1995,0,0,0,0,0,0,0,0,0,0
390231,1,1,1995,0,0,0,0,0,0,0,0,0,0
390232,1,1,1995,13,19,9,0,5,0,31,0,0,22
390233,1,1,1995,24,24,24,24,24,24,24,24,24,24
390234,1,1,1995,0,0,0,0,0,0,0,0,0,0
390234,2,1,1995,0,0,0,0,0,0,0,0,0,0
390235,1,1,1995,0,0,0,0,0,0,0,0,0,0
390236,1,1,1995,21,21,21,21,21,21,21,21,21,21
390237,1,1,1995,0,0,0,0,0,0,0,0,0,0
390238,0,1,1995,0,0,0,0,0,0,0,0,0,0
390238,1,1,1995,0,0,0,0,0,0,0,0,0,0
390239,1,1,1995,0,0,0,0,0,0,0,0,0,0
390239,2,1,1995,26,0,0,0,0,0,0,0,0,0
390240,1,1,1995,0,0,0,0,11,0,0,0,0,0
390241,1,1,1995,0,0,0,0,0,0,0,0,0,0
390241,2,1,1995,0,0,0,0,0,0,0,0,0,0
390242,0,1,1995,0,0,0,0,0,0,0,0,0,0
390242,1,1,1995,0,0,0,0,0,0,0,0,0,0
390243,1,1,1995,11,11,11,11,11,11,11,11,11,11
390243,2,1,1995,0,0,0,0,0,0,0,0,0,0
390244,1,1,1995,0,0,15,9,0,37,8,0,0,0
390245,1,1,1995,0,0,0,0,0,0,0,0,0,0
390245,2,1,1995,0,0,0,0,0,0,0,0,0,0
390246,0,1,1995,26,26,26,26,26,26,26,26,26,26
390246,1,1,1995,0,0,0,0,0,0,0,0,0,0
390247,1,1,1995,18,18,18,18,18,18,18,18,18,18
390248,1,1,1995,0,0,0,0,0,0,0,23,0,0
390249,1,1,1995,0,0,0,0,17,0,0,0,0,0
390249,2,1,1995,0,0,0,0,0,0,0,0,0,0
390250,0,1,1995,0,0,0,0,24,0,0,0,0,0
390250,1,1,1995,0,0,0,0,0,0,0,0,0,0
390251,1,1,1995,0,0,0,0,0,0,0,0,0,0
390251,2,1,1995,0,0,0,0,0,0,0,0,0,0
390251,3,1,1995,0,0,0,0,0,0,0,0,0,0
390252,1,1,1995,0,0,0,0,0,0,0,0,0,0
390252,2,1,1995,0,0,0,0,0,0,0,0,0,0
390252,3,1,1995,0,0,0,0,0,0,0,0,0,0
390253,1,1,1995,14,14,14,14,14,14,14,14,14,14
390254,1,1,1995,0,0,0,0,0,0,0,0,0,0
390254,2,1,1995,0,0,0,0,0,0,0,0,0,0
390255,1,1,1995,0,0,0,0,0,0,0,0,0,0
390255,2,1,1995,0,0,0,0,0,0,0,0,0,0
390256,1,1,1995,0,0,0,0,0,0,0,0,0,0
390256,2,1,1995,0,0,0,0,0,0,0,0,0,0
390257,1,1,1995,0,0,0,0,0,0,0,0,0,0
390258,1,1,1995,0,0,0,0,0,0,0,0,0,0
390258,2,1,1995,0,0,0,0,0,0,0,0,0,0
390259,1,1,1995,31,31,31,31,31,31,31,31,31,31
390260,1,1,1995,0,0,0,0,0,0,0,0,0,0
390260,2,1,1995,0,0,0,0,0,0,0,0,0,0
390261,1,1,1995,0,0,0,23,0,10,0,0,0,0
390261,2,1,1995,11,9,0,0,0,9,0,0,0,12
390262,1,1,1995,21,21,21,21,21,21,21,21,21,21
390263,0,1,1995,8,8,8,8,8,8,8,8,8,8
390263,1,1,1995,0,0,0,0,0,0,13,0,0,0
390264,0,1,1995,0,13,0,0,0,0,0,0,0,0
390264,1,1,1995,0,0,0,0,0,0,0,0,0,0
390265,1,1,1995,0,0,0,0,0,0,0,0,0,0
390266,1,1,1995,0,0,0,0,0,0,0,0,0,0
390266,2,1,1995,0,0,0,0,0,0,0,0,0,0
390267,1,1,1995,0,0,0,0,0,0,0,0,0,0
390267,2,1,1995,15,15,15,15,15,15,15,15,15,15
390268,1,1,1995,0,0,0,0,0,0,0,0,0,0
390268,2,1,1995,0,0,0,0,0,0,0,0,0,0
390269,1,1,1995,0,0,0,0,0,0,0,0,0,0
390269,2,1,1995,0,0,0,0,0,0,0,0,0,0
390269,3,1,1995,0,0,0,0,0,0,0,0,0,0
390270,0,1,1995,0,0,0,0,0,0,0,0,0,0
390270,0,2,1995,0,0,0,0,0,0,25,0,0,0
390270,1,1,1995,0,0,0,0,0,0,0,0,0,0
390271,1,1,1995,0,0,0,0,0,0,0,0,0,0
390271,2,1,1995,0,0,0,0,0,0,0,0,0,0
390271,3,1,1995,0,0,0,0,0,0,0,18,0,0
390272,1,1,1995,0,0,14,0,0,0,0,0,0,0
390272,2,1,1995,15,15,15,15,15,15,15,15,15,15
390273,1,1,1995,0,0,0,0,0,0,0,0,0,0
390273,2,1,1995,0,0,0,0,0,0,0,0,0,0
390274,1,1,1995,0,0,0,0,0,0,0,0,0,0
390274,2,1,1995,0,0,0,0,0,0,0,0,0,0
390275,0,1,1995,0,0,0,0,0,0,0,0,0,0
390275,1,1,1995,0,0,0,0,0,0,0,0,0,0
390276,1,1,1995,0,0,0,0,0,0,0,0,0,0
390277,1,1,1995,0,0,0,0,0,0,0,0,0,0
390277,2,1,1995,0,0,0,0,0,0,0,0,0,0
390278,1,1,1995,0,0,0,0,0,0,0,0,0,0
390278,2,1,1995,0,0,0,0,0,0,0,0,0,0
390279,1,1,1995,0,0,0,0,0,0,0,0,11,0
390280,1,1,1995,0,0,0,0,0,0,0,0,0,0
390280,2,1,1995,0,0,0,0,0,0,0,0,0,0
390281,1,1,1995,0,0,0,0,0,0,23,0,0,0
390281,2,1,1995,0,0,0,0,0,0,0,0,0,0
390282,1,1,1995,0,0,0,0,0,0,0,0,0,0
390283,1,1,1995,1,1,1,1,1,1,1,1,1,1
390284,1,1,1995,16,16,16,16,16,16,16,16,16,16
390285,1,1,1995,0,0,0,0,0,0,0,0,0,0
390285,2,1,1995,0,0,0,0,0,0,0,0,0,0
390285,3,1,1995,0,0,0,0,0,0,0,0,0,0
390286,1,1,1995,19,19,19,19,19,19,19,19,19,19
390286,2,1,1995,0,0,0,0,0,0,0,0,0,0
390287,1,1,1995,0,0,0,0,0,0,0,0,0,0
390287,2,1,1995,0,0,0,0,0,0,0,0,0,0
390287,3,1,1995,0,0,0,0,0,0,0,0,0,0
390288,1,1,1995,0,0,0,0,0,0,0,0,0,0
390288,2,1,1995,0,0,0,0,0,0,0,0,0,0
390288,3,1,1995,0,0,0,0,0,0,0,0,0,0
390288,4,1,1995,0,0,0,0,0,0,0,0,0,0
390288,5,1,1995,0,0,0,0,0,0,0,0,0,0
390288,6,1,1995,0,0,0,0,0,0,0,0,0,0
390289,0,1,1995,26,0,0,0,0,0,0,0,0,0
390289,1,1,1995,0,0,0,0,0,0,0,0,0,0
390290,1,1,1995,0,0,0,0,0,0,0,0,0,0
390290,2,1,1995,0,0,0,0,0,0,0,0,0,0
390291,1,1,1995,0,0,0,0,0,0,0,0,0,0
390291,2,1,1995,0,0,0,0,0,0,0,0,0,0
390292,1,1,1995,0,0,0,0,0,0,0,0,13,0
390292,2,1,1995,0,0,0,0,0,0,0,0,0,0
390293,1,1,1995,0,0,0,0,0,0,0,0,0,0
390294,1,1,1995,5,0,0,0,13,0,0,0,0,0
390295,1,1,1995,0,0,0,0,0,0,0,0,23,0
390296,1,1,1995,10,10,10,10,10,10,10,10,10,10
390297,1,1,1995,0,17,0,0,0,0,0,0,0,0
390298,1,1,1995,0,0,0,0,0,0,0,0,0,0
390299,1,1,1995,0,0,0,0,0,0,0,0,0,0
390300,1,1,1995,0,0,0,0,0,0,0,0,0,0
390300,2,1,1995,0,0,0,0,0,0,0,0,0,0
390301,1,1,1995,0,26,0,0,0,0,0,0,0,0
390301,2,1,1995,0,0,0,0,0,0,0,0,0,0
390302,1,1,1995,0,0,0,0,0,0,0,0,0,0
390303,1,1,1995,19,19,19,19,19,19,19,19,19,19
390304,1,1,1995,0,0,0,0,0,0,0,0,0,0
390305,1,1,1995,0,0,0,0,0,0,0,0,0,0
390305,2,1,1995,0,0,0,0,0,0,0,0,0,0
390306,1,1,1995,0,0,0,0,0,0,0,0,0,0
390306,2,1,1995,0,0,0,0,0,0,0,0,0,0
390306,3,1,1995,0,0,0,0,0,0,0,0,0,0
390306,4,1,1995,0,0,0,0,0,0,0,0,0,0
390307,1,1,1995,1,1,1,1,1,1,1,1,1,1
390308,1,1,1995,17,17,17,17,17,17,17,17,17,17
390309,1,1,1995,0,0,0,0,0,0,0,0,0,0
390309,2,1,1995,0,0,0,0,0,0,0,0,0,0
390310,1,1,1995,17,17,17,17,17,17,17,17,17,17
390311,1,1,1995,0,0,0,0,0,0,0,0,0,0
390311,2,1,1995,0,0,0,0,0,0,0,0,0,0
390312,1,1,1995,0,0,0,0,0,0,0,0,0,0
390312,2,1,1995,0,0,0,0,0,0,0,0,0,0
390313,1,1,1995,0,0,0,0,0,0,0,0,0,0
390314,1,1,1995,0,0,0,0,0,0,0,0,0,0
390315,1,1,1995,0,0,0,0,0,0,0,0,0,0
390315,2,1,1995,0,0,0,0,0,0,0,0,0,0
390316,1,1,1995,0,0,0,0,0,0,0,0,0,0
390316,2,1,1995,0,0,0,0,0,0,0,0,0,0
390316,3,1,1995,0,0,0,0,0,0,0,0,0,0
390317,1,1,1995,1,1,1,1,1,1,1,1,1,1
390317,2,1,1995,0,0,0,0,0,0,0,0,0,0
390318,1,1,1995,0,0,0,0,0,0,0,0,0,0
390318,2,1,1995,0,0,0,0,0,0,0,0,0,0
390319,1,1,1995,5,5,5,5,5,5,5,5,5,5
390319,2,1,1995,0,10,0,0,0,0,0,0,0,0
390320,1,1,1995,0,0,0,0,0,0,0,0,0,0
390320,2,1,1995,0,0,0,0,0,0,0,0,0,0
390321,1,1,1995,15,15,15,15,15,15,15,15,15,15
390322,1,1,1995,0,0,0,0,0,0,0,0,0,0
390322,2,1,1995,0,0,0,0,0,0,0,0,0,0
390323,1,1,1995,0,0,0,0,0,0,0,0,0,0
390323,2,1,1995,0,0,0,0,0,0,0,0,0,0
390324,0,1,1995,4,0,3,16,10,0,9,0,10,11
390324,1,1,1995,0,0,0,0,0,0,0,0,0,0
390325,1,1,1995,0,0,0,0,0,0,0,0,0,0
390325,2,1,1995,0,0,0,0,0,0,0,0,0,0
390326,1,1,1995,0,0,0,0,0,0,0,0,0,0
390327,1,1,1995,0,0,0,0,0,0,0,0,0,0
390327,2,1,1995,0,0,0,0,0,0,0,0,0,0
390328,1,1,1995,0,0,0,0,0,0,0,0,0,0
390328,2,1,1995,0,0,0,0,0,0,0,0,0,0
390329,1,1,1995,0,0,0,0,0,0,0,0,0,0
390329,2,1,1995,0,0,0,0,0,0,0,0,0,0
390330,1,1,1995,0,0,0,0,0,0,0,0,0,0
390330,2,1,1995,0,0,0,0,0,0,0,0,0,0
390331,0,1,1995,0,0,0,0,0,0,0,0,0,0
390331,1,1,1995,0,0,0,0,0,0,0,0,0,0
390332,1,1,1995,18,18,18,18,18,18,18,18,18,18
390333,1,1,1995,0,0,0,0,0,0,0,0,0,0
390333,2,1,1995,0,0,0,0,0,0,0,0,0,0
390334,1,1,1995,1,1,1,1,1,1,1,1,1,1
390334,2,1,1995,0,0,0,0,0,0,0,0,0,0
390335,0,1,1995,0,0,0,0,0,0,0,0,0,0
390335,1,1,1995,0,0,0,0,0,0,0,0,0,0
390336,1,1,1995,18,18,18,18,18,18,18,18,18,18
390337,1,1,1995,0,0,0,0,0,0,0,0,0,0
390338,1,1,1995,0,0,0,0,0,0,0,15,6,0
390339,1,1,1995,0,0,0,0,0,0,0,0,0,0
390340,1,1,1995,0,0,0,0,0,0,0,0,0,0
390340,2,1,1995,0,0,0,0,0,0,0,0,0,0
390341,1,1,1995,0,0,0,0,0,0,0,0,0,0
390341,2,1,1995,0,0,0,0,0,0,0,0,0,0
390342,1,1,1995,19,19,19,19,19,19,19,19,19,19
390343,1,1,1995,19,19,19,19,19,19,19,19,19,19
390344,1,1,1995,25,25,25,25,25,25,25,25,25,25
390346,1,1,1995,16,16,16,16,16,16,16,16,16,16
390347,1,1,1995,0,31,24,0,13,3,0,23,20,20
390348,1,1,1995,0,0,0,0,0,0,0,0,0,0
390350,1,1,1995,0,0,0,0,0,0,0,0,0,0
390351,1,1,1995,41,0,0,0,0,13,0,12,0,0
390352,1,1,1995,0,0,0,0,0,0,0,0,0,0
390352,2,1,1995,0,0,0,0,0,0,0,0,0,0
390353,1,1,1995,0,0,0,0,0,0,0,0,0,0
390353,2,1,1995,0,0,0,0,0,0,0,0,0,0
390354,1,1,1995,0,0,0,24,0,12,19,0,17,0
390355,0,1,1995,23,23,23,23,23,23,23,23,23,23
390355,1,1,1995,0,0,0,0,0,0,0,0,0,0
390356,1,1,1995,10,10,10,10,10,10,10,10,10,10
390357,1,1,1995,0,0,0,25,0,0,23,0,0,0
390357,2,1,1995,0,0,0,0,0,0,0,0,0,0
390358,0,1,1995,28,14,35,17,9,13,21,18,23,3
390358,1,1,1995,9,26,15,14,16,21,17,16,11,20
390359,1,1,1995,0,0,0,0,0,0,0,0,0,0
390360,1,1,1995,0,0,0,0,0,0,0,0,0,0
390360,2,1,1995,0,0,0,0,0,0,0,0,0,0
390360,3,1,1995,0,0,0,0,0,0,0,39,0,0
390361,1,1,1995,19,19,19,19,19,19,19,19,19,19
390362,1,1,1995,16,16,16,16,16,16,16,16,16,16
390362,2,1,1995,0,41,0,0,0,0,0,0,0,0
390363,1,1,1995,0,0,0,0,0,0,0,0,0,0
390363,2,1,1995,0,0,0,0,0,0,0,0,0,0
390364,1,1,1995,11,0,0,0,14,0,11,6,9,13
390365,1,1,1995,41,41,41,41,41,41,41,41,41,41
390366,1,1,1995,0,0,0,0,0,0,0,0,0,0
390366,2,1,1995,17,17,17,17,17,17,17,17,17,17
390367,1,1,1995,0,0,0,0,0,0,0,0,0,0
390367,2,1,1995,0,2,0,0,0,0,0,0,0,0
390368,0,1,1995,14,0,0,0,0,0,0,0,0,0
390368,1,1,1995,0,0,5,0,0,0,5,0,0,17
390369,1,1,1995,0,5,0,0,2,0,31,0,0,0
390370,1,1,1995,17,9,0,10,0,2,27,20,0,23
390371,1,1,1995,14,14,14,14,14,14,14,14,14,14
390372,1,1,1995,0,0,0,0,0,0,0,0,0,0
390372,2,1,1995,0,0,0,0,0,0,0,0,0,0
390373,1,1,1995,0,0,0,0,0,0,0,0,0,0
390374,1,1,1995,0,0,0,0,0,0,0,0,0,0
390374,2,1,1995,0,0,0,0,0,0,0,0,0,0
390375,1,1,1995,0,0,0,0,0,0,0,0,0,0
390375,2,1,1995,0,0,0,0,0,0,0,0,0,0
390376,1,1,1995,0,0,0,0,0,0,0,0,0,0
390376,2,1,1995,0,0,0,0,0,0,0,0,0,0
390377,1,1,1995,0,21,33,18,17,37,19,9,19,9
390378,1,1,1995,0,0,0,0,0,0,0,0,0,0
390378,2,1,1995,0,0,0,0,0,0,0,0,0,0
390379,1,1,1995,0,0,0,0,0,0,0,0,0,0
390379,2,1,1995,0,0,0,0,0,30,0,0,0,0
390379,3,1,1995,0,0,0,0,0,0,0,0,0,0
390380,1,1,1995,7,28,5,32,0,11,31,16,32,6
390381,1,1,1995,0,0,0,0,0,0,0,0,0,0
390382,1,1,1995,0,0,7,0,0,0,0,9,0,0
390382,2,1,1995,0,8,0,0,0,0,0,0,0,0
390383,1,1,1995,0,0,0,0,0,0,0,0,0,0
390383,2,1,1995,0,0,0,0,0,0,0,0,0,0
390384,0,1,1995,0,0,0,0,0,0,0,0,0,0
390384,1,1,1995,0,0,0,0,0,0,0,0,0,0
390385,1,1,1995,0,0,0,0,0,0,0,0,0,0
390385,2,1,1995,0,0,0,0,0,0,0,0,0,0
390386,1,1,1995,0,0,0,0,0,0,0,0,0,0
390386,2,1,1995,0,0,0,0,0,0,0,0,0,0
390387,1,1,1995,0,0,0,0,0,0,0,0,0,0
390387,2,1,1995,0,0,0,0,0,0,0,0,0,0
390387,3,1,1995,0,0,0,0,0,0,0,0,0,0
390388,1,1,1995,0,0,0,0,0,0,0,0,0,0
390388,2,1,1995,0,0,0,0,0,0,0,0,0,0
390389,1,1,1995,7,9,13,20,0,10,13,8,24,5
390390,1,1,1995,0,0,0,0,0,0,0,0,0,0
390390,2,1,1995,17,17,17,17,17,17,17,17,17,17
390391,1,1,1995,0,0,0,0,0,0,42,0,0,0
390391,2,1,1995,0,0,0,0,0,0,0,0,0,0
390392,1,1,1995,0,0,0,0,0,0,0,0,0,0
390392,2,1,1995,0,0,0,0,0,0,0,0,0,0
390393,1,1,1995,14,14,14,14,14,14,14,14,14,14
390394,1,1,1995,0,0,0,0,0,0,0,0,0,0
390394,2,1,1995,0,0,0,0,0,0,0,0,0,0
390394,3,1,1995,11,11,11,11,11,11,11,11,11,11
390395,1,1,1995,0,0,0,0,0,0,0,0,0,0
390395,2,1,1995,18,18,18,18,18,18,18,18,18,18
390396,1,1,1995,0,0,0,0,0,0,0,0,0,0
390397,1,1,1995,0,19,0,17,0,0,0,0,0,27
390398,1,1,1995,11,18,23,18,13,22,0,12,0,27
390399,1,1,1995,0,0,0,0,0,0,0,0,0,0
390399,2,1,1995,17,8,21,21,34,7,19,8,0,25
390400,1,1,1995,0,0,0,0,0,0,0,0,0,0
390400,2,1,1995,0,0,0,0,0,0,0,0,0,0
390401,1,1,1995,0,0,0,0,0,0,0,0,13,0
390401,2,1,1995,0,0,0,0,0,0,0,0,0,0
390402,1,1,1995,0,0,0,0,0,0,0,0,0,0
390402,2,1,1995,0,0,0,0,0,0,0,0,0,0
390403,1,1,1995,0,0,11,0,0,0,0,0,23,0
390404,1,1,1995,0,0,0,0,0,0,0,0,0,0
390404,2,1,1995,17,16,11,4,6,8,5,9,18,8
390405,1,1,1995,19,19,19,19,19,19,19,19,19,19
390406,0,1,1995,20,0,0,0,6,0,0,0,0,0
390406,1,1,1995,0,0,0,0,0,0,0,0,0,0
390407,1,1,1995,0,0,0,0,0,0,0,0,0,0
390408,0,1,1995,0,0,0,0,37,0,0,0,0,16
390408,1,1,1995,0,0,0,0,0,0,0,0,0,0
390408,2,1,1995,0,0,0,0,0,0,0,0,0,0
390409,1,1,1995,0,0,0,0,0,0,0,0,0,0
390409,2,1,1995,0,0,0,0,0,0,0,0,0,0
390410,1,1,1995,0,0,0,0,0,0,0,0,0,0
390410,2,1,1995,0,0,0,0,0,0,0,0,0,0
390411,1,1,1995,0,0,0,0,0,0,0,0,0,0
390412,1,1,1995,0,0,0,0,0,0,0,0,0,0
390413,0,1,1995,0,0,0,0,0,0,18,0,0,0
390413,1,1,1995,0,0,0,0,0,0,0,0,0,0
390414,1,1,1995,16,16,16,16,16,16,16,16,16,16
390415,1,1,1995,0,0,0,0,0,0,0,0,0,0
390415,2,1,1995,0,0,0,20,0,0,0,0,0,0
390416,0,1,1995,0,0,0,0,0,0,0,0,0,0
390416,1,1,1995,0,0,0,0,0,0,0,0,0,0
390417,1,1,1995,0,13,0,23,0,0,0,0,0,0
390418,1,1,1995,0,0,0,0,0,0,0,0,0,0
390419,1,1,1995,0,0,0,0,0,0,0,0,0,0
390419,2,1,1995,0,0,0,0,0,0,0,0,0,0
390420,1,1,1995,0,0,0,0,0,0,0,0,0,0
390420,2,1,1995,19,19,19,19,19,19,19,19,19,19
390421,1,1,1995,26,26,26,26,26,26,26,26,26,26
390422,1,1,1995,0,0,0,0,0,9,0,0,0,0
390422,2,1,1995,0,0,0,0,0,0,0,0,0,0
390423,0,1,1995,0,10,0,0,0,0,0,0,0,39
390423,1,1,1995,0,0,0,0,0,0,0,0,0,0
390424,1,1,1995,16,16,16,16,16,16,16,16,16,16
390425,1,1,1995,22,22,22,22,22,22,22,22,22,22
390426,1,1,1995,0,0,0,0,0,0,0,0,0,0
390426,2,1,1995,0,0,0,0,0,0,0,0,0,0
390427,1,1,1995,0,0,0,0,0,0,0,0,0,0
390428,1,1,1995,0,0,0,0,16,0,0,0,0,0
390429,1,1,1995,8,8,8,8,8,8,8,8,8,8
390430,1,1,1995,23,6,0,19,13,20,15,29,13,8
390431,1,1,1995,0,0,0,17,0,0,0,16,0,0
390432,1,1,1995,0,0,0,0,0,0,0,0,0,0
390432,2,1,1995,0,0,10,0,0,0,0,0,0,0
390433,1,1,1995,0,0,0,0,0,0,0,0,0,0
390434,1,1,1995,0,0,0,0,0,0,0,0,0,0
390435,1,1,1995,0,0,0,0,6,0,0,0,0,0
390435,2,1,1995,0,0,0,10,0,0,0,0,0,0
390436,0,1,1995,0,27,24,0,0,53,0,0,23,0
390436,1,1,1995,0,0,0,0,0,0,0,0,0,0
390437,1,1,1995,34,34,34,34,34,34,34,34,34,34
390438,1,1,1995,0,0,0,0,0,0,0,0,0,0
390438,2,1,1995,0,0,0,0,0,0,0,0,0,0
390439,1,1,1995,28,0,0,0,0,0,0,19,0,0
390440,1,1,1995,0,0,0,0,0,0,0,0,0,0
390440,2,1,1995,0,0,0,0,0,0,0,0,0,0
390441,0,1,1995,0,0,0,0,0,0,0,0,0,0
390441,1,1,1995,0,0,0,0,0,0,0,0,0,0