ST_CASE,VEH_NO,PER_NO,YEAR,P1,P2,P3,P4,P5,P6,P7,P8,P9,P10
390442,1,1,1995,19,19,19,19,19,19,19,19,19,19
390442,2,1,1995,0,0,0,0,0,0,0,0,0,0
390443,1,1,1995,0,0,0,0,0,0,0,0,0,0
390443,2,1,1995,0,0,0,0,0,0,0,0,0,0
390444,1,1,1995,0,0,0,0,0,0,0,0,0,0
390445,1,1,1995,0,0,0,0,0,0,0,0,0,0
390446,1,1,1995,0,0,0,0,0,0,0,0,0,0
390446,2,1,1995,0,0,0,0,0,0,0,0,0,0
390447,0,1,1995,0,0,7,0,0,0,0,17,0,0
390447,0,2,1995,23,24,0,0,21,11,12,0,14,14
390447,1,1,1995,15,0,0,0,0,0,0,0,0,0
390448,1,1,1995,0,0,0,0,0,0,0,0,0,0
390448,2,1,1995,0,0,4,0,0,0,0,0,0,0
390448,3,1,1995,0,0,0,0,0,0,0,0,0,0
390449,1,1,1995,0,0,0,0,0,0,0,0,11,0
390449,2,1,1995,0,0,0,0,0,0,0,0,0,5
390450,0,1,1995,0,0,0,0,0,0,0,0,0,0
390450,1,1,1995,0,0,0,0,0,5,10,0,0,0
390451,1,1,1995,0,0,0,0,0,0,0,0,0,0
390452,1,1,1995,0,0,0,0,0,0,0,0,0,0
390453,1,1,1995,0,0,0,0,0,0,0,0,0,0
390454,1,1,1995,6,6,6,6,6,6,6,6,6,6
390455,1,1,1995,0,0,0,0,0,0,0,13,0,0
390456,1,1,1995,21,0,15,0,20,25,0,16,19,19
390457,1,1,1995,0,0,0,0,0,0,0,0,0,0
390457,2,1,1995,0,0,0,0,0,0,0,0,0,0
390457,3,1,1995,0,0,0,0,0,0,0,0,0,0
390457,4,1,1995,0,0,0,0,16,0,0,0,0,0
390458,1,1,1995,0,0,21,0,19,0,3,5,17,0
390459,1,1,1995,0,0,0,0,0,0,0,0,0,0
390459,2,1,1995,0,0,0,0,0,0,0,0,0,0
390460,1,1,1995,0,0,0,0,0,0,0,0,0,0
390460,2,1,1995,0,0,0,0,0,0,0,0,0,0
390461,0,1,1995,0,0,0,0,0,0,0,0,0,0
390461,1,1,1995,0,0,0,0,0,0,0,0,0,0
390462,1,1,1995,27,27,27,27,27,27,27,27,27,27
390463,1,1,1995,0,0,21,0,15,18,0,0,0,0
390463,2,1,1995,0,0,0,0,0,0,0,0,0,0
390464,1,1,1995,13,13,13,13,13,13,13,13,13,13
390465,1,1,1995,14,14,14,14,14,14,14,14,14,14
390465,2,1,1995,5,5,5,5,5,5,5,5,5,5
390466,1,1,1995,16,16,16,16,16,16,16,16,16,16
390467,1,1,1995,9,9,9,9,9,9,9,9,9,9
390468,1,1,1995,19,7,26,30,19,17,6,10,20,35
390469,0,1,1995,0,0,0,0,0,0,0,0,0,0
390469,1,1,1995,0,0,0,0,0,0,0,0,0,0
390470,1,1,1995,26,26,26,26,26,26,26,26,26,26
390470,2,1,1995,0,0,0,0,0,0,0,8,0,0
390471,1,1,1995,0,0,0,0,0,0,0,0,0,0
390471,2,1,1995,8,0,0,8,0,0,0,0,0,0
390472,1,1,1995,0,0,0,0,0,0,0,0,0,0
390472,2,1,1995,0,0,28,0,0,0,15,0,5,0
390473,1,1,1995,0,14,0,0,15,0,0,12,0,20
390474,1,1,1995,0,0,0,0,0,0,0,0,0,0
390474,2,1,1995,0,0,0,0,0,0,0,0,0,0
390475,1,1,1995,0,0,0,0,0,0,0,0,0,0
390476,1,1,1995,8,8,8,8,8,8,8,8,8,8
390477,1,1,1995,0,0,0,0,0,0,0,0,0,0
390478,1,1,1995,0,0,0,0,0,0,0,0,0,0
390479,1,1,1995,0,0,0,0,0,0,0,0,0,0
390479,2,1,1995,0,0,0,0,0,0,0,0,0,0
390480,1,1,1995,0,0,0,0,0,0,0,0,0,0
390480,2,1,1995,0,0,0,0,0,0,0,0,0,0
390481,1,1,1995,13,13,13,13,13,13,13,13,13,13
390482,1,1,1995,0,0,0,0,0,0,0,0,0,0
390482,2,1,1995,0,0,0,0,0,0,0,0,0,0
390484,0,1,1995,0,0,0,0,0,0,0,0,0,0
390484,1,1,1995,0,0,0,0,0,0,0,0,0,0
390485,1,1,1995,0,0,0,0,0,0,0,0,0,0
390485,2,1,1995,0,0,0,0,0,0,0,0,0,0
390486,0,1,1995,0,0,0,0,0,0,0,0,0,0
390486,1,1,1995,0,0,0,0,0,0,0,0,0,0
390487,1,1,1995,0,0,0,0,0,0,0,0,0,0
390487,2,1,1995,0,0,0,0,0,0,0,0,0,0
390488,1,1,1995,0,0,0,0,0,0,0,0,0,0
390489,0,1,1995,0,0,0,0,18,0,0,0,0,10
390489,1,1,1995,0,0,0,0,0,0,0,0,0,0
390490,1,1,1995,14,14,14,14,14,14,14,14,14,14
390491,1,1,1995,0,0,0,0,0,0,0,0,0,0
390492,1,1,1995,22,22,22,22,22,22,22,22,22,22
390493,1,1,1995,0,0,0,0,0,0,0,0,0,0
390494,1,1,1995,0,0,0,0,0,0,0,0,0,0
390494,2,1,1995,0,0,0,0,0,0,0,0,0,0
390495,1,1,1995,0,0,0,0,0,0,0,0,0,0
390496,1,1,1995,0,0,0,0,0,0,0,0,0,0
390496,2,1,1995,0,0,0,0,0,0,0,0,0,0
390498,0,1,1995,0,0,13,0,0,0,0,0,0,0
390498,1,1,1995,0,0,0,0,0,0,0,0,0,0
390499,1,1,1995,0,0,0,0,0,0,0,0,0,0
390500,1,1,1995,0,0,0,0,0,0,0,0,0,0
390500,2,1,1995,0,0,0,0,0,0,0,0,0,0
390501,0,1,1995,0,0,0,17,0,0,0,0,0,0
390501,1,1,1995,0,0,0,0,0,0,0,0,0,0
390502,1,1,1995,29,29,29,29,29,29,29,29,29,29
390503,1,1,1995,0,0,0,0,0,0,0,0,0,0
390503,2,1,1995,0,0,0,0,0,0,0,0,0,0
390504,1,1,1995,0,0,0,0,0,0,0,0,0,0
390505,1,1,1995,0,0,0,0,0,0,0,0,0,0
390505,2,1,1995,0,0,0,0,0,0,0,0,0,0
390506,1,1,1995,10,0,0,0,0,0,34,23,25,0
390507,1,1,1995,0,0,0,0,0,0,0,0,0,0
390507,2,1,1995,0,0,0,0,0,0,0,0,0,0
390508,0,1,1995,0,0,0,0,0,0,0,0,0,0
390508,1,1,1995,0,0,0,0,17,0,0,0,0,0
390509,1,1,1995,31,31,31,31,31,31,31,31,31,31
390510,1,1,1995,0,0,0,0,0,0,0,0,0,0
390510,2,1,1995,0,0,0,0,0,0,19,0,0,0
390510,3,1,1995,0,0,0,0,0,0,0,0,8,0
390510,4,1,1995,0,0,0,0,0,0,0,0,0,0
390511,1,1,1995,18,18,18,18,18,18,18,18,18,18
390511,2,1,1995,0,0,0,0,7,0,0,0,0,0
390512,1,1,1995,0,0,0,0,0,0,0,0,0,0
390512,2,1,1995,0,0,0,0,0,0,0,0,0,0
390513,1,1,1995,0,0,0,0,0,0,0,0,0,0
390513,2,1,1995,0,0,0,11,0,0,0,0,0,0
390514,1,1,1995,11,13,28,22,15,5,18,26,12,9
390515,1,1,1995,17,18,22,13,20,7,7,24,15,5
390516,1,1,1995,0,0,6,0,0,0,0,0,0,0
390516,2,1,1995,0,11,30,4,7,13,16,4,20,7
390517,1,1,1995,0,0,0,0,0,0,0,0,0,0
390517,2,1,1995,0,0,0,2,0,0,0,0,0,0
390518,1,1,1995,0,0,0,0,0,0,0,0,0,0
390519,1,1,1995,0,0,0,0,0,0,0,0,0,0
390520,1,1,1995,5,5,5,5,5,5,5,5,5,5
390521,1,1,1995,11,17,0,0,0,0,0,0,9,0
390522,1,1,1995,0,15,0,0,0,0,0,0,0,0
390522,2,1,1995,0,0,0,0,0,0,0,0,0,0
390522,3,1,1995,0,0,0,0,0,0,0,0,0,0
390522,4,1,1995,0,0,0,6,0,0,0,0,0,0
390522,5,1,1995,22,0,0,0,0,0,0,0,0,0
390522,6,1,1995,0,0,0,0,0,0,11,0,0,0
390523,1,1,1995,0,0,0,0,17,18,0,6,0,0
390523,2,1,1995,0,0,0,0,0,0,0,0,0,0
390524,1,1,1995,0,0,0,7,24,0,0,0,0,0
390524,2,1,1995,0,0,0,0,0,0,0,0,0,0
390525,0,1,1995,0,0,0,0,0,0,0,0,0,0
390525,1,1,1995,0,0,0,0,0,0,0,0,0,0
390526,0,1,1995,0,0,0,8,0,0,0,0,0,0
390526,1,1,1995,0,0,0,0,10,0,0,0,0,0
390527,0,1,1995,0,0,0,0,0,0,0,0,0,0
390527,1,1,1995,0,0,0,0,0,0,0,0,0,0
390528,1,1,1995,0,0,0,0,0,0,0,0,0,4
390528,2,1,1995,0,0,0,0,0,0,0,0,0,8
390529,1,1,1995,17,21,13,21,10,9,15,15,7,16
390530,1,1,1995,0,0,0,0,0,0,0,0,0,0
390530,2,1,1995,0,0,0,0,0,0,0,0,0,0
390531,0,1,1995,1,1,1,1,1,1,1,1,1,1
390531,1,1,1995,0,0,0,0,0,0,0,0,0,0
390532,1,1,1995,0,0,0,0,0,0,0,0,0,0
390533,1,1,1995,0,0,0,0,0,0,0,0,0,0
390533,2,1,1995,0,0,0,0,0,0,0,0,0,0
390534,1,1,1995,0,0,0,0,0,0,0,0,0,0
390534,2,1,1995,0,0,0,0,0,0,0,0,0,0
390535,1,1,1995,16,16,16,16,16,16,16,16,16,16
390536,1,1,1995,0,0,0,0,0,0,0,0,0,0
390536,2,1,1995,0,0,0,19,0,0,0,0,0,0
390536,3,1,1995,0,0,0,19,0,0,0,15,0,0
390536,4,1,1995,0,9,0,0,0,0,0,0,0,0
390537,1,1,1995,0,0,0,0,0,0,0,0,0,0
390537,2,1,1995,0,0,13,10,0,0,0,0,0,0
390538,1,1,1995,0,0,0,0,0,0,0,0,0,0
390538,2,1,1995,0,0,0,0,0,0,0,0,0,0
390539,1,1,1995,0,0,0,0,0,0,0,0,0,0
390539,2,1,1995,2,2,2,2,2,2,2,2,2,2
390540,1,1,1995,19,7,0,0,22,0,12,0,0,0
390541,1,1,1995,0,0,0,0,0,0,0,0,0,0
390542,1,1,1995,0,0,0,0,0,0,0,0,0,0
390542,2,1,1995,0,0,0,0,0,0,0,0,0,0
390543,1,1,1995,0,0,0,23,0,20,14,17,0,0
390544,1,1,1995,0,0,0,0,0,0,0,0,0,0
390544,2,1,1995,0,0,0,0,0,0,0,0,0,0
390545,1,1,1995,0,0,0,0,0,0,22,0,0,0
390545,2,1,1995,0,0,0,0,0,0,0,0,0,0
390546,1,1,1995,0,0,0,0,0,0,0,0,0,0
390546,2,1,1995,0,0,0,0,0,0,0,0,0,0
390547,1,1,1995,11,0,0,0,0,0,0,0,11,0
390548,1,1,1995,0,0,0,0,0,0,0,0,0,0
390548,2,1,1995,0,0,0,0,13,0,9,0,0,0
390549,1,1,1995,0,0,0,0,0,0,0,0,0,0
390549,2,1,1995,0,11,0,0,0,0,0,0,9,0
390549,3,1,1995,19,19,19,19,19,19,19,19,19,19
390550,1,1,1995,16,16,16,16,16,16,16,16,16,16
390551,1,1,1995,0,0,0,0,0,0,0,0,0,0
390552,1,1,1995,0,0,0,0,0,0,0,0,0,0
390552,2,1,1995,0,0,0,0,0,0,0,0,0,0
390552,3,1,1995,0,0,0,0,0,0,0,0,0,0
390553,1,1,1995,0,0,0,0,0,0,0,0,0,0
390553,2,1,1995,0,0,0,0,0,0,0,0,0,0
390554,1,1,1995,0,0,0,0,0,0,0,0,0,0
390554,2,1,1995,5,16,0,0,0,11,0,0,0,0
390554,3,1,1995,9,9,9,9,9,9,9,9,9,9
390555,1,1,1995,21,21,21,21,21,21,21,21,21,21
390556,1,1,1995,0,0,0,0,0,0,0,0,0,0
390557,1,1,1995,0,0,0,0,0,0,0,0,0,0
390557,2,1,1995,0,0,0,0,0,0,0,0,0,0
390558,1,1,1995,28,28,28,28,28,28,28,28,28,28
390559,1,1,1995,0,0,0,0,0,0,0,0,0,0
390559,2,1,1995,0,0,0,0,0,0,0,0,0,0
390559,3,1,1995,0,0,0,0,0,0,0,0,0,0
390560,1,1,1995,0,0,0,0,0,0,0,0,0,0
390560,2,1,1995,0,0,0,0,7,0,0,0,0,0
390561,1,1,1995,22,0,0,0,0,0,0,0,0,0
390562,1,1,1995,0,0,0,0,0,15,0,0,0,0
390563,1,1,1995,35,35,35,35,35,35,35,35,35,35
390564,1,1,1995,0,0,0,0,0,0,0,0,0,0
390565,1,1,1995,0,0,0,0,0,0,0,0,0,0
390566,1,1,1995,0,0,0,0,0,11,0,0,0,0
390566,2,1,1995,23,0,0,0,31,0,40,0,0,16
390567,0,1,1995,0,0,0,0,0,0,0,0,0,0
390567,0,2,1995,0,0,0,0,0,0,0,0,0,0
390567,1,1,1995,0,0,0,0,0,0,0,0,0,0
390568,1,1,1995,0,0,0,0,0,0,0,0,0,0
390568,2,1,1995,0,0,0,0,0,0,0,0,0,0
390568,3,1,1995,0,0,0,0,0,0,0,0,0,0
390569,1,1,1995,15,15,15,15,15,15,15,15,15,15
390570,1,1,1995,0,0,7,0,0,0,0,0,0,12
390570,2,1,1995,0,0,0,0,0,0,0,0,0,0
390570,3,1,1995,0,0,0,0,0,0,0,0,0,0
390571,1,1,1995,0,0,0,0,0,0,0,0,0,0
390572,1,1,1995,0,0,0,0,0,0,0,0,0,0
390572,2,1,1995,0,0,0,0,0,0,0,0,0,0
390572,3,1,1995,0,0,17,0,0,0,0,0,0,0
390573,1,1,1995,0,0,0,0,0,0,0,0,0,0
390573,2,1,1995,0,0,0,0,0,0,0,0,0,0
390574,0,1,1995,0,0,0,0,0,11,0,0,0,0
390574,1,1,1995,0,0,0,0,0,0,0,0,0,0
390575,1,1,1995,0,0,0,0,17,0,0,0,0,0
390575,2,1,1995,0,0,0,0,0,0,0,0,0,0
390576,1,1,1995,0,0,0,0,0,0,0,0,0,0
390576,2,1,1995,17,0,8,5,29,11,9,18,17,12
390577,1,1,1995,0,0,0,0,0,0,0,0,0,0
390577,2,1,1995,0,0,0,0,40,0,0,0,0,0
390578,1,1,1995,0,0,0,0,0,0,0,0,0,0
390578,2,1,1995,0,0,0,0,0,0,0,0,0,0
390579,1,1,1995,0,0,0,0,0,0,0,0,0,0
390579,2,1,1995,0,0,0,0,0,0,0,0,0,20
390580,0,1,1995,5,14,19,14,20,29,6,0,29,39
390580,1,1,1995,0,0,0,0,0,0,0,0,0,0
390582,1,1,1995,0,0,0,0,0,0,0,0,0,0
390583,1,1,1995,22,22,22,22,22,22,22,22,22,22
390584,1,1,1995,11,11,11,11,11,11,11,11,11,11
390585,1,1,1995,0,0,0,0,0,0,0,0,0,0
390585,2,1,1995,0,0,0,0,0,0,0,0,0,0
390586,1,1,1995,0,0,0,0,0,0,0,0,0,0
390586,2,1,1995,0,0,0,0,0,0,0,0,0,0
390587,1,1,1995,0,0,0,0,0,13,0,0,0,0
390587,2,1,1995,0,0,0,0,0,15,0,0,0,0
390588,1,1,1995,0,0,0,0,0,0,0,0,0,0
390588,2,1,1995,0,0,0,0,0,0,0,0,0,0
390589,1,1,1995,6,6,6,6,6,6,6,6,6,6
390589,2,1,1995,0,0,0,0,0,0,0,0,0,0
390590,1,1,1995,0,0,0,0,0,0,0,0,0,0
390590,2,1,1995,19,19,19,19,19,19,19,19,19,19
390591,1,1,1995,0,0,0,0,0,0,0,0,0,0
390591,2,1,1995,0,0,0,0,0,0,0,0,0,0
390592,1,1,1995,0,0,0,0,0,0,0,0,0,0
390592,2,1,1995,17,17,17,17,17,17,17,17,17,17
390593,1,1,1995,0,0,0,0,0,0,0,0,0,0
390594,1,1,1995,0,0,0,0,0,0,0,0,0,0
390594,2,1,1995,0,0,0,0,0,0,0,0,0,0
390595,1,1,1995,0,12,0,0,0,0,0,0,0,0
390595,2,1,1995,0,0,0,0,0,0,0,0,0,0
390596,1,1,1995,14,14,14,14,14,14,14,14,14,14
390597,1,1,1995,0,0,0,0,0,0,0,0,0,0
390598,1,1,1995,0,0,0,0,0,0,0,0,0,0
390598,2,1,1995,0,0,0,0,0,0,0,0,0,0
390599,1,1,1995,0,0,0,0,0,37,0,0,0,0
390599,2,1,1995,10,8,14,9,21,7,12,6,15,13
390600,1,1,1995,5,18,8,0,12,15,12,15,10,11
390601,2,1,1995,0,0,0,0,0,0,0,0,0,0
390602,1,1,1995,0,0,0,0,0,0,0,0,0,11
390603,1,1,1995,13,0,13,0,0,0,0,0,0,0
390604,1,1,1995,21,17,12,11,6,14,13,14,13,10
390605,1,1,1995,0,0,0,0,0,0,0,0,0,2
390605,2,1,1995,0,0,0,0,0,0,0,0,0,0
390606,1,1,1995,0,0,0,0,0,0,0,0,0,0
390606,2,1,1995,0,0,0,0,0,0,0,0,0,0
390607,1,1,1995,0,0,0,0,0,0,0,0,0,0
390607,2,1,1995,0,0,0,0,0,0,0,0,0,0
390608,1,1,1995,16,16,16,16,16,16,16,16,16,16
390608,2,1,1995,0,0,12,0,0,0,0,15,0,0
390609,1,1,1995,0,0,0,0,0,0,0,0,0,0
390609,2,1,1995,0,0,0,0,3,0,0,0,0,2
390609,3,1,1995,0,0,0,0,0,0,0,0,0,0
390610,1,1,1995,0,0,0,0,0,0,0,0,0,0
390611,1,1,1995,0,0,0,4,0,0,0,0,0,0
390611,2,1,1995,16,16,9,0,22,0,0,0,0,0
390612,1,1,1995,21,18,25,0,14,10,16,0,23,0
390613,0,1,1995,26,26,26,26,26,26,26,26,26,26
390613,1,1,1995,0,0,0,0,0,0,0,0,0,0
390614,1,1,1995,5,5,5,5,5,5,5,5,5,5
390615,0,1,1995,0,12,0,0,23,0,0,0,0,0
390615,1,1,1995,0,0,0,0,0,0,0,0,0,0
390615,2,1,1995,0,0,0,0,0,0,0,0,0,0
390616,1,1,1995,0,0,0,0,0,0,0,0,0,0
390616,2,1,1995,0,0,0,0,0,0,0,0,0,0
390617,1,1,1995,19,19,19,19,19,19,19,19,19,19
390618,1,1,1995,0,0,16,0,0,0,0,0,0,0
390618,2,1,1995,0,0,0,0,0,0,0,0,0,0
390619,1,1,1995,0,0,0,0,0,0,0,0,0,0
390620,0,1,1995,25,25,25,25,25,25,25,25,25,25
390620,1,1,1995,0,0,0,6,5,0,0,0,0,0
390621,1,1,1995,0,0,0,0,0,0,0,0,0,0
390621,2,1,1995,0,0,0,0,0,0,0,0,0,0
390621,3,1,1995,0,0,0,0,0,0,0,0,0,0
390622,0,1,1995,0,0,0,0,0,0,0,0,0,22
390622,1,1,1995,0,9,0,0,0,0,0,13,0,8
390623,1,1,1995,0,0,0,0,0,0,0,0,0,0
390623,2,1,1995,0,0,0,0,0,0,0,0,0,0
390624,1,1,1995,0,0,0,0,0,0,0,0,0,0
390624,2,1,1995,0,0,19,0,0,0,0,0,0,0
390624,3,1,1995,0,0,0,0,0,0,0,0,0,0
390625,1,1,1995,0,0,0,0,0,0,0,0,0,0
390625,2,1,1995,0,0,0,0,0,16,0,0,0,26
390626,1,1,1995,0,0,0,0,0,0,0,0,0,0
390626,2,1,1995,0,9,16,0,21,19,0,8,3,23
390627,1,1,1995,0,0,0,0,0,0,0,0,0,0
390628,1,1,1995,13,13,13,13,13,13,13,13,13,13
390629,1,1,1995,5,5,5,5,5,5,5,5,5,5
390629,2,1,1995,0,0,0,0,0,0,0,0,0,0
390630,0,1,1995,0,0,17,0,19,35,21,0,0,8
390630,1,1,1995,0,0,0,0,0,0,0,0,0,0
390630,2,1,1995,0,0,0,0,0,0,4,0,0,0
390631,1,1,1995,18,0,0,0,0,0,0,14,0,0
390632,0,1,1995,0,0,0,0,0,0,0,0,0,0
390632,1,1,1995,0,0,0,0,0,0,0,0,0,0
390633,0,1,1995,30,30,30,30,30,30,30,30,30,30
390633,1,1,1995,0,0,0,0,0,0,0,0,0,12
390634,1,1,1995,0,0,0,0,0,0,0,0,0,0
390635,0,1,1995,0,0,0,0,0,0,0,0,0,0
390635,1,1,1995,0,0,0,0,0,0,0,0,0,0
390636,0,1,1995,2,2,2,2,2,2,2,2,2,2
390636,1,1,1995,14,9,9,0,0,6,0,0,0,0
390637,1,1,1995,0,0,0,0,0,0,0,0,0,0
390638,1,1,1995,0,0,0,0,0,0,0,0,0,0
390638,2,1,1995,0,0,0,0,0,0,0,0,0,0
390639,0,1,1995,0,25,31,0,0,0,0,0,17,0
390639,1,1,1995,0,0,0,0,0,0,0,0,0,0
390640,1,1,1995,0,0,0,0,0,0,0,0,0,0
390641,1,1,1995,0,0,0,0,0,0,0,0,0,0
390641,2,1,1995,0,0,0,0,0,0,0,0,0,0
390641,3,1,1995,0,0,0,0,0,0,0,0,0,0
390642,1,1,1995,0,0,0,0,0,0,0,0,0,0
390642,2,1,1995,4,0,0,0,0,0,0,0,0,0
390643,1,1,1995,0,0,0,0,0,0,0,0,0,0
390644,1,1,1995,27,27,27,27,27,27,27,27,27,27
390644,2,1,1995,0,0,0,0,0,0,0,0,0,0
390645,1,1,1995,8,8,8,8,8,8,8,8,8,8
390645,2,1,1995,0,0,0,0,0,0,0,0,0,0
390646,1,1,1995,21,15,18,11,37,6,18,14,8,15
390647,1,1,1995,0,0,0,0,0,0,0,0,0,0
390647,2,1,1995,10,0,0,5,0,0,0,0,0,0
390648,0,1,1995,0,0,0,0,0,0,0,0,0,0
390648,1,1,1995,0,0,0,0,0,0,0,0,0,0
390649,1,1,1995,3,0,21,0,0,0,0,0,0,3
390650,1,1,1995,15,28,15,13,17,0,11,0,24,43
390651,1,1,1995,0,0,0,0,0,0,0,0,0,0
390651,2,1,1995,0,0,0,0,0,0,0,0,0,0
390652,1,1,1995,0,0,0,0,0,0,0,0,0,0
390653,1,1,1995,0,0,5,0,0,15,0,8,0,0
390654,1,1,1995,0,0,0,0,0,0,0,0,0,0
390654,2,1,1995,0,0,0,0,0,0,0,0,0,0
390655,1,1,1995,10,10,10,10,10,10,10,10,10,10
390656,0,1,1995,0,0,0,0,0,0,0,0,0,0
390656,1,1,1995,0,0,0,0,0,0,0,0,0,0
390657,1,1,1995,0,0,0,0,0,14,0,0,0,0
390658,1,1,1995,0,0,0,0,0,0,0,0,0,0
390658,2,1,1995,0,0,0,0,0,0,0,0,0,0
390659,1,1,1995,27,27,27,27,27,27,27,27,27,27
390660,1,1,1995,0,0,0,0,7,0,0,0,0,0
390660,2,1,1995,0,0,0,0,0,0,0,0,0,0
390661,1,1,1995,0,0,0,0,0,0,0,0,0,18
390661,2,1,1995,8,8,8,8,8,8,8,8,8,8
390662,1,1,1995,21,21,21,21,21,21,21,21,21,21
390663,1,1,1995,0,22,21,0,11,0,0,0,0,0
390664,1,1,1995,0,0,0,0,21,0,9,0,0,0
390664,2,1,1995,0,0,0,0,0,0,0,0,0,0
390665,1,1,1995,0,0,0,0,0,0,0,0,0,0
390665,2,1,1995,0,0,0,0,0,0,0,0,0,0
390666,0,1,1995,0,0,0,0,0,0,0,0,0,0
390666,1,1,1995,0,0,0,0,0,0,0,0,0,0
390667,1,1,1995,2,2,2,2,2,2,2,2,2,2
390667,2,1,1995,0,0,0,0,0,0,0,0,0,0
390667,3,1,1995,0,0,0,0,0,0,0,0,0,0
390668,1,1,1995,0,0,0,0,0,0,0,28,0,0
390668,2,1,1995,0,0,0,0,0,0,0,0,0,0
390668,3,1,1995,0,0,0,0,0,0,0,0,0,0
390669,0,1,1995,0,0,0,0,0,0,0,0,0,0
390669,1,1,1995,0,0,0,0,0,0,0,0,0,8
390670,1,1,1995,11,11,11,11,11,11,11,11,11,11
390671,1,1,1995,24,24,24,24,24,24,24,24,24,24
390672,1,1,1995,0,0,0,0,0,0,0,0,0,0
390672,2,1,1995,20,20,20,20,20,20,20,20,20,20
390673,1,1,1995,0,0,0,0,0,0,11,0,0,0
390673,2,1,1995,13,0,20,0,0,0,9,0,0,0
390674,1,1,1995,0,0,0,0,0,0,0,0,0,0
390674,2,1,1995,0,0,0,0,0,0,0,0,0,0
390675,0,1,1995,0,0,0,0,0,0,0,0,0,0
390675,0,2,1995,0,0,0,0,0,0,0,0,0,0
390675,1,1,1995,0,0,0,0,0,0,0,0,0,0
390675,2,1,1995,0,0,0,0,0,0,0,0,0,0
390675,3,1,1995,0,0,0,0,0,0,0,0,0,0
390676,1,1,1995,0,0,0,0,0,0,0,0,0,0
390676,2,1,1995,0,0,0,0,19,0,0,6,0,0
390676,3,1,1995,0,0,0,0,0,0,0,0,0,0
390677,1,1,1995,20,20,20,20,20,20,20,20,20,20
390678,1,1,1995,4,22,12,0,18,11,6,7,22,0
390679,1,1,1995,21,21,21,21,21,21,21,21,21,21
390680,1,1,1995,0,0,0,0,0,0,0,0,0,0
390680,2,1,1995,0,0,0,0,21,0,0,0,0,0
390681,1,1,1995,0,0,0,0,0,0,0,0,0,0
390681,2,1,1995,0,8,0,4,0,7,0,0,0,0
390682,0,1,1995,0,0,0,0,0,0,0,0,0,0
390682,1,1,1995,0,0,0,0,0,0,0,0,0,0
390683,1,1,1995,20,20,20,20,20,20,20,20,20,20
390684,1,1,1995,4,4,4,4,4,4,4,4,4,4
390684,2,1,1995,5,5,5,5,5,5,5,5,5,5
390685,1,1,1995,0,0,0,0,0,0,0,0,0,0
390686,1,1,1995,22,22,22,22,22,22,22,22,22,22
390687,0,1,1995,0,0,0,0,0,23,0,0,0,0
390687,1,1,1995,0,0,0,0,0,0,0,0,0,0
390688,1,1,1995,13,8,18,0,17,7,12,6,16,19
390688,2,1,1995,0,0,11,0,0,0,0,0,0,0
390689,1,1,1995,2,2,2,2,2,2,2,2,2,2
390689,2,1,1995,0,0,0,0,0,0,0,0,0,0
390690,1,1,1995,0,6,0,0,0,0,0,0,0,0
390690,2,1,1995,0,0,0,0,0,0,0,0,0,0
390691,1,1,1995,0,0,0,0,0,0,0,0,0,0
390691,2,1,1995,18,0,0,0,0,0,13,0,0,0
390692,1,1,1995,25,25,25,25,25,25,25,25,25,25
390693,1,1,1995,0,0,0,0,0,0,0,0,0,0
390693,2,1,1995,0,0,0,0,0,0,0,0,0,0
390694,1,1,1995,0,0,0,0,0,0,0,0,0,0
390694,2,1,1995,0,0,0,0,0,0,0,0,0,0
390695,1,1,1995,11,11,11,11,11,11,11,11,11,11
390695,2,1,1995,0,0,0,0,0,0,0,0,0,0
390696,0,1,1995,0,31,0,21,0,0,0,0,16,0
390696,1,1,1995,0,30,25,0,0,0,0,0,0,0
390697,1,1,1995,0,0,0,0,0,0,0,0,0,0
390697,2,1,1995,0,0,0,0,0,0,0,0,0,0
390697,3,1,1995,0,0,0,0,0,0,0,0,0,0
390698,1,1,1995,0,0,0,0,0,0,0,0,0,0
390698,2,1,1995,0,0,0,0,0,0,0,0,0,0
390699,1,1,1995,12,12,12,12,12,12,12,12,12,12
390699,2,1,1995,0,0,0,0,0,0,0,0,0,0
390699,3,1,1995,0,0,0,0,0,0,0,0,0,0
390700,1,1,1995,24,0,12,21,18,20,0,0,2,35
390701,1,1,1995,0,0,0,0,0,0,0,0,0,0
390702,1,1,1995,0,7,20,24,0,0,0,12,0,25
390703,1,1,1995,6,19,6,8,7,3,10,15,13,27
390704,1,1,1995,0,0,0,0,0,0,0,0,0,0
390704,2,1,1995,2,2,2,2,2,2,2,2,2,2
390705,1,1,1995,0,0,0,0,0,0,0,0,0,0
390705,2,1,1995,0,0,0,0,0,0,0,0,0,0
390706,0,1,1995,0,0,0,20,0,0,0,7,23,0
390706,1,1,1995,0,0,0,0,0,0,0,0,0,0
390707,0,1,1995,0,0,0,0,0,0,0,0,0,0
390707,1,1,1995,1,0,0,0,0,0,0,0,0,0
390708,1,1,1995,0,2,0,0,0,0,0,0,0,7
390709,1,1,1995,18,18,18,18,18,18,18,18,18,18
390710,1,1,1995,0,0,0,0,0,0,0,0,0,0
390710,2,1,1995,0,0,0,0,0,0,0,0,0,0
390711,1,1,1995,0,0,0,0,0,0,0,0,0,0
390711,2,1,1995,0,0,0,0,0,0,0,0,0,0
390712,1,1,1995,0,0,0,0,0,0,0,0,0,0
390712,2,1,1995,0,0,0,0,0,0,0,0,0,0
390713,1,1,1995,0,0,0,0,0,0,0,0,0,0
390714,1,1,1995,0,0,0,0,0,0,0,0,0,0
390715,0,1,1995,0,0,0,0,0,0,0,0,0,0