ST_CASE,VEH_NO,PER_NO,YEAR,P1,P2,P3,P4,P5,P6,P7,P8,P9,P10
390715,1,1,1995,0,0,0,0,19,0,14,0,0,0
390716,1,1,1995,6,6,6,6,6,6,6,6,6,6
390717,1,1,1995,0,6,0,13,0,0,0,0,6,10
390718,0,1,1995,0,0,0,0,0,0,0,0,0,0
390718,1,1,1995,0,0,0,0,0,0,0,0,0,0
390719,1,1,1995,30,22,9,22,29,28,5,22,23,21
390720,1,1,1995,11,11,16,13,3,7,10,14,11,8
390721,1,1,1995,40,40,40,40,40,40,40,40,40,40
390721,2,1,1995,0,5,26,0,0,14,0,6,9,19
390722,1,1,1995,0,0,0,0,0,0,0,0,0,0
390723,1,1,1995,0,0,0,0,0,0,0,0,0,0
390723,2,1,1995,0,0,0,0,0,0,0,0,0,0
390724,1,1,1995,0,0,0,0,0,0,0,0,0,0
390724,2,1,1995,17,17,17,17,17,17,17,17,17,17
390725,1,1,1995,0,0,0,0,0,0,0,0,0,0
390725,2,1,1995,0,0,0,17,0,0,0,0,0,0
390726,1,1,1995,0,0,0,0,0,0,0,0,0,0
390727,1,1,1995,0,0,9,0,0,0,0,0,0,11
390728,1,1,1995,5,5,5,5,5,5,5,5,5,5
390730,1,1,1995,5,5,5,5,5,5,5,5,5,5
390730,2,1,1995,0,0,0,0,0,0,0,0,0,0
390731,1,1,1995,0,0,0,0,0,0,0,0,0,0
390733,1,1,1995,0,0,0,0,0,0,0,0,0,0
390733,2,1,1995,0,0,0,0,0,0,0,0,0,0
390734,1,1,1995,0,0,0,0,0,0,0,0,0,0
390734,2,1,1995,0,0,0,0,0,0,0,0,0,0
390734,3,1,1995,0,0,0,0,0,0,0,0,0,0
390735,0,1,1995,0,0,0,0,0,0,0,0,0,0
390735,1,1,1995,0,0,0,0,0,0,0,0,0,0
390736,1,1,1995,0,0,0,0,0,0,0,0,0,0
390736,2,1,1995,37,37,37,37,37,37,37,37,37,37
390737,1,1,1995,0,0,0,0,0,0,0,0,0,0
390737,2,1,1995,0,0,0,0,0,0,0,0,0,0
390738,0,1,1995,5,11,0,0,0,0,19,34,0,17
390738,1,1,1995,23,16,20,11,36,16,12,9,20,14
390739,1,1,1995,0,0,0,0,0,0,0,0,0,9
390740,1,1,1995,0,0,0,0,0,0,0,0,0,0
390740,2,1,1995,14,21,19,23,22,15,0,0,13,7
390741,1,1,1995,0,0,0,0,0,0,0,0,0,0
390741,2,1,1995,0,0,0,0,0,0,0,0,0,0
390742,1,1,1995,28,28,28,28,28,28,28,28,28,28
390742,2,1,1995,20,15,27,17,14,11,0,16,9,10
390743,1,1,1995,12,12,12,12,12,12,12,12,12,12
390744,0,1,1995,4,4,4,4,4,4,4,4,4,4
390744,1,1,1995,0,0,0,0,0,0,0,0,0,0
390745,1,1,1995,33,33,33,33,33,33,33,33,33,33
390746,1,1,1995,0,0,0,0,0,0,0,0,0,0
390746,2,1,1995,0,0,0,0,0,0,0,0,0,0
390747,1,1,1995,23,23,23,23,23,23,23,23,23,23
390748,1,1,1995,20,20,20,20,20,20,20,20,20,20
390749,1,1,1995,0,0,0,0,0,0,0,0,0,0
390749,2,1,1995,0,17,0,0,0,0,0,0,0,0
390750,1,1,1995,0,0,0,0,0,0,0,0,0,0
390751,1,1,1995,0,0,0,0,0,0,0,0,0,0
390752,1,1,1995,0,0,0,0,0,0,0,0,0,0
390753,1,1,1995,0,0,0,0,0,0,0,0,0,0
390754,1,1,1995,0,0,0,0,0,0,0,0,0,0
390754,2,1,1995,0,0,0,0,0,0,0,0,0,0
390755,1,1,1995,17,25,0,23,0,0,0,0,0,26
390755,2,1,1995,0,0,0,0,0,0,0,0,0,0
390756,1,1,1995,16,16,16,16,16,16,16,16,16,16
390757,1,1,1995,6,19,4,12,16,17,34,10,0,2
390758,1,1,1995,42,25,20,26,27,15,17,18,27,23
390759,1,1,1995,0,0,0,0,0,0,0,0,0,0
390759,2,1,1995,0,0,0,0,0,0,0,0,0,0
390760,1,1,1995,0,0,0,0,0,0,0,0,0,0
390760,2,1,1995,0,0,0,0,0,0,0,0,0,0
390761,1,1,1995,21,21,21,21,21,21,21,21,21,21
390761,2,1,1995,0,0,0,0,0,0,0,0,0,0
390762,1,1,1995,0,0,0,0,0,0,0,0,0,0
390762,2,1,1995,0,17,0,0,0,0,0,0,0,0
390762,3,1,1995,0,0,0,0,0,0,0,0,0,0
390763,1,1,1995,0,0,0,0,0,0,11,0,0,0
390763,2,1,1995,23,49,0,9,29,15,42,19,7,5
390763,3,1,1995,0,0,0,0,0,0,0,0,18,0
390764,1,1,1995,0,0,0,0,0,0,0,0,0,0
390765,1,1,1995,0,20,0,0,0,0,0,0,0,0
390766,0,1,1995,0,0,0,0,0,0,0,0,0,0
390766,1,1,1995,7,0,0,19,18,0,13,0,0,0
390767,1,1,1995,0,0,0,0,0,0,0,0,0,0
390768,1,1,1995,0,0,0,0,0,0,0,0,0,0
390768,2,1,1995,0,0,0,0,0,0,0,0,0,0
390769,1,1,1995,0,0,0,0,0,0,0,0,0,0
390769,2,1,1995,0,0,0,0,0,0,0,0,0,0
390770,0,1,1995,0,0,0,0,0,0,0,0,0,0
390770,1,1,1995,0,0,0,0,0,0,0,20,0,0
390771,1,1,1995,0,0,0,0,0,0,0,0,0,0
390771,2,1,1995,0,0,20,0,0,0,10,0,0,0
390772,1,1,1995,0,0,0,0,0,0,0,0,0,0
390773,1,1,1995,0,0,0,0,0,0,0,0,0,0
390773,2,1,1995,16,8,25,13,37,14,5,13,15,13
390774,1,1,1995,14,14,14,14,14,14,14,14,14,14
390774,2,1,1995,0,0,0,0,0,0,0,0,0,0
390775,1,1,1995,0,0,0,0,0,0,0,0,13,0
390776,1,1,1995,0,0,0,0,0,0,0,0,0,0
390776,2,1,1995,0,0,0,0,0,0,0,0,0,0
390777,1,1,1995,3,3,3,3,3,3,3,3,3,3
390778,1,1,1995,11,11,11,11,11,11,11,11,11,11
390779,1,1,1995,0,0,0,0,0,0,0,0,0,0
390779,2,1,1995,0,0,0,0,0,0,0,0,0,0
390780,1,1,1995,21,13,26,19,30,9,30,18,6,24
390781,1,1,1995,0,0,0,0,0,0,0,0,0,0
390781,2,1,1995,0,0,0,0,0,0,0,0,0,0
390782,1,1,1995,0,0,0,0,0,0,0,0,0,0
390783,1,1,1995,0,0,0,0,0,0,0,0,0,0
390783,2,1,1995,19,0,0,0,0,0,0,0,0,0
390784,1,1,1995,0,0,0,0,0,0,0,0,0,0
390784,2,1,1995,0,0,0,0,0,0,0,0,0,0
390785,1,1,1995,0,0,0,0,0,0,0,0,0,0
390785,2,1,1995,0,0,0,0,0,0,0,0,0,0
390786,1,1,1995,0,0,0,0,0,0,0,0,0,0
390786,2,1,1995,0,0,0,0,0,0,0,0,0,0
390787,0,1,1995,14,24,27,6,26,62,0,36,23,14
390787,1,1,1995,0,0,0,0,0,0,22,0,0,0
390788,1,1,1995,16,0,0,19,8,11,14,16,18,0
390788,2,1,1995,0,0,0,21,0,0,0,0,0,11
390789,1,1,1995,20,20,20,20,20,20,20,20,20,20
390790,1,1,1995,29,29,29,29,29,29,29,29,29,29
390791,1,1,1995,38,9,19,15,16,8,24,16,9,10
390792,1,1,1995,0,0,0,0,0,0,0,0,0,0
390792,2,1,1995,0,0,0,0,0,0,0,0,0,0
390793,1,1,1995,31,31,31,31,31,31,31,31,31,31
390794,1,1,1995,0,0,0,0,0,0,0,0,0,0
390794,2,1,1995,0,0,0,0,0,0,0,0,0,0
390795,1,1,1995,0,0,0,0,0,0,0,0,0,0
390795,2,1,1995,0,0,0,0,0,0,0,0,0,0
390796,1,1,1995,14,0,0,23,31,6,0,25,12,29
390797,1,1,1995,26,26,26,26,26,26,26,26,26,26
390798,1,1,1995,33,0,43,9,0,0,0,36,0,0
390799,0,1,1995,15,0,0,0,0,0,16,16,0,0
390799,0,2,1995,27,0,0,0,0,0,0,0,17,0
390799,0,3,1995,0,0,0,0,0,0,0,0,0,0
390799,1,1,1995,22,22,22,22,22,22,22,22,22,22
390800,1,1,1995,16,16,16,16,16,16,16,16,16,16
390801,0,1,1995,0,0,0,0,0,0,0,0,0,0
390801,1,1,1995,0,0,0,0,0,0,0,0,0,0
390802,1,1,1995,30,30,30,30,30,30,30,30,30,30
390803,0,1,1995,26,26,26,26,26,26,26,26,26,26
390803,1,1,1995,0,0,0,0,0,0,0,0,0,0
390804,1,1,1995,29,24,49,16,34,23,29,27,29,11
390805,1,1,1995,0,0,0,7,0,0,0,0,9,0
390806,1,1,1995,10,5,10,23,16,16,19,32,11,19
390807,1,1,1995,0,0,0,7,0,0,0,0,24,0
390807,2,1,1995,15,15,15,15,15,15,15,15,15,15
390808,0,1,1995,15,20,27,8,8,27,21,31,35,18
390808,1,1,1995,13,17,13,9,10,21,12,9,14,15
390809,1,1,1995,0,0,0,0,0,0,0,0,0,0
390809,2,1,1995,6,6,6,6,6,6,6,6,6,6
390810,1,1,1995,0,0,0,0,0,0,0,0,0,0
390810,2,1,1995,0,0,0,0,0,0,0,0,0,0
390811,1,1,1995,0,0,0,0,0,0,0,0,0,0
390812,1,1,1995,0,0,0,0,0,0,0,0,0,0
390812,2,1,1995,0,0,0,0,0,0,19,0,0,4
390813,1,1,1995,0,0,0,0,0,0,0,0,0,0
390813,2,1,1995,0,0,0,0,0,0,0,0,0,0
390814,1,1,1995,0,0,0,0,0,0,0,0,0,0
390815,1,1,1995,0,0,0,0,0,0,0,0,0,0
390816,1,1,1995,16,16,16,16,16,16,16,16,16,16
390816,2,1,1995,0,0,0,0,0,0,0,0,0,0
390816,3,1,1995,0,0,0,0,0,0,0,0,0,0
390817,1,1,1995,0,0,0,0,0,0,0,0,0,0
390817,2,1,1995,5,5,5,5,5,5,5,5,5,5
390818,1,1,1995,15,15,15,15,15,15,15,15,15,15
390819,1,1,1995,7,7,7,7,7,7,7,7,7,7
390819,2,1,1995,0,0,0,0,0,0,0,0,0,0
390820,0,1,1995,0,0,0,0,0,0,0,0,0,0
390820,1,1,1995,0,0,0,0,0,0,0,0,0,0
390821,1,1,1995,0,0,0,0,0,0,0,0,0,0
390821,2,1,1995,0,0,0,0,0,0,0,0,0,0
390822,1,1,1995,19,19,19,19,19,19,19,19,19,19
390822,2,1,1995,0,0,0,0,0,0,0,0,0,0
390823,1,1,1995,0,0,0,0,0,0,0,0,0,0
390823,2,1,1995,0,0,0,0,0,0,0,0,0,0
390824,1,1,1995,0,0,0,0,0,0,0,0,0,0
390825,1,1,1995,24,24,24,24,24,24,24,24,24,24
390826,1,1,1995,18,18,18,18,18,18,18,18,18,18
390826,2,1,1995,11,11,11,11,11,11,11,11,11,11
390827,1,1,1995,7,7,7,7,7,7,7,7,7,7
390828,1,1,1995,0,0,0,19,18,0,35,19,12,21
390828,2,1,1995,28,12,0,0,6,0,9,29,20,15
390829,1,1,1995,0,0,0,0,0,0,16,0,0,0
390829,2,1,1995,0,0,0,0,0,0,0,0,0,0
390830,1,1,1995,0,0,0,0,0,0,0,0,0,0
390830,2,1,1995,0,0,0,0,0,0,0,0,0,0
390831,1,1,1995,23,0,0,0,4,0,0,0,0,0
390832,1,1,1995,4,4,4,4,4,4,4,4,4,4
390833,1,1,1995,0,0,10,8,13,0,0,8,0,0
390833,2,1,1995,0,0,0,0,0,0,0,0,0,0
390834,1,1,1995,24,24,24,24,24,24,24,24,24,24
390835,1,1,1995,0,0,0,0,0,0,0,0,0,0
390835,2,1,1995,0,0,0,0,0,0,0,0,0,0
390836,1,1,1995,10,10,10,10,10,10,10,10,10,10
390836,2,1,1995,0,0,14,0,0,0,0,0,19,2
390837,0,1,1995,0,0,0,23,0,41,0,23,0,16
390837,0,2,1995,0,0,0,16,27,0,0,0,0,0
390837,1,1,1995,0,0,0,0,0,0,0,0,0,0
390838,0,1,1995,0,0,0,0,0,0,0,0,0,0
390838,1,1,1995,0,0,0,0,0,0,0,0,0,0
390839,1,1,1995,0,0,0,0,0,0,0,0,0,0
390839,2,1,1995,0,0,0,0,0,0,0,0,0,0
390840,0,1,1995,0,0,0,0,0,0,0,0,0,0
390841,1,1,1995,0,0,0,0,0,0,0,0,0,0
390842,1,1,1995,0,0,0,0,0,0,0,0,6,0
390843,1,1,1995,0,0,0,0,22,0,14,0,0,0
390844,1,1,1995,0,0,0,0,0,0,0,0,0,0
390844,2,1,1995,0,0,0,0,0,0,0,0,0,0
390845,1,1,1995,29,29,29,29,29,29,29,29,29,29
390846,1,1,1995,8,0,0,22,0,22,0,15,0,19
390847,1,1,1995,0,0,0,0,0,0,0,0,0,0
390847,2,1,1995,0,0,0,0,0,0,0,0,0,0
390848,1,1,1995,0,0,0,0,0,0,0,0,0,0
390849,1,1,1995,16,0,0,0,0,0,21,0,0,0
390849,2,1,1995,26,35,19,24,4,22,15,7,20,21
390851,1,1,1995,0,0,0,0,0,0,0,0,0,0
390851,2,1,1995,0,0,0,0,0,0,0,0,0,0
390851,3,1,1995,0,0,0,0,0,0,0,0,0,0
390852,1,1,1995,19,19,19,19,19,19,19,19,19,19
390853,1,1,1995,0,0,0,0,0,0,0,0,0,0
390854,1,1,1995,40,40,40,40,40,40,40,40,40,40
390854,2,1,1995,22,13,3,15,9,3,10,10,26,16
390855,1,1,1995,0,0,0,0,0,0,22,0,0,0
390856,0,1,1995,17,18,14,30,20,25,12,15,6,0
390856,1,1,1995,0,0,0,0,0,0,0,0,0,0
390857,0,1,1995,0,0,0,0,0,0,0,0,0,0
390857,1,1,1995,0,0,0,0,0,0,0,0,0,0
390858,1,1,1995,21,21,21,21,21,21,21,21,21,21
390859,1,1,1995,0,0,0,0,0,0,0,0,0,0
390859,2,1,1995,0,0,0,0,0,0,0,0,0,0
390860,1,1,1995,0,0,0,0,0,0,0,0,0,0
390861,1,1,1995,0,0,9,0,0,0,0,0,0,0
390862,1,1,1995,0,0,0,0,0,0,0,0,0,0
390862,2,1,1995,0,0,0,0,0,0,0,0,0,0
390863,1,1,1995,36,36,36,36,36,36,36,36,36,36
390864,1,1,1995,0,15,8,0,5,7,0,0,15,1
390865,0,1,1995,25,25,25,25,25,25,25,25,25,25
390865,1,1,1995,0,0,0,0,0,0,0,17,0,0
390865,2,1,1995,0,0,0,0,0,0,0,0,0,0
390866,1,1,1995,0,0,0,0,0,0,0,0,0,0
390866,2,1,1995,0,0,0,0,0,0,0,0,0,0
390866,3,1,1995,0,0,0,0,22,0,0,19,0,0
390867,1,1,1995,4,4,4,4,4,4,4,4,4,4
390867,2,1,1995,0,0,0,0,0,0,0,0,0,0
390868,1,1,1995,0,0,0,0,0,0,21,0,0,0
390869,1,1,1995,17,0,0,0,6,0,0,0,0,0
390869,2,1,1995,12,0,0,0,0,0,0,0,0,20
390870,1,1,1995,0,0,0,0,0,0,0,0,0,0
390870,2,1,1995,0,0,0,8,0,0,0,0,0,0
390870,3,1,1995,0,0,0,0,0,0,0,0,0,0
390871,1,1,1995,0,0,0,0,0,0,0,0,0,0
390871,2,1,1995,0,0,0,0,0,0,0,0,41,2
390871,3,1,1995,0,0,0,0,0,0,0,0,0,0
390872,1,1,1995,24,24,24,24,24,24,24,24,24,24
390873,1,1,1995,0,0,0,0,0,0,0,0,0,0
390873,2,1,1995,0,0,0,0,0,0,0,0,0,0
390874,1,1,1995,0,0,0,0,0,0,0,0,0,0
390874,2,1,1995,0,0,0,0,0,0,0,0,0,0
390874,3,1,1995,0,0,0,0,0,0,0,0,0,0
390875,1,1,1995,0,0,0,0,0,0,0,0,0,0
390875,2,1,1995,0,0,0,0,0,0,0,0,0,0
390876,1,1,1995,22,22,22,22,22,22,22,22,22,22
390877,1,1,1995,0,0,0,0,0,0,0,0,0,0
390877,2,1,1995,0,0,0,0,0,0,0,0,0,0
390877,3,1,1995,0,0,0,0,0,0,0,0,0,0
390877,4,1,1995,0,0,0,0,0,0,0,0,0,0
390878,1,1,1995,0,0,0,0,0,0,0,0,0,0
390878,2,1,1995,0,0,0,0,0,0,0,0,0,0
390879,1,1,1995,0,0,0,0,0,0,0,0,0,0
390879,2,1,1995,0,0,0,0,0,0,0,0,0,0
390880,0,1,1995,0,0,0,0,0,0,0,0,28,0
390880,1,1,1995,0,0,0,0,0,0,0,0,0,0
390881,1,1,1995,0,0,0,0,0,0,0,0,0,0
390881,2,1,1995,0,0,0,0,0,0,0,0,10,0
390882,0,1,1995,17,17,17,17,17,17,17,17,17,17
390882,1,1,1995,0,0,0,0,0,0,0,0,0,0
390883,1,1,1995,16,16,16,16,16,16,16,16,16,16
390884,1,1,1995,0,0,0,0,0,0,7,7,0,0
390884,2,1,1995,0,0,0,0,0,0,0,0,0,0
390885,1,1,1995,15,15,15,15,15,15,15,15,15,15
390885,2,1,1995,0,0,0,0,0,0,0,4,0,0
390886,1,1,1995,22,22,22,22,22,22,22,22,22,22
390887,1,1,1995,19,47,0,38,27,0,24,0,12,0
390888,1,1,1995,0,0,0,0,0,0,0,0,0,0
390889,1,1,1995,0,0,0,0,0,0,0,0,0,0
390890,1,1,1995,0,0,0,0,0,0,0,0,0,0
390890,2,1,1995,0,0,0,0,0,0,0,0,0,0
390891,1,1,1995,24,0,0,0,0,0,0,0,0,0
390892,1,1,1995,0,0,0,0,0,0,0,0,0,0
390892,2,1,1995,0,0,0,0,0,0,0,0,0,0
390893,1,1,1995,0,0,0,0,0,0,0,0,0,0
390894,1,1,1995,11,12,0,18,0,13,10,18,0,0
390894,2,1,1995,0,0,0,0,0,0,0,0,0,0
390894,3,1,1995,0,0,0,0,0,0,0,0,0,0
390895,1,1,1995,13,13,13,13,13,13,13,13,13,13
390896,1,1,1995,0,0,0,0,0,0,0,0,0,0
390896,2,1,1995,0,0,0,0,0,0,0,0,0,0
390897,1,1,1995,18,18,18,18,18,18,18,18,18,18
390898,1,1,1995,0,0,0,0,0,0,0,0,0,0
390898,2,1,1995,0,0,0,0,0,0,0,0,0,0
390899,1,1,1995,0,0,0,0,0,0,0,0,0,0
390899,2,1,1995,9,9,9,9,9,9,9,9,9,9
390900,0,1,1995,14,14,14,14,14,14,14,14,14,14
390900,1,1,1995,16,16,16,16,16,16,16,16,16,16
390901,1,1,1995,0,0,0,0,0,0,0,0,0,0
390902,1,1,1995,0,0,0,0,0,0,0,0,0,0
390902,2,1,1995,0,0,0,20,0,13,12,0,0,0
390903,1,1,1995,14,14,14,14,14,14,14,14,14,14
390904,1,1,1995,18,18,18,18,18,18,18,18,18,18
390904,2,1,1995,0,0,0,19,0,0,0,0,0,0
390905,1,1,1995,0,0,0,0,0,0,0,0,0,0
390906,1,1,1995,0,0,0,0,0,0,0,0,0,0
390907,1,1,1995,0,0,0,0,0,0,0,0,0,0
390907,2,1,1995,0,0,0,0,0,0,0,0,0,0
390908,1,1,1995,0,0,27,0,0,20,0,0,0,0
390908,2,1,1995,9,9,9,9,9,9,9,9,9,9
390909,0,1,1995,30,30,30,30,30,30,30,30,30,30
390909,1,1,1995,0,19,0,16,0,0,0,0,0,7
390910,0,1,1995,0,0,0,0,0,0,0,0,24,0
390910,1,1,1995,0,0,0,0,0,0,0,0,0,0
390911,1,1,1995,0,0,0,0,0,0,0,0,0,0
390911,2,1,1995,0,0,0,0,0,0,0,0,0,0
390911,3,1,1995,0,0,0,0,0,0,0,0,0,0
390911,4,1,1995,2,0,0,0,0,0,0,0,0,0
390912,1,1,1995,24,10,18,21,41,8,21,30,30,18
390913,1,1,1995,0,7,0,6,0,0,0,0,0,0
390913,2,1,1995,6,6,6,6,6,6,6,6,6,6
390913,3,1,1995,42,0,0,0,0,0,0,0,0,0
390914,1,1,1995,14,14,14,14,14,14,14,14,14,14
390914,2,1,1995,14,0,0,0,0,0,0,0,0,0
390915,0,1,1995,0,0,0,0,0,0,0,0,0,24
390915,1,1,1995,0,0,0,0,0,0,0,0,0,0
390916,1,1,1995,0,0,0,0,0,0,0,0,0,0
390917,1,1,1995,0,0,0,0,0,0,0,0,0,0
390917,2,1,1995,0,0,0,0,0,0,0,0,0,0
390919,1,1,1995,0,0,0,0,0,0,0,0,0,0
390920,1,1,1995,0,0,0,0,0,0,0,0,0,0
390920,2,1,1995,26,26,26,26,26,26,26,26,26,26
390921,1,1,1995,19,19,19,19,19,19,19,19,19,19
390922,0,1,1995,46,0,0,0,0,0,0,0,0,0
390922,1,1,1995,0,0,0,0,0,0,0,0,0,0
390923,1,1,1995,0,0,0,0,0,0,0,0,0,0
390923,2,1,1995,0,0,0,0,0,0,0,0,0,0
390924,1,1,1995,22,22,22,22,22,22,22,22,22,22
390925,1,1,1995,8,8,8,8,8,8,8,8,8,8
390925,2,1,1995,0,0,0,0,0,0,0,0,0,0
390926,1,1,1995,0,0,0,0,0,0,0,0,0,0
390927,1,1,1995,0,0,0,0,0,0,0,0,0,0
390927,2,1,1995,0,0,0,0,0,0,0,0,0,0
390928,1,1,1995,22,22,22,22,22,22,22,22,22,22
390929,1,1,1995,10,10,10,10,10,10,10,10,10,10
390930,1,1,1995,29,29,29,29,29,29,29,29,29,29
390931,1,1,1995,0,0,0,0,0,0,19,0,0,0
390931,2,1,1995,0,0,0,0,0,0,0,0,0,0
390932,1,1,1995,0,0,4,0,0,0,0,2,3,0
390932,2,1,1995,0,0,0,0,0,0,0,0,0,0
390933,1,1,1995,0,0,0,0,0,0,28,0,0,0
390934,0,1,1995,0,0,0,0,0,0,0,0,0,0
390934,1,1,1995,0,0,0,0,0,0,0,0,0,0
390935,1,1,1995,0,7,0,0,0,0,35,0,0,15
390936,1,1,1995,34,0,9,13,0,0,22,26,5,19
390937,1,1,1995,26,26,26,26,26,26,26,26,26,26
390938,1,1,1995,0,0,31,0,0,0,21,0,0,0
390938,2,1,1995,8,0,0,0,0,0,15,0,0,7
390938,3,1,1995,0,0,0,0,0,0,0,0,0,0
390938,4,1,1995,0,0,0,0,0,0,0,0,0,0
390939,1,1,1995,26,26,26,26,26,26,26,26,26,26
390940,1,1,1995,0,0,0,0,0,0,0,0,0,0
390941,1,1,1995,0,0,9,0,0,0,12,0,0,0
390941,2,1,1995,22,22,22,22,22,22,22,22,22,22
390942,1,1,1995,0,0,0,0,0,0,0,0,24,0
390943,1,1,1995,0,0,0,0,0,0,0,0,0,0
390943,2,1,1995,0,0,0,0,0,0,0,0,0,0
390944,1,1,1995,26,26,26,26,26,26,26,26,26,26
390945,1,1,1995,0,0,0,0,0,0,0,0,0,0
390945,2,1,1995,0,0,0,0,0,0,0,0,0,0
390946,1,1,1995,0,0,0,0,0,0,0,0,0,0
390946,2,1,1995,0,0,0,0,0,0,0,0,0,0
390947,1,1,1995,0,0,0,0,0,0,0,0,0,0
390948,0,1,1995,0,0,0,0,0,0,0,0,0,0
390948,1,1,1995,0,0,0,0,0,0,0,0,0,0
390949,1,1,1995,16,16,16,16,16,16,16,16,16,16
390950,1,1,1995,0,0,0,0,0,0,0,0,0,0
390950,2,1,1995,0,0,0,0,0,0,0,0,0,0
390951,1,1,1995,0,0,0,17,0,0,0,0,0,0
390951,2,1,1995,0,0,0,0,13,0,0,0,0,0
390952,1,1,1995,0,0,0,0,0,0,0,0,0,0
390952,2,1,1995,0,0,0,0,0,0,0,0,0,0
390953,1,1,1995,0,0,0,0,0,0,0,0,0,0
390953,2,1,1995,0,9,0,0,20,0,0,0,0,0
390954,1,1,1995,0,0,0,0,0,0,0,0,0,0
390954,2,1,1995,0,0,0,0,0,0,0,0,0,0
390955,1,1,1995,33,36,11,8,12,11,10,11,21,16
390956,1,1,1995,0,0,0,0,0,0,0,0,0,0
390956,2,1,1995,0,0,0,0,0,0,0,0,0,0
390957,1,1,1995,10,10,10,10,10,10,10,10,10,10
390958,0,1,1995,20,20,20,20,20,20,20,20,20,20
390958,1,1,1995,0,0,0,0,0,0,0,0,0,0
390959,1,1,1995,0,0,0,0,0,0,0,0,0,0
390959,2,1,1995,0,0,0,0,0,0,0,0,0,0
390960,1,1,1995,0,8,0,0,0,0,0,0,0,0
390960,2,1,1995,13,0,0,0,0,0,13,0,0,0
390961,1,1,1995,0,0,0,0,0,0,0,0,0,0
390962,1,1,1995,0,0,0,0,0,0,0,0,0,0
390963,1,1,1995,0,0,0,0,0,0,0,0,0,0
390963,2,1,1995,0,0,0,0,0,0,0,0,0,0
390964,0,1,1995,0,0,0,0,0,0,0,0,0,0
390964,1,1,1995,34,0,0,0,11,9,9,0,25,0
390965,1,1,1995,0,0,0,0,0,0,0,0,0,0
390966,1,1,1995,18,18,18,18,18,18,18,18,18,18
390967,1,1,1995,0,0,0,0,0,0,0,0,0,0
390968,1,1,1995,0,0,0,0,0,0,0,0,0,0
390968,2,1,1995,0,0,0,0,0,0,0,0,0,0
390969,1,1,1995,0,0,0,0,0,0,0,0,0,0
390969,2,1,1995,0,0,0,0,0,0,0,0,0,0
390970,1,1,1995,0,0,0,0,0,0,0,0,0,0
390970,2,1,1995,0,0,0,0,0,0,0,0,0,0
390970,3,1,1995,0,0,0,0,0,0,0,0,0,0
390971,1,1,1995,0,23,0,8,0,20,0,0,0,22
390972,0,1,1995,15,15,15,15,15,15,15,15,15,15
390972,1,1,1995,0,0,0,0,0,0,23,0,0,29
390973,1,1,1995,0,0,0,0,0,0,3,0,0,0
390974,1,1,1995,0,0,0,0,0,0,0,0,0,0
390975,1,1,1995,16,16,16,16,16,16,16,16,16,16
390976,1,1,1995,20,0,0,26,0,14,0,0,0,16
390976,2,1,1995,0,0,0,0,0,0,0,0,0,0
390977,1,1,1995,0,3,0,0,0,0,0,0,9,0
390978,1,1,1995,0,0,0,21,0,0,23,0,0,0
390979,1,1,1995,7,7,7,7,7,7,7,7,7,7
390979,2,1,1995,0,0,0,0,0,0,0,0,0,0
390980,1,1,1995,0,0,0,0,0,0,0,0,0,0
390981,1,1,1995,17,17,17,17,17,17,17,17,17,17
390982,1,1,1995,36,36,36,36,36,36,36,36,36,36
390983,1,1,1995,0,0,0,0,0,0,0,0,0,0
390984,0,1,1995,0,0,0,0,0,0,0,0,0,0
390984,0,2,1995,0,0,0,0,0,0,0,0,0,0
390984,1,1,1995,0,0,0,0,0,0,0,0,0,0
390985,1,1,1995,16,12,17,0,0,0,7,0,0,0
390985,2,1,1995,0,0,0,0,0,0,26,0,0,0
390986,1,1,1995,0,0,0,0,0,0,8,0,0,0
390986,2,1,1995,0,0,0,0,0,0,0,0,0,0
390987,1,1,1995,0,0,0,0,0,0,0,0,0,0
390987,2,1,1995,0,0,0,4,0,0,0,0,0,0
390987,3,1,1995,0,0,0,0,0,0,0,0,0,0
390988,1,1,1995,0,0,0,0,0,0,0,0,0,0
390988,2,1,1995,0,0,0,0,0,0,0,0,0,0
390989,0,1,1995,38,0,0,0,0,13,17,24,0,0
390989,1,1,1995,0,0,0,0,0,0,0,0,0,0
390990,1,1,1995,23,23,23,23,23,23,23,23,23,23
390990,2,1,1995,0,0,0,0,0,0,0,0,0,0
390991,1,1,1995,19,19,19,19,19,19,19,19,19,19
390992,0,1,1995,0,0,0,0,0,0,0,0,0,0
390992,1,1,1995,16,0,0,0,0,0,0,0,0,0
390993,1,1,1995,0,0,0,0,0,0,0,0,0,0
390994,1,1,1995,0,0,0,0,0,0,0,0,0,0
390995,1,1,1995,0,0,0,0,0,0,0,0,0,0
390995,2,1,1995,0,0,0,0,0,0,0,0,0,0
390995,3,1,1995,0,0,0,0,0,0,0,0,0,0
390996,0,1,1995,0,0,0,0,0,0,0,0,0,14
390996,1,1,1995,0,0,0,0,0,0,0,0,11,0
390997,1,1,1995,9,9,9,9,9,9,9,9,9,9
390998,1,1,1995,0,0,7,0,0,0,0,0,0,0