ST_CASE,VEH_NO,PER_NO,YEAR,P1,P2,P3,P4,P5,P6,P7,P8,P9,P10
400059,2,1,1995,0,0,0,0,0,0,0,0,0,0
400061,1,1,1995,17,17,17,17,17,17,17,17,17,17
400062,0,1,1995,0,0,0,0,0,0,0,0,0,0
400062,1,1,1995,0,0,0,0,0,0,0,0,0,0
400063,1,1,1995,0,0,0,0,0,0,0,0,0,0
400063,2,1,1995,0,0,0,0,0,0,0,0,0,0
400064,1,1,1995,25,25,25,25,25,25,25,25,25,25
400065,1,1,1995,16,16,16,16,16,16,16,16,16,16
400066,1,1,1995,0,0,0,0,0,0,0,0,0,0
400067,1,1,1995,0,0,0,0,0,0,0,0,0,0
400067,2,1,1995,0,0,0,0,0,0,0,0,0,0
400067,3,1,1995,0,0,0,11,0,0,0,0,0,0
400068,1,1,1995,0,0,0,0,0,0,0,0,0,0
400068,2,1,1995,0,0,0,0,0,0,0,0,0,0
400069,1,1,1995,0,0,0,0,0,0,0,0,0,0
400069,2,1,1995,0,0,0,0,0,0,0,0,0,0
400070,1,1,1995,18,18,18,18,18,18,18,18,18,18
400071,1,1,1995,0,0,0,0,0,0,0,0,0,0
400072,1,1,1995,0,0,0,0,0,0,0,0,0,0
400073,1,1,1995,0,0,0,0,0,0,0,0,0,0
400074,1,1,1995,10,10,10,10,10,10,10,10,10,10
400074,2,1,1995,0,0,0,0,0,0,0,0,0,0
400075,1,1,1995,0,0,0,0,0,0,0,0,0,0
400075,2,1,1995,0,0,0,0,0,0,0,0,0,0
400076,1,1,1995,0,0,0,0,0,0,0,0,0,0
400076,2,1,1995,0,0,0,0,0,0,0,0,0,0
400077,1,1,1995,23,23,23,23,23,23,23,23,23,23
400078,1,1,1995,0,0,0,0,5,23,17,0,12,9
400079,1,1,1995,0,0,0,0,0,0,0,0,0,0
400079,2,1,1995,0,0,0,0,0,0,0,0,0,0
400080,1,1,1995,0,0,0,0,0,0,0,0,0,0
400081,1,1,1995,23,23,23,23,23,23,23,23,23,23
400082,1,1,1995,0,0,0,0,0,0,0,0,0,0
400082,2,1,1995,0,0,0,0,0,0,0,0,0,0
400083,1,1,1995,0,0,0,0,0,0,0,0,0,0
400083,2,1,1995,0,0,0,0,0,0,0,0,0,0
400084,1,1,1995,0,0,0,0,0,2,0,0,0,0
400085,1,1,1995,0,0,0,0,0,0,0,0,0,0
400086,1,1,1995,20,22,21,4,18,13,30,0,16,21
400087,1,1,1995,0,0,0,0,0,0,0,0,0,0
400088,1,1,1995,0,0,0,0,0,0,0,0,0,0
400088,2,1,1995,0,0,0,0,0,0,0,0,0,0
400088,3,1,1995,10,20,6,31,18,8,9,24,10,16
400089,1,1,1995,0,0,0,0,0,0,0,0,0,0
400089,2,1,1995,0,0,0,0,0,0,0,0,0,0
400090,1,1,1995,0,0,0,0,0,0,0,0,0,0
400090,2,1,1995,0,0,0,0,0,0,0,0,0,0
400091,1,1,1995,14,0,0,0,0,0,0,0,0,0
400091,2,1,1995,0,0,0,0,0,0,0,0,0,0
400092,1,1,1995,0,0,0,0,0,0,0,0,0,0
400092,2,1,1995,0,0,0,0,0,0,0,0,0,0
400093,1,1,1995,0,0,0,0,0,0,0,0,0,0
400094,1,1,1995,0,0,0,0,0,0,0,0,0,0
400095,1,1,1995,0,0,0,0,0,0,0,0,0,0
400095,2,1,1995,0,0,0,0,0,0,0,0,0,0
400096,0,1,1995,6,6,6,6,6,6,6,6,6,6
400096,0,2,1995,14,10,0,24,0,2,9,26,21,0
400096,1,1,1995,11,11,11,11,11,11,11,11,11,11
400097,1,1,1995,0,0,0,0,0,0,0,0,0,0
400097,2,1,1995,0,0,0,0,0,0,0,0,0,0
400098,1,1,1995,0,0,0,0,0,0,0,0,0,0
400098,2,1,1995,5,19,11,13,22,18,5,22,13,10
400099,0,1,1995,4,4,4,4,4,4,4,4,4,4
400099,1,1,1995,0,0,0,0,0,0,0,0,0,0
400100,1,1,1995,0,0,0,0,0,0,0,0,0,0
400101,1,1,1995,18,18,31,6,30,28,28,21,23,35
400103,1,1,1995,0,0,0,0,0,0,0,0,0,0
400103,2,1,1995,0,0,0,0,0,0,0,7,0,0
400104,1,1,1995,21,21,21,21,21,21,21,21,21,21
400105,1,1,1995,0,0,0,0,0,0,0,0,0,0
400106,1,1,1995,16,0,0,23,0,0,17,20,0,0
400107,1,1,1995,0,0,0,0,0,0,0,0,0,0
400107,2,1,1995,0,0,0,0,0,0,0,0,0,0
400107,3,1,1995,0,0,0,0,0,0,0,0,0,0
400108,1,1,1995,0,0,0,0,0,0,0,0,0,0
400109,1,1,1995,0,0,0,0,0,0,0,0,0,0
400109,2,1,1995,6,7,11,12,4,14,9,5,13,11
400110,1,1,1995,0,0,0,0,0,0,0,0,0,0
400111,1,1,1995,6,0,25,0,17,14,0,17,27,15
400112,1,1,1995,0,0,0,0,0,0,0,0,0,0
400112,2,1,1995,0,0,0,0,0,0,0,0,0,0
400113,1,1,1995,0,0,0,0,0,0,0,0,0,2
400113,2,1,1995,0,0,0,0,0,0,0,0,0,0
400114,1,1,1995,0,0,0,0,0,0,0,0,0,0
400114,2,1,1995,0,0,0,0,0,0,0,0,0,0
400115,1,1,1995,21,0,17,18,9,36,15,27,38,36
400115,2,1,1995,0,0,13,0,0,0,0,0,0,10
400116,1,1,1995,39,39,39,39,39,39,39,39,39,39
400116,2,1,1995,0,0,0,0,0,18,0,0,0,0
400116,3,1,1995,0,0,0,0,0,0,0,0,0,0
400117,1,1,1995,0,0,0,0,0,0,0,0,22,0
400117,2,1,1995,0,0,0,0,0,0,0,0,0,0
400117,3,1,1995,0,0,0,0,0,0,0,0,0,0
400118,1,1,1995,0,0,0,0,20,0,0,0,0,0
400119,0,1,1995,0,0,0,0,0,0,0,8,34,0
400119,1,1,1995,0,0,0,0,0,0,0,0,0,0
400120,1,1,1995,0,0,0,0,0,0,0,0,0,0
400121,1,1,1995,0,0,0,0,0,0,0,0,0,0
400121,2,1,1995,0,0,0,0,0,0,0,0,0,0
400122,1,1,1995,0,9,12,0,0,16,10,12,18,13
400123,1,1,1995,0,0,0,0,0,0,0,0,0,0
400123,2,1,1995,0,0,0,0,0,7,0,0,0,0
400124,0,1,1995,0,0,0,0,0,0,0,0,0,0
400124,1,1,1995,0,0,0,0,0,0,0,0,0,0
400125,1,1,1995,0,13,19,12,17,13,14,27,13,0
400126,1,1,1995,0,0,0,0,0,0,0,0,0,0
400126,2,1,1995,0,0,0,0,0,0,0,0,0,0
400127,1,1,1995,0,0,0,0,0,0,0,0,0,0
400128,0,1,1995,25,25,25,25,25,25,25,25,25,25
400128,1,1,1995,0,0,0,0,0,0,0,0,0,0
400129,1,1,1995,0,0,0,0,0,0,0,7,0,0
400130,1,1,1995,0,0,0,0,0,0,0,0,0,0
400130,2,1,1995,0,0,0,0,0,0,0,0,0,0
400130,3,1,1995,0,0,0,0,0,0,0,0,0,0
400131,1,1,1995,0,0,0,0,0,0,0,0,0,0
400132,1,1,1995,0,0,0,0,0,0,0,0,0,0
400133,1,1,1995,0,0,0,0,0,0,0,0,0,0
400133,2,1,1995,0,0,0,0,0,12,0,0,0,0
400134,1,1,1995,24,24,24,24,24,24,24,24,24,24
400135,1,1,1995,23,23,23,23,23,23,23,23,23,23
400136,1,1,1995,9,9,3,14,26,11,11,16,3,14
400136,2,1,1995,0,0,0,0,0,0,0,0,0,0
400137,1,1,1995,0,0,0,0,0,0,0,0,0,0
400137,2,1,1995,0,0,0,0,0,0,0,0,0,0
400138,1,1,1995,19,19,19,19,19,19,19,19,19,19
400138,2,1,1995,0,0,0,0,0,0,0,0,0,0
400139,1,1,1995,0,0,0,0,0,0,0,0,0,0
400139,2,1,1995,0,0,0,0,0,0,0,0,0,0
400140,1,1,1995,0,0,0,0,0,0,0,0,0,0
400140,2,1,1995,0,0,0,0,0,0,0,0,0,0
400141,1,1,1995,0,0,0,0,0,0,0,0,0,0
400142,0,1,1995,0,0,0,0,0,0,0,0,0,0
400142,1,1,1995,0,10,8,14,3,15,18,5,14,23
400143,1,1,1995,0,0,0,0,0,0,0,0,0,0
400143,2,1,1995,0,0,0,0,0,0,0,0,0,0
400144,1,1,1995,0,0,0,0,0,0,0,0,0,0
400144,2,1,1995,0,0,0,0,0,0,0,0,0,0
400145,1,1,1995,0,0,0,0,0,0,0,0,0,0
400145,2,1,1995,0,0,0,0,0,0,0,0,0,0
400146,1,1,1995,0,11,10,12,12,6,13,15,18,21
400147,1,1,1995,12,12,12,12,12,12,12,12,12,12
400147,2,1,1995,0,0,0,0,0,0,0,0,0,0
400148,1,1,1995,0,0,0,0,0,0,0,0,0,0
400149,1,1,1995,14,14,14,14,14,14,14,14,14,14
400150,1,1,1995,19,19,19,19,19,19,19,19,19,19
400151,1,1,1995,20,20,20,20,20,20,20,20,20,20
400152,1,1,1995,19,19,19,19,19,19,19,19,19,19
400153,1,1,1995,0,0,0,0,0,0,0,0,0,0
400153,2,1,1995,0,0,0,0,0,0,0,0,0,0
400154,1,1,1995,0,0,0,0,0,0,0,0,0,0
400154,2,1,1995,0,0,0,0,0,0,0,0,0,0
400155,1,1,1995,0,0,0,0,7,0,2,0,0,0
400156,1,1,1995,0,0,0,0,0,0,0,0,0,0
400157,1,1,1995,0,0,0,0,0,0,0,0,0,0
400158,1,1,1995,27,15,24,0,0,0,0,0,0,0
400159,1,1,1995,0,0,10,0,0,24,0,0,12,17
400159,2,1,1995,0,0,0,0,26,0,0,0,0,0
400160,0,1,1995,18,13,23,21,12,16,13,22,18,15
400160,1,1,1995,0,0,0,0,0,0,0,0,0,0
400161,1,1,1995,0,0,0,0,0,0,0,0,0,0
400161,2,1,1995,0,0,0,0,0,0,0,0,0,0
400162,1,1,1995,0,0,0,0,0,0,0,0,0,0
400162,2,1,1995,0,0,0,0,0,0,0,0,0,0
400163,1,1,1995,0,0,0,0,0,0,0,0,0,0
400163,2,1,1995,0,0,0,0,0,0,0,0,0,0
400163,3,1,1995,0,0,0,0,0,0,0,0,0,0
400164,1,1,1995,0,0,0,0,0,0,0,0,0,0
400165,0,1,1995,34,34,34,34,34,34,34,34,34,34
400165,1,1,1995,0,0,0,0,0,0,0,0,0,0
400166,1,1,1995,23,6,21,25,0,14,4,0,20,0
400166,2,1,1995,0,0,0,0,0,0,0,0,0,0
400167,1,1,1995,0,0,0,0,0,0,0,0,0,0
400168,1,1,1995,15,18,24,0,0,0,30,21,24,0
400169,1,1,1995,0,0,0,0,0,25,26,0,0,0
400170,1,1,1995,0,0,0,0,0,0,0,0,0,0
400171,1,1,1995,0,0,0,0,0,0,0,0,0,0
400171,2,1,1995,0,0,0,0,0,0,0,0,0,0
400172,1,1,1995,0,0,0,0,0,0,0,0,0,0
400172,2,1,1995,0,0,0,0,0,0,0,27,0,0
400173,1,1,1995,21,16,9,18,17,0,0,10,22,16
400174,1,1,1995,18,18,18,18,18,18,18,18,18,18
400174,2,1,1995,0,0,0,0,23,0,0,0,0,0
400175,0,1,1995,22,22,22,22,22,22,22,22,22,22
400175,1,1,1995,0,0,0,0,0,0,0,0,0,0
400176,1,1,1995,23,23,23,23,23,23,23,23,23,23
400177,1,1,1995,0,0,0,0,0,0,0,0,0,0
400177,2,1,1995,0,0,0,0,0,0,0,0,0,0
400178,1,1,1995,0,0,0,0,0,0,0,0,0,0
400178,2,1,1995,0,0,0,0,0,0,0,0,0,0
400179,1,1,1995,0,0,0,0,0,0,0,0,0,0
400179,2,1,1995,0,0,0,0,0,7,0,0,0,0
400180,1,1,1995,0,0,0,0,0,0,0,0,0,0
400180,2,1,1995,0,0,14,0,0,0,0,0,0,0
400181,1,1,1995,0,0,0,0,0,0,0,0,0,0
400181,2,1,1995,0,0,0,0,0,0,0,0,0,0
400182,1,1,1995,28,6,0,9,23,20,2,16,7,3
400182,2,1,1995,0,0,0,0,0,0,8,0,0,0
400183,0,1,1995,0,0,0,0,0,0,0,0,0,0
400183,1,1,1995,0,0,9,0,0,0,0,0,0,0
400184,1,1,1995,0,0,0,0,0,0,0,12,0,0
400184,2,1,1995,0,0,0,0,0,0,0,0,0,0
400185,1,1,1995,22,22,22,22,22,22,22,22,22,22
400185,2,1,1995,0,0,0,0,0,0,0,0,0,0
400186,1,1,1995,0,0,0,0,0,0,0,0,0,0
400186,2,1,1995,0,0,0,0,0,0,0,41,0,0
400187,1,1,1995,0,0,0,0,0,0,0,0,0,0
400187,2,1,1995,0,0,0,0,0,0,0,0,0,0
400188,1,1,1995,0,0,0,0,0,0,0,0,0,0
400188,2,1,1995,0,0,0,0,0,0,0,0,0,0
400189,1,1,1995,18,18,18,18,18,18,18,18,18,18
400190,1,1,1995,16,0,4,20,0,0,13,12,16,0
400191,0,1,1995,25,25,25,25,25,25,25,25,25,25
400191,1,1,1995,0,0,0,0,0,0,0,0,0,0
400192,1,1,1995,14,7,13,0,25,0,0,5,22,0
400193,1,1,1995,0,0,0,0,0,0,0,0,0,0
400193,2,1,1995,0,0,0,0,0,0,0,20,0,0
400194,1,1,1995,0,0,0,0,0,0,0,0,0,0
400195,1,1,1995,16,16,16,16,16,16,16,16,16,16
400195,2,1,1995,0,0,0,0,0,0,0,0,0,0
400196,1,1,1995,0,0,0,0,0,0,0,0,0,0
400196,2,1,1995,8,0,0,0,0,0,0,0,0,0
400197,1,1,1995,0,0,0,0,0,0,0,0,0,0
400197,2,1,1995,0,0,0,0,0,0,0,0,0,0
400198,1,1,1995,0,0,0,0,0,0,0,0,0,0
400199,1,1,1995,19,19,19,19,19,19,19,19,19,19
400200,1,1,1995,0,0,0,0,0,0,0,0,0,0
400201,1,1,1995,0,0,0,0,0,0,0,0,0,0
400201,2,1,1995,0,0,0,0,0,0,0,0,0,0
400203,1,1,1995,0,0,0,0,32,0,0,30,14,0
400204,1,1,1995,10,10,10,10,10,10,10,10,10,10
400205,1,1,1995,0,0,0,0,0,0,0,0,0,0
400205,2,1,1995,0,0,0,0,0,0,0,0,0,0
400206,1,1,1995,0,0,0,0,0,0,0,0,0,0
400207,1,1,1995,20,0,25,29,18,12,0,18,18,21
400208,1,1,1995,0,0,0,0,0,0,0,0,0,13
400208,2,1,1995,0,0,0,0,0,0,0,0,0,0
400209,1,1,1995,17,17,17,17,17,17,17,17,17,17
400210,0,1,1995,24,24,24,24,24,24,24,24,24,24
400210,1,1,1995,19,0,13,0,8,0,22,0,0,17
400211,0,1,1995,0,0,0,0,0,0,0,0,0,0
400211,1,1,1995,0,0,0,0,0,0,0,0,0,0
400212,1,1,1995,0,0,0,0,14,0,0,0,0,8
400213,1,1,1995,0,0,0,0,0,0,0,0,0,0
400213,2,1,1995,11,0,0,5,14,16,16,0,0,0
400214,1,1,1995,0,0,0,0,0,0,0,0,0,0
400214,2,1,1995,0,0,0,0,0,0,0,0,0,0
400214,3,1,1995,0,0,0,0,0,0,23,0,0,0
400214,4,1,1995,0,0,0,0,0,0,0,0,0,0
400215,1,1,1995,0,0,0,0,0,0,0,0,0,0
400216,1,1,1995,0,0,0,0,0,0,0,0,0,0
400217,1,1,1995,19,19,19,19,19,19,19,19,19,19
400218,1,1,1995,13,14,22,11,16,29,22,16,24,6
400218,2,1,1995,0,0,0,0,0,0,0,0,0,0
400219,1,1,1995,0,0,0,0,0,0,0,0,0,0
400220,1,1,1995,0,0,0,0,0,0,0,0,0,0
400220,2,1,1995,0,0,0,0,0,0,0,0,19,0
400221,1,1,1995,0,0,0,0,0,0,0,0,0,0
400221,2,1,1995,0,0,0,0,0,0,0,0,0,0
400222,1,1,1995,0,12,10,0,11,0,11,0,0,0
400222,2,1,1995,0,0,0,0,0,0,0,0,0,0
400223,1,1,1995,0,0,0,0,0,0,0,0,0,0
400223,2,1,1995,0,0,0,0,0,0,0,0,0,0
400224,1,1,1995,12,0,0,0,0,21,14,0,0,0
400224,2,1,1995,0,0,0,0,0,0,0,0,0,0
400224,3,1,1995,0,0,0,0,0,0,0,0,0,0
400225,1,1,1995,4,4,4,4,4,4,4,4,4,4
400225,2,1,1995,17,5,11,9,16,0,12,7,18,0
400226,1,1,1995,0,0,0,0,0,0,0,0,0,0
400227,1,1,1995,5,0,0,28,0,13,29,10,13,9
400228,1,2,1995,0,0,0,0,0,0,0,0,0,0
400229,1,1,1995,0,0,0,0,0,0,0,0,0,0
400230,1,1,1995,0,0,0,0,0,0,0,0,0,0
400230,2,1,1995,0,0,0,0,0,0,0,0,0,0
400231,1,1,1995,0,0,0,0,0,0,0,0,0,0
400231,2,1,1995,0,0,0,0,0,0,0,0,0,0
400232,1,1,1995,0,0,0,0,0,0,0,0,0,0
400232,2,1,1995,0,0,0,0,0,0,0,0,0,0
400233,1,1,1995,0,0,0,0,0,0,0,0,0,0
400233,2,1,1995,0,0,0,0,0,0,0,0,0,0
400234,1,1,1995,0,0,0,0,0,0,0,0,0,0
400234,2,1,1995,0,0,0,0,0,0,0,0,0,0
400235,1,1,1995,13,13,13,13,13,13,13,13,13,13
400236,1,1,1995,0,0,0,0,0,0,0,0,0,0
400237,0,1,1995,0,0,0,0,0,0,0,0,0,0
400237,1,1,1995,0,0,0,0,0,0,0,24,0,0
400238,1,1,1995,0,0,0,0,0,0,0,0,0,0
400238,2,1,1995,16,16,16,16,16,16,16,16,16,16
400239,1,1,1995,0,0,0,0,0,0,0,0,0,0
400239,2,1,1995,0,0,0,0,0,0,0,0,0,0
400240,1,1,1995,9,9,9,9,9,9,9,9,9,9
400241,1,1,1995,3,3,3,3,3,3,3,3,3,3
400242,1,1,1995,24,24,24,24,24,24,24,24,24,24
400242,2,1,1995,0,0,0,0,0,0,0,0,0,0
400243,1,1,1995,0,0,20,0,0,15,0,17,0,14
400243,2,1,1995,0,0,0,0,0,0,0,9,0,0
400244,1,1,1995,0,0,0,0,0,0,0,0,0,0
400244,2,1,1995,0,0,0,0,0,0,0,0,0,0
400244,3,1,1995,0,11,0,0,0,0,0,0,0,0
400244,4,1,1995,0,0,0,13,0,0,0,0,0,0
400245,1,1,1995,0,0,0,0,0,0,0,0,0,0
400246,1,1,1995,22,0,11,13,14,31,18,13,7,43
400247,1,1,1995,0,11,0,22,3,0,0,7,31,0
400248,1,1,1995,7,0,0,0,0,0,0,0,0,0
400249,1,1,1995,0,0,0,0,0,0,0,0,0,0
400249,2,1,1995,0,0,0,0,0,0,0,0,0,0
400250,1,1,1995,0,0,0,11,12,0,0,0,0,12
400250,2,1,1995,0,0,0,0,0,0,0,0,0,0
400251,1,1,1995,0,0,0,0,0,0,0,0,0,0
400251,2,1,1995,0,0,0,0,0,0,0,0,0,0
400252,1,1,1995,29,29,29,29,29,29,29,29,29,29
400253,1,1,1995,0,0,0,0,0,0,0,0,0,0
400254,1,1,1995,29,29,29,29,29,29,29,29,29,29
400254,2,1,1995,7,7,7,7,7,7,7,7,7,7
400255,1,1,1995,0,0,0,0,0,0,0,0,0,0
400256,1,1,1995,0,0,0,0,0,0,0,0,0,0
400257,1,1,1995,0,0,0,0,0,0,0,0,0,0
400257,2,1,1995,0,0,0,0,0,0,0,0,0,0
400258,1,1,1995,7,7,7,7,7,7,7,7,7,7
400258,2,1,1995,0,0,0,0,3,0,0,0,0,0
400259,0,1,1995,0,0,0,6,0,0,0,0,17,0
400259,1,1,1995,0,0,0,0,0,0,0,0,0,0
400260,1,1,1995,0,0,0,0,0,0,0,0,0,0
400261,1,1,1995,0,0,0,0,0,0,0,0,0,0
400261,2,1,1995,0,0,0,0,0,0,0,0,0,0
400261,3,1,1995,0,8,0,13,0,0,0,0,0,0
400262,1,1,1995,0,0,0,0,0,0,0,0,0,0
400263,1,1,1995,0,0,4,0,0,13,0,11,0,0
400263,2,1,1995,0,0,0,0,0,0,0,0,0,0
400263,3,1,1995,0,0,0,0,0,0,0,0,0,0
400264,1,1,1995,10,0,0,0,0,17,0,24,0,6
400265,1,1,1995,0,0,0,0,0,9,0,0,0,0
400266,0,1,1995,0,0,0,0,0,0,0,0,0,0
400266,1,1,1995,0,0,0,0,0,0,0,0,0,0
400267,1,1,1995,15,15,15,15,15,15,15,15,15,15
400267,2,1,1995,0,0,0,0,0,0,0,0,0,0
400268,1,1,1995,0,0,0,16,0,0,0,0,0,0
400269,1,1,1995,0,40,12,32,34,17,33,23,4,0
400270,1,1,1995,0,0,0,0,0,0,0,0,0,0
400270,2,1,1995,0,0,0,0,0,0,0,0,0,0
400271,1,1,1995,0,0,0,0,0,0,0,0,0,0
400271,2,1,1995,0,0,0,0,0,0,0,0,0,0
400272,1,1,1995,0,0,0,0,0,0,0,0,0,0
400272,2,1,1995,0,0,0,0,0,0,0,0,0,0
400273,1,1,1995,24,24,24,24,24,24,24,24,24,24
400274,1,1,1995,13,28,10,11,5,15,8,13,14,3
400275,1,1,1995,19,19,19,19,19,19,19,19,19,19
400276,1,1,1995,13,39,0,18,15,21,11,9,23,0
400277,1,1,1995,0,0,19,0,0,0,10,0,0,0
400277,2,1,1995,0,0,0,0,0,0,0,0,0,0
400278,1,1,1995,23,23,23,23,23,23,23,23,23,23
400278,2,1,1995,0,0,0,0,0,0,0,0,0,0
400279,1,1,1995,0,0,0,0,0,0,0,0,0,0
400280,1,1,1995,0,0,0,0,0,19,0,0,0,0
400281,1,1,1995,24,24,24,24,24,24,24,24,24,24
400281,2,1,1995,0,0,0,0,0,0,0,0,0,0
400282,1,1,1995,9,17,0,33,0,20,0,22,23,56
400283,1,1,1995,0,0,0,0,0,0,0,0,0,0
400284,1,1,1995,0,0,0,0,0,0,0,0,0,0
400284,2,1,1995,0,0,0,0,0,0,0,0,0,0
400285,1,1,1995,0,0,0,0,0,0,0,0,0,0
400286,1,1,1995,14,14,14,14,14,14,14,14,14,14
400287,1,1,1995,0,0,0,0,0,0,0,0,0,0
400287,2,1,1995,0,0,0,0,0,0,0,0,0,0
400288,1,1,1995,8,0,0,0,0,0,0,0,0,0
400289,1,1,1995,0,0,0,0,0,0,0,0,0,0
400290,1,1,1995,18,18,18,18,18,18,18,18,18,18
400291,1,1,1995,0,0,0,0,0,0,0,0,0,0
400291,2,1,1995,0,0,0,0,0,0,0,0,0,0
400292,1,1,1995,10,10,10,10,10,10,10,10,10,10
400293,1,1,1995,0,0,0,0,0,0,0,0,0,0
400293,2,1,1995,0,0,0,0,0,0,0,0,13,0
400294,1,1,1995,14,11,22,9,10,16,22,8,18,15
400295,1,1,1995,0,0,0,0,0,14,0,0,0,0
400296,1,1,1995,0,0,0,0,0,0,0,0,0,0
400297,1,1,1995,0,0,0,0,0,0,0,0,0,0
400298,0,1,1995,11,11,11,11,11,11,11,11,11,11
400298,1,1,1995,0,0,0,0,0,0,0,0,0,0
400299,1,1,1995,8,24,3,0,0,19,6,10,18,11
400299,2,1,1995,0,0,0,0,0,0,0,0,0,0
400300,1,1,1995,0,0,0,0,0,0,0,0,0,0
400300,2,1,1995,0,0,0,0,0,0,0,0,0,0
400301,1,1,1995,0,0,0,0,0,0,0,0,0,0
400301,2,1,1995,0,0,0,0,0,0,0,0,0,0
400302,1,1,1995,0,0,21,20,0,0,0,0,0,19
400303,1,1,1995,0,0,0,0,0,0,0,0,0,0
400303,2,1,1995,0,0,0,0,0,0,0,0,0,0
400303,3,1,1995,0,0,0,27,7,0,0,0,0,0
400304,1,1,1995,4,0,0,0,0,0,0,0,0,11
400305,1,1,1995,26,26,26,26,26,26,26,26,26,26
400306,1,1,1995,0,0,0,0,0,0,0,0,0,0
400307,1,1,1995,0,8,0,0,0,0,0,0,0,25
400308,1,1,1995,0,0,0,0,0,0,0,0,0,0
400308,2,1,1995,0,0,0,0,0,0,0,0,0,0
400308,3,1,1995,0,0,0,0,0,0,0,0,0,0
400308,4,1,1995,0,0,0,0,0,0,0,0,0,0
400309,1,1,1995,0,0,0,0,0,0,0,0,0,0
400309,2,1,1995,0,0,0,0,0,0,0,0,0,0
400310,1,1,1995,0,0,0,0,0,0,0,0,0,0
400310,2,1,1995,0,0,0,0,0,0,0,0,0,0
400311,1,1,1995,9,9,9,9,9,9,9,9,9,9
400312,1,1,1995,0,0,0,0,17,0,0,0,0,0
400312,2,1,1995,0,0,0,0,0,0,0,0,0,0
400313,1,1,1995,0,0,0,0,0,0,0,0,0,0
400313,2,1,1995,0,0,0,0,0,0,0,0,0,0
400314,0,1,1995,0,0,0,0,0,0,0,0,0,0
400314,1,1,1995,0,0,13,0,0,0,0,0,0,0
400315,0,1,1995,0,0,0,0,0,0,0,0,0,0
400315,1,1,1995,5,25,9,0,12,11,11,0,11,0
400316,1,1,1995,19,3,14,13,25,16,16,15,41,0
400317,1,1,1995,0,0,0,0,0,0,0,0,0,0
400317,2,1,1995,2,2,2,2,2,2,2,2,2,2
400318,1,1,1995,6,11,14,16,13,0,22,0,0,16
400319,1,1,1995,0,0,0,0,0,0,0,0,0,0
400319,2,1,1995,0,0,0,0,0,0,0,0,0,0
400320,1,1,1995,18,0,12,0,18,0,20,0,0,0
400321,1,1,1995,0,0,0,0,0,0,0,0,0,0
400322,1,1,1995,0,0,0,0,0,0,0,0,0,0
400322,2,1,1995,0,0,0,0,0,0,0,0,0,0
400323,1,1,1995,0,0,0,0,0,0,0,0,0,0
400323,2,1,1995,0,0,0,0,0,0,0,0,0,0
400324,1,1,1995,0,0,0,0,0,0,0,0,0,0
400324,2,1,1995,0,0,0,0,0,0,0,0,0,0
400325,1,1,1995,0,0,0,0,0,0,0,0,0,0
400325,2,1,1995,0,0,0,0,0,0,0,0,0,0
400326,1,1,1995,0,0,0,0,0,0,0,0,0,0
400326,2,1,1995,0,0,0,0,0,0,0,0,0,0
400327,1,1,1995,0,0,0,0,0,0,0,0,0,0
400328,1,1,1995,0,0,0,0,0,0,0,0,0,0
400329,1,1,1995,4,0,12,19,26,3,14,18,0,13
400330,1,1,1995,22,22,22,22,22,22,22,22,22,22
400330,2,1,1995,0,0,0,0,0,0,0,0,0,0
400331,0,1,1995,0,0,0,0,0,0,0,0,0,0
400331,1,1,1995,0,0,0,0,0,0,0,0,0,0
400332,1,1,1995,0,0,0,0,0,0,0,0,0,0
400332,2,1,1995,0,0,0,0,0,0,0,0,0,0
400333,1,1,1995,10,0,0,0,0,20,0,0,0,0
400333,2,1,1995,0,0,0,0,0,0,0,0,0,0
400334,1,1,1995,0,0,0,0,0,0,0,0,0,0
400335,1,1,1995,20,0,9,28,7,13,13,22,20,0
400335,2,1,1995,0,0,0,0,0,0,0,0,0,0
400336,1,1,1995,0,0,0,0,0,0,0,0,0,0
400336,2,1,1995,0,0,0,0,0,0,0,0,0,0
400337,1,1,1995,0,0,0,0,0,0,0,0,0,0
400337,2,1,1995,0,0,0,0,0,0,0,0,0,0
400337,3,1,1995,0,0,0,0,0,0,0,0,0,0
400338,1,1,1995,0,0,0,0,0,0,0,0,0,0
400339,1,1,1995,13,13,13,13,13,13,13,13,13,13
400340,0,1,1995,28,28,28,28,28,28,28,28,28,28
400340,1,1,1995,0,0,0,0,0,0,0,0,0,0
400341,1,1,1995,0,0,0,0,0,0,0,0,0,0
400341,2,1,1995,0,0,0,0,0,0,0,0,0,0
400342,1,1,1995,0,0,0,0,0,0,0,0,0,0
400343,1,1,1995,0,0,0,0,0,0,0,0,0,0
400344,1,1,1995,0,0,0,0,0,0,0,0,0,0
400344,2,1,1995,0,0,0,0,0,0,0,0,0,0
400345,1,1,1995,18,13,0,9,13,0,11,9,5,22
400346,1,1,1995,20,20,20,20,20,20,20,20,20,20
400347,1,1,1995,0,0,0,0,0,0,0,0,0,0
400347,2,1,1995,0,0,0,0,0,0,0,0,0,0
400348,1,1,1995,0,0,0,0,0,0,0,0,0,0
400349,1,1,1995,23,29,13,14,17,26,6,33,39,9
400349,2,1,1995,0,0,0,0,0,0,14,19,0,0
400350,1,1,1995,30,30,6,10,14,25,31,13,17,0
400351,1,1,1995,26,10,3,11,11,9,4,13,7,7