ST_CASE,VEH_NO,PER_NO,YEAR,P1,P2,P3,P4,P5,P6,P7,P8,P9,P10
410031,2,1,1995,0,0,0,0,0,0,0,0,0,0
410032,1,1,1995,0,0,0,0,0,0,0,0,0,0
410032,2,1,1995,0,0,0,0,0,0,0,0,0,0
410033,0,1,1995,25,25,25,25,25,25,25,25,25,25
410033,1,1,1995,0,0,0,0,0,0,0,0,0,0
410034,1,1,1995,18,18,18,18,18,18,18,18,18,18
410035,1,1,1995,20,20,20,20,20,20,20,20,20,20
410036,0,1,1995,0,0,0,0,0,0,0,0,0,0
410036,1,1,1995,0,0,0,0,0,0,0,0,0,0
410037,1,1,1995,0,0,0,0,0,0,0,0,0,0
410037,2,1,1995,16,16,16,16,16,16,16,16,16,16
410038,1,1,1995,15,0,0,0,0,0,0,0,0,0
410039,1,1,1995,0,0,25,0,0,0,0,0,0,0
410040,1,1,1995,0,0,0,0,0,0,0,0,0,0
410041,1,1,1995,8,8,8,8,8,8,8,8,8,8
410042,1,1,1995,0,0,0,0,0,0,0,0,0,0
410043,1,1,1995,0,0,0,0,0,0,0,0,0,0
410044,0,1,1995,29,29,29,29,29,29,29,29,29,29
410044,1,1,1995,5,0,0,0,0,0,0,0,0,0
410045,0,1,1995,0,0,0,0,0,0,0,0,0,0
410045,1,1,1995,0,0,0,0,0,0,0,0,0,0
410046,1,1,1995,0,0,0,0,0,0,0,0,0,0
410047,1,1,1995,0,0,0,0,0,0,0,0,0,0
410047,2,1,1995,0,0,0,0,0,0,0,0,0,0
410048,1,1,1995,0,0,0,0,0,0,0,0,0,0
410048,2,1,1995,0,0,0,0,0,0,0,0,0,0
410049,1,1,1995,0,0,0,0,0,0,0,0,0,0
410050,0,1,1995,0,0,0,0,0,0,0,0,0,0
410050,2,1,1995,0,0,0,0,0,0,0,0,0,0
410051,1,1,1995,0,0,0,0,0,0,0,0,0,0
410051,2,1,1995,0,0,0,0,0,0,0,0,0,0
410052,0,1,1995,32,32,32,32,32,32,32,32,32,32
410052,1,1,1995,0,0,0,0,0,0,0,0,0,0
410053,1,1,1995,19,19,19,19,19,19,19,19,19,19
410054,1,1,1995,0,0,0,0,0,0,0,0,0,0
410054,2,1,1995,0,0,0,0,0,0,0,0,0,0
410055,1,1,1995,0,0,0,0,0,0,0,0,0,0
410055,2,1,1995,5,11,11,0,11,0,0,0,22,0
410056,1,1,1995,9,22,0,0,0,0,0,24,0,0
410057,1,1,1995,6,6,6,6,6,6,6,6,6,6
410058,1,1,1995,0,0,0,0,0,0,0,0,0,0
410059,0,1,1995,0,0,0,0,0,0,0,0,0,0
410059,1,1,1995,0,0,0,0,0,0,0,0,0,0
410060,1,1,1995,1,1,1,1,1,1,1,1,1,1
410060,2,1,1995,0,0,0,0,0,0,0,0,0,0
410061,1,1,1995,4,4,4,4,4,4,4,4,4,4
410062,1,1,1995,0,0,0,0,0,0,0,0,0,0
410063,1,1,1995,0,0,0,0,0,0,0,0,0,0
410063,2,1,1995,0,0,0,0,0,0,0,0,0,0
410064,1,1,1995,24,0,0,0,0,0,0,0,0,0
410064,2,1,1995,0,0,0,0,0,0,0,0,0,0
410066,1,1,1995,0,0,0,0,0,0,0,0,0,0
410067,1,1,1995,20,20,20,20,20,20,20,20,20,20
410067,2,1,1995,0,21,32,0,0,0,0,7,0,0
410068,0,1,1995,0,0,0,0,0,0,0,0,0,0
410068,1,1,1995,0,0,0,0,0,0,0,0,0,0
410069,1,1,1995,27,27,27,27,27,27,27,27,27,27
410069,2,1,1995,0,0,0,0,0,0,0,0,0,0
410070,0,1,1995,0,0,0,0,0,0,0,0,0,0
410070,1,1,1995,0,0,0,0,0,0,0,0,0,0
410071,1,1,1995,21,21,21,21,21,21,21,21,21,21
410072,1,1,1995,10,10,10,10,10,10,10,10,10,10
410072,2,1,1995,0,0,0,0,0,0,0,0,0,0
410073,1,1,1995,0,0,0,0,0,0,0,0,0,0
410073,2,1,1995,0,0,0,0,0,0,0,0,0,0
410074,1,1,1995,27,27,27,27,27,27,27,27,27,27
410075,1,1,1995,0,0,0,0,0,0,0,0,0,0
410076,1,1,1995,0,0,0,0,0,0,0,0,0,0
410076,2,1,1995,0,0,0,0,0,0,0,0,0,0
410077,1,1,1995,17,17,17,17,17,17,17,17,17,17
410078,0,1,1995,0,0,0,0,0,0,0,0,0,0
410078,1,1,1995,0,0,0,5,0,0,0,0,0,0
410079,1,1,1995,0,0,0,0,0,0,0,0,0,0
410079,2,1,1995,0,0,0,0,0,0,0,0,0,0
410080,1,1,1995,0,0,0,0,0,0,0,0,0,0
410081,1,1,1995,0,24,0,18,0,9,0,13,0,0
410082,1,1,1995,0,0,0,0,0,0,0,0,0,0
410082,2,1,1995,0,0,0,0,0,0,0,0,0,0
410083,0,1,1995,0,0,0,0,0,0,0,0,0,0
410083,1,1,1995,0,0,0,0,0,0,0,0,0,0
410084,1,1,1995,0,0,0,0,0,0,0,0,0,0
410084,2,1,1995,6,0,0,0,0,0,0,0,0,0
410085,0,1,1995,0,0,0,0,0,0,0,0,0,0
410085,0,2,1995,20,33,11,28,0,22,20,15,24,24
410085,1,1,1995,0,0,0,0,0,0,0,0,0,0
410086,1,1,1995,0,0,0,0,0,0,0,0,0,0
410086,2,1,1995,0,0,14,0,0,0,0,0,0,0
410087,1,1,1995,0,0,0,0,0,0,0,0,0,0
410087,2,1,1995,0,0,0,0,0,0,0,0,0,0
410088,1,1,1995,0,0,0,0,0,0,0,0,0,0
410088,2,1,1995,0,0,0,0,0,0,0,0,0,0
410089,1,1,1995,0,0,0,0,0,0,0,0,0,0
410089,2,1,1995,0,0,0,0,0,0,0,0,0,0
410089,3,1,1995,0,0,0,0,0,0,0,0,0,0
410090,1,1,1995,12,12,12,12,12,12,12,12,12,12
410091,0,1,1995,21,21,21,21,21,21,21,21,21,21
410091,1,1,1995,13,27,17,14,19,7,27,17,28,10
410092,1,1,1995,2,2,2,2,2,2,2,2,2,2
410093,1,1,1995,0,0,0,0,0,0,0,0,0,0
410093,2,1,1995,0,0,0,0,0,0,17,0,0,0
410093,3,1,1995,0,0,0,0,0,0,0,0,0,0
410094,1,1,1995,0,0,0,0,0,0,0,0,0,0
410094,2,1,1995,0,0,0,0,0,0,0,0,0,0
410095,1,1,1995,21,21,21,21,21,21,21,21,21,21
410095,2,1,1995,0,0,0,0,0,0,0,0,0,0
410096,1,1,1995,0,0,0,0,0,0,0,0,0,0
410097,1,1,1995,0,0,0,0,0,0,0,0,0,0
410097,2,1,1995,0,0,0,0,0,0,0,0,0,0
410099,1,1,1995,0,0,0,0,0,0,0,0,0,0
410099,2,1,1995,11,11,11,11,11,11,11,11,11,11
410100,1,1,1995,0,0,0,0,0,0,0,0,0,0
410100,2,1,1995,0,0,0,0,0,0,0,0,0,0
410101,1,1,1995,0,0,0,0,0,0,0,0,0,0
410101,2,1,1995,0,0,0,0,0,0,0,0,0,0
410102,1,1,1995,3,3,3,3,3,3,3,3,3,3
410103,0,1,1995,15,15,15,15,15,15,15,15,15,15
410103,0,2,1995,11,11,11,11,11,11,11,11,11,11
410103,1,1,1995,0,0,0,0,0,0,0,0,0,0
410104,1,1,1995,22,22,22,22,22,22,22,22,22,22
410105,1,1,1995,2,2,2,2,2,2,2,2,2,2
410107,1,1,1995,16,16,16,16,16,16,16,16,16,16
410107,2,1,1995,19,19,19,19,19,19,19,19,19,19
410108,1,1,1995,0,0,0,0,0,0,0,0,0,0
410109,1,1,1995,0,0,0,0,0,0,0,0,0,0
410109,2,1,1995,0,0,0,0,0,0,0,0,0,0
410109,3,1,1995,21,0,0,0,0,0,0,0,0,0
410110,1,1,1995,0,0,0,0,0,0,0,0,0,0
410110,2,1,1995,0,0,0,0,0,0,0,0,0,0
410110,3,1,1995,0,0,0,0,0,0,0,0,0,0
410111,1,1,1995,16,16,16,16,16,16,16,16,16,16
410112,1,1,1995,0,0,0,0,0,0,0,0,0,0
410113,1,1,1995,0,0,0,0,0,0,0,0,0,0
410113,2,1,1995,0,0,0,0,0,0,0,0,0,0
410115,1,1,1995,0,0,0,0,0,0,0,0,0,0
410115,2,1,1995,0,0,0,0,0,0,0,0,0,0
410116,1,1,1995,0,0,0,0,0,0,0,0,0,0
410116,2,1,1995,0,0,0,0,0,0,0,0,0,0
410117,1,1,1995,0,0,0,0,0,0,0,0,0,0
410117,2,1,1995,0,0,0,0,0,0,0,0,0,0
410118,1,1,1995,0,0,0,0,0,0,0,0,0,0
410118,2,1,1995,39,39,39,39,39,39,39,39,39,39
410119,1,1,1995,0,0,0,0,0,0,0,0,0,0
410119,2,1,1995,8,0,0,0,0,0,0,0,0,12
410120,1,1,1995,0,0,0,0,0,0,0,0,0,0
410120,2,1,1995,0,0,0,0,0,0,0,0,8,0
410121,0,1,1995,0,0,0,0,0,0,0,0,0,0
410121,0,2,1995,0,0,0,0,0,0,0,0,0,0
410121,1,1,1995,0,0,0,0,0,0,0,0,0,0
410122,1,1,1995,0,0,0,0,0,0,0,0,0,0
410122,2,1,1995,0,0,0,0,0,0,0,0,0,0
410122,3,1,1995,0,0,0,0,0,0,0,0,0,0
410124,1,1,1995,0,0,0,0,0,0,0,0,0,0
410124,2,1,1995,0,0,0,0,0,0,0,0,0,0
410125,1,1,1995,0,0,0,0,0,0,0,0,0,0
410125,2,1,1995,0,0,0,0,0,0,0,0,0,0
410126,1,1,1995,0,0,0,0,0,0,0,0,0,0
410127,1,1,1995,0,0,0,0,0,0,0,0,0,0
410128,1,1,1995,0,0,0,0,0,0,0,0,0,0
410128,2,1,1995,0,0,0,0,0,0,0,0,0,0
410129,1,1,1995,24,24,24,24,24,24,24,24,24,24
410130,1,1,1995,0,0,0,0,0,0,0,0,0,0
410131,1,1,1995,0,0,0,0,0,0,0,0,0,0
410132,1,1,1995,0,0,0,0,0,0,0,0,0,0
410133,1,1,1995,12,12,12,12,12,12,12,12,12,12
410133,2,1,1995,9,0,0,16,0,0,0,0,0,0
410134,1,1,1995,21,21,21,21,21,21,21,21,21,21
410135,1,1,1995,0,0,0,0,0,0,0,0,0,0
410136,1,1,1995,9,9,9,9,9,9,9,9,9,9
410136,2,1,1995,0,0,0,9,0,0,0,0,0,0
410137,1,1,1995,5,5,5,5,5,5,5,5,5,5
410138,1,1,1995,0,0,0,0,0,0,0,0,0,0
410139,1,1,1995,19,19,19,19,19,19,19,19,19,19
410140,1,1,1995,0,0,0,0,0,0,0,0,0,0
410141,1,1,1995,14,14,14,14,14,14,14,14,14,14
410142,1,1,1995,25,25,25,25,25,25,25,25,25,25
410143,0,1,1995,0,0,0,0,0,0,0,0,0,0
410143,1,1,1995,0,0,0,0,0,0,0,0,0,0
410144,0,1,1995,19,19,19,19,19,19,19,19,19,19
410144,1,1,1995,0,0,0,0,0,0,0,0,0,0
410145,0,1,1995,0,0,0,0,0,0,0,0,0,0
410145,1,1,1995,0,0,0,0,0,0,0,0,0,0
410146,0,1,1995,0,0,0,0,0,0,0,0,0,0
410146,1,1,1995,0,0,0,0,0,0,0,0,0,0
410147,1,1,1995,0,0,0,0,0,0,0,0,0,0
410148,1,1,1995,0,0,0,0,0,0,0,0,0,0
410148,2,1,1995,0,0,0,0,0,0,0,3,0,0
410149,1,1,1995,0,0,0,0,0,0,0,0,0,0
410149,2,1,1995,0,0,0,0,0,0,0,0,0,0
410150,0,1,1995,0,0,0,0,0,0,0,0,0,0
410150,1,1,1995,0,0,0,0,0,0,0,0,0,0
410151,1,1,1995,0,0,0,0,0,0,0,0,0,0
410151,2,1,1995,0,0,0,0,0,0,0,0,0,0
410152,0,1,1995,0,0,0,0,0,0,0,0,0,0
410152,1,1,1995,0,0,0,0,0,0,0,0,7,0
410153,1,1,1995,0,0,0,0,0,0,0,0,0,0
410154,1,1,1995,15,15,15,15,15,15,15,15,15,15
410154,2,1,1995,0,0,0,0,0,0,0,0,0,0
410155,1,1,1995,0,0,0,0,0,0,0,0,0,0
410155,2,1,1995,0,0,0,0,0,0,0,0,0,0
410156,1,1,1995,0,0,0,0,0,0,0,0,0,0
410156,2,1,1995,0,0,0,0,0,0,0,0,0,0
410157,1,1,1995,0,0,0,0,0,0,0,0,0,0
410158,1,1,1995,9,9,9,9,9,9,9,9,9,9
410158,2,1,1995,0,0,0,0,0,0,0,0,0,0
410158,3,1,1995,0,0,0,0,0,0,0,0,0,0
410159,1,1,1995,0,0,0,0,0,0,0,0,0,0
410160,1,1,1995,6,6,6,6,6,6,6,6,6,6
410161,1,1,1995,18,18,18,18,18,18,18,18,18,18
410162,1,1,1995,0,0,0,0,0,0,0,0,0,0
410162,2,1,1995,0,0,0,0,0,0,0,0,0,0
410163,1,1,1995,0,0,0,0,0,0,0,0,0,0
410163,2,1,1995,0,0,0,0,0,0,0,0,0,0
410163,3,1,1995,0,0,0,0,0,0,0,0,0,0
410164,1,1,1995,0,0,0,0,0,0,0,0,0,0
410164,2,1,1995,0,0,0,0,0,0,0,0,0,0
410165,1,1,1995,25,25,25,25,25,25,25,25,25,25
410166,1,1,1995,0,0,0,0,0,0,0,0,0,0
410166,2,1,1995,0,0,0,0,0,0,0,0,0,0
410166,3,1,1995,0,0,0,0,0,0,0,0,0,0
410168,1,1,1995,0,0,0,0,0,0,0,0,0,0
410168,2,1,1995,0,0,0,0,0,0,0,0,0,0
410169,0,1,1995,0,0,0,0,0,0,0,0,0,0
410169,1,1,1995,0,0,0,0,0,0,0,0,0,0
410170,1,1,1995,0,0,0,0,0,0,0,0,0,0
410170,2,1,1995,0,0,0,0,0,0,0,0,0,0
410170,3,1,1995,0,0,0,0,0,0,0,0,0,0
410171,0,1,1995,0,0,0,0,0,0,0,0,0,0
410171,1,1,1995,0,0,0,0,0,0,0,0,0,0
410172,1,1,1995,0,0,0,0,0,0,0,0,0,0
410172,2,1,1995,0,0,0,0,0,0,0,0,0,0
410172,3,1,1995,0,0,0,0,0,0,0,0,0,0
410173,1,1,1995,0,0,0,0,0,0,0,0,0,0
410173,2,1,1995,0,0,0,0,0,0,0,0,0,0
410174,0,1,1995,0,0,0,0,0,0,0,0,0,0
410174,1,1,1995,0,0,0,0,0,0,0,0,0,0
410175,0,1,1995,0,0,0,0,0,0,0,0,0,0
410175,1,1,1995,0,0,0,0,0,0,0,0,0,0
410176,0,1,1995,0,0,0,0,0,0,0,0,0,18
410176,1,1,1995,0,0,0,0,0,0,0,0,0,0
410177,0,1,1995,0,0,0,0,0,0,0,0,0,0
410177,2,1,1995,0,0,0,0,0,0,0,0,0,0
410177,4,1,1995,0,0,0,0,0,0,0,0,0,0
410178,1,1,1995,0,0,0,0,0,0,0,0,0,0
410178,2,1,1995,0,0,0,0,0,0,0,0,0,0
410179,1,1,1995,0,0,0,0,0,0,0,0,0,0
410180,1,1,1995,0,0,0,0,0,0,0,0,0,0
410181,0,1,1995,0,0,0,0,0,0,0,0,0,0
410181,1,1,1995,0,0,0,0,0,0,0,0,0,0
410182,1,1,1995,0,0,0,0,0,0,0,0,0,0
410184,0,1,1995,0,0,0,0,0,0,0,0,0,0
410184,1,1,1995,0,0,0,0,0,0,0,0,0,0
410185,1,1,1995,0,0,0,0,0,0,0,0,0,0
410185,2,1,1995,0,0,0,0,0,0,0,0,0,0
410186,1,1,1995,38,38,38,38,38,38,38,38,38,38
410187,1,1,1995,11,11,11,11,11,11,11,11,11,11
410187,2,1,1995,0,0,0,0,0,0,0,0,0,0
410188,1,1,1995,0,0,0,0,0,0,0,0,0,0
410188,2,1,1995,0,0,0,0,0,0,0,0,0,0
410189,1,1,1995,0,0,0,0,10,0,0,0,0,0
410190,1,1,1995,0,0,0,0,0,0,0,0,0,0
410191,1,1,1995,0,0,0,0,0,0,0,0,0,0
410192,1,1,1995,0,0,0,0,0,0,0,0,0,0
410192,2,1,1995,0,0,0,0,0,0,0,0,0,0
410193,1,1,1995,11,11,11,11,11,11,11,11,11,11
410193,2,1,1995,0,0,0,0,0,0,0,0,0,0
410194,1,1,1995,0,0,0,0,0,0,0,0,0,0
410194,2,1,1995,0,0,0,0,0,0,0,0,0,0
410195,1,1,1995,0,0,0,0,0,0,7,0,0,0
410195,2,1,1995,0,0,0,0,0,0,0,0,0,0
410196,1,1,1995,2,2,2,2,2,2,2,2,2,2
410196,2,1,1995,0,0,0,0,0,0,0,0,0,0
410197,0,1,1995,26,26,26,26,26,26,26,26,26,26
410197,1,1,1995,0,0,0,0,0,0,0,0,0,0
410197,2,1,1995,0,0,0,13,0,0,0,0,0,0
410197,3,1,1995,0,0,0,0,0,0,0,0,0,0
410198,1,1,1995,0,0,0,0,0,0,0,0,0,0
410199,1,1,1995,0,0,0,0,0,0,0,0,0,0
410200,1,1,1995,19,19,19,19,19,19,19,19,19,19
410202,1,1,1995,0,0,0,0,0,0,0,0,0,0
410202,2,1,1995,0,0,0,0,0,0,0,0,0,0
410203,1,1,1995,8,8,8,8,8,8,8,8,8,8
410204,1,1,1995,0,0,0,0,0,0,0,0,0,0
410205,1,1,1995,0,0,0,0,0,0,0,0,0,0
410205,2,1,1995,0,0,0,0,0,0,0,0,0,0
410206,1,1,1995,0,0,0,0,0,0,0,0,0,0
410206,2,1,1995,0,0,0,0,0,0,0,0,0,0
410206,3,1,1995,0,0,0,0,0,0,0,0,0,0
410207,1,1,1995,0,0,0,0,0,0,0,0,0,0
410207,2,1,1995,0,0,0,0,0,0,0,0,0,0
410208,1,1,1995,0,0,0,0,0,0,0,0,0,0
410208,2,1,1995,0,0,0,0,0,0,0,0,0,0
410209,1,1,1995,14,14,14,14,14,14,14,14,14,14
410210,1,1,1995,0,0,0,0,0,0,0,0,0,0
410211,1,1,1995,0,0,0,0,0,0,0,0,0,0
410211,2,1,1995,0,0,0,0,0,0,0,0,0,0
410213,1,1,1995,0,0,0,0,0,0,0,0,0,0
410213,2,1,1995,0,0,0,0,0,0,0,0,0,0
410213,3,1,1995,0,0,0,0,0,0,0,0,0,0
410213,4,1,1995,0,0,0,0,0,0,0,0,0,0
410214,1,1,1995,0,0,0,0,0,0,0,0,0,0
410214,2,1,1995,0,0,0,0,0,0,0,0,0,0
410215,1,1,1995,0,0,0,0,0,0,0,0,0,0
410215,2,1,1995,0,0,0,0,0,0,0,0,0,0
410216,1,1,1995,0,0,0,0,0,0,0,0,0,0
410217,1,1,1995,0,0,0,0,0,0,0,0,0,0
410218,1,1,1995,0,0,0,0,0,0,0,0,0,0
410218,2,1,1995,0,0,0,0,0,0,0,0,0,0
410219,1,1,1995,0,0,0,0,0,0,0,0,0,0
410220,1,1,1995,13,13,13,13,13,13,13,13,13,13
410221,1,1,1995,0,21,0,0,0,0,0,0,0,0
410222,1,1,1995,23,23,23,23,23,23,23,23,23,23
410223,1,1,1995,14,14,14,14,14,14,14,14,14,14
410224,1,1,1995,0,0,0,0,0,0,0,0,0,0
410224,2,1,1995,0,0,0,0,0,0,0,0,0,0
410225,1,1,1995,0,0,0,0,0,0,0,0,0,0
410225,2,1,1995,0,0,0,0,0,0,0,0,0,0
410226,1,1,1995,0,0,0,0,0,0,0,0,0,0
410226,2,1,1995,0,0,0,0,0,0,0,0,0,0
410227,1,1,1995,31,0,0,26,6,24,5,0,19,15
410228,1,1,1995,0,0,0,0,0,0,0,0,0,0
410228,2,1,1995,0,0,0,0,0,0,0,0,0,0
410229,0,1,1995,0,0,0,0,0,0,0,0,0,0
410229,1,1,1995,0,23,0,0,0,0,0,0,0,0
410230,1,1,1995,0,0,0,0,0,0,0,0,0,0
410231,1,1,1995,0,0,0,0,0,0,0,0,0,0
410231,2,1,1995,0,26,14,0,0,0,0,0,0,0
410232,0,1,1995,0,15,0,0,0,0,0,0,21,0
410232,0,2,1995,0,0,0,0,0,0,0,0,0,0
410232,1,1,1995,20,20,20,20,20,20,20,20,20,20
410233,0,1,1995,0,0,0,0,0,0,0,0,0,0
410233,1,1,1995,0,0,14,0,0,28,24,0,0,0
410233,2,1,1995,0,0,0,0,0,13,0,0,0,0
410234,1,1,1995,24,24,24,24,24,24,24,24,24,24
410235,1,1,1995,0,0,0,0,0,0,0,0,0,0
410235,2,1,1995,0,0,0,0,0,0,0,0,0,0
410236,1,1,1995,19,19,19,19,19,19,19,19,19,19
410237,1,1,1995,0,0,0,0,0,0,0,0,0,0
410237,2,1,1995,0,0,0,0,0,0,0,0,0,0
410238,1,1,1995,13,13,13,13,13,13,13,13,13,13
410239,1,1,1995,26,26,26,26,26,26,26,26,26,26
410240,1,1,1995,2,2,2,2,2,2,2,2,2,2
410240,2,1,1995,0,0,0,0,0,0,0,0,0,0
410241,1,1,1995,0,0,0,0,0,0,0,0,0,0
410241,2,1,1995,0,0,0,0,0,0,0,0,0,0
410242,0,1,1995,28,28,28,28,28,28,28,28,28,28
410242,1,1,1995,0,0,0,0,0,0,0,0,0,0
410243,1,1,1995,0,0,0,0,0,0,0,0,0,0
410243,2,1,1995,0,0,0,0,0,0,0,0,0,0
410244,1,1,1995,0,0,0,0,0,0,0,0,0,0
410244,2,1,1995,0,0,0,0,0,0,0,0,0,0
410244,3,1,1995,0,0,0,0,0,0,0,0,0,0
410245,1,1,1995,0,0,0,0,0,0,0,0,0,0
410245,2,1,1995,0,0,0,0,0,0,0,0,0,0
410246,1,1,1995,0,0,0,0,0,0,0,0,0,0
410247,1,1,1995,0,0,0,0,0,0,0,0,0,0
410247,2,1,1995,0,0,0,0,0,0,0,0,0,0
410248,1,1,1995,13,13,13,13,13,13,13,13,13,13
410249,1,1,1995,0,0,0,0,0,0,0,0,0,0
410250,0,1,1995,8,8,8,8,8,8,8,8,8,8
410250,1,1,1995,0,0,0,0,0,0,0,0,0,0
410251,1,1,1995,4,4,4,4,4,4,4,4,4,4
410252,1,1,1995,0,0,0,0,0,0,0,0,0,0
410252,2,1,1995,0,0,0,0,0,0,0,0,0,0
410253,1,1,1995,0,0,0,0,0,0,0,0,0,0
410254,1,1,1995,0,0,0,0,0,0,0,0,0,0
410255,1,1,1995,16,16,16,16,16,16,16,16,16,16
410256,1,1,1995,17,17,17,17,17,17,17,17,17,17
410256,2,1,1995,0,0,0,0,0,0,0,0,0,0
410257,1,1,1995,7,7,7,7,7,7,7,7,7,7
410258,1,1,1995,5,5,5,5,5,5,5,5,5,5
410258,2,1,1995,0,0,0,0,0,7,0,0,0,11
410259,1,1,1995,13,0,0,0,23,0,0,0,0,0
410259,2,1,1995,0,0,0,0,0,0,0,0,0,5
410260,1,1,1995,0,0,0,0,0,0,0,0,0,0
410261,1,1,1995,0,0,0,0,0,0,0,0,0,0
410261,2,1,1995,19,19,19,19,19,19,19,19,19,19
410262,1,1,1995,0,0,0,0,0,0,0,10,0,0
410262,2,1,1995,0,0,0,0,0,0,0,0,0,0
410263,1,1,1995,0,0,0,0,0,0,0,0,0,0
410265,1,1,1995,0,0,0,0,0,0,0,0,0,0
410266,1,1,1995,12,12,12,12,12,12,12,12,12,12
410267,1,1,1995,7,7,7,7,7,7,7,7,7,7
410268,1,1,1995,23,23,23,23,23,23,23,23,23,23
410269,1,1,1995,0,0,0,0,0,0,0,0,0,0
410269,2,1,1995,23,23,23,23,23,23,23,23,23,23
410270,1,1,1995,0,0,0,0,0,0,0,0,0,0
410271,1,1,1995,9,9,9,9,9,9,9,9,9,9
410272,1,1,1995,0,0,0,0,0,0,0,0,0,0
410273,0,1,1995,0,0,0,0,0,0,0,0,0,0
410273,1,1,1995,0,0,0,0,0,0,0,7,0,0
410274,1,1,1995,16,16,16,16,16,16,16,16,16,16
410275,1,1,1995,0,0,0,0,0,0,0,0,0,0
410275,2,1,1995,0,0,0,0,0,0,0,0,0,0
410276,1,1,1995,0,0,0,0,0,0,0,0,0,0
410276,2,1,1995,0,0,0,0,0,0,0,0,0,0
410277,1,1,1995,43,43,43,43,43,43,43,43,43,43
410277,2,1,1995,28,28,28,28,28,28,28,28,28,28
410278,1,1,1995,0,0,0,0,0,0,0,0,0,0
410278,2,1,1995,0,0,0,0,0,0,0,0,0,0
410279,0,1,1995,0,0,0,0,0,0,0,0,0,0
410279,1,1,1995,0,0,0,0,0,0,0,0,0,0
410280,1,1,1995,0,0,0,0,0,0,0,0,0,0
410280,2,1,1995,0,0,0,0,0,0,0,0,0,0
410281,1,1,1995,0,0,0,0,0,0,0,0,0,0
410282,1,1,1995,2,2,2,2,2,2,2,2,2,2
410283,1,1,1995,19,19,19,19,19,19,19,19,19,19
410284,1,1,1995,18,18,18,18,18,18,18,18,18,18
410284,2,1,1995,0,0,0,0,0,0,0,0,0,0
410285,1,1,1995,0,0,0,0,0,0,0,0,0,0
410285,2,1,1995,0,0,0,0,0,0,0,0,0,0
410285,3,1,1995,0,0,0,0,0,0,0,0,0,0
410286,1,1,1995,3,3,3,3,3,3,3,3,3,3
410287,1,1,1995,0,0,0,0,0,0,0,0,0,0
410288,1,1,1995,0,0,0,0,0,0,0,0,25,0
410288,2,1,1995,27,27,27,27,27,27,27,27,27,27
410289,1,1,1995,14,14,14,14,14,14,14,14,14,14
410290,1,1,1995,17,17,17,17,17,17,17,17,17,17
410291,1,1,1995,0,0,0,0,0,0,0,0,0,0
410291,2,1,1995,0,0,0,0,0,0,0,0,0,0
410291,3,1,1995,2,2,2,2,2,2,2,2,2,2
410292,1,1,1995,18,18,18,18,18,18,18,18,18,18
410292,2,1,1995,0,0,0,0,0,0,0,0,0,0
410293,1,1,1995,27,27,27,27,27,27,27,27,27,27
410294,0,1,1995,0,0,0,0,0,0,0,0,0,0
410294,1,1,1995,0,0,0,0,0,0,0,0,0,0
410295,1,1,1995,0,0,0,0,0,0,0,0,0,0
410296,1,1,1995,12,12,12,12,12,12,12,12,12,12
410297,1,1,1995,16,16,16,16,16,16,16,16,16,16
410298,1,1,1995,0,0,0,0,0,0,0,0,0,0
410298,2,1,1995,0,0,0,0,0,0,0,0,0,0
410299,1,1,1995,5,5,5,5,5,5,5,5,5,5
410300,1,1,1995,24,24,24,24,24,24,24,24,24,24
410301,1,1,1995,0,0,0,0,0,0,0,0,0,0
410301,2,1,1995,0,0,0,0,0,0,0,0,0,0
410302,1,1,1995,13,13,13,13,13,13,13,13,13,13
410303,1,1,1995,0,0,0,0,0,0,0,0,0,0
410304,1,1,1995,12,12,12,12,12,12,12,12,12,12
410305,0,1,1995,0,0,0,0,0,0,0,0,0,0
410305,1,1,1995,0,0,0,0,0,0,0,0,0,0
410305,2,1,1995,0,0,0,0,0,5,0,0,0,0
410306,1,1,1995,10,10,10,10,10,10,10,10,10,10
410306,2,1,1995,0,0,0,0,0,0,0,0,0,0
410307,1,1,1995,0,0,0,0,0,0,0,0,0,0
410308,1,1,1995,0,0,0,0,0,0,0,0,0,0
410309,1,1,1995,0,0,0,0,0,0,0,0,0,0
410309,2,1,1995,0,0,0,0,0,0,0,0,0,0
410310,1,1,1995,0,0,0,0,0,0,0,0,0,0
410310,2,1,1995,0,0,0,0,0,0,0,0,0,0
410311,1,1,1995,7,7,7,7,7,7,7,7,7,7
410311,2,1,1995,0,0,0,0,0,0,0,0,0,0
410312,1,1,1995,0,0,0,0,0,0,0,0,0,0
410312,2,1,1995,0,0,0,0,0,0,0,0,0,0
410313,1,1,1995,0,0,0,0,0,0,0,0,0,0
410314,1,1,1995,23,23,23,23,23,23,23,23,23,23
410315,1,1,1995,0,0,0,0,0,0,0,0,0,0
410316,1,1,1995,0,0,0,0,0,0,0,0,0,0
410317,1,1,1995,32,32,32,32,32,32,32,32,32,32
410317,2,1,1995,0,0,0,0,0,0,0,0,0,0
410318,1,1,1995,19,19,19,19,19,19,19,19,19,19
410318,2,1,1995,0,0,0,0,0,0,0,0,0,0
410318,3,1,1995,0,0,0,0,0,0,0,0,0,0
410318,4,1,1995,0,0,0,0,0,0,0,0,0,0
410318,5,1,1995,14,0,5,12,0,0,0,0,0,0
410319,1,1,1995,19,19,19,19,19,19,19,19,19,19
410320,0,1,1995,0,0,0,0,0,0,0,0,0,0