ST_CASE,VEH_NO,PER_NO,YEAR,P1,P2,P3,P4,P5,P6,P7,P8,P9,P10
420353,0,1,1995,0,0,0,0,0,0,0,0,0,0
420353,1,1,1995,0,0,0,0,0,0,0,0,0,0
420354,1,1,1995,0,0,0,0,0,0,0,0,0,0
420355,1,1,1995,0,0,0,0,0,0,0,0,0,0
420355,2,1,1995,0,0,0,0,0,0,0,0,0,0
420356,1,1,1995,0,0,0,0,19,0,0,26,0,10
420356,2,1,1995,0,0,0,0,0,0,0,0,0,0
420356,3,1,1995,25,0,0,0,0,0,4,0,0,0
420356,4,1,1995,0,0,0,0,0,0,0,0,0,0
420356,5,1,1995,0,0,0,0,0,0,0,0,0,0
420356,6,1,1995,0,0,0,0,9,0,0,0,0,0
420357,1,1,1995,0,17,8,10,25,11,16,0,0,16
420358,0,1,1995,0,0,29,0,6,7,23,14,0,0
420358,1,1,1995,10,21,15,10,0,31,5,22,4,23
420359,1,1,1995,31,31,31,31,31,31,31,31,31,31
420360,1,1,1995,0,0,0,0,0,0,0,0,0,0
420360,2,1,1995,0,0,0,0,0,0,0,0,0,0
420361,1,1,1995,0,0,0,0,0,0,0,0,0,0
420361,2,1,1995,0,0,0,0,0,0,0,0,0,0
420362,1,1,1995,0,0,0,0,0,0,0,0,0,0
420363,1,1,1995,0,0,0,0,0,0,0,0,0,0
420363,2,1,1995,0,0,0,0,0,0,0,0,0,0
420364,1,1,1995,0,0,0,0,0,0,0,0,0,0
420365,0,1,1995,33,21,22,0,12,13,12,18,24,44
420365,1,1,1995,0,0,0,0,0,0,0,0,0,0
420366,1,1,1995,31,31,31,31,31,31,31,31,31,31
420367,1,1,1995,0,0,0,0,0,0,0,0,0,0
420367,2,1,1995,0,0,0,0,0,0,0,0,0,0
420368,1,1,1995,33,33,33,33,33,33,33,33,33,33
420369,1,1,1995,3,12,25,15,16,12,6,7,6,23
420370,1,1,1995,0,0,0,0,8,0,0,0,15,7
420370,2,1,1995,0,23,0,0,18,0,18,0,39,0
420370,3,1,1995,0,0,0,0,5,0,0,0,0,0
420370,4,1,1995,0,0,0,0,0,0,0,0,0,0
420370,5,1,1995,0,0,0,0,0,0,0,0,0,0
420370,6,1,1995,0,0,0,0,8,0,0,0,25,22
420370,7,1,1995,0,0,0,0,0,5,20,0,0,12
420371,0,1,1995,0,0,0,0,0,0,0,0,0,0
420371,1,1,1995,24,27,20,29,0,24,21,31,13,26
420372,0,1,1995,22,22,22,22,22,22,22,22,22,22
420372,1,1,1995,0,0,0,0,0,0,0,0,0,0
420373,1,1,1995,0,0,0,0,0,0,0,0,0,0
420373,2,1,1995,0,0,0,0,0,0,0,0,0,0
420374,0,1,1995,0,0,0,0,0,0,0,0,0,0
420374,1,1,1995,0,0,5,0,0,0,0,20,0,0
420374,2,1,1995,21,0,0,0,10,0,0,0,0,0
420375,1,1,1995,18,18,18,18,18,18,18,18,18,18
420376,1,1,1995,21,21,21,21,21,21,21,21,21,21
420377,1,1,1995,0,0,0,8,0,0,0,0,0,22
420377,2,1,1995,0,0,0,0,0,0,0,0,0,0
420377,3,1,1995,0,0,28,0,0,0,0,6,0,0
420378,1,1,1995,0,0,0,0,0,0,0,0,0,0
420378,2,1,1995,0,0,0,0,0,0,0,0,0,0
420379,1,1,1995,11,0,17,13,12,10,17,17,10,27
420380,0,1,1995,0,0,0,0,0,0,0,0,0,0
420380,1,1,1995,0,0,0,0,0,0,0,0,0,0
420381,1,1,1995,15,0,0,0,0,10,25,0,11,8
420381,2,1,1995,0,0,0,0,0,0,0,0,0,0
420382,1,1,1995,0,0,0,0,0,0,0,0,0,0
420382,2,1,1995,0,0,0,0,0,0,0,0,0,0
420383,1,1,1995,26,26,26,26,26,26,26,26,26,26
420384,1,1,1995,0,0,0,34,9,7,18,13,8,15
420385,1,1,1995,0,0,0,0,0,0,0,0,0,0
420385,2,1,1995,4,0,0,0,14,0,12,0,0,0
420386,1,1,1995,14,14,14,14,14,14,14,14,14,14
420387,1,1,1995,0,0,0,0,0,0,0,0,0,0
420387,2,1,1995,0,0,0,0,0,0,0,0,0,0
420388,1,1,1995,21,21,21,21,21,21,21,21,21,21
420389,1,1,1995,0,0,0,0,0,0,0,0,0,0
420389,2,1,1995,0,0,0,0,0,0,0,0,0,0
420390,1,1,1995,0,0,0,0,0,0,0,0,0,0
420390,2,1,1995,0,0,0,0,0,0,0,0,0,0
420391,1,1,1995,0,0,0,0,0,0,0,0,0,0
420391,2,1,1995,0,13,0,0,0,0,0,0,0,0
420392,1,1,1995,0,0,0,0,0,0,0,0,0,0
420393,1,1,1995,0,0,0,0,0,0,0,0,0,0
420394,1,1,1995,19,19,19,19,19,19,19,19,19,19
420395,0,1,1995,0,0,0,0,0,0,0,0,0,0
420395,1,1,1995,0,0,0,0,0,0,0,0,0,0
420396,1,1,1995,24,11,0,17,0,17,11,19,0,0
420396,2,1,1995,0,0,0,0,0,0,0,0,0,15
420397,1,1,1995,15,32,7,29,0,31,31,0,41,23
420397,2,1,1995,0,0,0,0,8,0,21,9,29,13
420398,1,1,1995,0,0,0,0,0,0,0,0,0,0
420398,2,1,1995,0,0,0,0,0,0,0,0,0,0
420399,1,1,1995,28,17,8,2,27,20,25,10,8,19
420400,0,1,1995,0,0,0,0,0,0,0,0,0,0
420400,1,1,1995,0,0,0,0,0,0,0,0,0,0
420401,1,1,1995,0,0,0,0,0,0,0,0,0,0
420402,1,1,1995,0,0,0,0,0,0,0,0,0,0
420402,2,1,1995,0,0,0,0,0,0,0,0,0,0
420403,1,1,1995,0,0,0,0,0,0,0,0,0,0
420403,2,1,1995,0,0,0,0,0,0,0,0,0,0
420404,1,1,1995,9,9,9,9,9,9,9,9,9,9
420405,0,1,1995,0,0,0,0,0,0,0,0,0,0
420405,1,1,1995,5,0,0,0,0,0,0,0,0,0
420406,1,1,1995,0,0,18,0,0,0,0,0,0,0
420406,2,1,1995,0,0,0,0,0,0,0,0,0,0
420407,1,1,1995,0,0,10,0,0,0,0,0,0,0
420407,2,1,1995,0,0,0,0,0,0,0,0,0,0
420408,1,1,1995,22,10,8,4,18,12,23,17,17,14
420409,0,1,1995,0,0,0,0,0,0,0,0,0,0
420409,1,1,1995,0,0,0,0,0,0,0,0,0,0
420410,0,1,1995,0,0,0,0,0,0,0,0,0,0
420410,1,1,1995,0,0,0,0,0,0,0,0,0,0
420411,0,1,1995,0,0,0,0,0,0,0,0,0,0
420411,1,1,1995,0,0,0,0,0,0,0,0,0,0
420412,1,1,1995,0,0,0,0,0,0,0,0,0,0
420413,1,1,1995,0,0,0,0,0,0,0,0,0,0
420414,0,1,1995,0,0,0,0,0,0,0,0,0,0
420414,1,1,1995,0,0,0,0,0,0,0,0,0,0
420415,1,1,1995,20,19,0,14,2,5,17,9,0,4
420416,1,1,1995,0,0,0,0,0,15,0,0,0,0
420416,2,1,1995,0,0,0,0,0,0,0,0,0,0
420417,0,1,1995,0,0,0,0,0,0,0,21,0,0
420417,1,1,1995,0,0,0,0,0,0,0,16,0,0
420418,1,1,1995,22,22,22,22,22,22,22,22,22,22
420418,2,1,1995,0,0,0,0,0,0,0,0,0,0
420419,1,1,1995,0,0,0,0,0,0,0,0,0,0
420419,2,1,1995,0,0,0,0,0,0,0,0,0,0
420420,1,1,1995,0,0,0,10,0,0,0,0,0,0
420420,2,1,1995,0,0,0,0,0,0,0,0,0,0
420421,1,1,1995,0,0,0,13,0,0,0,0,0,0
420421,2,1,1995,0,0,0,0,0,0,0,0,0,0
420422,1,1,1995,1,1,1,1,1,1,1,1,1,1
420422,2,1,1995,0,0,0,0,0,0,0,0,0,0
420423,1,1,1995,18,13,26,30,8,23,11,16,22,0
420424,1,1,1995,0,0,0,0,0,0,0,0,0,0
420424,2,1,1995,0,0,0,0,0,0,0,0,0,0
420424,3,1,1995,0,0,0,0,0,0,0,0,0,0
420424,4,1,1995,0,0,0,0,0,0,0,0,0,0
420424,5,1,1995,0,0,0,0,0,0,0,0,0,0
420425,1,1,1995,0,0,0,19,0,0,11,0,11,0
420425,2,1,1995,13,0,10,0,33,18,0,23,0,14
420426,1,1,1995,0,0,0,0,0,0,0,0,0,0
420426,2,1,1995,0,0,0,0,0,0,0,0,0,0
420427,1,1,1995,7,7,7,7,7,7,7,7,7,7
420428,1,1,1995,0,0,0,0,0,0,0,0,0,0
420428,2,1,1995,0,0,0,0,0,0,0,0,0,0
420429,1,1,1995,16,16,16,16,16,16,16,16,16,16
420430,1,1,1995,0,0,0,0,0,0,0,0,0,0
420431,1,1,1995,0,0,0,10,17,0,21,0,0,31
420432,1,1,1995,0,0,0,0,0,0,0,0,18,0
420432,2,1,1995,0,0,0,0,0,0,0,0,0,0
420433,1,1,1995,26,26,26,26,26,26,26,26,26,26
420434,1,1,1995,26,26,26,26,26,26,26,26,26,26
420434,2,1,1995,0,0,0,0,0,0,0,0,0,0
420434,3,1,1995,0,0,0,0,0,0,0,0,0,0
420435,1,1,1995,0,0,0,0,0,0,0,0,0,0
420435,2,1,1995,0,0,0,0,0,0,0,0,0,0
420436,0,1,1995,0,0,0,0,0,0,0,0,0,0
420436,1,1,1995,18,18,18,18,18,18,18,18,18,18
420437,1,1,1995,30,30,30,30,30,30,30,30,30,30
420438,1,1,1995,0,0,0,0,0,0,0,0,0,29
420438,2,1,1995,0,0,0,0,0,0,0,0,0,0
420439,1,1,1995,0,0,0,0,0,0,0,0,0,0
420439,2,1,1995,0,0,0,0,0,0,0,0,0,0
420440,1,1,1995,0,0,0,0,0,0,0,0,0,0
420440,2,1,1995,0,0,0,0,0,0,0,0,0,0
420441,1,1,1995,13,13,13,13,13,13,13,13,13,13
420441,2,1,1995,0,0,0,0,0,0,0,0,0,0
420441,3,1,1995,0,0,0,0,0,0,0,0,0,0
420442,0,1,1995,30,30,30,30,30,30,30,30,30,30
420442,1,1,1995,0,0,6,15,11,6,18,14,13,14
420443,1,1,1995,0,0,0,0,0,0,0,0,0,0
420443,2,1,1995,0,0,0,0,0,0,0,0,0,0
420444,1,1,1995,9,8,21,11,12,21,6,15,4,6
420445,1,1,1995,16,16,16,16,16,16,16,16,16,16
420446,1,1,1995,0,0,0,0,0,0,0,0,0,0
420446,2,1,1995,0,0,0,0,0,0,0,0,0,0
420447,1,1,1995,0,0,0,0,0,0,0,0,0,0
420448,1,1,1995,0,15,0,0,0,0,0,11,0,0
420448,2,1,1995,0,0,0,0,0,0,0,0,0,0
420449,1,1,1995,0,0,0,0,0,0,0,0,0,0
420449,2,1,1995,0,0,0,6,0,0,0,0,0,0
420450,1,1,1995,0,0,0,0,10,0,0,0,0,0
420451,1,1,1995,0,0,0,0,0,0,0,0,0,0
420452,1,1,1995,7,0,15,6,17,2,20,5,19,10
420453,1,1,1995,19,19,19,19,19,19,19,19,19,19
420454,1,1,1995,0,0,10,0,21,0,0,0,0,0
420454,2,1,1995,5,0,0,15,0,7,15,0,8,0
420455,0,1,1995,0,6,14,11,45,0,36,32,0,0
420455,1,1,1995,12,10,12,22,5,16,13,14,7,12
420456,1,1,1995,0,0,0,0,0,0,0,0,0,0
420456,2,1,1995,0,0,0,0,0,0,0,0,0,0
420457,1,1,1995,18,19,0,0,22,20,37,21,0,13
420457,2,1,1995,0,0,0,0,0,0,0,0,0,0
420458,1,1,1995,18,0,0,8,0,0,0,0,0,0
420459,1,1,1995,23,23,23,23,23,23,23,23,23,23
420460,1,1,1995,11,11,11,11,11,11,11,11,11,11
420460,2,1,1995,0,0,0,0,0,0,0,0,0,0
420460,3,1,1995,0,0,0,0,0,0,0,0,0,0
420461,1,1,1995,0,0,0,0,0,0,0,0,0,0
420461,2,1,1995,13,13,13,13,13,13,13,13,13,13
420462,1,1,1995,10,10,10,10,10,10,10,10,10,10
420463,1,1,1995,25,0,0,0,8,22,0,0,0,13
420464,1,1,1995,0,8,23,20,9,0,7,26,12,22
420465,1,1,1995,9,9,9,9,9,9,9,9,9,9
420465,2,1,1995,0,0,0,0,0,0,0,0,0,0
420466,0,1,1995,0,0,0,0,0,0,0,0,0,0
420466,1,1,1995,0,0,0,24,0,0,0,0,0,0
420467,1,1,1995,0,0,0,0,0,0,0,0,0,0
420467,2,1,1995,0,0,0,0,0,0,0,0,0,0
420467,3,1,1995,0,0,0,0,0,0,0,0,0,0
420468,1,1,1995,0,0,0,0,0,0,0,0,0,0
420469,1,1,1995,21,21,21,21,21,21,21,21,21,21
420469,2,1,1995,0,0,0,0,0,0,0,0,0,0
420470,1,1,1995,0,0,0,0,0,0,0,0,0,0
420470,2,1,1995,0,0,0,0,0,0,0,0,0,5
420470,3,1,1995,0,0,0,0,0,0,0,0,0,0
420471,1,1,1995,0,0,0,0,30,0,16,21,12,17
420472,1,1,1995,0,0,0,0,0,0,0,0,0,0
420472,2,1,1995,0,0,0,0,0,0,0,0,0,0
420473,1,1,1995,0,0,0,0,0,0,0,0,0,0
420473,2,1,1995,8,0,0,0,0,0,0,0,0,0
420474,1,1,1995,9,9,9,9,9,9,9,9,9,9
420474,2,1,1995,0,0,0,0,0,0,0,0,0,0
420474,3,1,1995,0,0,0,0,0,0,0,0,0,0
420475,1,1,1995,0,0,0,0,0,0,0,0,0,0
420476,1,1,1995,0,0,0,0,0,0,0,0,0,0
420476,2,1,1995,0,0,0,0,0,0,0,0,0,0
420477,0,1,1995,0,0,0,0,0,0,0,0,0,0
420477,1,1,1995,0,0,0,0,0,0,0,0,0,0
420478,1,1,1995,0,0,0,0,0,0,0,0,0,0
420479,1,1,1995,0,0,0,0,0,0,0,0,0,0
420480,1,1,1995,0,0,0,0,0,0,0,0,0,0
420480,2,1,1995,0,0,0,0,0,0,0,0,0,0
420481,1,1,1995,0,0,0,0,0,0,0,0,0,0
420481,2,1,1995,0,0,0,0,0,0,0,0,0,0
420482,1,1,1995,0,0,0,0,0,0,0,0,0,0
420482,2,1,1995,0,0,0,0,0,0,0,0,0,0
420483,1,1,1995,0,0,0,0,0,0,0,0,0,0
420483,2,1,1995,0,0,0,0,0,0,0,0,0,0
420484,1,1,1995,0,0,0,0,0,0,0,0,0,0
420484,2,1,1995,0,0,0,0,0,0,0,0,0,0
420485,1,1,1995,19,0,20,0,0,0,0,0,0,0
420486,1,1,1995,0,0,0,0,0,0,0,0,0,0
420487,1,1,1995,20,20,20,20,20,20,20,20,20,20
420488,1,1,1995,0,0,0,0,0,0,0,0,0,0
420488,2,1,1995,0,0,0,0,0,0,0,0,0,0
420488,3,1,1995,0,0,0,0,0,0,0,0,0,0
420489,1,1,1995,0,0,0,0,0,0,0,0,0,0
420489,2,1,1995,0,0,0,0,0,0,0,0,0,0
420489,3,1,1995,0,0,0,0,0,0,0,0,0,0
420490,1,1,1995,0,0,0,0,0,0,0,0,0,0
420490,2,1,1995,0,0,0,0,0,0,0,0,0,0
420491,1,1,1995,0,0,0,0,0,0,0,0,0,0
420492,1,1,1995,0,0,0,0,0,0,0,0,0,0
420492,2,1,1995,20,9,0,0,0,0,0,0,0,0
420493,1,1,1995,0,0,0,0,0,0,0,0,0,0
420493,2,1,1995,0,0,0,0,0,0,0,0,0,0
420494,1,1,1995,0,0,0,0,0,0,0,0,0,25
420495,1,1,1995,0,0,0,0,0,0,0,0,0,0
420495,2,1,1995,0,21,0,0,0,0,0,0,8,0
420496,1,1,1995,15,15,15,15,15,15,15,15,15,15
420497,0,1,1995,28,0,17,24,33,38,31,19,0,0
420497,1,1,1995,31,0,0,0,0,0,0,0,0,0
420498,1,1,1995,0,0,0,0,0,0,0,0,0,0
420498,2,1,1995,0,0,0,0,0,0,0,0,0,0
420498,3,1,1995,0,0,0,0,0,0,0,0,0,0
420498,4,1,1995,0,9,0,0,0,0,0,0,0,0
420498,5,1,1995,0,0,0,0,0,0,0,0,0,0
420498,6,1,1995,0,0,0,0,0,0,0,0,0,0
420498,7,1,1995,0,0,0,0,0,0,0,0,0,0
420498,8,1,1995,0,0,0,0,0,0,0,0,0,0
420499,1,1,1995,0,0,0,0,0,0,0,0,0,0
420499,2,1,1995,0,0,0,0,0,0,0,0,0,0
420500,1,1,1995,14,14,14,14,14,14,14,14,14,14
420501,1,1,1995,19,19,19,19,19,19,19,19,19,19
420502,1,1,1995,16,16,16,16,16,16,16,16,16,16
420503,1,1,1995,21,21,21,21,21,21,21,21,21,21
420504,1,1,1995,7,23,16,0,0,30,0,0,14,13
420504,2,1,1995,0,0,0,0,0,0,0,0,0,0
420504,3,1,1995,0,0,0,0,0,0,0,0,0,0
420505,0,1,1995,0,0,0,0,0,0,0,0,0,0
420505,1,1,1995,0,15,0,0,0,0,0,0,0,0
420506,1,1,1995,0,0,0,0,0,0,0,0,0,0
420506,2,1,1995,0,0,0,0,0,0,0,0,0,0
420507,1,1,1995,0,0,0,0,0,0,0,0,0,0
420507,2,1,1995,21,20,0,0,0,0,9,14,34,0
420507,3,1,1995,0,0,0,0,0,0,0,0,0,0
420508,1,1,1995,0,0,0,0,0,0,0,0,0,0
420509,1,1,1995,32,32,32,32,32,32,32,32,32,32
420510,1,1,1995,0,4,0,15,0,0,0,0,0,0
420510,2,1,1995,0,0,0,0,0,0,0,0,0,0
420511,1,1,1995,0,0,0,0,0,0,0,0,0,0
420511,2,1,1995,0,0,2,0,0,0,0,0,0,0
420512,1,1,1995,12,12,12,12,12,12,12,12,12,12
420513,1,1,1995,0,0,0,0,0,0,0,0,0,0
420513,2,1,1995,0,0,0,0,0,0,0,0,0,0
420514,1,1,1995,7,7,7,7,7,7,7,7,7,7
420514,2,1,1995,0,0,0,0,0,0,0,0,0,0
420514,3,1,1995,0,0,0,0,0,0,0,0,0,0
420514,4,1,1995,0,4,0,0,0,0,0,0,0,0
420515,1,1,1995,14,14,14,14,14,14,14,14,14,14
420516,1,1,1995,6,20,11,12,3,12,13,8,14,7
420516,2,1,1995,0,0,0,0,0,7,12,12,0,13
420517,1,1,1995,0,0,0,4,0,0,0,0,0,0
420517,2,1,1995,0,0,0,0,0,0,0,0,0,0
420518,1,1,1995,0,0,0,0,0,0,0,0,0,0
420519,1,1,1995,0,0,0,0,0,0,0,0,0,0
420519,2,1,1995,0,0,0,0,0,0,0,0,0,0
420519,3,1,1995,0,0,0,0,0,0,0,0,0,0
420520,1,1,1995,0,0,0,0,0,0,0,0,0,0
420520,2,1,1995,0,0,0,0,0,0,0,0,0,0
420521,1,1,1995,0,0,0,0,0,0,0,0,0,0
420521,2,1,1995,0,0,0,0,0,0,0,0,0,0
420522,1,1,1995,17,17,17,17,17,17,17,17,17,17
420522,2,1,1995,0,0,20,11,0,0,0,11,0,0
420523,1,1,1995,0,0,0,0,0,0,0,0,0,0
420523,2,1,1995,0,0,0,0,0,0,0,0,0,0
420524,1,1,1995,0,0,0,0,0,0,0,0,0,0
420525,1,1,1995,0,0,0,0,0,0,0,0,0,0
420525,2,1,1995,0,0,0,0,0,0,0,0,0,0
420526,0,1,1995,25,19,30,23,0,27,15,38,0,0
420526,1,1,1995,0,0,0,0,0,0,0,0,0,0
420527,0,1,1995,0,0,0,0,0,0,0,0,0,0
420527,1,1,1995,10,17,12,8,8,10,18,6,27,2
420528,0,1,1995,0,0,0,0,0,0,0,0,0,0
420528,1,1,1995,0,0,0,0,0,0,0,0,0,0
420529,1,1,1995,0,0,0,0,0,0,0,0,0,0
420529,2,1,1995,0,0,0,0,0,0,0,0,0,0
420529,3,1,1995,0,0,0,0,0,0,0,0,0,0
420530,0,1,1995,0,0,0,0,0,0,0,0,0,0
420530,1,1,1995,0,0,0,0,0,0,0,0,0,0
420531,0,1,1995,0,0,0,0,0,0,0,0,0,0
420531,1,1,1995,0,0,0,0,0,0,0,0,0,26
420531,2,1,1995,0,0,0,0,0,0,0,0,0,0
420532,1,1,1995,0,0,0,0,0,16,0,26,0,0
420533,1,1,1995,15,15,15,15,15,15,15,15,15,15
420533,2,1,1995,0,0,0,0,0,0,0,0,0,0
420534,1,1,1995,0,0,0,0,0,0,0,0,0,0
420535,1,1,1995,11,11,11,11,11,11,11,11,11,11
420535,2,1,1995,0,13,0,0,0,0,0,0,11,0
420536,1,1,1995,0,0,0,0,0,0,0,6,0,0
420537,1,1,1995,0,0,0,0,0,0,0,0,0,0
420538,1,1,1995,0,0,0,0,0,0,0,0,0,0
420539,1,1,1995,0,0,0,0,0,0,0,0,0,0
420539,2,1,1995,0,0,0,0,0,0,0,0,0,0
420540,1,1,1995,14,14,14,14,14,14,14,14,14,14
420540,2,1,1995,0,0,0,0,0,0,0,0,0,0
420541,1,1,1995,18,18,18,18,18,18,18,18,18,18
420541,2,1,1995,0,0,0,0,0,0,0,0,0,0
420542,1,1,1995,24,24,24,24,24,24,24,24,24,24
420542,2,1,1995,0,0,0,0,0,0,0,0,0,0
420543,1,1,1995,22,22,22,22,22,22,22,22,22,22
420544,1,1,1995,0,0,0,0,0,0,0,0,0,0
420545,1,1,1995,0,0,0,0,0,0,0,0,0,0
420546,1,1,1995,22,22,22,22,22,22,22,22,22,22
420546,2,1,1995,0,0,0,0,0,0,0,0,0,0
420547,1,1,1995,19,19,19,19,19,19,19,19,19,19
420547,2,1,1995,0,0,0,0,0,0,0,0,0,0
420548,0,1,1995,0,0,0,0,0,0,0,0,0,0
420548,1,1,1995,1,1,1,1,1,1,1,1,1,1
420549,1,1,1995,0,0,0,0,0,0,0,0,0,0
420549,2,1,1995,0,0,0,0,0,0,4,0,0,0
420550,1,1,1995,36,36,36,36,36,36,36,36,36,36
420550,2,1,1995,0,0,0,0,0,0,0,0,0,0
420551,1,1,1995,0,0,17,0,31,0,15,0,0,23
420551,2,1,1995,0,0,0,0,0,0,0,0,0,0
420551,3,1,1995,0,0,0,0,0,0,0,0,0,0
420552,1,1,1995,0,0,0,0,0,0,0,0,0,0
420552,2,1,1995,0,0,0,0,0,19,0,0,0,25
420553,1,1,1995,0,0,0,0,0,12,0,0,0,0
420554,1,1,1995,0,10,0,16,26,0,0,0,0,0
420554,2,1,1995,1,1,1,1,1,1,1,1,1,1
420555,0,1,1995,1,1,1,1,1,1,1,1,1,1
420555,1,1,1995,0,24,0,0,0,0,0,0,0,0
420556,1,1,1995,0,0,0,0,0,0,0,0,0,0
420557,1,1,1995,11,28,22,21,21,29,14,15,21,23
420558,1,1,1995,0,0,0,0,0,0,0,0,0,0
420559,1,1,1995,0,0,0,0,0,0,0,0,0,0
420559,2,1,1995,0,0,0,0,0,0,0,0,0,0
420560,1,1,1995,11,11,11,11,11,11,11,11,11,11
420561,1,1,1995,21,7,4,0,0,14,19,16,34,0
420561,2,1,1995,0,0,0,0,0,0,0,0,0,0
420562,1,1,1995,18,18,18,18,18,18,18,18,18,18
420563,1,1,1995,14,5,5,7,21,14,16,0,8,4
420564,0,1,1995,0,0,0,0,0,0,0,0,0,0
420564,1,1,1995,14,9,13,16,24,18,0,16,26,0
420565,1,1,1995,0,0,0,0,0,0,0,0,0,0
420565,2,1,1995,0,0,0,0,0,0,0,0,0,0
420566,1,1,1995,0,0,0,0,0,0,0,0,0,0
420567,1,1,1995,18,18,18,18,18,18,18,18,18,18
420568,1,1,1995,0,0,0,0,0,0,0,0,0,0
420569,1,1,1995,0,18,0,0,21,0,0,0,0,0
420570,0,1,1995,0,0,0,0,7,0,0,0,0,0
420570,1,1,1995,0,0,0,0,0,0,0,0,0,0
420571,1,1,1995,0,0,0,0,0,0,0,0,0,0
420571,2,1,1995,0,0,0,0,0,0,0,0,0,0
420572,1,1,1995,8,8,8,8,8,8,8,8,8,8
420573,1,1,1995,34,34,34,34,34,34,34,34,34,34
420574,1,1,1995,0,0,0,0,0,0,0,0,0,0
420574,2,1,1995,0,0,0,0,0,0,0,0,0,0
420575,1,1,1995,22,22,22,22,22,22,22,22,22,22
420576,1,1,1995,0,0,0,0,0,17,0,0,20,8
420577,1,1,1995,22,22,22,22,22,22,22,22,22,22
420578,1,1,1995,17,0,0,0,0,16,0,0,0,0
420579,1,1,1995,0,0,0,0,0,0,0,0,0,0
420580,1,1,1995,0,0,0,0,0,0,0,0,0,0
420581,1,1,1995,0,0,0,0,0,0,0,0,0,0
420581,2,1,1995,0,0,0,0,0,0,0,0,0,0
420582,0,1,1995,12,30,12,15,13,19,6,6,16,4
420582,1,1,1995,16,16,16,16,16,16,16,16,16,16
420583,1,1,1995,0,0,0,0,0,0,0,0,0,0
420583,2,1,1995,0,0,0,0,0,0,0,0,0,0
420584,1,1,1995,0,0,0,0,0,0,0,0,0,0
420585,1,1,1995,8,8,8,8,8,8,8,8,8,8
420586,0,1,1995,0,0,0,0,0,0,0,0,0,0
420586,1,1,1995,0,0,0,0,0,0,0,0,0,0
420587,1,1,1995,0,0,0,0,0,0,0,0,0,0
420588,0,1,1995,0,0,38,0,0,0,0,25,0,0
420588,0,2,1995,0,0,0,0,7,0,0,0,0,0
420588,1,1,1995,0,0,0,0,0,0,0,0,0,0
420589,0,1,1995,0,0,0,0,0,0,0,0,0,0
420589,1,1,1995,13,0,0,0,0,0,0,0,0,0
420590,1,1,1995,24,24,24,24,24,24,24,24,24,24
420591,1,1,1995,0,0,0,0,0,0,0,0,0,18
420592,1,1,1995,14,0,28,0,0,0,19,17,0,32
420593,1,1,1995,12,12,12,12,12,12,12,12,12,12
420594,1,1,1995,0,0,0,0,0,0,0,0,0,0
420594,2,1,1995,0,0,17,0,0,0,0,0,0,0
420595,1,1,1995,7,7,7,7,7,7,7,7,7,7
420596,1,1,1995,6,6,6,6,6,6,6,6,6,6
420596,2,1,1995,0,0,0,0,0,0,0,0,0,18
420597,1,1,1995,18,21,15,4,13,12,12,19,16,3
420598,1,1,1995,0,0,0,0,0,0,0,0,0,0
420598,2,1,1995,0,0,0,0,0,0,0,0,0,0
420599,1,1,1995,0,0,0,0,0,0,0,0,0,0
420600,1,1,1995,19,19,19,19,19,19,19,19,19,19
420601,1,1,1995,9,6,20,11,9,16,13,18,6,10
420602,1,1,1995,12,18,11,11,16,15,26,4,15,17
420603,1,1,1995,7,7,7,7,7,7,7,7,7,7
420603,2,1,1995,0,0,0,0,0,0,0,0,0,0
420604,1,1,1995,0,0,0,0,0,0,0,0,0,0
420605,1,1,1995,0,0,0,0,0,0,0,0,0,0
420606,1,1,1995,24,24,24,24,24,24,24,24,24,24
420606,2,1,1995,0,0,0,0,6,10,0,12,0,15
420607,1,1,1995,16,16,16,16,16,16,16,16,16,16
420608,1,1,1995,0,0,0,0,0,0,0,0,0,0
420609,1,1,1995,0,0,0,20,0,0,0,0,17,0
420610,1,1,1995,0,0,17,19,26,0,0,0,2,13
420610,2,1,1995,0,0,0,0,0,0,0,0,0,0
420611,1,1,1995,0,0,0,0,0,0,0,0,27,0
420611,2,1,1995,0,0,0,0,0,0,0,0,0,0
420611,3,1,1995,0,0,0,0,0,0,0,0,0,0
420611,4,1,1995,0,0,0,0,0,0,0,0,0,0
420612,1,1,1995,0,0,0,0,0,0,0,0,0,0
420613,1,1,1995,16,16,16,16,16,16,16,16,16,16
420614,1,1,1995,0,0,0,0,0,0,0,0,0,0
420614,2,1,1995,0,0,0,0,0,0,0,0,0,0
420614,3,1,1995,0,0,0,0,0,0,0,0,0,0
420615,1,1,1995,0,0,0,0,0,0,0,0,0,0
420616,1,1,1995,0,0,0,0,0,0,0,0,0,0
420616,2,1,1995,0,0,0,0,0,0,0,0,0,0
420617,1,1,1995,21,21,21,21,21,21,21,21,21,21
420618,1,1,1995,12,12,12,12,12,12,12,12,12,12
420618,2,1,1995,0,0,0,0,0,0,10,0,0,0
420619,1,1,1995,0,0,0,0,0,0,0,0,0,0
420619,2,1,1995,0,0,0,0,0,0,0,0,0,0
420619,3,1,1995,0,0,0,0,0,0,0,0,0,0
420620,1,1,1995,19,19,19,19,19,19,19,19,19,19