ST_CASE,VEH_NO,PER_NO,YEAR,P1,P2,P3,P4,P5,P6,P7,P8,P9,P10
420621,1,1,1995,0,0,0,0,0,0,0,0,0,0
420621,2,1,1995,0,0,0,0,0,0,0,0,0,0
420622,0,1,1995,0,16,4,32,19,29,24,0,39,0
420622,1,1,1995,3,3,3,3,3,3,3,3,3,3
420623,1,1,1995,0,0,0,0,0,0,6,0,16,0
420623,2,1,1995,0,0,0,0,0,0,0,0,0,0
420624,0,1,1995,0,18,16,21,0,44,18,10,35,35
420624,1,1,1995,0,0,0,0,0,0,0,0,0,0
420625,0,1,1995,0,0,0,0,0,0,0,0,0,0
420625,1,1,1995,0,0,0,0,0,0,0,0,0,0
420626,1,1,1995,18,27,0,22,0,0,7,0,17,0
420627,1,1,1995,13,13,13,13,13,13,13,13,13,13
420628,1,1,1995,0,0,0,0,0,0,0,0,0,0
420628,2,1,1995,0,0,0,0,0,0,0,23,0,0
420628,3,1,1995,0,0,0,0,0,0,0,0,0,0
420629,1,1,1995,23,23,23,23,23,23,23,23,23,23
420630,0,1,1995,0,0,0,0,0,0,0,0,0,0
420630,1,1,1995,0,0,0,0,0,0,0,0,0,0
420631,1,1,1995,16,16,16,16,16,16,16,16,16,16
420632,1,1,1995,0,0,0,0,0,0,0,0,0,0
420632,2,1,1995,0,0,0,0,0,0,0,0,0,0
420633,1,1,1995,0,0,0,0,0,0,0,0,0,0
420634,1,1,1995,0,0,0,0,0,0,0,0,0,0
420635,1,1,1995,17,17,17,17,17,17,17,17,17,17
420636,1,1,1995,0,0,0,0,0,0,0,0,0,0
420636,2,1,1995,0,0,0,0,0,0,0,0,0,0
420636,3,1,1995,0,0,0,0,0,0,0,0,0,0
420637,1,1,1995,0,0,0,0,0,0,0,0,0,0
420637,2,1,1995,0,0,0,0,0,0,0,0,0,0
420638,1,1,1995,0,0,0,0,0,0,0,0,0,0
420638,2,1,1995,0,0,0,0,0,0,0,0,0,0
420639,1,1,1995,22,22,22,22,22,22,22,22,22,22
420639,2,1,1995,0,0,0,0,0,0,0,0,0,0
420640,1,1,1995,28,28,28,28,28,28,28,28,28,28
420641,1,1,1995,0,0,0,0,0,0,0,0,8,0
420641,2,1,1995,0,0,0,0,0,0,0,0,0,0
420642,1,1,1995,0,0,0,0,0,0,0,0,0,0
420642,2,1,1995,24,8,12,0,0,0,6,0,12,0
420643,0,1,1995,0,0,0,0,0,0,0,0,0,0
420643,0,2,1995,0,11,8,0,0,0,0,30,0,0
420643,1,1,1995,0,0,0,0,0,0,0,0,0,0
420643,2,1,1995,0,0,0,0,0,0,0,0,0,0
420644,1,1,1995,0,0,0,0,0,0,0,0,0,0
420645,1,1,1995,0,0,0,0,0,0,0,0,0,0
420646,1,1,1995,9,9,9,9,9,9,9,9,9,9
420647,1,1,1995,0,0,22,0,0,0,0,0,0,27
420648,1,1,1995,0,0,0,0,0,0,0,0,0,0
420649,1,1,1995,0,0,0,0,0,0,0,0,0,0
420650,1,1,1995,4,0,0,19,24,15,8,0,18,15
420651,1,1,1995,13,13,13,13,13,13,13,13,13,13
420652,1,1,1995,25,25,25,25,25,25,25,25,25,25
420653,1,1,1995,0,0,0,0,0,0,0,0,0,0
420653,2,1,1995,0,28,0,0,0,0,0,0,0,0
420654,0,1,1995,0,0,16,0,29,11,0,13,0,0
420654,1,1,1995,0,0,0,0,0,0,0,0,0,0
420655,1,1,1995,12,12,12,12,12,12,12,12,12,12
420656,1,1,1995,17,17,17,17,17,17,17,17,17,17
420657,1,1,1995,0,0,0,0,0,0,0,0,0,0
420657,2,1,1995,0,0,0,0,0,0,0,0,0,0
420658,1,1,1995,14,14,14,14,14,14,14,14,14,14
420659,1,1,1995,0,0,0,0,0,0,0,0,0,0
420660,1,1,1995,0,0,0,0,0,0,0,0,0,0
420660,2,1,1995,0,0,0,0,0,0,0,0,0,0
420661,0,1,1995,0,31,0,29,15,45,10,17,44,0
420661,1,1,1995,0,0,0,0,0,0,0,0,0,0
420662,0,1,1995,0,0,0,0,0,0,0,34,0,0
420662,1,1,1995,0,0,0,0,0,0,0,0,0,0
420663,0,1,1995,0,0,0,0,0,0,0,0,0,0
420663,1,1,1995,0,0,0,0,0,0,0,0,0,0
420664,1,1,1995,0,0,0,0,0,0,0,0,0,0
420665,1,1,1995,0,0,0,0,0,0,0,0,0,0
420665,2,1,1995,0,0,0,0,0,0,0,0,0,0
420665,3,1,1995,0,0,0,0,0,0,0,0,0,0
420665,4,1,1995,0,0,0,0,0,0,0,0,0,0
420666,1,1,1995,33,0,0,0,0,0,0,0,0,0
420666,2,1,1995,0,0,0,0,0,0,0,0,0,0
420667,1,1,1995,0,3,0,0,0,0,0,0,0,0
420667,2,1,1995,0,0,0,0,0,0,0,0,0,0
420668,1,1,1995,0,0,0,0,0,0,0,0,0,0
420668,2,1,1995,0,0,0,0,0,0,0,0,0,0
420669,1,1,1995,0,0,0,0,0,0,0,0,0,0
420669,2,1,1995,0,0,0,0,0,0,0,0,0,0
420670,1,1,1995,0,0,0,0,0,0,0,0,0,0
420670,2,1,1995,0,0,0,0,0,0,0,0,0,0
420671,1,1,1995,0,0,0,0,0,0,0,0,0,0
420671,2,1,1995,0,0,0,0,0,0,0,0,0,0
420671,3,1,1995,0,0,0,0,0,0,0,0,0,0
420671,4,1,1995,0,0,0,0,0,0,0,0,0,0
420672,1,1,1995,29,0,19,0,0,0,5,0,0,11
420673,1,1,1995,0,0,0,0,0,0,0,0,0,0
420673,2,1,1995,0,0,0,0,0,0,0,0,0,0
420674,0,1,1995,0,0,0,0,0,0,0,0,0,0
420674,1,1,1995,0,0,0,0,0,0,0,0,0,0
420675,1,1,1995,0,0,0,0,0,0,0,0,0,0
420675,2,1,1995,0,0,0,0,0,0,0,0,0,0
420676,1,1,1995,0,0,0,0,0,0,0,0,0,0
420677,1,1,1995,0,0,0,0,0,0,0,0,0,0
420677,2,1,1995,0,0,0,12,0,0,0,0,0,0
420678,0,1,1995,13,21,0,19,0,0,8,12,0,0
420678,0,2,1995,0,0,0,0,0,0,0,0,0,0
420678,1,1,1995,0,0,0,0,0,0,0,0,0,0
420679,1,1,1995,0,0,0,0,19,6,0,0,0,0
420679,2,1,1995,0,16,0,18,23,0,10,6,14,14
420680,0,1,1995,11,11,11,11,11,11,11,11,11,11
420680,1,1,1995,0,0,0,0,0,0,0,0,0,0
420681,1,1,1995,14,14,14,14,14,14,14,14,14,14
420681,2,1,1995,0,0,0,0,0,0,0,0,0,0
420682,0,1,1995,0,0,0,0,0,0,0,0,0,0
420682,1,1,1995,0,0,9,0,0,0,0,0,0,0
420683,1,1,1995,14,14,14,14,14,14,14,14,14,14
420683,2,1,1995,0,0,0,0,0,0,0,0,0,4
420684,1,1,1995,10,10,10,10,10,10,10,10,10,10
420685,1,1,1995,0,0,0,0,0,0,0,0,0,0
420686,1,1,1995,0,0,0,0,0,0,0,0,0,0
420686,2,1,1995,0,0,0,0,0,0,0,0,0,0
420687,1,1,1995,15,15,15,15,15,15,15,15,15,15
420688,0,1,1995,0,0,0,0,0,0,0,0,0,0
420688,1,1,1995,0,0,0,0,0,0,0,0,0,0
420689,1,1,1995,14,14,14,14,14,14,14,14,14,14
420690,0,1,1995,17,17,17,17,17,17,17,17,17,17
420690,1,1,1995,6,6,6,6,6,6,6,6,6,6
420691,1,1,1995,22,22,22,22,22,22,22,22,22,22
420692,1,1,1995,1,1,1,1,1,1,1,1,1,1
420692,2,1,1995,0,0,0,0,0,0,0,0,0,0
420693,1,1,1995,23,23,23,23,23,23,23,23,23,23
420694,1,1,1995,0,2,0,0,0,0,0,0,0,0
420695,1,1,1995,24,24,24,24,24,24,24,24,24,24
420696,1,1,1995,0,0,0,0,0,0,0,0,0,0
420697,1,1,1995,0,0,0,0,0,0,0,0,0,0
420697,2,1,1995,0,0,0,0,0,0,0,0,0,0
420698,1,1,1995,0,0,0,0,0,0,0,0,0,0
420699,1,1,1995,0,0,0,0,0,0,0,0,0,0
420699,2,1,1995,0,0,0,0,0,0,0,0,0,0
420700,1,1,1995,0,0,0,0,0,0,0,0,0,0
420700,2,1,1995,0,0,0,0,0,0,0,0,0,0
420701,1,1,1995,23,23,23,23,23,23,23,23,23,23
420702,0,1,1995,15,15,15,15,15,15,15,15,15,15
420702,1,1,1995,9,9,9,9,9,9,9,9,9,9
420703,1,1,1995,8,8,8,8,8,8,8,8,8,8
420704,1,1,1995,0,0,0,0,0,0,0,0,0,0
420704,2,1,1995,0,0,0,0,0,0,0,0,0,0
420705,1,1,1995,22,22,22,22,22,22,22,22,22,22
420706,1,1,1995,10,10,10,10,10,10,10,10,10,10
420707,1,1,1995,0,0,0,0,0,0,0,0,0,0
420707,2,1,1995,0,0,0,0,0,0,0,0,0,0
420707,3,1,1995,0,0,0,0,0,21,0,0,0,0
420708,1,1,1995,0,0,0,0,0,0,0,0,0,0
420708,2,1,1995,10,14,9,16,11,14,15,8,0,17
420709,1,1,1995,0,0,0,0,0,0,0,0,0,0
420709,2,1,1995,0,0,0,0,0,0,0,0,0,0
420710,1,1,1995,0,0,0,0,0,0,0,0,0,0
420711,1,1,1995,14,14,14,14,14,14,14,14,14,14
420712,1,1,1995,0,0,0,0,0,0,0,0,0,0
420712,2,1,1995,0,0,0,0,0,0,0,0,0,0
420713,1,1,1995,0,0,0,0,0,0,0,0,0,0
420714,1,1,1995,18,18,18,18,18,18,18,18,18,18
420715,1,1,1995,0,0,0,0,0,0,0,0,0,0
420716,1,1,1995,0,0,0,0,0,0,0,0,0,0
420716,2,1,1995,0,0,0,0,0,0,0,0,0,0
420717,1,1,1995,0,0,0,0,0,0,12,0,5,0
420718,1,1,1995,13,13,13,13,13,13,13,13,13,13
420719,1,1,1995,0,0,13,0,0,0,0,0,0,0
420720,1,1,1995,0,17,0,0,31,11,0,0,19,0
420720,2,1,1995,15,15,15,15,15,15,15,15,15,15
420721,1,1,1995,13,13,13,13,13,13,13,13,13,13
420721,2,1,1995,0,0,0,0,0,0,0,0,0,0
420722,1,1,1995,20,20,20,20,20,20,20,20,20,20
420722,2,1,1995,0,0,0,0,0,0,0,0,0,0
420723,1,1,1995,0,0,0,0,0,0,0,0,0,0
420724,1,1,1995,6,4,15,7,11,10,9,8,14,16
420724,2,1,1995,0,0,0,0,0,0,0,0,0,0
420724,3,1,1995,0,0,0,0,0,0,0,0,0,0
420725,1,1,1995,5,16,24,0,17,4,3,17,16,4
420726,1,1,1995,0,0,0,0,0,0,0,0,0,0
420726,2,1,1995,0,0,0,0,0,0,0,0,0,0
420727,1,1,1995,16,16,16,16,16,16,16,16,16,16
420728,1,1,1995,14,14,14,14,14,14,14,14,14,14
420729,1,1,1995,0,0,0,0,0,0,0,0,0,0
420730,1,1,1995,6,6,6,6,6,6,6,6,6,6
420731,1,1,1995,0,0,0,0,0,0,0,0,0,0
420732,1,1,1995,0,0,0,0,0,0,0,0,0,0
420732,2,1,1995,0,0,0,0,0,0,0,0,0,0
420733,1,1,1995,0,0,0,0,0,0,0,0,2,0
420733,2,1,1995,0,0,0,0,0,0,0,0,0,0
420734,1,1,1995,0,0,0,0,0,0,0,0,0,0
420735,1,1,1995,0,0,0,0,0,0,0,0,0,0
420736,1,1,1995,0,0,0,21,8,16,8,0,0,0
420737,1,1,1995,0,0,0,0,0,0,0,0,0,0
420737,2,1,1995,0,0,0,0,0,0,0,0,0,0
420738,1,1,1995,0,0,0,0,0,0,0,0,0,0
420738,2,1,1995,0,0,0,0,16,0,0,0,0,0
420739,1,1,1995,0,0,0,0,0,0,0,0,0,0
420740,1,1,1995,10,10,10,10,10,10,10,10,10,10
420741,1,1,1995,17,17,17,17,17,17,17,17,17,17
420742,1,1,1995,0,0,0,0,0,0,0,3,0,0
420742,2,1,1995,0,0,0,0,0,0,0,0,0,0
420742,3,1,1995,0,0,0,0,0,0,0,0,0,0
420743,1,1,1995,21,14,25,21,25,25,14,23,24,17
420744,1,1,1995,0,0,0,0,0,0,0,0,0,0
420745,1,1,1995,0,0,0,0,0,0,0,0,0,0
420746,0,1,1995,24,24,24,24,24,24,24,24,24,24
420746,1,1,1995,14,14,14,14,14,14,14,14,14,14
420747,1,1,1995,5,5,5,5,5,5,5,5,5,5
420747,2,1,1995,18,18,18,18,18,18,18,18,18,18
420748,0,1,1995,0,0,0,0,0,0,0,0,0,0
420748,1,1,1995,0,0,0,0,0,0,0,0,0,0
420749,1,1,1995,0,0,0,12,0,0,0,0,0,0
420749,2,1,1995,0,0,0,0,0,0,0,0,0,0
420750,1,1,1995,13,13,13,13,13,13,13,13,13,13
420751,1,1,1995,0,0,0,0,0,0,0,0,0,0
420751,2,1,1995,0,0,0,0,0,0,0,0,0,0
420752,1,1,1995,10,10,10,10,10,10,10,10,10,10
420753,0,1,1995,4,4,4,4,4,4,4,4,4,4
420753,1,1,1995,9,22,0,0,0,16,10,18,0,0
420754,1,1,1995,33,14,0,0,0,0,1,0,4,0
420754,2,1,1995,7,21,18,5,8,0,35,0,30,16
420755,1,1,1995,0,8,0,0,0,10,0,0,0,0
420755,2,1,1995,0,0,0,0,0,0,0,0,0,0
420756,0,1,1995,0,0,0,0,12,32,0,0,0,13
420756,1,1,1995,0,0,0,0,0,0,0,0,0,0
420757,0,1,1995,0,0,0,0,0,0,0,0,0,0
420757,1,1,1995,0,0,0,0,0,0,0,0,0,0
420757,2,1,1995,0,0,0,0,0,0,0,0,0,0
420758,1,1,1995,0,0,0,0,0,0,0,0,0,0
420758,2,1,1995,0,0,0,0,0,0,0,0,0,0
420759,1,1,1995,0,0,0,0,0,0,0,0,0,0
420760,0,1,1995,0,13,14,0,21,0,23,25,27,4
420760,1,1,1995,0,0,0,0,0,0,0,0,0,0
420761,1,1,1995,0,0,0,0,0,13,0,0,0,0
420762,1,1,1995,0,0,0,0,0,0,0,0,0,0
420762,2,1,1995,0,0,0,0,0,0,16,0,0,0
420763,0,1,1995,0,0,0,0,0,0,0,0,0,0
420763,0,2,1995,0,0,0,0,0,0,0,0,0,0
420763,1,1,1995,0,0,0,0,0,0,0,0,0,0
420764,1,1,1995,0,0,0,0,0,0,0,0,0,0
420765,1,1,1995,11,9,6,5,11,22,15,24,17,12
420765,2,1,1995,0,0,0,0,0,0,0,0,0,0
420766,0,1,1995,3,3,3,3,3,3,3,3,3,3
420766,1,1,1995,0,14,0,6,0,0,15,0,38,0
420767,0,1,1995,0,0,0,0,0,0,0,0,0,0
420767,1,1,1995,0,0,0,0,0,0,0,0,0,0
420768,1,1,1995,0,0,0,0,0,7,0,0,0,0
420768,2,1,1995,0,0,0,0,0,0,0,0,0,0
420769,1,1,1995,26,26,26,26,26,26,26,26,26,26
420770,1,1,1995,0,0,0,0,0,12,28,20,0,19
420771,1,1,1995,0,0,0,0,0,0,0,0,0,0
420771,2,1,1995,0,0,0,0,0,0,0,0,0,0
420772,1,1,1995,0,0,14,0,0,0,0,0,0,0
420772,2,1,1995,0,0,0,0,0,0,0,0,0,0
420773,1,1,1995,0,0,0,0,0,0,0,0,0,0
420774,0,1,1995,24,24,24,24,24,24,24,24,24,24
420774,1,1,1995,8,8,8,8,8,8,8,8,8,8
420775,1,1,1995,0,0,0,0,0,0,0,0,0,0
420776,1,1,1995,0,0,0,0,0,0,0,0,30,0
420777,1,1,1995,19,19,19,19,19,19,19,19,19,19
420777,2,1,1995,0,0,0,0,0,0,0,0,0,0
420778,1,1,1995,0,0,0,0,0,0,0,0,0,0
420778,2,1,1995,0,0,0,0,0,0,0,0,0,0
420779,1,1,1995,23,23,23,23,23,23,23,23,23,23
420780,1,1,1995,11,20,22,27,8,23,7,21,10,14
420781,1,1,1995,0,0,0,0,0,0,0,0,0,0
420782,1,1,1995,0,0,0,0,0,0,0,0,0,0
420782,2,1,1995,0,0,0,0,0,0,0,0,0,0
420782,3,1,1995,0,0,0,0,0,0,0,0,0,0
420783,0,1,1995,21,21,21,21,21,21,21,21,21,21
420783,1,1,1995,4,0,0,0,0,0,0,0,0,0
420784,1,1,1995,9,9,9,9,9,9,9,9,9,9
420785,1,1,1995,0,0,0,0,0,0,0,0,0,0
420785,2,1,1995,0,0,0,0,0,0,0,0,0,0
420786,1,1,1995,0,0,0,0,0,0,0,0,0,0
420787,1,1,1995,8,30,10,20,15,9,40,15,13,17
420788,1,1,1995,33,7,9,9,28,5,9,10,23,22
420788,2,1,1995,0,0,0,0,20,9,0,0,0,0
420788,3,1,1995,0,0,0,0,15,0,0,0,0,0
420789,1,1,1995,0,0,0,0,0,0,0,0,0,0
420790,0,1,1995,0,0,0,0,0,0,0,0,0,0
420790,1,1,1995,0,0,0,0,0,0,0,0,0,0
420791,1,1,1995,26,0,0,32,12,0,0,0,0,0
420791,2,1,1995,0,0,0,0,0,0,0,0,0,0
420792,1,1,1995,12,12,12,12,12,12,12,12,12,12
420792,2,1,1995,0,0,5,0,0,0,0,0,0,18
420793,1,1,1995,24,0,0,0,4,8,0,0,30,5
420793,2,1,1995,0,0,0,0,0,0,0,0,0,0
420794,1,1,1995,33,33,33,33,33,33,33,33,33,33
420794,2,1,1995,0,0,0,0,0,0,0,0,0,0
420795,1,1,1995,0,0,0,0,0,0,0,0,0,0
420796,1,1,1995,15,15,15,15,15,15,15,15,15,15
420796,2,1,1995,0,0,0,0,0,0,0,0,0,0
420797,1,1,1995,0,0,0,0,0,0,0,0,0,0
420797,2,1,1995,0,0,0,0,0,0,0,0,0,0
420798,1,1,1995,0,0,0,0,0,0,0,0,0,0
420798,2,1,1995,0,0,0,0,0,0,0,0,0,0
420798,3,1,1995,0,0,0,0,0,0,0,0,0,0
420799,1,1,1995,0,0,0,0,0,0,0,0,0,0
420800,1,1,1995,8,8,8,8,8,8,8,8,8,8
420800,2,1,1995,0,0,0,0,0,0,0,0,0,0
420800,3,1,1995,0,0,0,0,0,0,0,0,0,0
420801,1,1,1995,0,0,0,0,0,0,12,0,0,0
420802,1,1,1995,18,18,18,18,18,18,18,18,18,18
420802,2,1,1995,0,0,0,0,0,0,0,0,0,0
420803,1,1,1995,0,0,0,0,0,0,0,0,0,0
420803,2,1,1995,0,0,0,0,0,0,0,0,0,0
420804,0,1,1995,0,0,0,0,0,0,0,0,0,0
420804,1,1,1995,0,0,0,0,0,0,0,0,0,0
420805,1,1,1995,0,0,0,0,0,0,0,0,0,0
420806,1,1,1995,0,0,0,0,0,0,0,0,0,0
420806,2,1,1995,0,0,0,0,0,0,0,0,0,0
420807,1,1,1995,18,18,18,18,18,18,18,18,18,18
420808,1,1,1995,23,23,23,23,23,23,23,23,23,23
420809,1,1,1995,9,9,9,9,9,9,9,9,9,9
420809,2,1,1995,0,0,0,0,0,0,0,0,0,0
420810,1,1,1995,0,0,0,0,0,0,0,0,0,0
420811,1,1,1995,17,17,17,17,17,17,17,17,17,17
420812,1,1,1995,0,0,0,0,0,13,0,0,0,0
420812,2,1,1995,0,0,0,0,0,0,0,0,0,0
420813,1,1,1995,0,14,0,0,0,2,0,0,0,12
420813,2,1,1995,0,0,0,0,0,0,0,0,0,0
420814,1,1,1995,0,0,0,0,0,0,0,0,0,0
420814,2,1,1995,0,0,18,0,0,0,0,0,0,0
420815,1,1,1995,0,0,0,0,0,0,0,0,0,0
420815,2,1,1995,0,0,0,0,0,0,0,0,0,0
420816,1,1,1995,0,0,0,0,0,0,0,0,0,16
420816,2,1,1995,0,0,0,0,0,0,0,0,0,0
420817,1,1,1995,18,18,18,18,18,18,18,18,18,18
420818,1,1,1995,0,0,0,0,0,0,16,0,0,0
420819,1,1,1995,0,35,0,17,0,8,16,12,0,0
420820,0,1,1995,0,0,0,0,0,0,0,0,0,0
420820,1,1,1995,0,0,0,0,0,0,0,0,0,0
420821,1,1,1995,0,0,0,0,0,0,0,0,0,0
420821,2,1,1995,0,0,0,0,0,0,0,0,0,0
420822,1,1,1995,12,0,0,10,11,18,18,7,19,15
420822,2,1,1995,0,0,0,0,0,0,0,0,0,0
420823,1,1,1995,17,17,17,17,17,17,17,17,17,17
420824,1,1,1995,4,4,4,4,4,4,4,4,4,4
420825,1,1,1995,0,0,0,0,0,0,0,0,0,0
420825,2,1,1995,0,0,0,0,0,0,0,0,0,0
420826,1,1,1995,0,0,0,0,0,0,0,0,0,0
420826,2,1,1995,0,0,0,0,0,0,0,0,0,0
420827,1,1,1995,0,0,0,0,0,0,0,0,0,0
420827,2,1,1995,0,0,0,0,0,0,0,0,0,0
420828,1,1,1995,0,0,0,0,0,20,0,0,0,0
420829,1,1,1995,0,0,0,0,16,0,0,0,0,0
420830,1,1,1995,0,0,0,0,0,0,0,0,0,0
420831,1,1,1995,0,0,0,0,0,0,0,0,0,0
420832,0,1,1995,0,0,0,0,0,0,0,0,0,0
420832,1,1,1995,0,0,0,0,0,0,0,0,0,0
420833,1,1,1995,0,0,0,0,0,0,0,0,0,0
420833,2,1,1995,0,0,0,0,0,0,0,0,0,0
420834,1,1,1995,0,0,0,0,0,0,0,0,0,0
420834,2,1,1995,0,0,0,0,0,0,0,0,0,0
420835,0,1,1995,0,0,0,0,0,0,0,0,0,0
420835,1,1,1995,0,0,0,0,0,0,0,0,0,0
420835,2,1,1995,0,0,0,0,0,0,0,0,0,0
420836,1,1,1995,0,0,0,0,0,0,0,0,0,0
420836,2,1,1995,0,0,0,0,0,0,0,0,0,0
420837,1,1,1995,0,0,0,0,0,0,0,0,0,0
420838,1,1,1995,0,0,0,0,0,0,0,0,0,0
420838,2,1,1995,0,0,0,0,0,0,0,0,0,6
420839,1,1,1995,9,9,9,9,9,9,9,9,9,9
420840,1,1,1995,20,20,20,20,20,20,20,20,20,20
420841,0,1,1995,30,0,0,0,33,0,0,0,0,0
420841,0,2,1995,4,0,0,0,0,0,0,0,0,0
420841,1,1,1995,0,0,0,0,0,0,0,0,0,0
420842,1,1,1995,12,15,41,12,13,25,14,15,26,23
420842,2,1,1995,0,0,0,0,0,0,0,0,0,0
420843,0,1,1995,0,0,0,0,0,0,0,0,0,0
420843,1,1,1995,0,0,0,0,0,0,0,0,0,0
420844,1,1,1995,0,0,0,0,0,0,0,0,0,0
420844,2,1,1995,0,0,0,0,0,0,0,0,0,0
420845,1,1,1995,30,30,30,30,30,30,30,30,30,30
420845,2,1,1995,0,0,0,0,0,0,0,0,0,0
420846,1,1,1995,18,18,18,18,18,18,18,18,18,18
420846,2,1,1995,14,0,0,13,0,0,0,0,0,0
420847,1,1,1995,0,0,0,0,0,0,0,0,0,0
420848,0,1,1995,10,10,10,10,10,10,10,10,10,10
420848,1,1,1995,4,0,0,0,0,0,0,0,0,0
420849,1,1,1995,0,0,0,0,0,0,0,0,0,0
420850,1,1,1995,0,0,0,0,0,0,0,0,0,0
420850,2,1,1995,0,0,0,0,0,0,0,0,0,0
420851,1,1,1995,0,0,0,0,0,0,0,0,0,0
420851,2,1,1995,0,0,0,0,0,0,0,0,0,0
420852,0,1,1995,17,17,17,17,17,17,17,17,17,17
420852,1,1,1995,0,0,0,0,0,0,0,0,0,0
420853,1,1,1995,19,19,19,19,19,19,19,19,19,19
420854,1,1,1995,0,0,0,0,0,0,0,0,0,0
420854,2,1,1995,0,0,0,0,7,0,0,0,0,0
420854,3,1,1995,0,0,0,0,0,0,0,0,0,0
420855,0,1,1995,8,8,8,8,8,8,8,8,8,8
420855,1,1,1995,0,0,0,0,0,0,0,0,18,0
420856,1,1,1995,29,29,29,29,29,29,29,29,29,29
420857,1,1,1995,0,0,9,0,0,0,0,0,22,0
420857,2,1,1995,0,0,0,0,0,0,0,0,0,0
420858,1,1,1995,0,0,0,0,0,0,0,0,0,0
420858,2,1,1995,0,0,0,0,0,0,0,0,0,0
420859,0,1,1995,0,0,0,0,0,0,0,0,0,0
420859,1,1,1995,0,0,0,0,0,0,0,0,0,0
420860,0,1,1995,19,19,19,19,19,19,19,19,19,19
420860,0,2,1995,20,20,20,20,20,20,20,20,20,20
420860,1,1,1995,0,0,0,0,0,0,0,0,0,0
420860,2,1,1995,0,0,0,0,0,0,0,0,0,0
420860,3,1,1995,16,11,22,0,0,36,0,0,24,4
420861,1,1,1995,0,0,0,0,0,0,0,0,0,0
420862,1,1,1995,0,0,0,0,0,0,0,0,0,0
420862,2,1,1995,0,0,0,0,0,0,0,0,0,0
420863,1,1,1995,0,0,0,0,0,0,0,0,0,0
420863,2,1,1995,0,0,0,0,0,0,0,0,0,0
420864,0,1,1995,21,21,21,21,21,21,21,21,21,21
420864,1,1,1995,0,24,0,15,0,0,0,0,0,0
420865,1,1,1995,27,27,27,27,27,27,27,27,27,27
420866,1,1,1995,27,27,27,27,27,27,27,27,27,27
420867,1,1,1995,13,13,13,13,13,13,13,13,13,13
420868,1,1,1995,0,0,0,0,0,0,0,0,0,0
420868,2,1,1995,0,0,0,0,0,0,0,0,2,0
420869,1,1,1995,0,0,0,0,0,0,0,0,0,0
420869,2,1,1995,0,0,0,0,0,0,0,0,0,0
420870,0,1,1995,0,0,0,0,0,0,0,0,0,0
420870,0,2,1995,0,0,0,0,0,0,0,0,0,0
420870,0,3,1995,0,0,0,4,0,0,18,0,0,0
420870,1,1,1995,9,16,12,24,14,17,22,10,32,19
420871,1,1,1995,35,35,35,35,35,35,35,35,35,35
420872,1,1,1995,12,12,12,12,12,12,12,12,12,12
420873,1,1,1995,25,25,25,25,25,25,25,25,25,25
420874,1,1,1995,14,14,14,14,14,14,14,14,14,14
420874,2,1,1995,0,0,0,0,0,0,0,0,0,0
420875,1,1,1995,0,0,0,0,0,0,0,0,0,0
420875,2,1,1995,9,9,9,9,9,9,9,9,9,9
420875,3,1,1995,0,0,0,0,0,0,0,0,0,0
420876,1,1,1995,0,0,0,0,0,0,0,0,0,0
420877,0,1,1995,0,0,0,0,0,0,0,0,19,0
420877,1,1,1995,19,0,0,0,0,0,0,0,0,14
420877,2,1,1995,0,0,0,0,0,0,0,0,0,0
420878,1,1,1995,0,0,0,0,0,0,0,0,0,0
420878,2,1,1995,0,0,13,0,0,0,0,0,0,0
420879,1,1,1995,0,0,0,0,0,0,0,0,0,0
420879,2,1,1995,0,0,0,0,0,0,0,0,0,0
420879,3,1,1995,0,0,0,0,0,0,0,0,0,0
420880,1,1,1995,22,22,22,22,22,22,22,22,22,22
420881,1,1,1995,0,9,0,0,0,0,0,0,0,0
420882,1,1,1995,0,0,0,18,0,0,0,0,0,0
420883,0,1,1995,0,0,0,0,0,0,0,0,0,0
420883,1,1,1995,12,12,12,12,12,12,12,12,12,12
420884,1,1,1995,1,1,1,1,1,1,1,1,1,1
420884,2,1,1995,0,0,0,0,0,0,0,0,0,0
420885,0,1,1995,0,0,0,0,0,0,0,0,0,0
420885,1,1,1995,0,0,0,0,0,0,0,0,0,0
420886,1,1,1995,19,19,19,19,19,19,19,19,19,19
420887,1,1,1995,22,22,22,22,22,22,22,22,22,22
420888,0,1,1995,0,0,0,0,0,0,0,0,0,0
420888,1,1,1995,0,0,0,0,0,0,0,0,0,0
420889,1,1,1995,0,0,0,0,0,0,0,0,0,0
420889,2,1,1995,0,0,0,0,0,0,0,0,0,0
420889,3,1,1995,0,0,0,0,0,0,0,0,0,0
420890,1,1,1995,0,0,0,0,0,0,0,0,0,0
420891,1,1,1995,0,0,0,0,0,0,0,0,0,0
420891,2,1,1995,0,0,0,0,0,0,0,0,0,0
420892,1,1,1995,3,3,3,3,3,3,3,3,3,3
420892,2,1,1995,0,0,26,17,9,16,0,0,12,20
420893,1,1,1995,19,19,19,19,19,19,19,19,19,19
420894,1,1,1995,0,0,0,0,0,0,0,0,0,0
420895,1,1,1995,24,24,24,24,24,24,24,24,24,24
420895,2,1,1995,6,6,6,6,6,6,6,6,6,6