ST_CASE,VEH_NO,PER_NO,YEAR,P1,P2,P3,P4,P5,P6,P7,P8,P9,P10
421168,1,1,1995,0,0,0,0,0,0,0,0,15,0
421168,2,1,1995,0,0,0,14,0,0,0,0,0,24
421169,0,1,1995,0,0,0,0,0,0,0,0,0,0
421169,1,1,1995,0,0,0,0,0,0,0,0,0,0
421170,1,1,1995,0,0,0,0,0,0,0,0,0,0
421170,2,1,1995,0,0,0,0,0,0,0,0,0,0
421171,1,1,1995,0,15,6,27,18,16,0,0,0,12
421172,0,1,1995,0,0,0,0,0,0,0,0,0,0
421172,1,1,1995,0,19,0,30,26,7,0,13,6,15
421173,1,1,1995,0,0,0,0,0,0,0,0,0,0
421173,2,1,1995,1,1,1,1,1,1,1,1,1,1
421173,3,1,1995,0,0,0,0,0,0,0,0,0,0
421173,4,1,1995,0,0,0,0,0,0,0,39,0,16
421174,1,1,1995,0,0,0,0,0,0,0,0,0,0
421175,0,1,1995,0,0,0,0,0,0,0,0,0,0
421175,1,1,1995,0,0,0,0,0,0,0,0,0,0
421176,0,1,1995,0,0,0,0,0,0,24,0,0,0
421176,1,1,1995,0,10,0,0,0,3,0,0,5,0
421176,2,1,1995,0,3,0,0,0,0,0,0,0,15
421177,1,1,1995,25,25,25,25,25,25,25,25,25,25
421178,1,1,1995,0,0,0,0,0,0,0,0,0,0
421178,2,1,1995,0,0,0,0,0,0,0,0,0,0
421178,3,1,1995,0,0,0,0,0,0,0,0,0,0
421179,1,1,1995,0,0,0,0,0,0,0,0,0,0
421179,2,1,1995,0,0,0,0,0,0,0,0,0,0
421180,1,1,1995,0,0,0,0,0,0,0,0,0,9
421181,0,1,1995,0,0,0,0,0,0,0,0,0,0
421181,1,1,1995,0,0,0,0,0,0,0,0,0,0
421182,0,1,1995,26,26,26,26,26,26,26,26,26,26
421182,1,1,1995,0,0,0,0,0,0,0,0,0,0
421183,1,1,1995,0,0,0,0,0,0,0,0,0,0
421183,2,1,1995,0,0,0,0,0,0,0,0,0,0
421183,3,1,1995,0,0,0,0,0,0,0,0,0,0
421184,1,1,1995,9,9,9,9,9,9,9,9,9,9
421185,1,1,1995,0,0,0,0,0,0,0,0,0,0
421185,2,1,1995,0,0,0,0,0,0,0,0,0,0
421186,1,1,1995,0,0,0,0,0,0,0,0,0,0
421187,1,1,1995,0,0,0,0,0,0,0,0,0,0
421187,2,1,1995,0,0,0,0,0,0,0,0,0,0
421188,1,1,1995,0,0,0,0,0,0,0,0,0,0
421189,0,1,1995,0,0,0,0,0,0,0,0,0,0
421189,1,1,1995,0,20,35,0,19,14,9,8,0,0
421190,1,1,1995,0,15,0,10,21,0,0,0,0,0
421190,2,1,1995,0,4,0,0,0,0,19,0,0,9
421191,1,1,1995,0,0,0,0,0,0,0,0,0,0
421192,1,1,1995,24,24,24,24,24,24,24,24,24,24
421193,1,1,1995,26,26,26,26,26,26,26,26,26,26
421194,1,1,1995,0,12,0,0,0,0,0,0,0,0
421194,2,1,1995,0,0,0,0,0,0,0,0,0,0
421195,1,1,1995,34,34,34,34,34,34,34,34,34,34
421196,1,1,1995,0,0,0,0,0,0,0,0,0,0
421196,2,1,1995,0,0,6,0,10,0,19,0,9,0
421197,0,1,1995,0,0,0,0,0,0,0,0,0,0
421197,1,1,1995,0,0,0,0,10,0,0,0,0,0
421198,1,1,1995,0,0,0,0,0,0,0,0,0,0
421199,1,1,1995,0,0,0,0,0,0,0,0,0,0
421199,2,1,1995,0,0,0,0,0,0,0,0,0,0
421200,1,1,1995,5,8,12,17,11,15,14,7,7,16
421200,2,1,1995,25,0,0,18,13,0,14,19,21,17
421201,1,1,1995,28,21,39,12,7,12,31,18,18,29
421202,1,1,1995,0,0,0,0,0,0,0,0,0,0
421202,2,1,1995,0,0,0,0,0,0,0,0,0,0
421203,1,1,1995,0,0,0,0,0,0,0,0,0,0
421203,2,1,1995,0,0,0,0,17,0,0,0,0,0
421204,1,1,1995,17,17,17,17,17,17,17,17,17,17
421205,1,1,1995,0,0,0,0,0,0,0,0,0,0
421205,2,1,1995,0,0,0,0,0,0,0,0,0,0
421206,1,1,1995,29,29,29,29,29,29,29,29,29,29
421207,0,1,1995,0,0,0,0,0,0,0,0,0,0
421207,1,1,1995,11,11,11,11,11,11,11,11,11,11
421208,1,1,1995,37,37,37,37,37,37,37,37,37,37
421209,1,1,1995,25,25,25,25,25,25,25,25,25,25
421210,1,1,1995,25,25,25,25,25,25,25,25,25,25
421211,0,1,1995,23,23,23,23,23,23,23,23,23,23
421211,1,1,1995,4,4,4,4,4,4,4,4,4,4
421212,0,1,1995,0,0,0,0,0,0,0,0,0,0
421212,0,2,1995,0,0,22,0,0,11,0,0,27,0
421212,1,1,1995,0,0,0,0,0,0,0,0,0,0
421213,1,1,1995,0,0,0,0,0,0,0,0,0,0
421214,1,1,1995,15,15,15,15,15,15,15,15,15,15
421215,1,1,1995,29,29,29,29,29,29,29,29,29,29
421216,1,1,1995,23,23,23,23,23,23,23,23,23,23
421217,1,1,1995,0,0,0,0,0,0,0,0,0,0
421217,2,1,1995,0,0,0,0,0,0,0,0,0,0
421218,1,1,1995,0,0,0,0,0,0,0,0,0,0
421218,2,1,1995,0,0,0,0,0,0,0,0,0,0
421219,1,1,1995,26,26,26,26,26,26,26,26,26,26
421219,2,1,1995,0,0,0,0,0,0,0,0,0,0
421220,0,1,1995,0,0,0,0,0,0,0,0,0,0
421220,1,1,1995,0,0,11,0,0,0,0,0,0,0
421221,1,1,1995,22,26,3,21,19,12,24,13,24,18
421222,1,1,1995,2,2,2,2,2,2,2,2,2,2
421223,1,1,1995,0,0,0,0,0,0,0,0,0,0
421224,1,1,1995,17,17,17,17,17,17,17,17,17,17
421224,2,1,1995,0,0,0,0,0,0,0,0,0,0
421225,1,1,1995,0,0,0,0,0,0,0,0,0,0
421225,2,1,1995,0,0,0,0,0,0,0,0,0,0
421226,1,1,1995,0,0,0,0,0,0,0,0,44,0
421227,1,1,1995,0,0,0,0,0,0,0,0,0,0
421227,2,1,1995,6,8,0,0,10,0,25,32,0,1
421228,1,1,1995,15,13,13,17,0,7,5,19,8,18
421229,1,1,1995,9,0,0,0,0,0,0,0,0,0
421229,2,1,1995,0,0,0,0,0,0,0,0,16,0
421230,1,1,1995,0,0,0,0,0,0,0,0,0,0
421230,2,1,1995,0,0,0,0,0,0,0,0,0,0
421231,1,1,1995,0,0,0,0,0,0,0,0,0,0
421232,1,1,1995,20,20,20,20,20,20,20,20,20,20
421233,1,1,1995,10,10,10,10,10,10,10,10,10,10
421234,0,1,1995,21,39,24,26,23,5,0,24,14,14
421234,1,1,1995,0,0,0,0,0,0,0,0,0,0
421235,1,1,1995,0,0,0,0,0,0,0,0,0,0
421235,2,1,1995,0,0,0,0,0,0,0,0,0,0
421236,1,1,1995,9,11,7,8,14,14,0,8,12,8
421237,1,1,1995,27,27,27,27,27,27,27,27,27,27
421238,0,1,1995,26,26,26,26,26,26,26,26,26,26
421238,1,1,1995,0,0,0,0,0,0,0,0,0,0
421239,1,1,1995,31,31,31,31,31,31,31,31,31,31
421239,2,1,1995,0,0,0,0,0,0,0,0,0,0
421240,0,1,1995,12,32,28,22,11,15,22,0,0,15
421240,1,1,1995,0,0,0,0,0,0,25,0,0,0
421241,1,1,1995,0,0,0,0,0,0,0,0,0,0
421241,2,1,1995,0,0,0,0,0,0,0,0,0,0
421242,0,1,1995,0,0,0,0,0,0,0,0,0,0
421242,1,1,1995,0,0,0,0,0,0,0,0,0,0
421243,1,1,1995,0,0,0,0,0,0,0,0,0,0
421243,2,1,1995,0,0,0,0,0,0,0,0,0,0
421244,1,1,1995,0,0,0,0,0,0,0,0,0,0
421244,2,1,1995,0,0,0,0,0,0,0,0,0,0
421245,1,1,1995,0,0,0,0,0,0,0,0,0,0
421245,2,1,1995,0,0,0,0,0,0,0,0,0,29
421246,1,1,1995,0,0,0,0,0,0,16,0,0,0
421247,1,1,1995,14,14,14,14,14,14,14,14,14,14
421248,1,1,1995,0,0,0,0,0,0,0,0,0,0
421248,2,1,1995,0,0,0,0,0,0,0,0,0,0
421248,3,1,1995,0,0,0,0,0,0,0,0,0,0
421249,1,1,1995,16,16,16,16,16,16,16,16,16,16
421250,0,1,1995,0,0,16,34,22,33,15,11,12,24
421250,1,1,1995,0,7,0,0,0,0,0,0,0,0
421251,1,1,1995,0,19,0,0,0,0,8,0,0,0
421251,2,1,1995,0,0,0,0,0,0,0,0,0,0
421252,1,1,1995,0,0,0,0,0,0,0,0,0,0
421252,2,1,1995,0,0,0,0,0,0,0,0,0,0
421253,1,1,1995,19,19,19,19,19,19,19,19,19,19
421254,1,1,1995,0,0,0,0,0,0,0,0,0,0
421255,1,1,1995,0,0,0,0,0,0,0,0,0,0
421256,1,1,1995,0,0,0,0,0,0,0,0,0,0
421257,1,1,1995,19,19,19,19,19,19,19,19,19,19
421258,1,1,1995,21,21,21,21,21,21,21,21,21,21
421259,1,1,1995,26,26,26,26,26,26,26,26,26,26
421260,1,1,1995,0,0,0,0,0,0,0,0,0,0
421260,2,1,1995,0,0,0,0,0,0,0,0,0,0
421261,1,1,1995,21,20,27,16,6,20,30,19,14,20
421262,1,1,1995,18,0,0,0,0,0,0,0,0,19
421262,2,1,1995,0,0,0,0,0,0,0,0,0,0
421263,1,1,1995,0,0,0,0,0,0,0,0,0,0
421264,0,1,1995,0,0,0,0,0,0,0,0,0,0
421264,0,2,1995,8,0,0,0,0,27,0,31,0,0
421264,1,1,1995,0,0,0,0,0,0,0,0,0,0
421265,1,1,1995,23,23,23,23,23,23,23,23,23,23
421266,1,1,1995,0,0,0,0,0,0,0,0,0,0
421267,1,1,1995,0,0,0,0,0,0,0,0,0,0
421267,2,1,1995,0,0,0,0,0,0,0,0,0,0
421268,1,1,1995,0,0,0,0,0,0,0,0,0,0
421269,1,1,1995,0,0,0,0,0,0,20,7,0,0
421269,2,1,1995,0,0,0,0,0,0,0,0,0,0
421270,1,1,1995,0,0,0,0,0,0,0,0,0,0
421271,1,1,1995,0,0,0,0,0,0,0,0,0,0
421271,2,1,1995,0,0,0,0,16,0,0,0,0,0
421272,1,1,1995,0,0,0,0,0,0,0,0,0,0
421273,1,1,1995,0,0,0,0,0,0,0,0,12,0
421274,1,1,1995,0,0,0,0,0,0,0,0,0,0
421274,2,1,1995,0,0,0,0,0,0,0,0,0,0
421275,1,1,1995,0,0,0,0,0,0,0,0,0,0
421275,2,1,1995,0,0,0,0,0,0,0,0,0,0
421276,1,1,1995,24,0,0,13,0,0,0,24,0,19
421277,1,1,1995,18,18,18,18,18,18,18,18,18,18
421277,2,1,1995,17,13,19,8,0,0,18,4,13,19
421278,1,1,1995,0,0,0,0,0,0,0,0,0,0
421278,2,1,1995,0,0,0,0,0,0,0,0,0,0
421279,1,1,1995,0,0,0,0,0,0,0,0,0,0
421279,2,1,1995,0,0,0,0,0,0,0,0,0,0
421280,1,1,1995,0,0,0,0,0,0,0,0,15,13
421281,1,1,1995,0,29,14,21,22,0,23,25,23,30
421282,1,1,1995,0,0,0,0,0,0,0,0,0,0
421283,0,1,1995,18,18,18,18,18,18,18,18,18,18
421283,1,1,1995,0,0,14,0,0,0,0,5,0,0
421284,1,1,1995,14,26,0,0,0,13,14,0,0,15
421285,1,1,1995,11,10,0,15,0,0,0,0,0,9
421286,1,1,1995,0,0,0,0,0,0,0,0,0,0
421286,2,1,1995,0,0,0,0,0,0,0,0,0,0
421287,1,1,1995,24,24,24,24,24,24,24,24,24,24
421287,2,1,1995,0,0,0,0,0,0,0,0,0,13
421287,3,1,1995,6,0,8,0,16,4,0,0,0,0
421287,4,1,1995,11,0,0,29,0,0,0,10,0,0
421288,1,1,1995,0,0,0,0,0,0,0,0,0,0
421289,1,1,1995,0,0,0,0,0,0,0,0,0,0
421290,1,1,1995,17,19,0,0,0,0,0,6,0,0
421290,2,1,1995,0,0,0,0,0,0,0,0,0,0
421291,1,1,1995,0,0,0,0,0,0,0,0,0,0
421291,2,1,1995,0,0,0,0,11,0,0,0,0,0
421292,0,1,1995,0,0,0,0,0,0,0,0,0,0
421292,1,1,1995,0,0,0,0,0,0,0,0,0,0
421293,1,1,1995,0,0,0,0,0,0,0,0,0,0
421293,2,1,1995,0,0,0,0,0,0,0,0,0,0
421294,1,1,1995,10,10,10,10,10,10,10,10,10,10
421294,2,1,1995,0,0,0,0,0,0,0,0,0,0
421295,1,1,1995,0,0,0,0,0,0,0,0,13,12
421295,2,1,1995,13,14,22,5,8,11,8,28,18,11
421296,0,1,1995,0,0,0,0,0,0,0,0,0,0
421296,1,1,1995,16,0,0,0,28,7,0,0,0,0
421297,1,1,1995,0,0,0,0,0,0,0,0,0,0
421297,2,1,1995,0,0,0,0,0,0,0,0,0,0
421298,1,1,1995,0,0,0,0,0,0,0,0,0,0
421298,2,1,1995,0,0,0,0,0,0,0,0,0,0
421299,0,1,1995,0,0,0,0,0,0,0,0,0,0
421299,1,1,1995,0,0,0,0,0,0,0,0,0,0
421300,0,1,1995,0,0,0,0,0,0,0,0,0,0
421300,1,1,1995,0,0,0,0,0,0,0,0,0,0
421301,1,1,1995,0,5,0,0,8,19,15,16,6,14
421301,2,1,1995,0,0,0,0,0,0,0,0,0,0
421302,1,1,1995,9,16,7,3,14,27,19,6,25,5
421303,1,1,1995,0,0,0,0,0,0,0,0,0,0
421304,1,1,1995,0,0,0,0,0,0,0,0,0,0
421305,1,1,1995,12,12,12,12,12,12,12,12,12,12
421306,1,1,1995,0,0,0,0,0,0,0,0,0,0
421307,1,1,1995,0,0,0,0,0,0,0,0,0,0
421307,2,1,1995,0,0,0,0,0,0,0,0,0,0
421308,0,1,1995,0,0,0,0,0,0,0,0,0,0
421308,0,2,1995,11,0,0,9,0,0,36,13,7,23
421308,1,1,1995,21,11,12,0,27,10,6,18,3,7
421309,1,1,1995,0,0,0,0,0,0,0,0,0,0
421309,2,1,1995,0,0,0,0,0,11,0,0,0,0
421310,0,1,1995,0,0,0,0,0,0,0,0,0,0
421310,1,1,1995,0,0,0,0,0,0,0,0,0,0
421311,1,1,1995,18,18,18,18,18,18,18,18,18,18
421312,1,1,1995,0,0,0,0,0,0,0,0,0,0
421312,2,1,1995,0,0,0,0,0,0,0,0,0,0
421313,1,1,1995,17,17,17,17,17,17,17,17,17,17
421314,1,1,1995,18,18,18,18,18,18,18,18,18,18
421315,1,1,1995,0,0,0,0,0,0,0,0,0,0
421315,2,1,1995,0,0,0,0,0,0,0,0,0,0
421316,0,1,1995,0,0,0,0,0,0,0,0,0,12
421316,1,1,1995,0,0,24,0,0,0,0,0,0,0
421317,1,1,1995,16,8,47,9,34,40,15,2,16,25
421318,0,1,1995,0,0,0,0,0,0,0,0,0,0
421318,1,1,1995,0,0,0,0,0,0,0,0,0,0
421319,0,1,1995,0,0,0,0,0,0,0,0,0,0
421319,1,1,1995,0,0,0,0,0,0,0,0,0,0
421320,0,1,1995,0,40,0,0,30,0,23,7,0,36
421320,1,1,1995,0,0,20,0,20,17,13,37,0,0
421321,1,1,1995,13,0,20,0,13,14,14,17,0,0
421322,1,1,1995,0,0,0,0,0,0,0,0,0,0
421322,2,1,1995,30,30,30,30,30,30,30,30,30,30
421323,0,1,1995,32,32,32,32,32,32,32,32,32,32
421323,1,1,1995,0,0,0,0,0,0,0,0,0,0
421324,0,1,1995,0,0,0,0,0,0,0,0,0,0
421324,0,2,1995,34,0,0,0,0,0,14,0,5,0
421325,1,1,1995,24,23,20,0,13,0,14,23,8,33
421325,2,1,1995,0,0,0,0,0,0,0,0,0,0
421326,1,1,1995,0,0,17,14,3,16,6,14,18,0
421326,2,1,1995,0,0,0,0,0,0,0,0,0,0
421327,0,1,1995,0,0,0,24,0,0,20,0,28,0
421327,0,2,1995,0,0,0,0,0,0,0,0,0,0
421327,1,1,1995,0,0,0,0,0,0,0,0,0,0
421328,1,1,1995,0,0,0,0,0,0,0,0,0,0
421328,2,1,1995,0,0,0,0,0,0,0,0,0,0
421328,3,1,1995,0,0,0,0,0,0,0,0,0,0
421329,1,1,1995,0,0,0,0,0,0,0,0,0,0
421330,1,1,1995,0,0,0,0,0,0,0,0,0,0
421330,2,1,1995,0,0,0,0,0,0,0,0,0,4
421331,1,1,1995,17,17,17,17,17,17,17,17,17,17
421332,1,1,1995,18,18,18,18,18,18,18,18,18,18
421333,1,1,1995,0,0,0,0,0,0,0,0,0,0
421333,2,1,1995,0,0,0,0,0,0,0,0,0,0
421333,3,1,1995,0,0,0,0,0,0,0,0,0,0
421334,1,1,1995,0,0,0,0,0,0,0,0,0,0
421334,2,1,1995,0,0,0,0,0,0,0,0,0,0
421334,3,1,1995,0,0,0,0,0,0,0,0,0,0
421334,4,1,1995,6,0,0,0,0,0,0,0,0,0
421335,0,1,1995,0,0,0,0,0,0,0,0,0,0
421335,1,1,1995,40,40,40,40,40,40,40,40,40,40
421336,0,1,1995,0,0,0,0,0,0,0,0,0,0
421336,1,1,1995,0,0,0,0,0,0,0,0,0,0
421337,1,1,1995,0,0,0,0,0,0,0,0,0,0
421337,2,1,1995,0,0,0,0,0,0,0,0,0,0
440001,1,1,1995,0,0,0,0,0,0,0,0,0,0
440002,1,2,1995,5,0,11,0,0,0,0,20,0,0
440002,2,1,1995,0,0,5,0,15,0,0,0,0,0
440003,1,1,1995,0,0,0,0,0,0,0,0,0,0
440003,2,1,1995,0,0,0,0,0,0,0,0,0,0
440004,1,1,1995,0,0,0,21,0,0,0,0,0,0
440005,0,1,1995,0,0,0,0,0,0,0,0,0,0
440005,1,1,1995,0,7,0,0,0,0,0,0,0,0
440006,1,1,1995,8,8,8,8,8,8,8,8,8,8
440007,1,1,1995,31,31,31,31,31,31,31,31,31,31
440008,1,1,1995,0,0,0,0,0,0,0,0,0,0
440009,1,1,1995,25,25,25,25,25,25,25,25,25,25
440010,1,1,1995,0,0,0,0,0,0,0,0,0,0
440011,1,1,1995,0,0,0,0,0,0,0,0,0,0
440012,1,2,1995,0,0,0,0,0,0,0,0,0,7
440012,2,1,1995,0,0,0,0,0,0,0,0,0,0
440013,1,1,1995,26,26,26,26,26,26,26,26,26,26
440014,0,1,1995,0,0,0,0,0,0,0,0,0,0
440014,1,1,1995,0,0,0,0,0,0,0,0,0,0
440015,1,1,1995,0,0,0,0,0,0,0,0,0,0
440016,1,1,1995,0,0,0,0,0,0,0,0,0,0
440016,2,1,1995,0,0,0,0,0,0,0,0,0,0
440017,1,1,1995,0,0,0,0,0,0,0,0,0,0
440018,1,1,1995,12,12,12,12,12,12,12,12,12,12
440018,2,1,1995,0,0,0,0,0,0,0,0,0,0
440019,1,1,1995,34,34,34,34,34,34,34,34,34,34
440020,1,2,1995,0,0,0,0,0,0,0,0,0,0
440021,1,1,1995,0,0,0,0,0,0,0,4,0,0
440021,2,1,1995,0,0,0,0,0,0,0,0,0,0
440022,1,1,1995,0,0,0,0,0,0,0,0,0,0
440022,2,1,1995,0,0,0,0,0,0,0,0,0,0
440023,1,1,1995,0,0,0,0,0,0,0,0,0,0
440024,1,1,1995,14,14,14,14,14,14,14,14,14,14
440025,1,1,1995,0,0,0,0,0,0,0,0,0,0
440026,0,1,1995,9,9,9,9,9,9,9,9,9,9
440026,1,1,1995,0,0,0,0,0,0,0,0,0,0
440027,1,2,1995,0,0,0,0,0,0,0,0,0,0
440027,2,1,1995,0,0,0,0,0,0,0,0,0,0
440028,0,1,1995,22,22,22,22,22,22,22,22,22,22
440028,1,1,1995,0,15,0,0,0,26,19,0,5,0
440029,1,1,1995,13,13,13,13,13,13,13,13,13,13
440030,0,1,1995,14,14,14,14,14,14,14,14,14,14
440030,1,1,1995,10,0,0,12,19,22,18,6,0,0
440031,1,1,1995,0,0,0,0,0,0,0,0,0,0
440031,2,1,1995,0,0,0,0,0,0,0,0,0,0
440032,0,1,1995,0,0,0,0,0,0,0,0,0,0
440032,1,1,1995,0,12,7,0,0,0,0,16,12,41
440033,1,2,1995,0,0,0,0,0,0,0,0,0,0
440033,2,1,1995,0,0,0,0,0,0,0,0,0,0
440034,1,1,1995,20,23,0,30,0,19,0,13,29,13
440035,0,1,1995,0,0,0,0,0,0,0,0,0,0
440035,1,1,1995,0,0,0,0,0,0,0,0,0,0
440036,1,1,1995,0,0,0,0,0,0,0,0,0,0
440037,0,1,1995,0,0,0,0,0,0,0,0,0,0
440037,1,1,1995,0,0,0,0,0,0,0,0,0,0
440038,0,1,1995,0,0,0,0,0,0,0,0,0,0
440038,1,1,1995,0,0,0,0,0,0,0,0,0,0
440039,1,1,1995,15,15,15,15,15,15,15,15,15,15
440040,0,1,1995,0,0,0,0,0,0,0,0,0,0
440040,1,1,1995,6,0,0,0,12,0,0,0,0,0
440041,1,1,1995,15,15,15,15,15,15,15,15,15,15
440042,1,2,1995,0,0,0,0,0,0,0,0,0,0
440043,1,2,1995,0,0,0,0,0,0,0,0,0,0
440043,2,1,1995,6,0,0,0,0,0,0,0,7,0
440043,3,1,1995,0,0,0,0,0,0,9,0,0,0
440043,4,1,1995,0,0,0,0,0,0,0,0,0,0
440044,1,1,1995,0,0,0,0,0,0,0,0,0,0
440045,0,1,1995,0,0,0,0,0,0,0,0,0,0
440045,0,2,1995,0,0,0,0,0,0,0,0,0,0
440045,1,1,1995,0,0,0,0,0,0,4,0,0,0
440046,0,1,1995,35,35,35,35,35,35,35,35,35,35
440046,1,1,1995,0,0,0,0,0,0,0,0,0,0
440047,1,1,1995,0,0,0,0,0,0,0,0,0,0
440047,2,1,1995,0,0,0,0,0,0,0,0,0,0
440048,1,1,1995,8,8,8,8,8,8,8,8,8,8
440049,0,1,1995,1,1,1,1,1,1,1,1,1,1
440049,0,2,1995,0,20,0,0,31,6,18,0,0,0
440049,1,1,1995,0,0,0,4,0,0,0,0,0,0
440050,1,2,1995,0,0,14,0,0,0,0,0,0,0
440050,2,1,1995,16,9,13,20,18,31,24,15,27,28
440051,1,1,1995,0,0,0,0,0,0,0,0,0,0
440051,2,1,1995,0,0,0,0,0,14,0,0,0,0
440051,3,1,1995,0,0,0,0,0,0,0,0,0,0
440052,1,1,1995,0,0,0,0,0,0,0,0,0,0
440052,2,1,1995,0,0,6,0,4,0,0,0,0,0
440052,3,1,1995,0,0,0,10,0,0,13,0,2,0
440052,4,1,1995,17,2,0,0,12,14,0,0,0,12
440053,1,1,1995,0,0,0,0,0,0,0,0,0,0
440053,2,1,1995,0,0,0,0,0,0,0,0,0,0
440054,1,1,1995,21,21,21,21,21,21,21,21,21,21
440054,2,1,1995,19,0,0,0,0,0,14,0,0,20
440055,1,1,1995,35,35,35,35,35,35,35,35,35,35
440056,1,2,1995,11,14,8,12,5,13,18,18,4,15
440057,1,1,1995,0,0,0,0,0,0,0,0,0,0
440058,1,2,1995,0,0,0,0,0,0,0,0,0,0
440058,2,1,1995,0,0,0,0,0,0,0,0,0,0
440058,3,1,1995,0,0,0,0,0,0,0,0,0,0
440059,0,1,1995,9,9,9,9,9,9,9,9,9,9
440059,1,1,1995,0,0,0,0,0,0,0,9,0,0
440060,1,2,1995,0,0,0,0,0,0,0,0,0,0
440061,1,1,1995,21,21,21,21,21,21,21,21,21,21
440062,1,1,1995,0,0,0,0,0,0,0,0,0,0
440062,2,1,1995,0,0,0,0,0,0,0,0,0,0
440063,0,1,1995,0,0,0,0,0,0,0,0,0,0
440063,1,1,1995,0,10,0,0,0,35,0,0,0,11
440064,1,1,1995,18,0,0,0,0,0,15,0,10,0
450001,1,1,1995,0,0,0,0,0,0,0,0,28,0
450002,0,1,1995,0,0,0,0,0,0,0,0,0,0
450002,1,1,1995,0,0,0,0,0,0,0,0,0,0
450003,1,1,1995,1,1,1,1,1,1,1,1,1,1
450005,1,1,1995,21,21,21,21,21,21,21,21,21,21
450006,1,1,1995,14,14,14,14,14,14,14,14,14,14
450007,1,1,1995,14,14,14,14,14,14,14,14,14,14
450007,2,1,1995,17,7,23,10,10,19,23,33,15,13
450008,1,1,1995,7,7,7,7,7,7,7,7,7,7
450009,0,1,1995,15,15,15,15,15,15,15,15,15,15
450009,1,1,1995,0,0,0,0,0,0,0,27,0,0
450010,1,1,1995,0,0,0,0,0,0,0,0,0,0
450011,1,1,1995,0,0,0,0,0,0,0,0,0,0
450011,2,1,1995,0,0,0,0,0,0,0,0,0,0
450012,1,1,1995,0,0,0,0,0,0,0,0,0,0
450012,2,1,1995,0,0,0,0,0,0,25,0,0,0
450013,1,1,1995,0,0,0,0,0,0,0,0,0,0
450013,2,1,1995,0,0,0,0,0,0,0,0,0,0
450014,1,1,1995,0,0,0,0,0,0,0,0,0,0
450015,0,1,1995,0,0,0,0,15,0,0,0,0,0
450015,1,1,1995,0,0,0,0,0,0,0,0,0,0
450016,1,1,1995,27,8,12,23,38,29,9,16,19,8
450017,1,1,1995,0,0,0,0,0,0,0,0,0,0
450018,1,1,1995,0,13,0,7,0,0,0,0,0,0
450019,0,1,1995,0,0,0,0,0,0,0,0,0,24
450019,1,1,1995,0,0,0,0,0,0,0,0,0,0
450020,1,1,1995,7,7,7,7,7,7,7,7,7,7
450021,1,1,1995,0,0,0,0,0,0,0,0,24,0
450022,1,1,1995,0,0,0,0,0,13,0,0,0,0
450022,2,1,1995,0,0,0,0,0,0,0,0,0,0
450023,0,2,1995,6,6,6,6,6,6,6,6,6,6
450023,1,1,1995,0,0,0,0,0,0,0,0,0,0
450024,0,1,1995,0,0,0,0,0,0,0,0,34,0
450024,1,1,1995,0,9,0,0,0,0,0,22,0,0
450025,0,1,1995,24,24,24,24,24,24,24,24,24,24
450025,1,1,1995,0,0,0,0,0,0,0,0,0,0
450026,1,1,1995,0,0,0,0,0,0,0,10,0,0
450026,2,1,1995,0,0,0,0,0,0,0,6,0,0
450027,1,1,1995,0,0,0,0,0,0,0,0,0,0
450028,0,1,1995,0,0,0,0,0,0,0,0,0,0
450028,1,1,1995,0,0,0,0,0,0,0,0,0,0
450029,0,1,1995,15,15,15,15,15,15,15,15,15,15
450029,0,2,1995,0,0,0,0,0,0,0,0,0,0
450029,1,1,1995,0,21,0,0,25,0,22,32,0,0
450030,1,1,1995,20,0,0,29,0,0,0,8,0,0
450030,2,1,1995,0,15,0,26,0,0,0,0,0,0
450031,1,1,1995,22,22,22,22,22,22,22,22,22,22
450032,1,1,1995,0,0,0,6,0,0,0,0,0,0
450032,2,1,1995,0,0,0,0,0,0,0,0,0,0
450032,3,1,1995,0,0,0,0,0,0,0,0,0,0
450032,4,1,1995,0,0,8,0,0,0,0,0,0,0
450033,0,1,1995,0,0,0,0,0,12,5,18,0,0
450033,1,1,1995,0,0,0,0,0,0,0,0,0,0
450034,1,1,1995,0,0,0,0,0,0,0,0,0,0
450034,2,1,1995,0,0,0,0,0,0,0,0,0,0
450035,1,1,1995,0,14,26,0,0,0,0,0,0,14
450036,1,1,1995,0,0,0,0,0,0,0,0,0,0
450036,2,1,1995,0,0,0,0,0,0,0,0,0,0
450037,1,1,1995,6,6,6,6,6,6,6,6,6,6
450037,2,1,1995,0,0,0,0,0,0,0,0,0,0
450037,3,1,1995,0,0,0,0,0,0,0,0,0,0
450038,1,1,1995,6,20,29,0,0,0,0,0,0,13
450039,1,1,1995,0,0,0,0,0,0,0,0,0,0
450040,0,1,1995,11,11,11,11,11,11,11,11,11,11
450040,1,1,1995,0,0,0,0,0,0,0,0,0,0
450041,1,1,1995,0,0,0,0,0,0,0,0,0,0
450041,2,1,1995,0,0,0,0,0,0,0,0,0,0
450042,0,1,1995,0,0,0,0,0,0,0,0,0,0
450042,1,1,1995,0,0,0,0,0,0,0,0,0,0
450043,1,1,1995,0,0,0,0,0,0,0,0,0,0