ST_CASE,VEH_NO,PER_NO,YEAR,P1,P2,P3,P4,P5,P6,P7,P8,P9,P10
450043,2,1,1995,0,0,0,0,0,0,0,0,0,0
450044,1,1,1995,0,0,0,0,0,0,0,0,0,0
450044,2,1,1995,0,0,0,14,0,0,0,18,0,0
450045,0,1,1995,13,0,0,0,0,0,24,0,16,16
450045,1,1,1995,13,0,0,0,0,0,16,15,0,0
450046,1,1,1995,0,0,0,0,0,0,0,0,0,0
450046,2,1,1995,0,0,0,0,0,0,0,0,0,0
450047,1,1,1995,4,4,4,4,4,4,4,4,4,4
450048,1,1,1995,0,0,5,0,0,0,0,0,0,0
450049,1,1,1995,22,0,0,44,0,10,0,0,0,0
450049,2,1,1995,0,0,0,0,0,0,0,0,0,0
450050,1,1,1995,0,0,0,0,0,0,0,0,0,0
450050,2,1,1995,0,0,0,0,0,0,0,0,0,0
450051,1,1,1995,18,12,11,26,8,12,0,5,16,7
450051,2,1,1995,0,0,0,0,0,0,0,0,0,0
450052,1,1,1995,35,25,18,19,11,22,32,18,22,25
450053,1,1,1995,0,5,0,0,0,0,0,0,0,0
450054,0,1,1995,0,0,25,18,0,7,33,38,0,22
450054,1,1,1995,0,0,3,2,0,0,0,0,0,0
450055,1,1,1995,0,0,0,0,0,0,0,0,0,0
450055,2,1,1995,0,0,0,0,0,0,0,0,0,0
450056,1,1,1995,0,0,0,0,0,0,0,0,0,0
450056,2,1,1995,5,0,0,0,0,0,0,0,0,0
450057,1,1,1995,0,0,0,0,0,0,0,0,0,0
450057,2,1,1995,0,0,0,0,0,0,0,0,0,0
450058,1,1,1995,0,0,18,0,0,0,0,0,0,0
450059,1,1,1995,0,0,2,14,0,22,0,0,17,0
450059,2,1,1995,0,0,0,0,0,14,0,19,0,0
450060,1,1,1995,0,0,0,0,0,0,0,0,0,0
450060,2,1,1995,0,0,14,0,0,0,0,0,0,0
450061,1,1,1995,0,0,0,0,0,0,0,0,0,0
450061,2,1,1995,0,0,0,0,0,0,0,0,0,0
450062,1,1,1995,0,0,0,0,0,0,0,0,0,0
450062,2,1,1995,0,0,0,0,0,0,0,0,0,0
450063,1,1,1995,12,12,12,12,12,12,12,12,12,12
450064,1,1,1995,0,0,0,0,0,0,0,0,0,0
450065,1,1,1995,0,0,16,0,39,0,15,0,0,0
450066,1,1,1995,0,0,0,0,0,0,0,0,0,0
450066,2,1,1995,0,0,0,0,0,0,0,0,0,0
450066,3,1,1995,0,0,0,0,0,0,0,0,0,0
450067,1,1,1995,13,13,13,13,13,13,13,13,13,13
450068,1,1,1995,0,0,0,0,0,0,0,0,0,0
450068,2,1,1995,28,0,0,0,0,0,17,0,0,0
450069,0,1,1995,26,26,26,26,26,26,26,26,26,26
450069,1,1,1995,0,0,0,0,0,0,0,0,0,0
450070,1,1,1995,0,0,0,0,0,0,0,0,9,0
450070,2,1,1995,0,0,0,0,0,0,0,0,0,0
450071,1,1,1995,0,0,0,0,0,0,0,0,0,0
450072,0,1,1995,0,0,0,0,17,0,14,0,0,5
450072,1,1,1995,0,0,0,0,0,0,0,0,0,0
450073,1,1,1995,0,0,0,21,17,0,0,0,0,2
450074,1,1,1995,0,0,0,0,0,0,0,0,0,0
450074,2,1,1995,0,0,0,0,0,0,0,0,0,0
450075,1,1,1995,0,0,0,0,0,0,0,20,0,11
450076,1,1,1995,20,15,18,19,11,0,15,22,22,6
450077,1,1,1995,0,0,0,0,0,0,0,0,0,9
450078,1,1,1995,0,0,0,0,0,0,0,0,0,0
450078,2,1,1995,0,0,0,0,8,0,0,0,0,0
450079,1,1,1995,0,0,0,18,0,10,8,0,0,0
450080,1,1,1995,0,15,30,0,0,17,0,0,0,0
450081,0,1,1995,15,15,15,15,15,15,15,15,15,15
450081,1,1,1995,0,0,0,0,0,0,0,0,0,0
450082,1,1,1995,0,0,0,0,0,0,0,0,0,0
450083,1,1,1995,28,12,13,0,22,17,19,10,14,17
450083,2,1,1995,21,12,11,4,17,6,20,23,7,23
450084,1,1,1995,18,18,18,18,18,18,18,18,18,18
450085,1,1,1995,17,17,17,17,17,17,17,17,17,17
450086,1,1,1995,14,15,12,13,17,12,5,10,11,21
450086,2,1,1995,0,0,11,0,0,0,0,0,15,0
450087,1,1,1995,11,0,0,0,0,0,0,0,0,0
450087,2,1,1995,0,0,0,0,0,0,0,0,0,20
450088,1,1,1995,6,6,6,6,6,6,6,6,6,6
450089,1,1,1995,0,0,0,0,0,20,0,0,0,0
450090,1,1,1995,0,0,0,0,0,0,19,0,0,0
450091,0,1,1995,0,0,0,0,0,0,0,0,0,0
450091,1,1,1995,0,0,0,0,0,0,0,0,0,0
450092,1,1,1995,0,0,0,0,0,0,0,0,0,0
450092,2,1,1995,15,15,15,15,15,15,15,15,15,15
450093,1,1,1995,0,0,0,0,0,0,0,0,0,0
450093,2,1,1995,0,0,0,0,0,0,0,0,0,0
450094,1,1,1995,0,0,22,0,0,17,0,0,0,19
450095,1,1,1995,0,0,27,5,0,20,0,0,0,0
450096,1,1,1995,0,0,20,0,0,27,0,0,55,0
450097,1,1,1995,0,0,0,0,31,0,0,0,0,15
450098,0,1,1995,0,4,0,0,0,0,33,18,0,0
450098,1,1,1995,0,0,0,17,0,0,0,13,0,17
450099,1,1,1995,15,0,0,0,0,0,21,0,15,0
450100,1,1,1995,0,0,0,0,0,0,0,0,0,0
450100,2,1,1995,0,0,0,0,0,0,0,0,0,0
450101,1,1,1995,0,0,0,0,0,0,0,0,0,0
450101,2,1,1995,0,0,0,0,0,0,0,0,0,0
450101,3,1,1995,17,17,17,17,17,17,17,17,17,17
450102,1,1,1995,25,25,25,25,25,25,25,25,25,25
450103,1,1,1995,10,10,10,10,10,10,10,10,10,10
450104,1,1,1995,0,0,0,0,0,0,0,0,0,0
450105,1,1,1995,25,25,25,25,25,25,25,25,25,25
450106,1,1,1995,0,0,0,0,0,0,0,0,0,0
450106,2,1,1995,0,0,0,0,0,0,20,10,0,0
450107,0,1,1995,0,0,0,0,0,0,0,0,0,0
450107,1,1,1995,0,0,0,0,0,0,0,0,0,0
450108,1,1,1995,24,24,24,24,24,24,24,24,24,24
450109,1,1,1995,11,11,11,11,11,11,11,11,11,11
450110,1,1,1995,18,18,18,18,18,18,18,18,18,18
450111,1,1,1995,0,0,0,0,0,0,0,0,0,0
450112,1,1,1995,0,0,0,7,12,0,20,0,0,0
450112,2,1,1995,0,0,0,0,0,0,0,0,0,0
450113,1,1,1995,10,0,0,0,0,0,0,0,0,0
450114,1,1,1995,23,23,23,23,23,23,23,23,23,23
450115,1,1,1995,0,0,0,0,0,0,0,0,0,0
450115,2,1,1995,1,1,1,1,1,1,1,1,1,1
450116,1,1,1995,4,4,4,4,4,4,4,4,4,4
450117,1,1,1995,0,0,0,0,0,0,0,0,0,0
450117,2,1,1995,1,1,1,1,1,1,1,1,1,1
450118,1,1,1995,27,27,27,27,27,27,27,27,27,27
450119,1,1,1995,0,0,0,0,0,0,0,0,0,0
450120,1,1,1995,0,15,0,17,0,29,0,0,0,11
450121,1,1,1995,0,0,0,0,0,0,0,0,0,0
450121,2,1,1995,0,10,0,0,0,0,0,0,14,0
450122,1,1,1995,10,10,10,10,10,10,10,10,10,10
450122,2,1,1995,0,0,0,0,25,0,0,0,0,0
450122,3,1,1995,0,0,0,0,0,0,0,0,0,0
450123,1,1,1995,0,0,0,0,0,0,0,0,0,0
450123,2,1,1995,0,0,0,0,0,0,0,0,0,0
450124,1,1,1995,0,0,0,0,0,0,0,0,0,0
450125,1,1,1995,14,20,13,18,13,28,3,13,21,6
450125,2,1,1995,0,0,0,0,0,0,14,0,0,0
450126,1,1,1995,0,0,0,0,0,0,0,0,0,0
450126,2,1,1995,15,15,15,15,15,15,15,15,15,15
450127,1,1,1995,0,0,0,0,0,0,0,0,0,0
450127,2,1,1995,0,0,0,36,0,0,19,0,0,0
450128,1,1,1995,0,12,0,0,18,0,18,0,0,7
450129,1,1,1995,0,0,0,0,0,0,0,0,0,0
450130,1,1,1995,0,0,0,0,17,0,4,0,12,0
450131,1,1,1995,0,0,0,0,0,0,0,0,0,16
450131,2,1,1995,23,23,23,23,23,23,23,23,23,23
450132,1,1,1995,39,11,0,21,0,0,0,0,12,22
450133,1,1,1995,12,19,0,14,14,27,15,34,32,15
450134,1,1,1995,27,27,27,27,27,27,27,27,27,27
450135,1,1,1995,0,0,0,0,0,0,0,0,0,0
450136,1,1,1995,0,4,0,0,0,2,11,0,0,7
450137,1,1,1995,0,0,0,0,0,0,0,0,0,0
450137,2,1,1995,0,0,0,0,0,0,0,0,0,0
450138,1,1,1995,0,10,0,0,0,0,0,0,0,0
450138,2,1,1995,0,0,0,0,0,0,0,0,0,0
450139,0,1,1995,0,0,0,0,32,0,0,35,0,0
450139,1,1,1995,0,0,0,0,0,0,0,0,0,0
450140,1,1,1995,0,0,0,0,0,0,0,0,0,0
450140,2,1,1995,0,0,0,0,0,0,0,0,0,0
450141,1,1,1995,0,0,11,0,0,0,0,0,0,0
450141,2,1,1995,0,0,0,0,0,0,0,0,0,0
450141,3,1,1995,0,0,0,0,0,0,0,0,0,0
450142,1,1,1995,0,0,0,0,0,0,0,0,0,0
450142,2,1,1995,0,0,0,0,0,0,0,0,0,0
450143,1,1,1995,19,19,19,19,19,19,19,19,19,19
450144,1,1,1995,7,0,6,0,0,0,0,0,0,7
450145,1,1,1995,0,0,0,0,0,0,0,0,0,0
450146,1,1,1995,0,0,0,0,0,0,0,0,0,0
450146,2,1,1995,0,0,0,0,0,0,0,0,0,0
450146,3,1,1995,0,0,0,0,0,0,0,0,0,0
450147,1,1,1995,16,16,16,16,16,16,16,16,16,16
450148,1,1,1995,22,0,28,0,0,0,25,11,0,10
450149,1,1,1995,0,0,0,0,0,0,0,0,0,0
450150,1,1,1995,0,0,0,0,0,0,0,0,0,0
450150,2,1,1995,0,0,0,0,0,0,0,0,0,0
450151,1,1,1995,0,0,0,0,0,0,0,0,0,0
450151,2,1,1995,0,0,18,0,8,0,0,0,0,0
450152,0,1,1995,12,12,12,12,12,12,12,12,12,12
450152,1,1,1995,0,0,0,0,0,0,0,0,0,4
450154,1,1,1995,0,0,0,0,0,0,0,0,0,0
450154,2,1,1995,0,0,0,0,0,0,0,0,0,0
450155,1,1,1995,16,16,16,16,16,16,16,16,16,16
450156,1,1,1995,22,22,22,22,22,22,22,22,22,22
450157,1,1,1995,0,0,0,0,0,0,0,0,0,0
450157,2,1,1995,24,0,0,0,0,0,0,0,0,0
450158,1,1,1995,30,30,30,30,30,30,30,30,30,30
450159,0,1,1995,0,0,0,0,0,0,0,0,0,0
450159,0,2,1995,0,0,0,0,0,0,0,0,0,0
450159,1,1,1995,0,0,0,0,0,0,0,0,0,0
450160,1,1,1995,17,17,17,17,17,17,17,17,17,17
450161,1,1,1995,0,0,0,0,0,0,0,22,0,0
450161,2,1,1995,0,0,0,0,0,6,0,0,0,0
450164,0,1,1995,0,0,0,0,0,0,0,0,0,0
450164,0,2,1995,0,0,28,0,0,12,0,0,10,0
450164,1,1,1995,0,0,0,0,0,0,0,0,0,0
450165,1,1,1995,0,0,0,0,20,6,0,0,18,0
450167,1,1,1995,0,0,0,0,0,0,0,0,7,0
450168,1,1,1995,9,9,9,9,9,9,9,9,9,9
450169,1,1,1995,0,0,0,0,0,0,0,0,0,0
450169,2,1,1995,4,0,0,0,0,0,0,0,0,0
450170,1,1,1995,8,19,15,9,21,15,35,0,26,19
450171,0,1,1995,28,28,28,28,28,28,28,28,28,28
450171,1,1,1995,0,0,0,0,18,0,0,0,0,0
450172,1,1,1995,0,0,0,0,0,0,0,0,0,0
450172,2,1,1995,0,0,0,0,0,0,0,0,0,0
450173,1,1,1995,16,16,16,16,16,16,16,16,16,16
450174,1,1,1995,0,0,0,0,0,0,0,0,0,0
450174,2,1,1995,0,0,0,0,0,0,0,0,0,0
450174,3,1,1995,0,0,0,0,0,0,0,0,0,0
450175,1,1,1995,23,0,24,0,12,0,0,19,0,13
450176,1,1,1995,0,0,0,19,0,0,0,0,0,0
450177,1,1,1995,0,0,0,22,0,0,0,0,0,0
450177,2,1,1995,10,10,10,10,10,10,10,10,10,10
450178,1,1,1995,19,19,19,19,19,19,19,19,19,19
450179,1,1,1995,0,0,0,0,0,0,0,0,0,0
450179,2,1,1995,16,16,16,16,16,16,16,16,16,16
450180,1,1,1995,0,0,12,11,0,0,6,0,21,8
450181,1,1,1995,0,0,0,0,0,0,0,0,0,0
450182,1,1,1995,10,10,10,10,10,10,10,10,10,10
450183,1,1,1995,16,16,16,16,16,16,16,16,16,16
450184,1,1,1995,0,0,0,0,0,0,0,0,0,0
450184,2,1,1995,0,0,0,0,0,0,0,0,0,0
450185,1,1,1995,0,5,0,0,0,0,0,0,0,0
450186,1,1,1995,6,6,6,6,6,6,6,6,6,6
450186,2,1,1995,0,0,0,0,0,0,0,0,0,0
450187,1,1,1995,0,0,0,0,0,0,0,0,0,0
450187,2,1,1995,14,0,0,0,0,0,11,0,0,0
450188,1,1,1995,0,0,0,0,0,0,0,0,5,0
450189,1,1,1995,0,0,0,0,0,0,0,0,0,0
450189,2,1,1995,0,9,0,0,0,0,0,0,0,0
450190,1,1,1995,0,0,0,0,0,0,0,0,0,0
450190,2,1,1995,0,0,9,0,0,0,0,0,0,0
450191,0,1,1995,25,18,12,33,20,21,15,21,23,28
450191,1,1,1995,0,0,0,0,0,0,0,0,0,0
450192,1,1,1995,17,17,17,17,17,17,17,17,17,17
450192,2,1,1995,0,0,0,0,0,16,0,0,0,0
450192,3,1,1995,0,23,0,0,0,0,0,0,0,0
450193,1,1,1995,0,19,6,17,12,39,22,20,26,32
450194,1,1,1995,0,0,0,0,0,0,0,0,0,0
450194,2,1,1995,0,0,0,0,0,0,0,0,0,0
450195,1,1,1995,0,0,0,0,0,0,0,0,0,0
450195,2,1,1995,0,0,0,0,0,0,0,0,0,0
450196,1,1,1995,0,0,0,8,0,0,0,0,0,0
450196,2,1,1995,0,17,0,0,0,0,0,0,0,0
450197,1,1,1995,0,0,0,0,0,0,0,0,0,0
450198,1,1,1995,20,8,0,0,0,0,0,0,0,19
450199,1,1,1995,0,0,0,0,0,0,0,0,0,0
450199,2,1,1995,0,0,0,0,0,0,0,0,0,0
450200,1,1,1995,0,0,0,0,0,0,0,0,0,0
450200,2,1,1995,15,15,15,15,15,15,15,15,15,15
450201,1,1,1995,0,0,0,0,0,0,0,0,0,0
450201,2,1,1995,0,0,11,0,0,0,0,0,0,0
450201,3,1,1995,13,13,13,13,13,13,13,13,13,13
450202,1,1,1995,17,17,17,17,17,17,17,17,17,17
450203,1,1,1995,23,23,23,23,23,23,23,23,23,23
450204,1,1,1995,0,0,14,29,0,0,0,0,0,0
450205,1,1,1995,0,0,0,0,0,0,12,0,37,0
450206,0,4,1995,19,0,0,7,0,11,0,0,0,0
450206,1,1,1995,0,0,0,0,0,0,0,0,0,0
450207,1,1,1995,0,0,0,0,0,0,0,0,0,0
450207,2,1,1995,0,0,0,0,0,0,0,0,0,0
450208,1,1,1995,0,0,0,0,0,0,0,0,0,0
450208,2,1,1995,0,0,0,0,0,0,0,0,0,0
450209,1,1,1995,0,0,0,0,0,0,0,0,0,0
450209,2,1,1995,0,0,0,0,0,0,0,0,0,0
450210,1,1,1995,25,0,0,0,26,0,0,25,0,11
450211,1,1,1995,0,0,0,0,0,0,0,0,0,0
450211,2,1,1995,0,0,0,0,0,0,0,0,0,0
450211,3,1,1995,0,0,0,0,0,0,0,0,0,0
450212,1,1,1995,0,0,0,0,0,0,0,0,0,0
450213,0,1,1995,18,18,18,18,18,18,18,18,18,18
450213,1,1,1995,0,0,0,0,0,0,0,13,0,0
450214,1,1,1995,0,13,0,0,0,4,0,0,0,0
450214,2,1,1995,0,0,0,0,0,0,0,0,0,0
450215,1,1,1995,0,0,25,0,17,19,0,0,0,7
450216,1,1,1995,0,0,0,0,0,0,0,0,0,0
450216,2,1,1995,0,0,0,0,0,0,0,0,0,0
450216,3,1,1995,0,0,0,0,0,0,0,2,0,0
450217,1,1,1995,0,0,0,0,0,0,0,0,0,0
450217,2,1,1995,0,0,0,0,0,0,0,0,0,0
450218,1,1,1995,0,0,0,0,0,0,10,0,0,0
450219,1,1,1995,0,0,0,0,0,0,0,0,0,0
450219,2,1,1995,17,17,17,17,17,17,17,17,17,17
450220,1,1,1995,0,0,0,0,0,0,24,19,0,21
450221,1,1,1995,0,0,0,0,0,0,0,0,0,0
450221,2,1,1995,0,7,0,0,0,0,0,0,16,0
450222,1,1,1995,0,0,0,0,0,0,0,0,0,0
450222,2,1,1995,0,10,3,0,0,10,0,4,12,0
450222,3,1,1995,0,0,0,0,0,0,0,0,0,0
450222,4,1,1995,0,0,0,0,0,0,0,0,0,0
450222,5,1,1995,0,20,0,0,13,0,5,0,0,0
450222,6,1,1995,0,0,0,0,0,0,0,0,0,0
450222,7,1,1995,0,0,0,0,0,0,0,0,0,0
450222,8,1,1995,0,0,0,0,0,0,0,0,0,0
450223,1,1,1995,0,0,0,0,0,0,0,0,0,0
450223,2,1,1995,0,0,0,7,0,0,0,0,0,0
450224,1,1,1995,14,14,14,14,14,14,14,14,14,14
450225,1,1,1995,0,44,0,0,0,0,0,0,0,0
450226,0,1,1995,33,33,33,33,33,33,33,33,33,33
450226,1,1,1995,0,0,0,0,0,0,0,0,0,0
450227,1,1,1995,9,9,9,9,9,9,9,9,9,9
450228,1,1,1995,0,0,0,0,0,0,0,0,0,0
450229,1,1,1995,0,0,0,0,0,0,0,0,0,0
450229,2,1,1995,0,0,0,0,0,0,0,0,0,0
450230,1,1,1995,0,0,0,30,0,0,0,0,0,0
450230,2,1,1995,0,0,0,0,0,0,0,0,0,0
450230,3,1,1995,0,0,14,18,0,9,0,0,0,0
450231,1,1,1995,0,0,0,0,0,0,0,0,0,0
450231,2,1,1995,0,0,0,0,0,0,0,0,0,0
450232,1,1,1995,0,0,0,0,0,0,0,0,0,0
450232,2,1,1995,0,0,0,0,0,0,0,0,0,0
450233,0,1,1995,34,34,34,34,34,34,34,34,34,34
450233,1,1,1995,0,0,0,0,0,0,0,0,0,0
450234,1,1,1995,0,0,0,5,0,0,15,0,0,0
450234,2,1,1995,0,0,0,0,0,0,0,0,0,0
450235,1,1,1995,21,21,21,21,21,21,21,21,21,21
450236,1,1,1995,0,0,0,0,0,0,0,0,0,0
450236,2,1,1995,0,0,0,0,0,0,0,0,0,0
450237,1,1,1995,0,6,0,0,0,0,0,0,0,0
450238,1,1,1995,0,0,0,0,0,0,0,0,0,0
450239,1,1,1995,0,0,0,0,0,19,0,0,0,0
450240,1,1,1995,0,0,0,0,0,0,0,0,0,0
450241,1,1,1995,0,0,0,0,0,0,0,0,0,0
450241,2,1,1995,0,0,0,0,0,0,0,0,0,0
450242,1,1,1995,15,0,4,0,23,0,4,18,19,15
450243,1,1,1995,0,0,0,0,0,0,0,0,0,0
450243,2,1,1995,10,10,10,10,10,10,10,10,10,10
450244,1,1,1995,0,6,0,0,0,0,0,0,0,0
450245,1,1,1995,0,0,0,0,0,0,0,0,0,0
450246,1,1,1995,25,25,25,25,25,25,25,25,25,25
450247,1,1,1995,22,22,22,22,22,22,22,22,22,22
450248,0,1,1995,0,0,0,0,0,0,0,0,0,0
450248,1,1,1995,0,0,0,0,0,0,0,0,0,0
450249,1,1,1995,23,18,17,0,26,12,24,37,26,0
450250,1,1,1995,0,0,0,0,0,0,0,0,0,0
450250,2,1,1995,0,0,0,0,0,0,0,0,0,0
450251,0,1,1995,14,0,0,0,0,0,0,0,0,0
450251,1,1,1995,0,0,0,0,0,0,0,0,0,0
450252,1,1,1995,0,0,23,0,0,0,0,0,0,0
450252,2,1,1995,0,0,0,0,0,0,0,0,0,0
450253,1,1,1995,0,0,0,0,0,13,19,0,0,0
450254,1,1,1995,0,0,0,0,0,0,0,0,0,0
450255,0,1,1995,0,0,0,0,0,0,16,0,5,0
450255,1,1,1995,0,0,0,0,0,0,0,0,0,0
450256,1,1,1995,0,0,0,0,0,0,0,0,0,0
450257,1,1,1995,0,0,0,0,0,0,0,0,0,0
450257,2,1,1995,0,0,0,0,0,0,0,0,0,0
450257,3,1,1995,0,0,0,0,0,0,0,0,0,0
450258,1,1,1995,18,18,18,18,18,18,18,18,18,18
450259,1,1,1995,0,0,0,0,0,0,0,0,0,0
450259,2,1,1995,0,0,0,0,0,0,0,0,0,0
450260,1,1,1995,0,0,0,0,0,0,0,0,0,0
450260,2,1,1995,0,0,0,0,0,0,0,0,0,0
450261,1,1,1995,22,22,22,22,22,22,22,22,22,22
450262,1,1,1995,22,22,22,22,22,22,22,22,22,22
450263,1,1,1995,0,0,0,0,0,0,0,0,0,0
450263,2,1,1995,0,0,0,0,0,0,0,0,0,0
450264,1,1,1995,0,0,0,0,0,0,0,0,0,0
450264,2,1,1995,10,10,10,10,10,10,10,10,10,10
450265,1,1,1995,24,0,0,0,0,0,0,13,22,0
450266,1,1,1995,0,0,0,0,0,0,0,0,0,0
450267,1,1,1995,0,0,0,0,0,0,0,0,0,0
450267,2,1,1995,14,14,14,14,14,14,14,14,14,14
450268,1,1,1995,0,0,13,19,24,19,0,0,0,0
450269,1,1,1995,0,18,0,0,0,0,4,0,0,0
450270,1,1,1995,0,0,0,0,0,0,0,0,0,0
450271,1,1,1995,0,0,0,0,0,0,0,0,0,0
450271,2,1,1995,0,0,0,0,0,0,0,0,0,0
450272,1,1,1995,14,14,14,14,14,14,14,14,14,14
450273,1,1,1995,25,0,0,28,25,9,10,30,15,15
450274,1,1,1995,0,0,0,0,22,0,0,30,0,0
450274,2,1,1995,0,0,0,0,0,0,0,0,0,0
450274,3,1,1995,0,0,0,0,0,0,0,0,0,0
450275,1,1,1995,15,9,0,0,0,0,0,0,13,7
450276,1,1,1995,0,0,0,0,0,0,0,0,0,0
450276,2,1,1995,8,8,8,8,8,8,8,8,8,8
450277,1,1,1995,0,0,0,0,0,0,0,0,0,0
450277,2,1,1995,0,0,0,0,0,0,0,0,0,0
450278,1,1,1995,0,0,0,0,0,0,0,0,0,0
450279,0,1,1995,16,2,19,0,0,0,27,11,26,8
450279,1,1,1995,0,0,0,0,0,0,0,9,0,0
450280,0,1,1995,27,27,27,27,27,27,27,27,27,27
450280,1,1,1995,0,0,0,0,0,0,0,0,0,0
450281,1,1,1995,0,0,0,0,0,0,0,0,0,0
450281,2,1,1995,0,0,0,0,0,0,0,0,0,0
450281,3,1,1995,0,0,0,0,0,0,0,0,0,0
450282,1,1,1995,0,17,12,19,23,0,22,0,31,19
450283,0,1,1995,0,0,0,0,0,0,0,0,0,0
450283,1,1,1995,0,0,0,0,0,0,0,0,0,0
450284,1,1,1995,0,0,0,0,0,0,0,0,0,0
450284,2,1,1995,0,0,0,0,0,0,0,0,0,0
450285,1,1,1995,0,0,0,0,0,0,0,0,0,0
450285,2,1,1995,0,0,0,0,0,0,0,0,0,0
450286,0,1,1995,0,0,0,0,0,0,0,26,18,0
450286,1,1,1995,0,0,0,0,0,0,0,0,0,0
450287,0,1,1995,0,0,0,0,0,0,0,0,0,0
450287,1,1,1995,16,0,0,0,0,0,0,3,0,0
450288,1,1,1995,0,0,5,13,0,0,0,0,0,0
450288,2,1,1995,0,0,0,0,0,0,0,0,26,0
450290,1,1,1995,0,0,0,0,0,0,0,0,0,0
450290,2,1,1995,0,0,0,0,0,0,0,0,0,0
450291,1,1,1995,0,0,0,0,0,0,0,0,0,0
450291,2,1,1995,11,16,11,12,16,7,8,13,11,12
450292,1,1,1995,0,0,0,0,0,9,28,0,0,0
450293,1,1,1995,0,0,0,0,0,0,0,21,0,0
450293,2,1,1995,0,0,0,0,0,0,0,0,0,0
450294,1,1,1995,0,17,0,19,18,9,0,23,13,0
450295,1,1,1995,16,16,16,16,16,16,16,16,16,16
450296,1,1,1995,8,8,8,8,8,8,8,8,8,8
450296,2,1,1995,22,22,22,22,22,22,22,22,22,22
450297,1,1,1995,0,0,0,0,0,0,0,0,0,0
450297,2,1,1995,0,0,0,0,0,0,0,0,0,0
450298,1,1,1995,0,0,0,0,0,0,0,0,0,0
450299,1,1,1995,23,2,5,18,13,27,28,14,16,13
450300,1,1,1995,0,0,0,0,0,0,0,0,0,0
450300,2,1,1995,17,17,17,17,17,17,17,17,17,17
450301,1,1,1995,0,0,0,0,0,11,6,0,5,0
450302,1,1,1995,0,0,9,33,14,0,0,0,23,0
450303,1,1,1995,0,0,0,25,26,0,19,0,0,4
450304,1,1,1995,18,0,0,0,0,0,0,0,0,0
450305,1,1,1995,0,0,0,0,0,0,0,0,0,0
450306,1,1,1995,0,0,0,0,0,0,0,0,0,0
450306,2,1,1995,0,0,0,0,0,0,0,0,0,0
450307,1,1,1995,0,0,0,0,0,0,0,0,0,0
450307,2,1,1995,0,0,0,0,0,0,0,0,0,0
450307,3,1,1995,0,0,0,0,0,0,0,0,0,0
450308,1,1,1995,0,0,0,0,0,0,0,0,0,0
450309,1,1,1995,0,0,0,0,0,0,0,0,0,0
450309,2,1,1995,0,0,0,0,0,0,0,0,0,0
450310,1,1,1995,11,22,23,10,8,13,18,24,26,19
450310,2,1,1995,0,0,0,0,0,0,0,0,0,0
450311,1,1,1995,0,0,0,0,0,0,0,0,0,0
450312,1,1,1995,0,0,0,4,0,0,0,14,0,0
450312,2,1,1995,0,0,0,0,0,0,0,0,0,0
450313,1,1,1995,0,0,0,0,0,0,0,0,0,0
450313,2,1,1995,14,14,14,14,14,14,14,14,14,14
450314,1,1,1995,0,0,0,0,0,0,0,0,0,0
450315,1,1,1995,12,0,0,0,0,0,0,0,0,0
450315,2,1,1995,0,0,0,0,0,0,0,0,0,0
450316,1,1,1995,0,0,0,0,0,0,0,0,0,0
450316,2,1,1995,0,5,0,0,0,0,0,0,0,0
450317,1,1,1995,0,27,0,10,0,0,0,0,0,0
450318,1,1,1995,10,10,10,10,10,10,10,10,10,10
450318,2,1,1995,0,0,0,0,26,0,0,0,0,0
450319,1,1,1995,0,0,0,0,0,0,0,0,0,0
450320,1,1,1995,0,0,0,0,0,0,0,0,0,0
450320,2,1,1995,0,0,0,0,0,0,0,0,0,19
450321,1,1,1995,11,0,0,0,0,0,0,0,0,0
450321,2,1,1995,0,0,0,0,0,0,0,22,0,0
450322,1,1,1995,23,10,23,20,7,26,17,28,21,21
450323,1,1,1995,0,0,0,0,0,17,0,0,0,0
450324,0,1,1995,0,0,0,0,0,0,0,0,0,0
450324,1,1,1995,0,0,0,0,0,0,0,0,0,0
450325,1,1,1995,0,0,0,0,0,0,0,0,0,0
450326,1,1,1995,0,0,0,0,0,0,0,0,0,0
450327,1,1,1995,0,0,14,0,0,0,0,0,0,0
450327,2,1,1995,0,0,11,0,0,0,0,0,0,0
450328,1,1,1995,0,0,0,0,0,0,0,0,0,0
450328,2,1,1995,0,0,0,0,0,0,0,0,0,0
450329,1,1,1995,0,0,33,8,27,23,11,0,0,17
450330,1,1,1995,0,0,0,0,0,0,0,0,0,0
450330,2,1,1995,0,0,0,0,0,0,0,0,0,0
450331,1,1,1995,0,0,0,0,0,33,0,0,17,0
450332,1,1,1995,0,0,0,0,0,0,0,0,0,0
450333,1,1,1995,0,4,0,0,0,0,0,0,0,0
450333,2,1,1995,0,0,0,0,0,0,0,0,0,0
450334,1,1,1995,0,0,0,0,0,0,0,0,0,0
450334,2,1,1995,0,0,0,0,0,0,0,0,0,0
450335,0,1,1995,0,0,0,0,0,0,0,0,0,16
450335,1,1,1995,25,0,0,0,3,0,0,0,0,0
450336,1,1,1995,0,0,21,0,0,0,0,19,0,0
450336,2,1,1995,0,18,0,0,0,0,0,22,13,30