ST_CASE,VEH_NO,PER_NO,YEAR,P1,P2,P3,P4,P5,P6,P7,P8,P9,P10
450337,1,1,1995,0,10,34,0,18,18,0,30,0,0
450338,1,1,1995,11,11,11,11,11,11,11,11,11,11
450338,2,1,1995,0,0,0,0,0,0,0,0,0,0
450339,1,1,1995,7,7,7,7,7,7,7,7,7,7
450340,1,1,1995,0,0,0,0,0,0,0,4,11,8
450341,1,1,1995,7,7,7,7,7,7,7,7,7,7
450342,1,1,1995,10,10,10,10,10,10,10,10,10,10
450343,1,1,1995,30,30,30,30,30,30,30,30,30,30
450344,1,1,1995,0,0,0,0,0,0,0,0,0,0
450345,1,1,1995,0,0,0,25,0,0,0,0,0,0
450346,1,1,1995,0,0,0,29,0,23,0,0,0,0
450347,0,1,1995,0,0,0,30,0,0,0,0,0,16
450347,1,1,1995,0,0,0,0,0,0,0,0,0,0
450348,1,1,1995,23,23,23,23,23,23,23,23,23,23
450348,2,1,1995,0,0,0,0,0,0,0,0,0,0
450349,1,1,1995,0,0,0,0,0,0,0,0,0,0
450349,2,1,1995,0,0,0,0,0,0,0,0,0,0
450350,0,1,1995,0,0,0,0,0,0,28,0,0,12
450350,1,1,1995,0,0,0,0,0,0,0,0,0,0
450351,1,1,1995,1,1,1,1,1,1,1,1,1,1
450352,1,1,1995,25,25,25,25,25,25,25,25,25,25
450353,1,1,1995,0,5,0,7,0,0,0,0,0,0
450354,1,1,1995,0,0,0,0,0,0,0,0,0,0
450354,2,1,1995,0,0,0,0,0,0,0,0,0,0
450355,1,1,1995,22,24,10,13,14,27,0,20,24,25
450355,2,1,1995,0,0,0,0,0,0,6,0,0,0
450356,1,1,1995,0,0,0,0,0,0,0,12,0,0
450356,2,1,1995,12,12,12,12,12,12,12,12,12,12
450358,1,1,1995,0,0,0,0,0,0,0,0,0,0
450359,1,1,1995,0,0,0,0,0,0,0,0,0,0
450359,2,1,1995,0,0,0,0,9,0,0,0,12,0
450360,1,1,1995,0,0,0,0,0,0,0,0,0,0
450360,2,1,1995,0,15,0,6,37,0,22,0,0,0
450361,1,1,1995,0,0,0,0,0,0,0,0,0,0
450362,1,1,1995,4,0,0,0,0,0,0,0,0,0
450362,2,1,1995,0,0,0,0,0,0,0,0,0,0
450363,1,1,1995,0,31,14,36,0,27,13,16,13,22
450364,1,1,1995,0,0,0,0,0,0,0,0,0,0
450364,2,1,1995,0,0,0,0,0,0,0,0,0,0
450364,3,1,1995,0,0,0,0,0,0,0,0,0,0
450365,1,1,1995,0,0,0,0,0,0,5,0,0,0
450365,2,1,1995,0,11,43,0,0,0,0,0,0,0
450366,1,1,1995,12,12,12,12,12,12,12,12,12,12
450366,2,1,1995,0,0,0,0,0,0,0,0,0,0
450367,0,1,1995,16,0,0,0,0,0,0,18,0,0
450367,1,1,1995,0,0,0,0,0,0,0,0,0,0
450368,1,1,1995,0,0,0,0,0,0,0,0,0,0
450368,2,1,1995,0,0,0,0,17,14,0,0,0,0
450369,0,1,1995,0,0,0,7,0,0,0,0,0,10
450369,1,1,1995,0,0,0,0,0,0,0,22,0,0
450370,0,1,1995,15,46,29,0,15,0,27,0,21,0
450370,1,1,1995,7,11,7,20,18,17,15,10,11,17
450371,1,1,1995,21,21,21,21,21,21,21,21,21,21
450372,0,1,1995,27,27,27,27,27,27,27,27,27,27
450372,1,1,1995,0,0,0,0,0,0,0,0,0,0
450373,1,1,1995,0,0,0,0,0,0,29,0,0,8
450374,1,1,1995,0,26,23,14,16,0,18,15,5,14
450375,1,1,1995,0,0,0,0,0,0,0,0,0,0
450375,2,1,1995,0,0,0,0,0,0,0,0,0,0
450376,1,1,1995,23,23,23,23,23,23,23,23,23,23
450377,0,1,1995,0,0,0,0,0,0,0,0,0,10
450377,1,1,1995,0,0,0,0,0,0,0,0,0,0
450378,1,1,1995,8,2,0,15,16,8,9,11,20,0
450378,2,1,1995,0,0,0,0,0,0,0,16,0,0
450378,3,1,1995,0,0,0,0,0,0,0,0,0,0
450379,1,1,1995,0,0,0,0,0,0,0,0,7,0
450379,2,1,1995,0,22,12,0,0,0,0,0,0,0
450380,1,1,1995,0,0,0,0,0,0,8,0,13,0
450380,2,1,1995,0,0,0,0,0,0,0,0,0,0
450381,1,1,1995,0,0,0,0,0,0,0,0,0,0
450381,2,1,1995,0,0,0,0,0,0,0,0,0,0
450381,3,1,1995,0,0,0,0,0,0,0,0,0,0
450382,0,1,1995,35,25,24,9,29,23,50,18,28,16
450382,1,1,1995,0,0,0,19,0,14,0,10,0,0
450383,0,1,1995,0,0,0,0,0,0,0,0,0,0
450383,1,1,1995,0,0,0,0,0,0,0,0,0,0
450384,1,1,1995,17,17,17,17,17,17,17,17,17,17
450384,2,1,1995,0,0,0,0,0,0,0,0,0,0
450385,0,1,1995,0,0,0,0,0,0,0,0,0,0
450385,1,1,1995,0,0,0,0,0,0,0,0,0,0
450386,1,1,1995,0,0,0,0,0,0,0,0,0,0
450387,1,1,1995,0,0,0,0,0,0,0,0,0,0
450387,2,1,1995,0,0,0,0,0,0,0,0,0,0
450388,1,1,1995,0,26,0,0,0,0,0,0,0,0
450388,2,1,1995,0,0,0,0,0,0,0,0,0,0
450389,1,1,1995,0,0,0,0,13,4,0,0,0,0
450389,2,1,1995,0,0,0,0,0,0,0,0,0,0
450390,1,1,1995,0,0,0,0,0,0,0,0,0,0
450390,2,1,1995,23,21,9,21,26,7,11,10,18,8
450391,1,1,1995,7,7,7,7,7,7,7,7,7,7
450392,1,1,1995,0,0,10,0,0,0,0,0,0,0
450393,1,1,1995,0,0,0,0,0,0,0,0,0,0
450393,2,1,1995,0,0,0,0,0,0,0,0,0,0
450394,1,1,1995,0,16,0,0,0,0,17,0,0,0
450395,1,1,1995,15,15,15,15,15,15,15,15,15,15
450396,1,1,1995,0,0,0,0,0,0,0,0,0,0
450396,2,1,1995,0,0,0,0,0,0,0,0,0,0
450397,1,1,1995,0,0,0,0,0,0,0,0,0,0
450398,1,1,1995,26,11,6,0,0,0,12,14,0,0
450399,1,1,1995,17,22,17,17,7,35,13,11,16,27
450400,1,1,1995,35,18,26,12,24,0,0,15,10,34
450401,1,1,1995,10,16,22,20,18,20,28,12,22,24
450402,1,1,1995,0,0,14,0,12,0,0,0,0,0
450402,2,1,1995,0,0,0,0,0,0,0,0,0,0
450403,1,1,1995,10,10,10,10,10,10,10,10,10,10
450404,1,1,1995,0,0,0,0,0,0,0,0,0,0
450405,1,1,1995,0,0,0,0,0,0,0,0,0,0
450405,2,1,1995,9,9,9,9,9,9,9,9,9,9
450406,1,1,1995,0,0,0,0,0,0,0,0,0,0
450406,2,1,1995,0,0,0,0,0,0,0,0,0,0
450407,1,1,1995,0,0,0,0,0,0,0,13,14,0
450408,1,1,1995,0,0,0,0,0,0,0,0,0,0
450409,1,1,1995,0,0,0,9,0,0,0,0,0,0
450409,2,1,1995,0,0,0,0,0,0,0,0,0,0
450410,1,1,1995,0,0,10,0,0,0,0,0,14,0
450410,2,1,1995,0,0,0,0,0,0,0,0,0,5
450411,1,1,1995,0,0,0,0,0,0,0,0,0,0
450411,2,1,1995,0,0,0,0,0,0,0,0,0,0
450412,0,1,1995,0,0,0,0,0,26,0,0,0,0
450412,1,1,1995,0,0,0,0,0,0,0,0,13,0
450413,0,1,1995,4,3,24,0,0,0,0,0,0,0
450413,0,2,1995,29,29,29,29,29,29,29,29,29,29
450413,1,1,1995,0,0,0,0,0,0,0,0,23,0
450414,1,1,1995,11,11,11,11,11,11,11,11,11,11
450414,2,1,1995,0,0,0,0,0,0,0,0,0,0
450415,1,1,1995,0,0,0,0,0,0,0,0,0,0
450415,2,1,1995,0,12,12,10,12,22,24,30,10,20
450416,1,1,1995,0,28,0,0,16,0,0,0,0,0
450417,1,1,1995,0,0,0,0,0,21,0,0,6,0
450417,2,1,1995,0,0,4,0,0,0,0,24,0,0
450418,1,1,1995,0,0,7,0,0,0,0,0,0,0
450418,2,1,1995,0,0,0,0,0,0,0,0,4,0
450419,1,1,1995,0,5,0,0,0,0,0,0,19,15
450420,1,1,1995,9,9,9,9,9,9,9,9,9,9
450420,2,1,1995,0,0,9,0,0,0,0,0,0,0
450420,3,1,1995,0,0,0,0,0,0,0,0,0,0
450420,4,1,1995,9,0,0,0,11,0,0,0,5,0
450420,5,1,1995,12,29,33,22,34,30,7,13,12,22
450421,0,1,1995,27,27,27,27,27,27,27,27,27,27
450421,1,1,1995,0,0,0,0,0,0,0,0,0,0
450422,1,1,1995,0,5,0,0,0,0,0,0,0,0
450423,1,1,1995,0,0,0,0,0,0,0,0,0,0
450423,2,1,1995,0,0,0,0,0,0,0,0,0,0
450424,1,1,1995,0,0,0,0,0,24,0,0,0,0
450424,2,1,1995,0,0,0,0,0,0,0,0,0,0
450424,3,1,1995,0,0,0,0,0,0,0,0,0,0
450425,1,1,1995,0,0,0,0,0,0,0,0,0,0
450425,2,1,1995,0,0,0,0,0,0,0,0,0,0
450426,1,1,1995,0,0,0,0,0,0,0,0,0,0
450426,2,1,1995,24,24,24,24,24,24,24,24,24,24
450427,1,1,1995,5,0,20,0,25,0,0,12,5,0
450428,1,1,1995,0,0,0,0,0,0,0,0,0,0
450428,2,1,1995,16,0,0,0,9,4,0,0,11,0
450429,1,1,1995,0,0,0,16,0,0,0,0,0,0
450430,1,1,1995,0,0,0,0,0,0,0,0,0,0
450430,2,1,1995,13,25,0,0,0,0,0,0,0,0
450431,1,1,1995,0,0,0,0,0,0,0,0,0,0
450431,2,1,1995,0,0,0,0,0,0,0,0,0,0
450431,3,1,1995,0,0,0,0,0,0,0,0,0,0
450431,4,1,1995,0,0,0,0,0,0,0,0,0,0
450431,5,1,1995,0,0,0,0,0,0,0,0,0,0
450431,6,1,1995,0,0,0,0,0,0,0,0,0,0
450432,1,1,1995,0,0,0,0,0,0,0,0,0,0
450432,2,1,1995,9,9,9,9,9,9,9,9,9,9
450433,1,1,1995,0,0,0,0,0,0,0,0,0,0
450433,2,1,1995,0,0,0,0,0,0,0,0,0,0
450434,1,1,1995,0,0,0,0,0,14,11,0,0,0
450434,2,1,1995,0,0,0,0,12,0,0,0,0,0
450435,0,1,1995,0,0,0,0,0,0,0,0,0,0
450435,1,1,1995,10,0,0,0,0,0,0,0,0,0
450436,1,1,1995,8,12,0,8,13,0,9,0,19,6
450436,2,1,1995,0,0,0,0,0,0,0,0,0,0
450437,1,1,1995,0,0,0,0,0,0,0,0,0,0
450438,1,1,1995,0,0,0,0,0,0,0,0,0,0
450438,2,1,1995,0,0,0,0,0,0,0,0,0,0
450438,3,1,1995,0,0,0,0,0,0,0,0,0,0
450439,0,1,1995,2,2,2,2,2,2,2,2,2,2
450439,1,1,1995,0,0,0,0,0,0,0,0,0,0
450440,1,1,1995,0,0,0,0,0,0,0,0,0,0
450440,2,1,1995,0,0,0,0,0,0,0,0,0,0
450440,3,1,1995,0,0,12,0,0,0,0,0,0,0
450441,1,1,1995,0,0,0,0,17,0,0,0,0,0
450441,2,1,1995,0,0,0,0,0,0,0,0,0,0
450442,1,1,1995,6,6,6,6,6,6,6,6,6,6
450443,1,1,1995,0,0,0,0,0,0,0,0,0,0
450443,2,1,1995,26,26,26,26,26,26,26,26,26,26
450444,0,1,1995,13,0,0,0,10,0,0,0,0,27
450444,1,1,1995,0,0,0,0,0,0,0,0,0,0
450445,1,1,1995,16,0,0,0,0,0,0,0,0,0
450445,2,1,1995,0,0,0,0,0,0,0,0,0,0
450446,1,1,1995,0,0,0,0,0,0,0,0,0,0
450447,1,1,1995,0,0,0,0,0,0,0,0,0,0
450448,1,1,1995,0,7,11,0,0,0,0,13,15,24
450449,1,1,1995,0,0,9,0,0,0,0,0,0,0
450449,2,1,1995,0,0,0,0,0,0,0,0,0,0
450450,1,1,1995,23,23,23,23,23,23,23,23,23,23
450451,1,1,1995,0,0,0,0,0,0,0,0,0,0
450451,2,1,1995,0,9,0,0,0,0,0,0,15,0
450452,1,1,1995,0,0,0,0,0,0,0,0,0,0
450452,2,1,1995,0,0,0,0,0,0,0,0,0,0
450452,3,1,1995,0,0,0,0,0,0,0,0,0,0
450453,1,1,1995,0,0,0,0,0,0,0,0,0,9
450453,2,1,1995,0,0,0,0,0,0,12,0,0,0
450453,3,1,1995,0,0,0,0,0,0,0,0,0,0
450454,1,1,1995,14,14,14,14,14,14,14,14,14,14
450454,2,1,1995,0,0,0,0,0,0,0,0,0,0
450454,3,1,1995,0,0,0,0,0,0,0,0,0,0
450455,0,1,1995,29,29,29,29,29,29,29,29,29,29
450455,1,1,1995,0,0,0,5,0,0,0,0,0,0
450456,0,1,1995,21,12,0,0,3,0,0,0,0,0
450456,1,1,1995,18,24,0,24,13,4,21,0,16,0
450459,1,1,1995,0,0,0,0,0,0,0,0,0,0
450459,2,1,1995,0,0,0,0,0,0,0,0,0,0
450460,1,1,1995,24,20,0,0,0,23,14,25,19,22
450461,0,1,1995,0,0,0,0,18,0,0,33,18,20
450461,1,1,1995,0,0,4,0,0,0,0,0,4,0
450462,1,1,1995,21,21,21,21,21,21,21,21,21,21
450463,0,1,1995,15,7,22,0,0,13,0,24,0,0
450463,1,1,1995,0,0,0,17,0,13,0,0,0,0
450464,1,1,1995,0,0,0,0,0,0,0,0,0,0
450464,2,1,1995,0,0,0,0,0,0,0,0,0,0
450465,1,1,1995,0,0,9,0,0,0,0,0,0,0
450465,2,1,1995,0,0,0,0,0,0,0,0,0,0
450466,1,1,1995,0,0,0,0,0,0,0,0,0,0
450466,2,1,1995,0,0,0,0,0,0,0,0,0,0
450467,1,1,1995,0,0,23,0,0,0,0,0,0,0
450467,2,1,1995,0,0,0,0,0,0,0,0,0,0
450467,3,3,1995,0,0,0,0,0,0,0,0,0,0
450468,1,1,1995,0,0,0,0,0,0,0,0,0,7
450468,2,1,1995,0,0,0,0,0,0,0,0,0,0
450469,1,1,1995,0,0,0,0,0,0,0,0,0,0
450469,2,1,1995,0,0,35,7,0,0,0,0,0,0
450470,1,1,1995,21,21,21,21,21,21,21,21,21,21
450471,1,1,1995,0,0,0,0,0,0,0,0,0,0
450471,2,1,1995,0,0,0,0,0,0,0,0,0,12
450471,3,1,1995,0,0,0,0,0,0,0,0,0,0
450472,1,1,1995,0,0,0,0,0,0,0,0,0,0
450472,2,1,1995,0,0,0,0,0,0,16,0,0,0
450473,1,1,1995,0,0,0,0,0,30,0,0,0,0
450474,1,1,1995,15,15,15,15,15,15,15,15,15,15
450475,0,1,1995,0,0,0,0,0,0,0,0,0,0
450475,1,1,1995,0,0,0,0,0,0,0,0,0,0
450476,1,1,1995,0,0,0,0,0,0,0,0,0,0
450477,1,1,1995,0,0,0,0,0,0,0,0,0,0
450477,2,1,1995,0,0,0,0,0,0,0,0,0,0
450478,1,1,1995,27,27,27,27,27,27,27,27,27,27
450479,0,1,1995,0,0,13,0,0,0,0,16,23,0
450479,1,1,1995,0,0,0,0,0,0,0,0,0,0
450480,1,1,1995,20,15,11,8,27,16,30,9,22,14
450480,2,1,1995,0,0,0,0,0,0,0,0,0,0
450480,3,1,1995,0,0,0,0,0,0,0,0,0,0
450481,1,1,1995,0,0,0,0,0,0,0,0,0,0
450481,2,1,1995,0,0,0,0,0,0,0,0,0,0
450482,1,1,1995,0,0,0,0,0,0,0,0,0,0
450482,2,1,1995,0,0,0,0,0,0,0,0,0,0
450483,1,1,1995,12,12,12,12,12,12,12,12,12,12
450483,2,1,1995,0,0,0,0,0,0,0,0,0,0
450484,1,1,1995,0,0,7,0,0,20,0,0,0,0
450484,2,1,1995,0,0,0,0,0,0,0,0,0,0
450485,1,1,1995,0,0,0,0,0,0,0,0,0,0
450486,1,1,1995,0,0,0,0,0,0,0,0,0,0
450486,2,1,1995,0,0,0,0,0,0,0,0,0,0
450487,1,1,1995,19,19,19,19,19,19,19,19,19,19
450487,2,1,1995,0,0,0,0,0,0,0,0,0,0
450488,1,1,1995,0,0,0,0,0,0,0,0,0,0
450488,2,1,1995,0,0,0,0,0,0,0,0,0,0
450489,1,1,1995,0,0,0,0,0,0,0,0,0,0
450489,2,1,1995,0,0,0,0,0,0,0,0,0,0
450490,1,1,1995,0,0,0,0,0,0,0,0,0,0
450491,1,1,1995,21,15,13,26,23,22,17,14,5,11
450492,1,1,1995,10,0,0,0,0,0,6,0,26,0
450493,1,1,1995,0,0,0,0,0,0,0,0,0,0
450493,2,1,1995,0,0,0,0,0,0,0,0,0,0
450494,1,1,1995,0,0,0,0,0,0,0,0,0,0
450495,1,1,1995,0,0,0,0,0,0,6,0,0,0
450495,2,1,1995,0,0,0,0,0,0,0,0,0,0
450496,1,1,1995,0,0,0,18,17,0,0,0,0,0
450496,2,1,1995,0,0,0,0,0,0,0,0,0,0
450497,1,1,1995,0,0,0,18,0,0,0,12,13,0
450498,1,1,1995,19,19,19,19,19,19,19,19,19,19
450499,1,1,1995,0,0,0,0,0,0,0,0,0,0
450499,2,1,1995,0,0,0,0,19,0,0,0,0,0
450500,1,1,1995,0,0,0,0,0,0,0,0,0,0
450500,2,1,1995,0,0,0,0,0,0,0,0,0,0
450500,3,1,1995,0,0,0,0,0,0,20,0,0,0
450501,0,1,1995,0,0,0,0,0,0,0,0,0,0
450501,1,1,1995,0,0,0,0,0,0,0,0,0,0
450502,1,1,1995,0,0,0,0,0,0,16,0,0,0
450502,2,1,1995,0,0,0,0,0,0,4,0,0,0
450503,1,1,1995,22,22,22,22,22,22,22,22,22,22
450504,1,1,1995,16,16,16,16,16,16,16,16,16,16
450505,1,1,1995,0,0,0,0,0,0,0,0,0,0
450505,2,1,1995,34,34,34,34,34,34,34,34,34,34
450506,1,1,1995,21,21,21,21,21,21,21,21,21,21
450508,1,1,1995,13,13,13,13,13,13,13,13,13,13
450509,0,1,1995,0,0,0,0,0,0,0,0,0,0
450509,1,1,1995,0,0,0,0,0,0,0,0,0,0
450510,1,1,1995,0,0,0,0,7,0,0,0,0,0
450511,1,1,1995,9,0,0,16,0,0,0,0,0,0
450512,1,1,1995,0,0,0,0,0,0,21,0,0,0
450512,2,1,1995,0,0,0,0,0,0,0,0,0,0
450513,1,1,1995,0,0,0,0,0,0,0,0,0,0
450513,2,1,1995,6,6,6,6,6,6,6,6,6,6
450513,3,1,1995,0,0,0,10,0,0,0,0,0,0
450514,1,1,1995,0,0,0,0,0,0,0,0,0,0
450514,2,1,1995,0,0,0,0,0,0,0,0,0,0
450515,1,1,1995,23,23,23,23,23,23,23,23,23,23
450516,1,1,1995,0,0,0,0,0,0,0,14,0,0
450516,2,1,1995,0,0,0,0,0,11,0,0,0,0
450517,1,1,1995,11,11,11,11,11,11,11,11,11,11
450518,0,1,1995,0,0,0,0,19,0,0,0,0,0
450518,1,1,1995,0,0,0,0,0,0,0,0,0,0
450519,0,1,1995,0,0,0,0,0,0,0,0,0,0
450519,1,1,1995,0,0,0,0,0,0,0,0,0,0
450520,1,1,1995,15,15,15,15,15,15,15,15,15,15
450521,1,1,1995,16,16,16,16,16,16,16,16,16,16
450522,1,1,1995,14,14,14,14,14,14,14,14,14,14
450523,1,1,1995,10,10,10,10,10,10,10,10,10,10
450524,1,1,1995,0,0,17,0,0,27,0,0,0,8
450525,1,1,1995,39,13,62,26,43,11,22,11,46,6
450526,0,1,1995,0,0,0,0,0,0,0,0,0,0
450526,1,1,1995,0,0,0,0,0,18,0,0,0,21
450527,1,1,1995,20,20,20,20,20,20,20,20,20,20
450528,1,1,1995,0,0,0,0,0,0,0,0,0,0
450528,2,1,1995,0,0,0,0,0,0,0,0,0,0
450528,3,1,1995,0,0,0,0,0,0,0,0,0,0
450529,1,1,1995,20,25,27,24,15,17,6,0,11,17
450529,2,1,1995,13,0,23,22,23,15,13,18,32,9
450530,1,1,1995,0,0,0,0,0,0,0,0,0,0
450530,2,1,1995,0,5,0,0,0,0,0,0,0,0
450531,1,1,1995,0,0,0,0,0,0,0,0,0,0
450532,1,1,1995,0,0,14,0,0,19,0,0,3,0
450533,1,1,1995,10,10,10,10,10,10,10,10,10,10
450533,2,1,1995,13,13,13,13,13,13,13,13,13,13
450534,1,1,1995,0,0,0,0,0,0,0,0,0,0
450534,2,1,1995,0,0,0,0,0,0,0,0,0,0
450535,1,1,1995,0,0,0,9,0,0,14,0,10,0
450537,1,1,1995,0,0,0,0,0,0,0,0,0,0
450538,0,1,1995,7,13,0,0,19,0,0,0,0,0
450538,1,1,1995,0,0,0,14,0,0,0,0,0,0
450539,1,1,1995,15,15,15,15,15,15,15,15,15,15
450540,0,1,1995,12,0,24,0,27,0,0,15,19,0
450540,1,1,1995,0,0,0,20,0,0,0,0,0,0
450540,2,1,1995,0,0,0,0,31,0,0,0,0,24
450541,1,1,1995,0,0,0,0,0,0,0,0,0,0
450541,2,1,1995,33,33,33,33,33,33,33,33,33,33
450541,3,1,1995,0,0,0,0,0,0,0,0,0,0
450542,1,1,1995,0,5,0,0,0,37,0,25,38,5
450543,1,1,1995,0,0,0,0,0,0,0,0,0,0
450543,2,1,1995,0,0,0,0,0,0,0,0,0,0
450543,3,1,1995,0,0,0,0,0,0,0,0,0,0
450544,1,1,1995,0,0,19,28,0,0,34,0,0,16
450545,1,1,1995,5,5,5,5,5,5,5,5,5,5
450546,1,1,1995,0,0,0,0,0,0,0,0,0,0
450547,1,1,1995,0,0,0,0,0,0,0,0,0,0
450547,2,1,1995,0,0,0,0,0,0,0,0,3,0
450548,0,1,1995,0,19,17,12,29,19,0,14,0,0
450548,1,1,1995,0,0,0,0,0,0,0,0,0,0
450549,1,1,1995,0,0,0,0,0,0,0,0,0,0
450549,2,1,1995,0,0,0,0,0,0,0,0,0,0
450550,1,1,1995,0,0,23,0,0,0,22,0,0,21
450551,1,1,1995,0,0,12,0,18,0,0,29,19,0
450552,1,1,1995,0,0,0,0,0,0,0,0,0,0
450552,2,1,1995,0,0,0,0,0,0,0,0,0,0
450553,1,1,1995,0,0,0,0,0,0,0,0,0,0
450553,2,1,1995,0,0,0,0,0,0,0,0,0,0
450553,3,1,1995,0,0,0,0,0,0,0,0,0,0
450554,1,1,1995,0,0,0,0,0,0,0,0,0,0
450554,2,1,1995,0,0,0,0,0,0,0,0,0,0
450554,3,1,1995,0,0,0,0,0,0,0,0,0,0
450554,4,1,1995,0,0,0,0,0,0,14,0,0,0
450555,1,1,1995,12,12,12,12,12,12,12,12,12,12
450556,1,1,1995,0,0,0,0,0,24,0,0,31,0
450557,1,1,1995,0,0,0,0,0,0,19,0,0,0
450557,2,1,1995,0,0,0,0,0,0,0,0,0,0
450558,1,1,1995,28,28,28,28,28,28,28,28,28,28
450560,0,1,1995,0,0,28,21,0,0,0,0,34,33
450560,1,1,1995,15,0,16,0,0,25,0,0,10,6
450561,1,1,1995,0,0,0,0,0,0,0,0,0,0
450561,2,1,1995,0,0,0,0,0,0,0,0,0,0
450562,1,1,1995,7,7,7,7,7,7,7,7,7,7
450564,1,1,1995,0,0,0,0,0,0,0,0,0,0
450564,2,1,1995,0,0,0,0,0,0,0,0,0,0
450565,1,1,1995,0,0,0,0,0,0,0,0,0,0
450565,2,1,1995,0,0,0,0,0,0,0,0,0,0
450566,1,1,1995,0,0,0,0,0,0,0,17,0,0
450567,1,1,1995,0,0,0,0,0,0,4,0,0,8
450567,2,1,1995,0,0,0,0,0,0,0,0,0,0
450568,0,1,1995,0,0,0,0,0,0,0,0,0,0
450568,1,1,1995,0,0,0,0,0,0,0,0,0,0
450569,1,1,1995,0,0,0,0,0,0,29,45,0,15
450570,1,1,1995,0,0,0,0,0,0,0,0,0,0
450570,2,1,1995,0,0,0,0,0,0,0,0,0,0
450571,0,1,1995,22,0,0,0,14,0,0,0,0,0
450571,1,1,1995,31,0,25,6,0,0,8,0,0,15
450572,1,1,1995,0,0,0,0,0,0,10,0,0,0
450572,2,1,1995,0,0,0,0,0,0,0,0,0,0
450572,3,1,1995,0,0,0,0,0,0,0,0,0,0
450573,1,1,1995,0,0,0,0,0,0,0,0,0,0
450573,2,1,1995,0,0,0,0,0,0,0,0,0,0
450574,1,1,1995,0,0,0,0,0,0,0,0,0,0
450575,1,1,1995,17,17,17,17,17,17,17,17,17,17
450576,1,1,1995,0,0,0,0,0,0,0,0,0,0
450576,2,1,1995,0,0,0,0,0,0,0,0,0,0
450577,1,1,1995,7,7,7,7,7,7,7,7,7,7
450578,1,1,1995,30,30,30,30,30,30,30,30,30,30
450579,1,1,1995,0,0,0,0,0,0,0,0,0,0
450579,2,1,1995,0,0,0,0,0,0,0,21,0,0
450580,1,1,1995,7,15,6,11,22,18,10,11,15,5
450581,0,1,1995,0,0,9,0,0,0,0,0,0,0
450581,1,1,1995,0,0,0,0,0,0,0,0,0,0
450582,1,1,1995,15,15,15,15,15,15,15,15,15,15
450583,1,1,1995,0,0,16,21,24,0,0,8,0,0
450584,1,1,1995,24,24,24,24,24,24,24,24,24,24
450585,0,1,1995,0,0,0,0,0,0,0,0,0,0
450585,1,1,1995,0,0,0,0,0,0,0,0,0,0
450586,1,1,1995,0,0,0,0,0,0,0,0,20,20
450587,0,1,1995,21,21,21,21,21,21,21,21,21,21
450587,1,1,1995,0,0,0,0,0,0,0,0,11,0
450588,1,1,1995,0,0,0,0,0,0,0,0,0,0
450588,2,1,1995,0,0,0,0,0,0,0,0,0,0
450589,1,1,1995,0,0,0,0,0,0,0,0,0,0
450590,1,1,1995,0,16,15,0,0,25,0,0,0,0
450591,1,1,1995,0,0,0,0,0,0,0,0,0,0
450591,2,1,1995,12,0,0,0,0,0,0,0,0,10
450592,1,1,1995,0,0,0,0,0,0,0,0,0,0
450593,1,1,1995,0,0,0,0,0,0,0,0,0,0
450593,2,1,1995,32,32,32,32,32,32,32,32,32,32
450594,1,1,1995,0,0,0,0,0,0,0,0,0,0
450594,2,1,1995,0,0,0,0,0,0,0,0,0,0
450595,0,1,1995,0,0,0,0,0,0,0,0,0,0
450595,1,1,1995,0,0,0,0,0,0,0,0,0,0
450596,1,1,1995,0,0,0,0,0,0,0,12,0,0
450596,2,1,1995,0,0,0,0,0,18,0,0,0,0
450596,3,1,1995,0,0,0,0,0,0,0,0,0,0
450597,1,1,1995,0,0,0,0,0,0,0,0,0,0
450597,2,1,1995,0,0,0,0,0,0,0,0,0,0
450598,1,1,1995,11,21,0,12,23,0,0,0,9,0
450599,1,1,1995,45,0,10,20,0,0,0,0,0,0
450600,1,1,1995,0,0,0,0,0,0,0,0,0,0
450600,2,1,1995,0,0,0,0,0,0,0,0,0,0
450601,1,1,1995,24,0,19,0,0,0,0,0,0,0
450602,0,1,1995,0,29,0,0,0,0,25,0,0,0
450602,1,1,1995,16,13,0,0,0,27,10,0,23,32
450603,1,1,1995,0,0,0,0,4,0,0,0,0,5
450604,1,1,1995,19,19,19,19,19,19,19,19,19,19
450604,2,1,1995,0,0,0,0,0,0,0,0,0,0
450605,1,1,1995,0,0,0,0,0,0,6,0,0,0
450605,2,1,1995,0,0,0,0,0,0,0,0,0,0
450605,3,1,1995,0,0,0,0,0,0,0,0,0,0
450606,1,1,1995,10,10,10,10,10,10,10,10,10,10
450607,1,1,1995,0,4,0,0,10,0,0,0,0,25
450608,1,1,1995,29,29,29,29,29,29,29,29,29,29
450609,1,1,1995,0,0,0,0,0,0,0,0,0,0
450610,1,1,1995,0,0,0,0,0,0,0,0,0,0
450610,2,1,1995,13,0,0,0,0,0,0,0,0,0
450611,1,1,1995,0,6,0,0,0,0,0,0,10,0
450611,2,1,1995,0,0,0,0,0,0,0,0,0,0
450612,1,1,1995,12,0,0,0,0,0,0,0,0,21
450613,1,1,1995,0,0,0,0,0,0,0,0,0,0
450613,2,1,1995,0,0,0,0,0,0,0,0,0,0
450614,1,1,1995,0,0,0,0,0,0,0,0,0,0
450616,1,1,1995,0,0,0,0,0,0,0,0,0,0