ST_CASE,VEH_NO,PER_NO,YEAR,P1,P2,P3,P4,P5,P6,P7,P8,P9,P10
450616,2,1,1995,0,0,0,3,0,0,0,0,0,0
450617,0,1,1995,12,12,12,12,12,12,12,12,12,12
450617,0,2,1995,21,0,9,0,5,6,0,9,5,16
450617,0,3,1995,19,0,10,0,26,0,0,0,0,21
450617,0,4,1995,0,18,0,18,0,15,5,0,0,0
450617,0,5,1995,0,0,3,0,9,0,11,0,0,12
450617,0,6,1995,19,0,27,0,13,0,20,0,12,14
450617,0,7,1995,20,15,17,0,27,0,0,0,0,0
450617,0,8,1995,12,0,0,17,13,0,0,15,14,0
450617,1,1,1995,0,0,0,0,22,0,0,0,15,0
450618,1,1,1995,10,10,0,0,0,3,11,19,6,5
450619,1,1,1995,0,0,0,20,0,4,0,3,0,9
450619,2,1,1995,0,0,0,0,0,0,0,0,0,0
450620,1,1,1995,12,12,12,12,12,12,12,12,12,12
450620,2,1,1995,0,0,0,0,0,0,0,0,0,0
450621,1,1,1995,7,7,7,7,7,7,7,7,7,7
450622,1,1,1995,0,0,0,0,0,0,0,0,0,0
450623,1,1,1995,16,16,16,16,16,16,16,16,16,16
450624,1,1,1995,0,0,0,0,0,0,0,0,0,0
450624,2,1,1995,0,0,0,0,0,0,0,16,0,0
450625,1,1,1995,0,0,0,0,0,0,0,0,0,0
450626,0,1,1995,0,0,0,0,0,0,0,0,0,0
450626,1,1,1995,0,0,11,0,0,0,0,0,0,18
450627,1,1,1995,0,0,0,0,0,0,0,0,0,0
450627,2,1,1995,0,0,0,0,0,0,0,0,0,0
450628,1,1,1995,0,14,0,0,0,0,0,0,0,0
450628,2,1,1995,0,0,0,0,0,0,0,18,0,0
450629,1,1,1995,16,10,0,8,14,18,12,0,0,0
450630,1,1,1995,0,26,13,0,0,0,0,0,9,31
450631,1,1,1995,0,0,0,24,28,0,0,0,0,22
450632,1,1,1995,0,0,0,0,0,0,0,0,0,0
450633,1,1,1995,0,0,19,0,0,0,0,8,0,0
450634,0,1,1995,0,14,0,0,0,0,0,0,0,0
450634,1,1,1995,0,0,0,0,0,0,0,0,0,0
450635,1,1,1995,11,0,0,0,0,19,0,0,0,0
450636,1,1,1995,10,10,10,10,10,10,10,10,10,10
450637,1,1,1995,0,0,0,11,0,0,0,0,0,0
450637,2,1,1995,0,0,0,0,0,0,0,0,0,0
450638,1,1,1995,0,0,0,0,0,0,0,0,0,0
450640,1,1,1995,0,0,0,0,0,0,0,0,0,0
450640,2,1,1995,0,0,0,0,0,0,0,0,0,0
450641,0,1,1995,12,11,26,33,25,25,17,18,5,38
450641,1,1,1995,0,0,0,0,0,0,0,0,0,0
450642,1,1,1995,0,0,0,0,0,0,0,0,0,13
450642,2,1,1995,0,0,0,9,0,0,0,0,0,0
450642,3,1,1995,0,0,0,0,0,0,0,0,0,0
450644,1,1,1995,0,0,0,0,0,0,0,0,0,0
450644,2,1,1995,0,0,0,0,0,0,0,0,21,0
450645,1,1,1995,21,0,0,9,10,18,0,11,10,17
450646,1,1,1995,21,3,0,0,0,25,8,15,0,0
450647,1,1,1995,14,14,14,14,14,14,14,14,14,14
450648,1,1,1995,10,10,10,10,10,10,10,10,10,10
450649,1,1,1995,0,0,0,0,0,0,0,0,0,0
450649,2,1,1995,0,0,0,0,0,0,0,0,0,0
450649,3,1,1995,0,0,0,9,0,0,0,15,0,0
450649,4,1,1995,0,0,0,0,0,0,0,0,0,0
450650,1,1,1995,0,0,0,0,0,0,0,0,0,0
450650,2,1,1995,0,0,0,0,0,0,0,0,0,0
450650,3,1,1995,0,0,0,0,0,0,0,0,0,0
450651,1,1,1995,0,0,0,0,0,19,0,0,0,0
450652,1,1,1995,0,0,0,0,0,0,0,0,0,0
450652,2,1,1995,10,0,0,0,0,0,0,0,0,0
450652,3,1,1995,0,0,0,0,0,0,0,0,0,0
450653,1,1,1995,0,0,27,17,0,0,0,0,0,0
450653,2,1,1995,0,0,0,0,0,0,0,0,0,0
450654,1,1,1995,12,12,12,12,12,12,12,12,12,12
450655,0,1,1995,0,21,0,0,0,0,0,0,0,0
450655,0,2,1995,0,0,0,0,15,0,0,0,0,0
450655,1,1,1995,11,0,0,0,0,0,0,0,0,0
450656,1,1,1995,0,0,0,0,0,0,0,0,0,0
450657,0,1,1995,0,0,0,0,0,23,0,0,0,0
450657,1,1,1995,0,0,0,0,0,0,0,0,0,0
450658,1,1,1995,0,0,0,0,0,17,0,0,0,0
450659,1,1,1995,0,0,0,0,0,0,0,0,0,0
450659,2,1,1995,0,0,11,0,0,0,0,0,0,0
450660,0,1,1995,0,0,0,0,0,0,0,0,0,0
450660,1,1,1995,0,0,0,0,0,0,0,0,0,0
450661,1,1,1995,0,0,0,0,0,0,0,0,0,0
450661,2,1,1995,0,0,0,0,0,0,0,0,0,0
450661,3,1,1995,0,0,0,0,0,0,0,0,0,0
450661,4,1,1995,0,0,0,0,11,0,0,0,0,0
450662,1,1,1995,0,0,0,0,0,0,0,0,0,0
450662,2,1,1995,0,0,0,0,0,0,0,0,0,0
450663,1,1,1995,0,0,18,0,0,24,10,0,36,0
450664,0,1,1995,0,0,0,0,0,0,0,0,0,0
450664,1,1,1995,0,0,0,0,0,0,0,0,0,0
450665,0,1,1995,32,32,32,32,32,32,32,32,32,32
450665,1,1,1995,0,0,0,0,0,0,0,0,0,0
450666,1,1,1995,0,0,0,0,0,0,0,0,29,0
450666,2,1,1995,0,0,0,0,0,0,0,0,0,0
450667,1,1,1995,0,0,0,0,0,0,0,0,0,10
450668,0,1,1995,0,0,0,0,0,0,0,0,4,0
450668,1,1,1995,0,0,0,0,0,0,0,0,0,0
450669,0,1,1995,0,0,0,0,0,17,0,0,0,0
450669,1,1,1995,0,0,0,0,0,0,4,0,0,19
450670,1,1,1995,28,28,28,28,28,28,28,28,28,28
450671,1,1,1995,0,0,0,0,0,0,0,0,0,0
450671,2,1,1995,0,0,0,0,0,0,0,0,0,0
450672,1,1,1995,12,12,12,12,12,12,12,12,12,12
450672,2,1,1995,0,0,0,0,0,0,0,0,13,0
450673,1,1,1995,0,0,0,0,0,0,0,0,0,0
450673,2,1,1995,0,0,0,0,0,0,0,0,0,0
450674,1,1,1995,0,0,0,0,0,0,0,0,0,0
450674,2,1,1995,0,0,0,0,0,0,0,0,0,0
450675,0,1,1995,10,10,10,10,10,10,10,10,10,10
450675,1,1,1995,17,17,17,17,17,17,17,17,17,17
450676,0,1,1995,10,10,10,10,10,10,10,10,10,10
450676,1,1,1995,0,0,0,0,0,0,0,0,0,0
450677,1,1,1995,0,0,0,0,0,0,0,0,0,0
450677,2,1,1995,0,0,0,0,0,0,0,0,0,0
450678,1,1,1995,0,0,0,0,0,0,0,0,0,0
450679,0,1,1995,29,0,0,0,0,0,0,0,0,0
450679,1,1,1995,0,0,0,0,0,0,0,0,0,0
450680,1,1,1995,0,0,0,0,0,0,0,0,0,0
450681,1,1,1995,0,0,0,0,0,0,0,0,0,0
450681,2,1,1995,0,0,0,0,0,0,0,0,0,0
450682,1,1,1995,0,0,0,0,0,0,0,0,0,0
450682,2,1,1995,0,0,0,0,0,0,0,0,0,0
450683,0,1,1995,0,0,0,0,0,0,0,0,0,0
450683,0,2,1995,0,0,0,0,0,0,0,0,0,0
450683,1,1,1995,0,0,0,0,0,0,0,0,0,0
450684,1,1,1995,13,13,13,13,13,13,13,13,13,13
450684,2,1,1995,0,0,0,0,0,0,0,0,0,0
450684,3,1,1995,0,0,0,0,0,0,0,0,0,0
450685,1,1,1995,8,0,0,0,0,0,0,0,0,0
450686,1,1,1995,0,0,0,0,0,0,0,0,0,0
450687,0,1,1995,15,25,21,9,37,10,4,11,35,35
450687,1,1,1995,0,0,0,20,0,0,0,17,0,16
450688,1,1,1995,0,0,33,13,0,5,0,0,0,19
450689,1,1,1995,22,0,0,0,0,0,0,33,0,29
450690,1,1,1995,0,0,0,0,0,0,0,0,0,0
450690,2,1,1995,0,0,0,0,0,0,0,0,0,0
450690,3,1,1995,0,0,0,0,0,0,0,0,0,0
450691,0,1,1995,0,0,9,24,0,0,0,30,0,0
450691,1,1,1995,0,0,0,0,0,0,0,0,0,0
450692,1,1,1995,0,0,0,0,0,0,0,0,0,0
450692,2,1,1995,0,20,0,0,0,0,0,0,0,0
450693,0,1,1995,10,10,10,10,10,10,10,10,10,10
450693,1,1,1995,26,33,0,15,0,36,26,22,29,18
450694,1,1,1995,25,25,25,25,25,25,25,25,25,25
450695,1,1,1995,15,15,15,15,15,15,15,15,15,15
450696,1,1,1995,0,0,0,0,0,0,0,0,0,0
450696,2,1,1995,0,0,0,0,0,0,0,0,0,0
450697,1,1,1995,0,0,0,0,0,0,0,0,0,0
450698,1,1,1995,0,0,0,0,0,0,0,0,0,0
450698,2,1,1995,0,0,0,0,0,0,0,0,0,0
450698,3,1,1995,0,0,0,0,0,0,0,0,0,0
450699,1,1,1995,18,0,0,36,0,0,36,0,21,0
450700,0,1,1995,0,0,0,0,16,0,0,0,0,21
450700,1,1,1995,0,0,0,0,0,0,0,0,0,0
450701,0,1,1995,0,0,0,20,0,16,0,22,0,0
450701,1,1,1995,0,0,0,0,0,0,0,0,0,0
450702,0,1,1995,23,23,23,23,23,23,23,23,23,23
450702,1,1,1995,0,0,0,0,0,0,0,0,0,0
450703,0,1,1995,0,0,0,0,0,0,0,0,0,0
450703,1,1,1995,0,0,0,0,0,0,0,0,0,0
450704,1,1,1995,0,0,0,0,0,0,0,0,0,0
450704,2,1,1995,0,0,0,0,0,0,0,0,0,0
450705,0,1,1995,0,24,0,0,0,0,0,0,0,0
450705,0,2,1995,0,0,18,0,0,15,27,26,0,0
450705,1,1,1995,0,0,0,0,0,12,0,0,0,0
450706,1,1,1995,0,24,0,0,0,0,0,0,0,0
450707,1,1,1995,0,0,0,0,0,0,0,0,0,0
450708,1,1,1995,0,0,12,0,0,0,0,0,0,0
450708,2,1,1995,8,14,0,0,0,0,0,18,0,0
450708,3,1,1995,0,0,0,0,0,0,0,0,0,0
450709,1,1,1995,13,13,13,13,13,13,13,13,13,13
450710,1,1,1995,0,0,0,0,18,0,10,0,0,8
450711,1,1,1995,0,0,0,0,0,0,0,2,12,0
450711,2,1,1995,0,0,0,0,0,0,0,0,0,0
450712,1,1,1995,0,37,0,0,24,0,0,0,0,0
450713,1,1,1995,13,19,26,21,32,20,14,13,19,20
450714,1,1,1995,0,0,0,0,0,0,0,0,0,0
450714,2,1,1995,0,0,0,0,0,0,0,0,0,0
450715,1,1,1995,0,0,0,0,0,0,0,0,0,0
450715,2,1,1995,10,10,10,10,10,10,10,10,10,10
450716,0,1,1995,0,0,0,0,0,0,0,0,13,0
450716,1,1,1995,0,0,0,0,0,0,0,0,0,0
450717,1,1,1995,0,0,0,0,0,0,0,0,0,0
450717,2,1,1995,0,0,0,0,0,0,0,0,0,0
450718,1,1,1995,6,0,0,21,0,0,0,0,0,12
450719,1,1,1995,0,0,0,0,0,0,0,0,18,0
450721,1,1,1995,0,0,0,0,0,0,0,0,0,0
450721,2,1,1995,0,0,0,0,0,0,0,0,0,18
450722,1,1,1995,25,25,25,25,25,25,25,25,25,25
450723,1,1,1995,6,6,6,6,6,6,6,6,6,6
450724,1,1,1995,0,0,0,0,0,0,0,0,0,0
450726,1,1,1995,0,0,0,0,0,0,0,0,0,0
450726,2,1,1995,12,12,12,12,12,12,12,12,12,12
450727,1,1,1995,10,10,10,10,10,10,10,10,10,10
450728,1,1,1995,0,0,0,0,0,0,0,0,0,0
450728,2,1,1995,0,0,0,0,0,0,0,0,0,0
450729,1,1,1995,0,0,0,0,0,0,0,0,0,0
450730,1,1,1995,11,11,11,11,11,11,11,11,11,11
450731,1,1,1995,10,10,10,10,10,10,10,10,10,10
450732,1,1,1995,39,39,39,39,39,39,39,39,39,39
450733,1,1,1995,0,0,0,0,0,0,0,0,0,0
450733,2,1,1995,0,0,0,0,0,0,0,0,0,0
450734,1,1,1995,0,0,0,0,0,0,0,0,0,0
450735,0,1,1995,33,0,7,0,0,0,0,13,0,0
450735,1,1,1995,0,0,0,0,0,0,22,0,0,0
450736,1,1,1995,8,8,8,8,8,8,8,8,8,8
450737,1,1,1995,0,0,0,0,0,0,0,0,0,0
450738,1,1,1995,12,12,12,12,12,12,12,12,12,12
450739,1,1,1995,0,0,0,0,0,0,0,0,0,0
450739,2,1,1995,0,0,0,0,0,0,0,0,0,0
450740,1,1,1995,0,2,0,2,0,2,8,0,0,7
450741,1,1,1995,0,0,7,13,0,13,0,0,0,0
450742,1,1,1995,21,21,21,21,21,21,21,21,21,21
450743,1,1,1995,12,17,14,11,25,36,20,42,21,13
450744,1,1,1995,0,0,0,0,0,0,0,0,0,0
450745,1,1,1995,8,0,26,37,0,28,0,13,0,0
450746,0,1,1995,10,3,0,0,0,0,0,0,0,0
450746,1,1,1995,0,20,30,21,11,0,0,41,0,16
450747,1,1,1995,0,0,0,0,0,0,0,0,0,0
450748,1,1,1995,0,0,0,0,0,0,0,0,0,0
450748,2,1,1995,0,0,0,0,0,0,0,0,0,0
450748,3,1,1995,0,0,0,0,0,0,0,0,0,0
450749,1,1,1995,0,0,0,0,0,0,0,0,0,0
450749,2,1,1995,0,0,0,0,0,0,0,0,0,0
450750,1,1,1995,0,0,31,0,0,0,0,0,0,0
450751,0,1,1995,14,14,14,14,14,14,14,14,14,14
450751,1,1,1995,0,0,0,0,27,0,0,16,15,0
450752,1,1,1995,0,9,0,0,0,6,5,0,0,0
450753,0,1,1995,20,20,20,20,20,20,20,20,20,20
450753,1,1,1995,0,0,0,0,0,0,11,15,0,0
450754,1,1,1995,0,0,0,0,0,0,0,0,3,0
450755,1,1,1995,7,7,7,7,7,7,7,7,7,7
450755,2,1,1995,0,0,0,0,0,0,0,0,0,0
450756,1,1,1995,0,0,0,0,0,0,0,0,0,0
450756,2,1,1995,0,0,0,0,0,0,0,0,0,0
450758,1,1,1995,0,0,0,0,18,0,0,0,0,0
450759,1,1,1995,0,19,0,10,0,0,0,0,0,0
450760,0,1,1995,0,0,0,0,0,0,0,0,0,0
450760,1,1,1995,0,0,0,0,0,0,0,0,16,0
450761,1,1,1995,0,0,0,0,0,0,0,0,0,0
450761,2,1,1995,0,0,0,0,0,0,0,0,0,0
450761,3,1,1995,0,0,0,0,0,0,0,0,5,0
450763,1,1,1995,0,0,0,0,0,4,11,0,0,0
450764,1,1,1995,0,0,0,0,0,0,0,0,0,0
450764,2,1,1995,16,16,16,16,16,16,16,16,16,16
450765,1,1,1995,0,0,0,0,0,0,0,0,0,0
450765,2,1,1995,0,0,0,0,0,0,0,0,0,0
450766,1,1,1995,0,0,0,0,0,0,0,0,0,0
450766,2,1,1995,17,17,17,17,17,17,17,17,17,17
450767,1,1,1995,0,0,0,0,0,0,0,0,0,0
450767,2,1,1995,0,0,6,0,0,0,0,0,0,0
450768,1,1,1995,0,0,0,0,17,9,0,30,0,0
450769,0,1,1995,0,0,0,0,0,0,0,0,0,0
450770,1,1,1995,0,0,0,0,23,0,0,7,0,0
450771,1,1,1995,0,0,0,0,0,0,0,0,0,0
450771,2,1,1995,0,0,0,0,0,0,0,0,0,0
450771,3,1,1995,0,0,0,0,0,0,0,0,0,0
450772,1,1,1995,0,0,0,0,0,0,0,7,0,0
450773,1,1,1995,0,0,0,0,0,0,0,0,0,0
450773,2,1,1995,0,0,0,0,0,0,0,0,0,0
450774,1,1,1995,0,0,0,0,0,0,0,0,0,0
450774,2,1,1995,0,0,0,0,0,0,0,0,0,0
450775,1,1,1995,0,0,0,0,0,0,0,0,21,0
450776,1,1,1995,0,0,0,0,0,0,0,0,2,0
450776,2,1,1995,10,10,10,10,10,10,10,10,10,10
450777,1,1,1995,0,14,17,14,0,13,3,0,0,10
450778,1,1,1995,0,0,0,0,0,0,0,0,0,0
450778,2,1,1995,0,0,0,0,0,0,0,0,0,0
450779,1,1,1995,0,0,0,0,0,0,0,0,0,0
450779,2,1,1995,0,0,0,0,0,0,0,0,0,0
450780,0,1,1995,6,6,6,6,6,6,6,6,6,6
450780,1,1,1995,0,10,0,0,5,30,11,7,0,16
450781,1,1,1995,0,0,0,0,0,0,0,3,0,0
450781,2,1,1995,0,0,0,0,0,0,0,0,0,0
450782,1,1,1995,20,10,13,37,0,23,0,0,21,29
450783,0,1,1995,9,9,9,9,9,9,9,9,9,9
450783,1,1,1995,0,0,0,0,0,0,0,0,0,0
450784,0,1,1995,7,7,7,7,7,7,7,7,7,7
450784,1,1,1995,0,22,18,14,19,21,21,0,27,26
450785,0,1,1995,6,6,6,6,6,6,6,6,6,6
450785,1,1,1995,0,0,0,0,0,0,0,0,0,0
450786,1,1,1995,0,0,0,0,0,0,0,0,0,0
450786,2,1,1995,0,0,0,0,0,0,0,0,0,0
450787,1,1,1995,0,0,0,0,0,0,0,0,0,0
450787,2,1,1995,0,0,0,0,0,0,0,0,0,0
450788,1,1,1995,0,0,0,0,0,0,0,0,0,0
450788,2,1,1995,11,0,0,13,0,0,0,0,0,0
450789,1,1,1995,13,0,0,0,0,0,0,0,0,0
450792,1,1,1995,0,0,0,0,0,28,13,0,0,33
450793,0,1,1995,10,10,10,10,10,10,10,10,10,10
450793,1,1,1995,0,0,0,0,0,0,0,0,16,0
450794,1,1,1995,0,0,11,0,0,0,0,0,0,0
450795,1,1,1995,0,0,0,0,0,0,0,0,0,19
450796,1,1,1995,0,0,0,0,0,0,0,0,0,0
450796,2,1,1995,0,0,0,0,0,0,0,0,0,0
450796,3,1,1995,0,11,0,0,0,0,0,0,0,0
450797,1,1,1995,0,0,0,0,0,0,0,0,0,0
450797,2,1,1995,0,0,0,0,0,0,0,0,0,0
450798,1,1,1995,0,0,23,0,0,0,0,0,13,0
450799,0,1,1995,0,0,0,0,0,0,0,0,0,0
450799,1,1,1995,0,0,0,0,0,0,0,0,0,0
450800,1,1,1995,0,0,0,0,0,0,0,0,0,0
450800,2,1,1995,0,0,11,0,21,0,0,0,0,0
450801,1,1,1995,0,0,0,9,0,6,0,12,19,0
450802,1,1,1995,0,0,0,0,0,0,0,0,0,0
450803,1,1,1995,0,0,0,0,0,0,32,0,0,0
450804,1,1,1995,0,0,0,11,0,0,0,0,0,0
460001,1,1,1995,0,0,0,0,0,0,0,0,0,0
460002,1,1,1995,0,0,0,0,0,0,0,0,0,0
460003,0,1,1995,0,0,0,0,0,0,0,0,0,0
460003,0,2,1995,0,0,0,0,0,0,0,0,0,0
460003,1,1,1995,0,0,0,0,0,0,0,0,0,0
460004,1,1,1995,0,0,0,0,0,0,0,0,0,0
460004,2,1,1995,0,0,0,0,0,0,0,0,0,0
460005,1,1,1995,5,5,5,5,5,5,5,5,5,5
460006,1,1,1995,8,8,8,8,8,8,8,8,8,8
460007,1,1,1995,12,19,0,16,12,19,0,10,16,10
460008,1,1,1995,0,0,0,0,0,0,0,0,0,0
460009,1,1,1995,0,0,0,0,0,0,0,0,0,0
460009,2,1,1995,26,26,26,26,26,26,26,26,26,26
460010,1,1,1995,0,0,0,0,0,0,0,0,0,0
460010,2,1,1995,0,0,0,8,0,0,0,0,0,0
460011,1,1,1995,31,31,31,31,31,31,31,31,31,31
460012,1,1,1995,0,0,0,0,0,0,0,0,0,0
460013,1,1,1995,0,0,0,0,0,0,0,0,0,0
460014,1,1,1995,0,0,0,0,0,0,0,0,0,0
460014,2,1,1995,0,0,0,0,0,0,0,0,0,0
460015,1,1,1995,35,35,35,35,35,35,35,35,35,35
460016,1,1,1995,22,22,22,22,22,22,22,22,22,22
460017,1,1,1995,15,15,15,15,15,15,15,15,15,15
460018,1,1,1995,0,0,0,0,0,0,0,0,0,0
460018,2,1,1995,0,0,0,0,0,0,0,0,0,0
460019,0,1,1995,0,0,0,0,0,0,0,0,0,0
460019,1,1,1995,0,0,0,0,0,0,0,0,0,0
460020,0,1,1995,0,0,0,0,0,38,0,0,0,0
460020,1,1,1995,0,0,0,0,0,0,0,0,0,0
460021,1,1,1995,0,0,0,0,0,0,0,0,0,0
460022,1,1,1995,0,0,0,0,0,0,0,0,0,0
460022,2,1,1995,0,0,0,0,0,0,0,0,0,0
460023,1,1,1995,22,22,22,22,22,22,22,22,22,22
460024,0,1,1995,23,23,23,23,23,23,23,23,23,23
460024,1,1,1995,20,20,20,20,20,20,20,20,20,20
460025,1,1,1995,10,10,10,10,10,10,10,10,10,10
460026,1,1,1995,0,0,0,0,0,0,0,0,0,0
460026,2,1,1995,0,0,0,0,0,0,0,0,0,0
460027,1,1,1995,19,19,19,19,19,19,19,19,19,19
460027,2,1,1995,0,0,0,0,0,0,0,0,0,0
460028,1,1,1995,12,12,12,12,12,12,12,12,12,12
460029,1,1,1995,0,0,0,0,0,0,0,0,0,0
460029,2,1,1995,0,0,0,0,0,0,0,0,0,0
460030,1,1,1995,0,0,0,0,0,0,0,0,0,0
460030,2,1,1995,0,0,0,0,0,0,0,0,0,0
460031,0,1,1995,15,17,24,5,18,27,9,32,17,32
460031,1,1,1995,13,13,13,13,13,13,13,13,13,13
460032,1,1,1995,0,0,0,0,0,0,0,0,0,0
460032,2,1,1995,0,0,0,0,0,0,0,0,0,0
460033,0,1,1995,0,0,0,0,0,0,11,18,0,0
460033,1,1,1995,0,0,0,0,0,0,0,0,0,0
460034,1,1,1995,14,14,14,14,14,14,14,14,14,14
460035,1,1,1995,0,0,0,0,0,0,0,0,0,0
460035,2,1,1995,0,0,0,0,0,0,0,0,0,0
460036,1,1,1995,23,23,23,23,23,23,23,23,23,23
460036,2,1,1995,7,7,7,7,7,7,7,7,7,7
460037,1,1,1995,0,14,13,17,19,15,11,17,11,5
460038,1,1,1995,0,0,0,0,0,0,0,0,0,0
460038,2,1,1995,14,14,14,14,14,14,14,14,14,14
460039,1,1,1995,0,0,0,0,0,0,0,5,0,0
460040,1,1,1995,18,18,18,18,18,18,18,18,18,18
460041,1,1,1995,0,0,0,0,0,0,0,0,0,0
460042,1,1,1995,0,0,0,0,0,0,0,0,0,0
460042,2,1,1995,0,0,0,0,0,0,0,0,0,0
460043,1,1,1995,21,21,21,21,21,21,21,21,21,21
460044,1,1,1995,7,7,7,7,7,7,7,7,7,7
460045,1,1,1995,0,0,0,0,0,0,0,0,0,0
460045,2,1,1995,0,0,0,13,0,0,0,0,0,0
460046,1,1,1995,0,0,0,0,0,0,0,0,0,0
460047,1,1,1995,1,1,1,1,1,1,1,1,1,1
460047,2,1,1995,0,0,0,0,0,0,0,0,0,0
460047,3,1,1995,0,0,0,0,0,0,0,0,0,0
460048,1,1,1995,0,0,0,0,0,0,0,0,0,0
460049,1,1,1995,26,26,26,26,26,26,26,26,26,26
460050,1,1,1995,23,18,15,14,24,21,11,21,0,25
460051,1,1,1995,0,0,0,0,0,0,0,0,0,0
460051,2,1,1995,0,0,0,0,0,0,0,0,0,0
460052,0,1,1995,0,0,0,0,0,0,0,0,0,0
460052,1,1,1995,0,0,0,0,0,0,0,0,0,0
460053,1,1,1995,28,28,28,28,28,28,28,28,28,28
460054,1,1,1995,0,0,0,0,0,0,0,0,0,0
460054,2,1,1995,0,0,0,0,0,0,0,0,0,0
460054,3,1,1995,0,0,0,0,0,0,0,0,0,0
460054,4,1,1995,0,0,0,0,0,0,16,0,0,0
460055,1,1,1995,11,11,11,11,11,11,11,11,11,11
460056,1,1,1995,0,0,0,0,0,7,0,16,0,0
460057,1,2,1995,18,17,11,0,0,9,37,11,15,24
460058,1,1,1995,18,18,18,18,18,18,18,18,18,18
460059,0,1,1995,0,0,0,0,0,0,0,0,0,0
460059,1,1,1995,0,0,0,0,0,0,0,0,0,0
460060,1,1,1995,20,20,20,20,20,20,20,20,20,20
460061,1,1,1995,17,17,17,17,17,17,17,17,17,17
460062,1,1,1995,16,16,16,16,16,16,16,16,16,16
460063,1,1,1995,28,28,28,28,28,28,28,28,28,28
460064,1,1,1995,0,0,0,0,0,0,0,0,0,0
460064,2,1,1995,0,0,0,0,0,0,0,0,0,0
460065,1,1,1995,0,0,0,0,0,0,0,0,0,0
460065,2,1,1995,0,0,0,0,0,0,0,0,0,0
460066,1,1,1995,0,0,0,0,0,0,0,0,0,0
460067,1,1,1995,0,0,0,0,0,0,0,0,0,0
460068,1,1,1995,0,0,0,0,0,0,0,0,0,0
460069,1,1,1995,0,0,0,0,0,0,0,0,0,0
460070,1,1,1995,0,0,0,0,0,0,0,0,0,0
460070,2,1,1995,0,0,0,0,0,0,0,0,0,0
460071,1,1,1995,21,21,21,21,21,21,21,21,21,21
460072,1,1,1995,5,5,5,5,5,5,5,5,5,5
460073,1,1,1995,0,0,0,0,0,0,0,0,0,0
460074,1,1,1995,17,17,17,17,17,17,17,17,17,17
460075,1,1,1995,22,22,22,22,22,22,22,22,22,22
460076,0,1,1995,0,0,0,0,0,0,0,0,0,0
460076,1,1,1995,0,0,0,0,0,0,0,0,0,0
460077,1,1,1995,0,0,0,0,0,0,0,0,0,0
460078,1,1,1995,24,24,24,24,24,24,24,24,24,24
460079,1,1,1995,0,0,0,0,0,0,0,0,0,0
460079,2,1,1995,0,0,0,0,0,0,0,0,0,0
460080,1,1,1995,0,0,0,0,0,0,0,0,0,0
460080,2,1,1995,0,0,0,0,0,0,0,0,0,0
460081,1,1,1995,11,11,11,11,11,11,11,11,11,11
460082,1,1,1995,0,0,0,0,0,0,0,0,0,0
460082,2,1,1995,0,0,0,0,0,0,0,0,0,0
460083,1,1,1995,0,0,0,0,0,0,0,0,0,0
460084,1,1,1995,20,20,20,20,20,20,20,20,20,20
460084,2,1,1995,0,0,0,0,0,0,0,0,0,0
460084,3,1,1995,0,0,0,0,0,0,0,0,0,0
460085,1,1,1995,0,0,0,0,0,0,0,0,0,0
460085,2,1,1995,0,0,0,0,0,0,0,0,0,0
460086,1,1,1995,0,0,0,0,0,0,0,0,0,0
460086,2,1,1995,0,0,0,0,0,0,0,0,0,0
460087,1,1,1995,0,0,0,0,0,0,0,0,0,0
460088,1,1,1995,0,0,0,0,0,0,0,0,0,0
460089,1,1,1995,39,39,39,39,39,39,39,39,39,39
460090,1,1,1995,21,21,21,21,21,21,21,21,21,21
460091,1,1,1995,0,10,0,0,0,0,0,0,0,0
460092,0,1,1995,0,0,0,0,0,0,0,0,0,0
460093,1,1,1995,22,22,22,22,22,22,22,22,22,22
460094,1,1,1995,0,0,0,0,0,0,0,0,0,0
460095,1,1,1995,0,0,0,0,0,0,0,0,0,0
460095,2,1,1995,30,30,30,30,30,30,30,30,30,30
460096,1,1,1995,0,0,0,0,0,0,0,0,0,0
460097,1,1,1995,0,0,0,0,0,0,0,0,0,0
460097,2,1,1995,10,10,10,10,10,10,10,10,10,10
460098,1,1,1995,11,11,11,11,11,11,11,11,11,11
460099,1,1,1995,0,0,5,0,0,0,0,0,0,0
460099,2,1,1995,0,0,0,0,0,0,0,0,0,0
460100,1,1,1995,0,0,0,0,0,0,0,0,0,0
460101,1,1,1995,16,0,0,0,0,0,16,0,0,0
460102,1,1,1995,0,0,0,0,0,0,0,0,0,0
460102,2,1,1995,0,0,0,0,0,0,0,0,0,0
460103,1,1,1995,0,0,0,0,0,0,0,0,0,0
460103,2,1,1995,0,0,0,0,0,0,0,0,0,0
460104,1,1,1995,0,6,12,0,0,7,14,14,21,10
460105,1,1,1995,0,0,0,0,0,0,0,0,0,0
460105,2,1,1995,0,0,0,0,0,0,0,0,0,0
460106,1,1,1995,0,0,0,0,0,0,0,0,0,0
460106,2,1,1995,0,0,0,0,0,0,0,0,0,0
460107,1,1,1995,0,0,0,0,0,0,0,0,0,0
460107,2,1,1995,0,0,0,0,0,0,0,0,0,0