ST_CASE,VEH_NO,PER_NO,YEAR,P1,P2,P3,P4,P5,P6,P7,P8,P9,P10
460108,0,1,1995,27,27,27,27,27,27,27,27,27,27
460108,1,1,1995,0,0,0,0,0,0,0,0,0,0
460109,1,1,1995,0,0,0,0,0,0,0,0,0,0
460109,2,1,1995,0,18,0,0,0,0,0,0,0,0
460110,1,1,1995,9,9,9,9,9,9,9,9,9,9
460111,0,1,1995,0,0,0,27,6,0,0,0,0,0
460111,1,1,1995,0,0,0,0,0,0,0,0,0,0
460111,2,1,1995,0,0,0,0,0,0,0,0,0,0
460112,1,1,1995,0,0,0,0,0,0,0,0,0,0
460112,2,1,1995,0,0,0,14,0,8,0,28,20,0
460113,1,1,1995,0,0,0,0,0,0,0,0,0,0
460113,2,1,1995,0,0,0,0,0,0,0,0,0,0
460114,1,1,1995,24,24,24,24,24,24,24,24,24,24
460115,1,1,1995,0,0,0,0,0,0,0,0,0,0
460115,2,1,1995,0,0,0,0,0,0,0,0,0,0
460116,1,1,1995,0,0,0,0,0,0,0,0,0,0
460116,2,1,1995,0,0,0,0,0,0,0,0,0,0
460117,1,1,1995,0,0,0,0,0,0,0,0,0,0
460117,2,1,1995,0,0,0,0,0,0,0,0,0,0
460118,1,1,1995,0,0,0,0,0,0,0,0,0,0
460119,1,1,1995,0,0,0,0,0,0,0,0,0,0
460119,2,1,1995,0,0,0,0,0,0,0,0,0,0
460120,1,1,1995,14,14,14,14,14,14,14,14,14,14
460121,0,1,1995,0,0,0,0,0,0,0,0,0,0
460121,1,1,1995,0,0,0,0,0,0,0,0,0,0
460122,1,1,1995,0,0,0,0,0,0,0,0,0,0
460122,2,1,1995,0,0,0,0,0,0,0,0,0,0
460123,1,1,1995,0,16,0,0,0,0,0,0,0,0
460124,1,1,1995,0,0,0,0,0,0,0,0,0,0
460124,2,1,1995,0,0,0,0,0,0,0,0,17,0
460125,1,1,1995,26,16,23,17,20,18,7,12,12,11
460126,1,1,1995,26,0,7,13,0,12,0,16,0,0
460127,0,1,1995,20,20,20,20,20,20,20,20,20,20
460127,1,1,1995,20,20,20,20,20,20,20,20,20,20
460128,1,1,1995,27,0,13,0,0,0,0,0,0,0
460129,1,1,1995,11,20,15,18,15,8,12,7,4,8
460130,1,1,1995,18,18,18,18,18,18,18,18,18,18
460131,1,1,1995,0,0,0,0,0,0,0,0,23,0
460132,1,1,1995,21,21,21,21,21,21,21,21,21,21
460133,1,1,1995,0,0,0,0,0,0,0,0,0,0
460134,1,1,1995,12,12,12,12,12,12,12,12,12,12
460134,2,1,1995,0,0,0,0,0,0,0,0,0,0
460135,1,1,1995,0,0,0,0,0,0,0,0,0,0
460135,2,1,1995,0,0,0,0,0,0,0,0,0,0
460136,1,1,1995,0,0,0,0,0,0,0,0,0,0
460136,2,1,1995,0,0,0,0,0,11,0,0,0,0
460137,1,1,1995,23,9,20,24,15,18,26,11,18,11
460138,1,1,1995,17,17,17,17,17,17,17,17,17,17
460139,1,1,1995,0,0,0,0,0,0,0,0,0,0
460139,2,1,1995,0,0,0,0,22,0,6,0,0,0
460140,1,1,1995,7,7,9,25,16,13,14,11,7,18
470001,1,1,1995,0,0,0,0,0,0,0,0,0,0
470002,1,1,1995,0,0,0,0,0,0,0,0,0,0
470003,1,1,1995,28,28,28,28,28,28,28,28,28,28
470004,1,1,1995,0,0,0,0,0,0,0,0,0,0
470006,0,1,1995,0,0,0,0,0,0,0,0,0,0
470006,0,2,1995,0,0,0,0,25,0,0,0,20,0
470006,1,1,1995,0,0,0,0,0,0,0,0,0,0
470007,1,1,1995,20,20,20,20,20,20,20,20,20,20
470008,1,1,1995,0,0,0,0,0,0,0,0,0,0
470009,1,1,1995,0,0,0,0,0,0,0,0,0,0
470009,2,1,1995,0,0,0,0,0,0,0,0,0,0
470010,1,1,1995,0,0,0,0,0,0,0,0,0,0
470010,2,1,1995,0,0,0,0,0,0,0,0,0,0
470011,1,1,1995,0,0,0,0,0,0,0,0,0,5
470011,2,1,1995,0,0,0,0,0,0,0,0,0,0
470012,1,1,1995,9,9,9,9,9,9,9,9,9,9
470013,1,1,1995,12,12,12,12,12,12,12,12,12,12
470014,1,1,1995,28,28,28,28,28,28,28,28,28,28
470015,0,1,1995,21,21,21,21,21,21,21,21,21,21
470015,1,1,1995,0,0,0,0,0,0,0,0,0,0
470016,1,1,1995,0,0,0,0,0,0,0,0,0,0
470016,2,1,1995,0,0,0,0,0,0,0,0,0,0
470017,1,1,1995,13,13,13,13,13,13,13,13,13,13
470017,2,1,1995,0,0,0,0,0,0,0,0,0,0
470018,1,1,1995,0,0,0,0,0,0,0,0,0,0
470019,1,1,1995,12,12,12,12,12,12,12,12,12,12
470020,1,1,1995,11,11,11,11,11,11,11,11,11,11
470021,1,1,1995,3,3,3,3,3,3,3,3,3,3
470022,1,1,1995,15,15,15,15,15,15,15,15,15,15
470022,2,1,1995,0,0,0,0,0,0,0,0,0,0
470023,1,1,1995,0,0,0,0,0,0,0,0,0,0
470024,1,1,1995,0,0,0,0,0,0,0,0,0,0
470025,1,1,1995,0,0,0,0,0,0,0,0,0,0
470025,2,1,1995,0,0,0,0,0,0,0,0,0,0
470026,1,1,1995,0,0,0,0,0,0,0,0,0,0
470027,1,1,1995,27,27,27,27,27,27,27,27,27,27
470027,2,1,1995,0,0,0,0,0,0,0,0,0,0
470028,1,1,1995,0,0,0,0,0,11,0,0,0,0
470029,1,1,1995,0,0,0,0,0,0,0,0,0,0
470029,2,1,1995,0,0,0,0,0,0,0,0,0,0
470030,1,1,1995,0,0,0,0,0,0,0,0,0,0
470030,2,1,1995,0,0,0,0,0,0,0,0,0,0
470031,1,1,1995,11,11,11,11,11,11,11,11,11,11
470032,1,1,1995,0,0,0,0,0,0,0,0,0,0
470032,2,1,1995,0,0,0,0,0,0,0,0,0,0
470033,1,1,1995,14,14,14,14,14,14,14,14,14,14
470033,2,1,1995,0,0,0,0,0,0,0,0,0,0
470033,3,1,1995,0,0,0,0,0,0,0,0,0,0
470033,4,1,1995,0,0,0,0,0,0,0,0,0,0
470034,1,1,1995,9,9,9,9,9,9,9,9,9,9
470034,2,1,1995,0,0,0,0,0,0,0,0,0,0
470035,0,1,1995,2,2,2,2,2,2,2,2,2,2
470035,1,1,1995,11,23,18,14,0,12,15,15,11,7
470036,1,1,1995,9,9,9,9,9,9,9,9,9,9
470037,1,1,1995,0,0,0,0,0,0,0,0,0,0
470037,2,1,1995,0,0,0,0,0,0,0,0,0,0
470038,1,1,1995,21,21,21,21,21,21,21,21,21,21
470039,1,1,1995,9,9,9,9,9,9,9,9,9,9
470040,1,1,1995,0,0,0,0,0,0,0,0,0,0
470040,2,1,1995,0,0,0,0,0,0,0,0,0,0
470041,1,1,1995,29,29,29,29,29,29,29,29,29,29
470042,0,1,1995,0,0,0,0,0,0,0,0,0,0
470042,1,1,1995,0,0,0,0,0,0,0,0,0,0
470043,1,1,1995,24,24,24,24,24,24,24,24,24,24
470044,1,1,1995,0,0,0,0,0,0,0,0,0,0
470044,2,1,1995,22,22,22,22,22,22,22,22,22,22
470045,1,1,1995,0,0,0,0,0,0,0,0,0,0
470045,2,1,1995,39,0,0,8,0,0,0,14,0,0
470045,3,1,1995,1,1,1,1,1,1,1,1,1,1
470046,1,1,1995,21,21,21,21,21,21,21,21,21,21
470047,0,1,1995,0,0,10,0,21,0,0,0,11,0
470047,1,1,1995,0,0,0,0,0,0,0,0,0,0
470047,2,1,1995,0,0,0,0,0,0,0,0,0,0
470048,1,1,1995,0,0,0,0,0,0,0,0,0,0
470048,2,1,1995,0,0,2,0,0,0,14,0,0,12
470049,1,1,1995,0,17,0,0,0,0,0,0,0,0
470050,1,1,1995,0,0,0,0,0,0,0,14,6,0
470051,1,1,1995,9,9,9,9,9,9,9,9,9,9
470052,1,1,1995,18,18,18,18,18,18,18,18,18,18
470053,1,1,1995,12,12,12,12,12,12,12,12,12,12
470053,2,1,1995,0,0,0,0,0,0,0,0,0,0
470054,1,1,1995,18,18,18,18,18,18,18,18,18,18
470054,2,1,1995,0,0,0,0,0,0,0,0,0,0
470054,3,1,1995,0,0,0,0,0,0,0,0,0,0
470054,4,1,1995,0,0,0,0,0,0,0,0,0,0
470055,1,1,1995,0,0,0,0,0,0,0,0,0,0
470056,1,1,1995,0,0,0,0,0,0,0,0,0,0
470057,1,1,1995,0,0,0,0,0,0,0,0,0,0
470058,1,1,1995,5,5,5,5,5,5,5,5,5,5
470059,1,1,1995,0,0,0,0,0,0,0,0,0,0
470059,2,1,1995,0,0,0,0,0,0,0,0,0,0
470060,1,1,1995,0,0,0,0,0,0,0,0,0,0
470060,2,1,1995,6,6,6,6,6,6,6,6,6,6
470061,1,1,1995,0,0,0,0,0,0,0,0,0,0
470061,2,1,1995,0,11,0,0,0,0,0,0,0,0
470061,3,1,1995,0,0,0,0,0,0,0,0,0,0
470062,1,1,1995,4,4,4,4,4,4,4,4,4,4
470063,1,1,1995,0,0,0,0,0,0,0,0,0,0
470063,2,1,1995,0,0,0,0,0,0,0,0,0,0
470064,1,1,1995,24,24,24,24,24,24,24,24,24,24
470065,1,1,1995,0,0,0,0,0,0,0,0,0,0
470066,1,1,1995,0,0,0,0,0,0,0,0,0,0
470067,1,1,1995,0,0,0,0,0,0,0,0,0,0
470067,2,1,1995,0,0,0,0,0,0,0,0,0,0
470067,3,1,1995,0,0,0,0,0,0,0,0,0,0
470067,4,1,1995,0,0,0,0,0,0,0,0,0,0
470068,1,1,1995,0,0,0,0,0,0,0,0,0,0
470069,1,1,1995,0,0,0,0,0,0,0,0,0,0
470070,1,1,1995,0,0,0,0,0,0,0,0,0,0
470070,2,1,1995,0,0,0,0,0,0,0,0,0,0
470071,0,1,1995,0,0,0,0,0,0,0,0,0,0
470071,1,1,1995,0,0,0,0,0,0,0,0,0,0
470072,1,1,1995,0,0,0,0,0,0,0,0,0,0
470072,2,1,1995,0,0,0,0,0,0,0,0,0,0
470073,1,1,1995,0,0,0,0,0,0,0,0,0,0
470073,2,1,1995,0,0,0,0,0,0,0,0,0,0
470073,3,1,1995,0,0,0,15,0,0,0,0,0,0
470074,1,1,1995,17,17,17,17,17,17,17,17,17,17
470075,1,1,1995,0,0,0,0,0,0,0,0,0,0
470076,1,1,1995,0,0,0,0,0,0,0,0,0,0
470077,1,1,1995,0,0,0,0,0,0,0,0,0,0
470077,2,1,1995,0,0,0,0,0,0,0,0,0,0
470078,1,1,1995,0,0,0,0,0,0,0,0,0,0
470078,2,1,1995,0,0,0,0,0,0,0,0,0,0
470079,1,1,1995,24,24,24,24,24,24,24,24,24,24
470080,0,1,1995,0,0,0,0,0,0,0,0,0,0
470080,1,1,1995,12,0,0,0,0,0,0,0,0,0
470081,1,1,1995,26,26,26,26,26,26,26,26,26,26
470082,1,1,1995,11,11,11,11,11,11,11,11,11,11
470083,1,1,1995,18,18,18,18,18,18,18,18,18,18
470084,1,1,1995,0,0,0,0,0,0,0,0,0,0
470085,0,1,1995,0,0,0,0,0,0,0,0,0,0
470085,1,1,1995,0,0,0,0,0,0,0,0,0,0
470087,1,1,1995,16,16,16,16,16,16,16,16,16,16
470088,1,1,1995,0,0,0,0,0,0,0,0,0,0
470089,1,1,1995,0,0,0,0,0,0,0,0,0,0
470089,2,1,1995,0,0,0,0,0,0,0,0,0,0
470090,1,1,1995,0,0,0,0,0,0,0,0,0,0
470090,2,1,1995,0,0,0,0,0,0,0,0,0,0
470091,1,1,1995,0,0,0,0,0,0,0,0,0,0
470091,2,1,1995,0,0,0,0,0,0,0,0,0,0
470092,1,1,1995,4,0,0,10,0,12,7,0,0,0
470093,1,1,1995,0,0,0,0,0,0,0,0,0,0
470094,1,1,1995,0,4,13,10,4,0,0,0,0,0
470095,0,1,1995,33,33,33,33,33,33,33,33,33,33
470095,1,1,1995,0,0,0,0,0,0,0,0,0,0
470096,1,1,1995,0,0,0,0,0,0,0,0,0,0
470096,2,1,1995,0,0,0,0,0,0,0,0,0,0
470097,1,1,1995,13,13,13,13,13,13,13,13,13,13
470098,1,1,1995,4,4,4,4,4,4,4,4,4,4
470099,0,1,1995,0,0,0,0,0,0,0,0,0,0
470099,1,1,1995,0,0,0,0,0,0,0,0,0,0
470100,1,1,1995,0,0,0,0,0,0,0,0,0,0
470100,2,1,1995,0,0,0,12,0,0,0,0,0,20
470101,1,1,1995,16,24,17,7,32,8,23,8,10,13
470102,1,1,1995,0,0,0,0,0,0,0,0,0,0
470102,2,1,1995,0,0,0,0,9,0,0,0,0,0
470103,1,1,1995,6,6,6,6,6,6,6,6,6,6
470104,0,1,1995,14,14,14,14,14,14,14,14,14,14
470104,1,1,1995,0,0,0,0,0,0,0,0,0,0
470105,1,1,1995,18,20,13,0,38,0,12,0,32,16
470106,1,1,1995,18,18,18,18,18,18,18,18,18,18
470107,1,1,1995,20,20,20,20,20,20,20,20,20,20
470108,1,1,1995,0,0,0,0,0,0,0,0,0,0
470108,2,1,1995,0,0,0,0,0,0,0,0,0,0
470109,1,1,1995,15,15,15,15,15,15,15,15,15,15
470110,1,1,1995,20,20,20,20,20,20,20,20,20,20
470110,2,1,1995,0,0,0,0,0,0,0,0,0,0
470111,1,1,1995,26,26,26,26,26,26,26,26,26,26
470112,1,1,1995,22,22,22,22,22,22,22,22,22,22
470113,0,1,1995,30,30,30,30,30,30,30,30,30,30
470113,1,1,1995,0,0,0,0,0,0,0,0,0,0
470114,1,1,1995,0,0,0,0,0,0,0,0,0,0
470114,2,1,1995,0,0,0,0,0,0,0,0,0,0
470115,1,1,1995,0,0,0,0,0,0,0,0,0,0
470115,2,1,1995,0,0,0,0,0,0,0,0,0,0
470116,1,1,1995,0,0,0,0,0,0,0,0,0,0
470117,0,1,1995,0,0,0,0,0,0,0,0,0,0
470117,1,1,1995,0,0,0,0,0,0,0,0,0,0
470118,0,1,1995,12,12,12,12,12,12,12,12,12,12
470118,1,1,1995,0,0,0,0,0,0,0,0,0,0
470119,1,1,1995,0,0,0,0,0,0,0,0,0,0
470119,2,1,1995,0,0,0,0,0,0,0,0,0,0
470119,3,1,1995,0,0,0,0,0,0,0,0,0,0
470120,1,1,1995,0,0,0,0,0,0,0,0,0,0
470121,1,1,1995,28,28,28,28,28,28,28,28,28,28
470122,1,1,1995,0,0,0,0,0,0,0,0,0,0
470123,1,1,1995,0,0,0,0,0,0,0,0,0,0
470123,2,1,1995,0,0,0,0,0,0,8,8,0,0
470123,3,1,1995,0,0,0,0,0,0,0,0,0,0
470124,1,1,1995,0,0,0,0,0,0,0,0,0,0
470124,2,1,1995,0,0,0,0,0,0,0,0,0,0
470125,1,1,1995,0,0,0,0,0,0,0,0,0,0
470125,2,1,1995,0,0,0,0,0,0,0,0,0,0
470126,1,1,1995,19,19,19,19,19,19,19,19,19,19
470127,1,1,1995,0,0,0,0,0,0,0,0,0,0
470128,1,1,1995,0,0,0,0,0,0,0,0,0,0
470128,2,1,1995,0,0,0,0,10,0,0,0,0,0
470129,1,1,1995,14,14,14,14,14,14,14,14,14,14
470130,1,1,1995,28,28,28,28,28,28,28,28,28,28
470130,2,1,1995,0,0,0,0,0,0,0,0,0,0
470131,2,1,1995,0,0,0,0,0,0,0,0,0,0
470132,0,1,1995,0,0,0,0,0,0,0,0,0,0
470132,1,1,1995,0,0,0,0,0,0,0,0,0,0
470133,1,1,1995,18,18,18,18,18,18,18,18,18,18
470134,1,1,1995,0,0,0,0,0,0,0,0,0,0
470135,1,1,1995,0,0,0,0,0,0,0,0,0,0
470136,1,1,1995,0,0,0,0,0,0,0,0,0,0
470136,2,1,1995,0,0,0,0,0,0,0,0,0,0
470137,1,1,1995,16,20,26,18,20,0,6,26,0,20
470138,1,1,1995,19,19,19,19,19,19,19,19,19,19
470139,1,1,1995,22,22,22,22,22,22,22,22,22,22
470139,2,1,1995,1,1,1,1,1,1,1,1,1,1
470140,1,1,1995,0,0,0,0,0,0,0,0,0,0
470141,1,1,1995,0,0,0,0,0,0,0,0,0,0
470141,2,1,1995,0,0,0,0,0,0,0,0,0,0
470142,1,1,1995,16,26,0,13,21,0,27,23,31,21
470143,1,1,1995,0,0,0,0,0,0,0,0,0,0
470143,2,1,1995,15,15,15,15,15,15,15,15,15,15
470144,1,1,1995,21,21,21,21,21,21,21,21,21,21
470144,2,1,1995,0,0,0,0,0,0,0,0,0,0
470145,1,1,1995,0,21,21,0,0,0,0,0,0,40
470146,1,1,1995,0,0,0,0,0,0,0,0,0,0
470146,2,1,1995,0,0,0,0,0,0,0,0,0,0
470147,1,1,1995,24,24,24,24,24,24,24,24,24,24
470148,1,1,1995,26,26,26,26,26,26,26,26,26,26
470149,1,1,1995,36,36,36,36,36,36,36,36,36,36
470150,1,1,1995,0,0,0,0,0,0,0,0,0,0
470150,2,1,1995,0,0,0,0,0,0,0,0,0,0
470151,1,1,1995,31,31,31,31,31,31,31,31,31,31
470152,1,1,1995,18,18,18,18,18,18,18,18,18,18
470153,1,1,1995,0,0,0,0,0,0,0,0,0,0
470154,1,1,1995,0,0,0,0,0,0,0,0,0,0
470155,1,1,1995,26,26,26,26,26,26,26,26,26,26
470156,1,1,1995,31,31,31,31,31,31,31,31,31,31
470156,2,1,1995,0,0,0,0,0,0,0,0,0,0
470157,1,1,1995,0,0,0,0,0,0,0,0,0,0
470158,1,1,1995,0,0,0,0,0,0,0,0,0,0
470159,1,1,1995,0,0,0,0,0,0,0,0,0,0
470160,1,1,1995,11,11,11,11,11,11,11,11,11,11
470161,1,1,1995,0,0,0,0,0,0,0,0,0,0
470162,1,1,1995,0,0,0,0,0,0,0,0,0,0
470162,2,1,1995,0,0,0,0,0,0,0,0,0,0
470163,1,1,1995,0,0,0,0,0,0,0,0,0,0
470163,2,1,1995,0,0,0,0,0,0,0,0,0,0
470165,1,1,1995,0,0,0,0,0,0,0,0,0,0
470166,1,1,1995,16,16,16,16,16,16,16,16,16,16
470167,1,1,1995,0,0,0,0,0,0,0,0,0,0
470168,1,1,1995,10,10,0,0,9,10,19,23,18,21
470169,1,1,1995,10,10,10,10,10,10,10,10,10,10
470170,1,1,1995,7,0,0,0,0,0,0,0,2,0
470171,1,1,1995,5,5,5,5,5,5,5,5,5,5
470172,0,1,1995,17,17,17,17,17,17,17,17,17,17
470172,0,2,1995,11,11,11,11,11,11,11,11,11,11
470172,1,1,1995,0,0,0,0,0,0,0,0,0,0
470172,2,1,1995,0,0,0,0,18,0,0,0,0,0
470173,1,1,1995,24,24,24,24,24,24,24,24,24,24
470174,1,1,1995,18,18,18,18,18,18,18,18,18,18
470175,1,1,1995,37,37,37,37,37,37,37,37,37,37
470176,1,1,1995,0,0,0,0,0,0,0,0,0,0
470177,1,1,1995,0,0,0,0,0,0,0,0,0,0
470178,1,1,1995,0,0,0,0,0,0,0,0,0,0
470179,1,1,1995,0,0,0,0,0,0,0,0,0,0
470180,1,1,1995,0,0,0,0,0,0,0,0,0,0
470180,2,1,1995,0,0,0,0,0,0,0,0,0,0
470181,0,1,1995,0,0,0,0,0,0,0,0,0,0
470181,1,1,1995,0,0,0,0,0,0,0,0,0,0
470182,1,1,1995,0,0,0,0,0,0,0,0,0,0
470182,2,1,1995,0,0,0,0,0,0,0,12,0,0
470182,3,1,1995,0,0,0,0,0,0,0,0,0,0
470182,4,1,1995,0,0,0,0,0,0,0,0,0,0
470182,5,1,1995,0,0,0,0,0,0,26,10,0,0
470182,6,1,1995,0,0,0,0,0,0,0,0,0,0
470183,1,1,1995,0,0,0,0,0,0,0,0,0,0
470183,2,1,1995,0,0,0,0,0,0,0,0,0,0
470184,1,1,1995,0,0,0,0,0,0,0,0,0,0
470184,2,1,1995,0,0,0,0,0,0,0,0,0,0
470185,1,1,1995,23,23,23,23,23,23,23,23,23,23
470186,1,1,1995,0,0,0,0,0,0,0,0,0,0
470187,1,1,1995,0,0,0,0,0,0,0,0,0,0
470187,2,1,1995,0,0,0,12,0,0,0,0,0,0
470188,1,1,1995,29,29,29,29,29,29,29,29,29,29
470188,2,1,1995,0,22,0,10,8,0,16,0,0,0
470189,1,1,1995,0,0,0,0,0,0,0,0,0,0
470189,2,1,1995,0,0,0,0,0,0,0,0,0,0
470191,0,1,1995,0,0,0,0,0,0,0,0,0,0
470191,1,1,1995,0,0,0,0,0,0,0,0,0,0
470192,1,1,1995,0,0,0,0,0,0,0,0,0,0
470192,2,1,1995,0,0,0,0,0,12,0,0,0,0
470192,3,1,1995,0,0,0,0,0,0,0,0,0,0
470192,4,1,1995,0,0,0,0,0,0,0,0,0,0
470193,1,1,1995,13,13,13,13,13,13,13,13,13,13
470194,1,1,1995,28,28,28,28,28,28,28,28,28,28
470196,1,1,1995,0,0,0,0,0,0,0,0,0,0
470196,2,1,1995,0,0,0,0,0,0,0,0,0,0
470197,1,1,1995,2,2,2,2,2,2,2,2,2,2
470198,1,1,1995,0,0,0,0,0,0,12,0,0,0
470198,2,1,1995,0,19,0,0,0,0,0,0,0,0
470199,1,1,1995,0,0,0,0,0,0,0,0,0,0
470200,1,1,1995,15,15,15,15,15,15,15,15,15,15
470201,1,1,1995,0,0,0,0,0,0,0,0,0,0
470201,2,1,1995,0,0,0,0,0,0,0,0,0,0
470203,1,1,1995,0,0,0,0,0,0,0,0,0,0
470204,1,1,1995,23,23,23,23,23,23,23,23,23,23
470205,1,1,1995,23,23,23,23,23,23,23,23,23,23
470206,1,1,1995,22,22,22,22,22,22,22,22,22,22
470207,1,1,1995,4,4,4,4,4,4,4,4,4,4
470208,1,1,1995,14,14,14,14,14,14,14,14,14,14
470209,1,1,1995,0,30,8,12,16,17,26,15,30,21
470210,0,1,1995,14,14,14,14,14,14,14,14,14,14
470210,1,1,1995,7,7,7,7,7,7,7,7,7,7
470211,1,1,1995,0,0,0,0,0,25,0,0,0,0
470212,1,1,1995,0,0,0,0,0,0,0,0,0,0
470212,2,1,1995,0,0,0,0,0,0,0,0,0,0
470213,1,1,1995,0,0,0,0,0,0,0,0,0,0
470214,1,1,1995,0,0,0,0,0,0,0,0,0,0
470214,2,1,1995,0,0,0,0,0,0,0,0,0,0
470215,1,1,1995,19,19,19,19,19,19,19,19,19,19
470216,1,1,1995,0,0,0,0,0,0,0,0,0,0
470216,2,1,1995,0,0,0,0,0,0,0,0,0,0
470217,1,1,1995,0,0,0,0,0,0,0,0,0,0
470218,1,1,1995,5,0,0,0,0,0,0,0,0,0
470218,2,1,1995,1,1,1,1,1,1,1,1,1,1
470218,3,1,1995,0,0,0,0,0,0,0,0,0,0
470218,4,1,1995,0,0,0,0,0,0,0,0,0,0
470219,1,1,1995,0,0,0,0,0,0,0,0,0,0
470219,2,1,1995,0,0,0,0,0,0,0,0,0,0
470219,3,1,1995,0,0,0,0,0,0,0,0,0,0
470220,1,1,1995,0,0,0,0,0,0,0,23,24,21
470220,2,1,1995,0,0,0,0,0,0,0,0,0,0
470221,1,1,1995,28,28,28,28,28,28,28,28,28,28
470222,1,1,1995,26,26,26,26,26,26,26,26,26,26
470223,1,1,1995,39,39,39,39,39,39,39,39,39,39
470223,2,1,1995,14,14,14,14,14,14,14,14,14,14
470224,1,1,1995,0,0,0,0,0,0,0,0,0,0
470225,1,1,1995,11,20,0,0,0,28,0,13,0,26
470226,1,1,1995,26,26,26,26,26,26,26,26,26,26
470227,1,1,1995,0,0,16,0,0,0,0,0,0,0
470227,2,1,1995,0,0,0,0,0,0,0,0,0,0
470227,3,1,1995,0,0,0,0,0,0,0,0,0,0
470228,1,1,1995,26,26,26,26,26,26,26,26,26,26
470229,1,1,1995,0,0,0,0,0,0,0,0,0,0
470229,2,1,1995,0,0,0,0,0,0,0,0,0,0
470230,1,1,1995,28,28,28,28,28,28,28,28,28,28
470230,2,1,1995,0,0,0,0,0,0,0,0,0,0
470231,0,1,1995,4,4,4,4,4,4,4,4,4,4
470231,1,1,1995,0,0,0,0,0,0,0,17,0,0
470232,1,1,1995,17,0,0,0,0,0,0,29,0,0
470233,0,1,1995,0,0,0,0,0,0,0,0,0,0
470233,1,1,1995,0,0,0,0,0,0,0,0,0,0
470234,1,1,1995,16,0,23,29,16,17,13,17,15,32
470235,1,1,1995,0,0,0,0,0,0,0,0,0,0
470236,1,1,1995,94,94,94,94,94,94,94,94,94,94
470237,1,1,1995,15,15,15,15,15,15,15,15,15,15
470238,1,1,1995,16,16,16,16,16,16,16,16,16,16
470239,1,1,1995,0,0,21,0,0,4,0,10,0,0
470240,1,1,1995,19,19,19,19,19,19,19,19,19,19
470241,1,1,1995,0,0,0,0,0,0,0,0,0,0
470242,1,1,1995,25,25,25,25,25,25,25,25,25,25
470243,1,1,1995,0,0,0,0,0,0,0,0,0,0
470244,1,1,1995,0,0,0,0,0,0,0,0,0,0
470244,2,1,1995,0,0,0,0,0,0,0,0,0,0
470244,3,1,1995,0,0,0,0,0,0,0,0,0,0
470245,1,1,1995,8,0,5,0,0,0,0,0,0,0
470245,2,1,1995,0,0,0,0,0,0,0,0,0,0
470245,3,1,1995,0,0,0,0,0,0,0,0,0,0
470246,1,1,1995,0,0,0,0,0,0,0,0,0,0
470247,1,1,1995,8,0,0,0,5,15,7,8,0,0
470247,2,1,1995,0,0,0,0,0,0,0,0,0,0
470248,1,1,1995,19,24,0,0,0,0,0,0,0,0
470249,1,1,1995,12,12,12,12,12,12,12,12,12,12
470249,2,1,1995,0,0,0,0,0,0,0,0,0,0
470250,1,1,1995,0,0,0,0,0,0,0,0,0,0
470251,1,1,1995,0,0,0,0,0,0,0,0,0,0
470251,2,1,1995,12,12,12,12,12,12,12,12,12,12
470252,1,1,1995,0,0,0,0,0,0,0,0,0,0
470252,2,1,1995,0,0,0,0,0,0,0,0,0,0
470253,1,1,1995,0,0,0,0,0,0,0,0,0,0
470254,1,1,1995,0,0,0,0,0,0,0,0,0,0
470254,2,1,1995,0,0,0,0,0,0,0,0,0,0
470255,1,1,1995,0,0,0,0,0,0,0,0,0,0
470255,2,1,1995,0,0,17,0,0,0,0,0,0,0
470256,1,1,1995,0,13,32,0,0,0,0,0,0,0
470257,1,1,1995,7,7,7,7,7,7,7,7,7,7
470257,2,1,1995,0,0,0,0,0,0,0,0,0,0
470258,0,1,1995,0,31,0,0,0,0,0,0,0,0
470258,0,2,1995,0,0,0,0,0,0,0,0,0,0
470258,1,1,1995,0,0,0,0,0,0,0,0,0,0
470259,1,1,1995,16,16,16,16,16,16,16,16,16,16
470260,1,1,1995,17,17,17,17,17,17,17,17,17,17
470261,1,1,1995,25,25,25,25,25,25,25,25,25,25
470262,1,1,1995,8,8,8,8,8,8,8,8,8,8
470263,1,1,1995,0,0,0,0,0,0,0,0,0,0
470264,1,1,1995,0,0,0,0,0,0,0,0,0,0
470264,2,1,1995,0,0,0,0,0,0,0,0,0,0
470264,3,1,1995,11,11,11,11,11,11,11,11,11,11
470265,1,1,1995,0,0,0,0,0,0,0,0,0,0
470265,2,1,1995,0,0,0,0,0,0,16,0,0,0
470265,3,1,1995,0,0,0,0,0,0,15,0,0,0
470265,4,1,1995,0,0,0,0,0,0,0,0,0,0
470266,1,1,1995,0,0,0,0,0,0,0,0,0,0
470267,1,1,1995,23,3,27,17,18,16,22,25,29,16
470268,1,1,1995,23,23,23,23,23,23,23,23,23,23
470268,2,1,1995,0,0,0,0,0,0,0,0,0,0