ST_CASE,VEH_NO,PER_NO,YEAR,P1,P2,P3,P4,P5,P6,P7,P8,P9,P10
470860,2,1,1995,0,0,0,0,0,0,0,0,0,0
470861,1,1,1995,30,30,30,30,30,30,30,30,30,30
470862,1,1,1995,16,16,16,16,16,16,16,16,16,16
470862,2,1,1995,0,0,0,0,0,0,0,0,0,0
470863,1,1,1995,0,0,0,0,0,0,19,0,0,0
470863,2,1,1995,0,0,0,0,0,0,0,0,0,0
470864,1,1,1995,26,26,26,26,26,26,26,26,26,26
470865,1,1,1995,0,0,0,0,0,0,0,0,0,0
470865,2,1,1995,0,0,0,0,0,0,0,0,0,0
470866,1,1,1995,0,0,0,0,0,0,0,0,0,0
470866,2,1,1995,0,0,0,0,0,0,0,0,0,0
470867,1,1,1995,0,0,0,0,0,0,0,0,0,0
470867,2,1,1995,2,2,2,2,2,2,2,2,2,2
470868,1,1,1995,15,15,15,15,15,15,15,15,15,15
470868,2,1,1995,0,0,0,0,0,0,0,0,0,0
470869,1,1,1995,20,20,20,20,20,20,20,20,20,20
470870,1,1,1995,0,0,0,0,0,0,0,0,0,0
470871,0,1,1995,0,0,0,0,0,0,0,0,0,0
470871,1,1,1995,0,0,0,0,0,0,0,0,0,0
470871,2,1,1995,0,0,0,0,0,0,0,0,0,0
470872,1,1,1995,0,0,0,0,0,6,0,0,0,0
470872,2,1,1995,0,0,0,0,0,0,0,0,0,0
470873,1,1,1995,0,0,0,0,0,0,0,0,0,0
470873,2,1,1995,0,0,0,0,0,0,0,0,0,0
470874,1,1,1995,0,0,0,0,0,0,0,0,0,0
470874,2,1,1995,0,0,0,0,0,0,0,0,0,0
470876,1,1,1995,8,8,8,8,8,8,8,8,8,8
470877,1,1,1995,0,0,0,0,0,0,0,0,0,0
470879,0,1,1995,0,0,0,0,0,0,0,0,0,0
470879,1,1,1995,0,0,0,0,0,0,0,0,0,0
470880,1,1,1995,0,0,0,0,0,0,0,0,0,0
470880,2,1,1995,0,0,0,0,0,0,0,0,0,0
470881,1,1,1995,0,0,0,0,0,0,0,0,0,0
470881,2,1,1995,6,6,6,6,6,6,6,6,6,6
470882,1,1,1995,21,17,28,0,19,16,38,8,0,22
470883,1,1,1995,0,0,0,0,0,0,0,0,0,0
470883,2,1,1995,13,13,13,13,13,13,13,13,13,13
470884,1,1,1995,0,0,0,0,0,0,0,0,0,0
470885,1,1,1995,18,18,18,18,18,18,18,18,18,18
470886,1,1,1995,0,0,0,0,0,0,0,0,0,0
470886,2,1,1995,0,0,0,0,0,0,0,0,0,0
470887,0,1,1995,0,0,0,0,0,0,0,0,0,0
470887,1,1,1995,0,0,0,0,0,0,0,0,0,0
470888,1,1,1995,0,0,0,0,0,0,0,0,0,0
470888,2,1,1995,0,0,0,0,0,0,0,0,0,0
470888,3,1,1995,0,0,0,0,0,0,0,0,0,0
470889,1,1,1995,0,0,0,0,0,0,0,0,0,0
470890,1,1,1995,0,0,0,0,0,0,0,0,0,0
470891,1,1,1995,34,34,34,34,34,34,34,34,34,34
470891,2,1,1995,0,0,0,0,0,0,0,0,0,0
470892,1,1,1995,22,22,22,22,22,22,22,22,22,22
470893,1,1,1995,0,0,0,0,0,0,0,0,0,0
470893,2,1,1995,0,0,8,0,0,0,0,0,0,0
470894,1,1,1995,0,0,0,0,0,0,0,0,0,0
470894,2,1,1995,12,12,12,12,12,12,12,12,12,12
470894,3,1,1995,0,0,0,0,0,0,0,0,0,0
470895,1,1,1995,0,0,0,0,0,0,0,0,0,0
470895,2,1,1995,0,0,0,0,0,0,0,0,0,0
470896,0,1,1995,0,0,0,0,0,0,0,0,0,0
470896,1,1,1995,0,0,0,0,0,0,0,0,0,0
470896,2,1,1995,12,0,0,0,0,0,0,0,0,0
470897,1,1,1995,13,13,13,13,13,13,13,13,13,13
470898,1,1,1995,0,0,0,0,0,0,0,0,0,0
470898,2,1,1995,0,0,0,0,0,0,0,0,0,0
470899,1,1,1995,0,0,0,0,0,0,0,0,0,0
470900,1,1,1995,0,0,0,0,0,0,0,0,0,0
470900,2,1,1995,0,0,0,0,0,0,0,0,0,0
470901,0,1,1995,32,5,0,0,21,25,13,15,0,15
470901,1,1,1995,0,0,0,0,0,0,0,0,0,0
470902,1,1,1995,0,0,0,0,0,0,0,0,0,0
470903,1,1,1995,12,12,12,12,12,12,12,12,12,12
470904,1,1,1995,0,0,0,0,0,0,0,0,0,0
470904,2,1,1995,0,0,0,0,0,0,0,0,0,0
470905,1,1,1995,15,15,15,15,15,15,15,15,15,15
470906,1,1,1995,23,23,23,23,23,23,23,23,23,23
470907,1,1,1995,0,0,0,0,0,0,0,0,0,0
470908,1,1,1995,30,30,30,30,30,30,30,30,30,30
470909,1,1,1995,0,0,0,0,0,0,0,0,0,0
470909,2,1,1995,0,0,0,0,0,0,0,0,0,0
470909,3,1,1995,0,0,0,0,0,0,0,0,0,0
470910,1,1,1995,8,34,30,23,13,37,11,10,11,32
470910,2,1,1995,16,13,0,20,15,6,0,12,12,9
470911,1,1,1995,0,0,0,0,0,0,0,0,0,0
470911,2,1,1995,0,0,0,0,0,0,0,0,0,0
470911,3,1,1995,0,0,0,0,0,0,0,0,0,0
470912,1,1,1995,13,13,13,13,13,13,13,13,13,13
470913,1,1,1995,0,0,0,0,0,0,0,0,0,0
470913,2,1,1995,0,0,0,0,0,0,0,0,0,0
470914,1,1,1995,0,0,0,0,0,0,0,0,0,0
470914,2,1,1995,17,17,17,17,17,17,17,17,17,17
470915,1,1,1995,40,13,0,14,17,23,19,14,26,31
470916,1,1,1995,0,0,16,14,0,16,0,0,0,0
470916,2,1,1995,0,19,0,0,0,0,15,0,20,0
470917,1,1,1995,0,0,0,0,0,0,0,0,0,0
470917,2,1,1995,0,0,0,0,0,0,0,0,0,0
470918,1,1,1995,0,0,0,0,0,0,0,0,0,0
470919,1,1,1995,0,0,9,0,13,14,0,6,0,0
470920,0,1,1995,7,7,7,7,7,7,7,7,7,7
470920,1,1,1995,1,1,1,1,1,1,1,1,1,1
470921,1,1,1995,19,19,19,19,19,19,19,19,19,19
470922,1,1,1995,19,40,10,0,26,13,19,10,35,0
470923,1,1,1995,13,13,13,13,13,13,13,13,13,13
470924,1,1,1995,17,0,0,0,16,22,0,0,0,0
470924,2,1,1995,0,0,0,0,0,0,0,0,0,0
470925,1,1,1995,19,0,24,0,0,0,33,0,0,0
470926,1,1,1995,17,17,17,17,17,17,17,17,17,17
470927,1,1,1995,18,18,18,18,18,18,18,18,18,18
470928,1,1,1995,0,0,0,0,0,0,0,0,0,0
470928,2,1,1995,0,0,0,0,0,0,0,0,0,0
470929,1,1,1995,0,0,0,0,0,0,0,0,0,0
470929,2,1,1995,0,0,0,0,0,0,0,0,0,0
470930,1,1,1995,19,19,19,19,19,19,19,19,19,19
470931,1,1,1995,0,0,0,0,0,0,0,0,0,0
470931,2,1,1995,0,0,0,0,0,0,0,0,0,0
470932,0,1,1995,24,24,24,24,24,24,24,24,24,24
470932,1,1,1995,0,0,0,0,0,0,0,0,0,0
470933,1,1,1995,0,0,0,0,0,0,0,0,0,0
470933,2,1,1995,0,0,0,0,0,0,0,0,0,0
470934,1,1,1995,0,0,0,0,0,0,0,0,0,0
470935,1,1,1995,0,0,0,0,0,0,0,0,0,0
470935,2,1,1995,0,0,0,0,0,0,11,0,0,0
470936,1,1,1995,0,0,0,0,0,0,0,0,0,0
470936,2,1,1995,26,26,26,26,26,26,26,26,26,26
470937,1,1,1995,0,4,28,3,13,0,0,0,19,0
470938,1,1,1995,0,0,0,0,0,0,0,0,0,0
470938,2,1,1995,0,0,0,0,8,0,0,0,0,0
470938,3,1,1995,0,0,0,0,0,0,0,0,0,0
470939,1,1,1995,32,32,32,32,32,32,32,32,32,32
470940,1,1,1995,0,0,0,0,0,0,0,0,0,0
470940,2,1,1995,0,0,0,0,0,0,0,0,0,0
470941,1,1,1995,0,0,0,0,0,0,0,0,0,0
470941,2,1,1995,0,0,0,0,0,0,0,0,0,0
470942,0,1,1995,0,0,0,0,0,0,0,0,0,0
470942,1,1,1995,0,0,0,0,0,0,0,0,0,0
470943,0,1,1995,0,0,0,0,0,0,0,0,0,0
470943,1,1,1995,0,0,0,0,0,0,0,0,0,0
470944,1,1,1995,0,0,0,0,0,0,0,0,0,0
470944,2,1,1995,0,0,0,0,0,0,0,0,0,0
470944,3,1,1995,0,0,0,0,0,0,0,0,0,0
470945,1,1,1995,0,0,0,0,0,0,0,0,0,0
470945,2,1,1995,9,9,9,9,9,9,9,9,9,9
470946,1,1,1995,6,0,0,0,0,0,0,0,11,0
470946,2,1,1995,0,0,0,0,0,0,0,0,0,0
470946,3,1,1995,0,0,0,0,0,0,0,0,0,0
470947,1,1,1995,0,0,0,0,0,0,0,0,0,0
470947,2,1,1995,0,0,0,0,0,0,0,0,0,0
470948,1,1,1995,14,14,14,14,14,14,14,14,14,14
470949,1,1,1995,25,25,25,25,25,25,25,25,25,25
470950,1,1,1995,0,0,0,0,0,0,0,0,0,0
470950,2,1,1995,0,0,0,0,0,0,0,0,0,0
470951,1,1,1995,0,0,0,0,0,0,0,0,0,0
470951,2,1,1995,0,0,0,0,0,0,0,0,0,0
470952,1,1,1995,0,0,0,0,0,0,0,0,0,0
470952,2,1,1995,0,0,0,0,0,0,0,0,0,0
470953,1,1,1995,16,16,16,16,16,16,16,16,16,16
470954,0,1,1995,0,0,0,0,0,0,0,0,0,0
470954,1,1,1995,0,0,0,0,0,0,0,0,0,0
470955,1,1,1995,0,0,0,0,0,0,0,0,0,0
470955,2,1,1995,0,0,0,0,13,0,17,0,10,0
470956,0,1,1995,0,0,0,0,0,0,0,0,0,0
470956,1,1,1995,0,0,0,0,0,0,0,0,0,0
470957,1,1,1995,15,15,15,15,15,15,15,15,15,15
470958,1,1,1995,0,0,0,0,0,0,0,0,0,0
470959,1,1,1995,0,0,0,0,0,0,0,0,0,0
470960,1,1,1995,0,0,0,0,0,0,0,0,0,0
470961,1,1,1995,0,0,0,0,0,0,0,0,0,0
470961,2,1,1995,0,0,0,0,0,0,0,0,0,0
470962,1,1,1995,0,12,0,0,0,5,0,0,19,0
470963,1,1,1995,0,0,25,0,28,0,19,0,14,22
470964,1,1,1995,0,0,0,0,0,0,0,0,0,0
470964,2,1,1995,9,9,9,9,9,9,9,9,9,9
470965,1,1,1995,0,0,0,0,0,0,0,0,0,0
470966,1,1,1995,0,0,0,0,0,0,0,0,0,0
470966,2,1,1995,0,0,0,0,0,0,0,0,0,0
470966,3,1,1995,0,0,0,0,0,0,0,0,0,0
470966,4,1,1995,0,0,0,0,0,0,0,0,0,7
470967,1,1,1995,17,0,16,18,10,19,6,8,28,24
470968,1,1,1995,0,0,0,0,0,0,0,0,0,0
470968,2,1,1995,0,0,0,0,0,0,0,0,0,0
470969,1,1,1995,0,0,0,0,0,0,0,0,0,0
470970,1,1,1995,0,0,0,0,0,0,0,0,0,0
470970,2,1,1995,0,0,0,0,0,0,0,0,0,0
470970,3,1,1995,0,0,0,0,0,0,0,0,0,0
470971,1,1,1995,10,10,10,10,10,10,10,10,10,10
470971,2,1,1995,0,0,0,0,0,0,0,0,0,0
470972,1,1,1995,0,0,0,0,0,0,0,0,0,0
470972,2,1,1995,0,0,0,0,0,0,0,0,0,0
470972,3,1,1995,0,0,0,0,0,0,0,0,0,0
470973,1,1,1995,11,11,11,11,11,11,11,11,11,11
470974,1,1,1995,0,0,0,0,0,0,0,0,0,0
470975,1,1,1995,0,23,13,5,0,22,0,18,7,0
470975,2,1,1995,0,0,0,0,0,0,0,0,0,0
470976,1,1,1995,0,0,0,0,0,0,0,0,0,0
470976,2,1,1995,20,20,20,20,20,20,20,20,20,20
470977,1,1,1995,42,42,42,42,42,42,42,42,42,42
470978,1,1,1995,23,0,30,19,25,0,0,34,30,20
470979,1,1,1995,0,0,0,0,0,0,0,0,0,0
470980,1,1,1995,0,0,12,0,0,0,0,0,0,0
470980,2,1,1995,0,0,0,0,0,0,0,0,0,0
470982,1,1,1995,0,0,0,0,0,0,0,0,0,0
470983,1,1,1995,0,0,0,0,0,0,0,0,0,0
470983,2,1,1995,0,0,0,0,0,0,0,0,0,0
470984,1,1,1995,0,0,0,0,0,0,0,0,0,0
470984,2,1,1995,0,0,0,0,0,0,0,0,0,0
470984,3,1,1995,0,0,0,0,0,0,0,0,0,0
470985,1,1,1995,0,0,0,0,0,0,0,0,0,0
470985,2,1,1995,0,0,0,0,0,0,0,0,0,0
470986,1,1,1995,16,16,16,16,16,16,16,16,16,16
470987,1,1,1995,12,12,12,12,12,12,12,12,12,12
470988,1,1,1995,0,0,0,0,0,0,0,0,0,0
470988,2,1,1995,0,0,0,0,0,0,0,0,0,0
470989,1,1,1995,4,18,0,15,0,9,19,0,21,14
470990,1,1,1995,0,0,0,0,0,0,0,0,0,0
470990,2,1,1995,0,0,0,0,0,0,0,8,0,0
470990,3,1,1995,0,0,0,0,0,0,0,0,0,0
470991,1,1,1995,0,0,0,0,0,0,0,0,0,0
470992,1,1,1995,17,17,17,17,17,17,17,17,17,17
470993,1,1,1995,0,0,0,0,0,0,0,0,0,0
470993,2,1,1995,0,0,0,0,0,0,0,0,0,0
470994,1,1,1995,0,0,0,0,0,0,0,0,0,0
470995,1,1,1995,0,0,0,0,0,0,0,0,0,0
470995,2,1,1995,16,12,18,13,18,2,14,13,11,15
470996,1,1,1995,3,3,3,3,3,3,3,3,3,3
470997,1,1,1995,25,25,25,25,25,25,25,25,25,25
470998,1,1,1995,17,0,0,0,0,0,0,0,0,0
470998,2,1,1995,0,0,0,0,0,0,0,0,0,0
470998,3,1,1995,0,0,0,0,0,0,0,0,0,0
470999,1,1,1995,0,0,0,0,0,0,0,0,0,0
471000,1,1,1995,26,26,26,26,26,26,26,26,26,26
471001,0,1,1995,0,0,0,0,0,0,0,0,0,0
471001,1,1,1995,0,0,0,0,0,0,0,0,0,0
471002,1,1,1995,0,0,0,0,0,0,0,0,0,0
471002,2,1,1995,0,0,0,0,0,0,0,0,0,0
471003,1,1,1995,9,9,9,9,9,9,9,9,9,9
471004,1,1,1995,21,21,21,21,21,21,21,21,21,21
471005,1,1,1995,0,0,0,0,0,0,0,0,0,0
471005,2,1,1995,0,0,0,0,0,0,0,0,0,0
471006,1,1,1995,0,0,0,0,0,0,0,0,0,0
471006,2,1,1995,0,0,0,0,0,0,0,0,0,0
471007,0,1,1995,0,0,0,0,0,0,0,0,0,0
471007,1,1,1995,11,8,8,0,18,14,22,7,3,16
471008,1,1,1995,0,0,0,0,0,0,25,0,0,0
471008,2,1,1995,0,0,0,0,0,0,0,0,0,0
471009,1,1,1995,0,0,0,0,0,0,0,0,0,0
471009,2,1,1995,0,0,0,0,0,0,0,0,0,0
471009,3,1,1995,0,0,0,0,0,0,0,0,0,0
471010,1,1,1995,0,0,0,0,0,0,0,0,0,0
471011,1,1,1995,10,10,10,10,10,10,10,10,10,10
471013,1,1,1995,22,42,23,17,15,0,0,11,17,42
471013,2,1,1995,0,0,0,0,0,0,0,0,0,0
471014,1,1,1995,0,0,0,13,16,0,0,0,0,0
471014,2,1,1995,0,0,0,0,0,0,5,0,0,0
471015,1,1,1995,0,0,0,0,0,0,0,0,0,0
471016,1,1,1995,0,0,0,0,0,0,0,0,0,0
471017,1,1,1995,0,0,0,0,0,0,0,0,0,0
471018,1,1,1995,0,0,0,0,0,0,0,0,0,0
471019,1,1,1995,0,0,0,0,0,0,0,0,0,0
471019,2,1,1995,0,0,0,0,0,0,0,0,0,0
471020,0,1,1995,10,10,10,10,10,10,10,10,10,10
471020,1,1,1995,0,0,0,0,0,0,0,0,0,0
471020,2,1,1995,0,0,0,0,0,0,0,0,0,0
471021,1,1,1995,0,0,0,0,0,0,0,0,0,0
471021,2,1,1995,0,0,0,0,0,0,0,0,0,0
471022,1,1,1995,0,0,20,13,13,0,5,25,0,19
471023,1,1,1995,10,10,10,10,10,10,10,10,10,10
471024,1,1,1995,0,0,0,0,0,0,0,0,0,0
471025,1,1,1995,0,0,0,0,0,0,0,0,0,0
471025,2,1,1995,0,0,0,0,0,0,0,0,0,0
471025,3,1,1995,12,0,0,0,0,0,2,0,0,12
471026,1,1,1995,15,15,15,15,15,15,15,15,15,15
471027,1,1,1995,0,0,0,0,0,0,0,0,0,0
471027,2,1,1995,0,0,0,0,0,0,0,0,0,0
471028,1,1,1995,0,0,0,0,0,0,0,0,0,0
471028,2,1,1995,0,0,0,0,0,0,0,0,0,0
471029,1,1,1995,0,0,0,0,0,0,0,0,0,0
471029,2,1,1995,0,0,0,0,0,0,0,0,0,0
471030,1,1,1995,0,0,0,0,0,0,0,0,0,0
471030,2,1,1995,0,0,0,0,0,0,0,0,0,0
471031,1,1,1995,22,22,22,22,22,22,22,22,22,22
471031,2,1,1995,0,0,0,0,0,0,0,0,0,0
471032,1,1,1995,0,0,0,0,0,0,0,0,0,0
471032,2,1,1995,0,0,0,0,0,0,0,0,0,0
471033,1,1,1995,0,0,0,0,23,0,0,5,0,0
471034,1,1,1995,4,4,4,4,4,4,4,4,4,4
471035,1,1,1995,0,0,0,0,0,0,0,0,0,0
471035,2,1,1995,0,0,0,0,0,0,0,0,0,0
471036,1,1,1995,0,0,0,0,0,0,0,0,0,0
471036,2,1,1995,0,11,0,0,0,0,0,0,0,0
471037,1,1,1995,41,41,41,41,41,41,41,41,41,41
471038,1,1,1995,0,0,0,0,0,0,0,0,0,0
471038,2,1,1995,0,14,14,16,7,19,7,13,6,8
471039,1,1,1995,0,0,0,0,0,0,0,0,0,0
471040,1,1,1995,0,0,0,0,0,0,0,0,0,0
471040,2,1,1995,6,6,6,6,6,6,6,6,6,6
471041,1,1,1995,0,0,0,0,0,0,0,0,0,0
471042,1,1,1995,0,0,0,0,0,0,0,0,0,0
471043,1,1,1995,22,24,31,21,16,25,12,23,12,16
471044,1,1,1995,17,17,17,17,17,17,17,17,17,17
471045,1,1,1995,0,0,0,0,0,0,0,0,0,0
471046,0,1,1995,0,0,0,0,0,0,0,0,0,0
471046,1,1,1995,0,0,0,0,0,0,0,0,0,0
471047,1,1,1995,0,0,0,0,0,0,0,0,0,0
471048,0,1,1995,0,0,0,0,0,0,0,0,0,0
471048,1,1,1995,0,0,0,0,0,0,0,0,0,0
471049,1,1,1995,0,0,0,0,0,0,0,0,0,18
471050,1,1,1995,14,20,16,12,28,10,3,23,12,13
471051,1,1,1995,0,0,0,0,0,0,0,0,0,0
471051,2,1,1995,0,0,0,0,0,0,0,0,0,0
471052,1,1,1995,16,16,16,16,16,16,16,16,16,16
471053,1,1,1995,0,0,0,0,0,0,0,0,0,0
471053,2,1,1995,0,0,0,0,0,0,0,0,0,0
471054,1,1,1995,13,25,15,17,18,19,24,12,21,24
471055,1,1,1995,0,0,0,0,0,0,0,0,0,0
471056,1,1,1995,22,22,22,22,22,22,22,22,22,22
471057,1,1,1995,0,0,0,0,0,0,0,0,0,0
471058,0,1,1995,0,0,0,0,0,0,0,0,0,0
471058,1,1,1995,0,0,0,0,0,0,0,0,0,0
471059,1,1,1995,0,0,0,0,0,0,0,0,0,0
471059,2,1,1995,0,0,0,0,0,0,0,0,0,0
471059,3,1,1995,0,0,13,0,0,0,0,15,0,0
471060,1,1,1995,0,0,0,0,0,0,0,0,0,0
471060,2,1,1995,0,0,0,0,0,0,0,0,0,0
471061,1,1,1995,18,18,18,18,18,18,18,18,18,18
471062,1,1,1995,0,0,0,0,0,0,0,0,0,0
471062,2,1,1995,0,0,0,0,0,0,0,0,0,0
471063,1,1,1995,1,1,1,1,1,1,1,1,1,1
471063,2,1,1995,0,0,0,0,0,0,0,0,0,0
471064,1,1,1995,0,0,0,0,0,0,0,0,0,0
471065,1,1,1995,0,0,0,0,0,0,0,0,0,0
471066,1,1,1995,0,0,0,0,0,0,0,27,0,0
471067,1,1,1995,0,0,0,0,0,0,0,0,0,0
471067,2,1,1995,0,0,0,0,0,0,0,0,0,0
471068,1,1,1995,0,0,0,0,0,0,0,0,0,0
471069,1,1,1995,0,0,0,0,0,0,0,0,0,0
471069,2,1,1995,0,0,0,0,0,0,15,0,0,0
471070,1,1,1995,11,0,0,12,23,23,17,17,21,17
471071,1,1,1995,0,0,0,0,0,0,0,0,0,0
471071,2,1,1995,0,0,0,0,0,0,0,0,0,0
471072,1,1,1995,0,0,0,0,0,0,0,0,0,0
471072,2,1,1995,0,0,0,0,0,0,0,0,0,0
471073,1,1,1995,0,0,0,0,0,0,0,0,18,0
471074,1,1,1995,0,0,0,0,0,0,0,0,0,0
471076,1,1,1995,0,0,0,0,0,0,0,0,0,0
471076,2,1,1995,0,0,0,0,0,0,0,0,0,0
471077,0,1,1995,0,0,0,0,0,0,0,0,0,0
471078,0,1,1995,0,0,0,0,0,0,0,0,0,0
471078,1,1,1995,0,0,0,0,0,0,0,0,0,0
471079,1,1,1995,24,22,20,28,19,11,14,24,17,20
471079,2,1,1995,0,0,0,0,0,0,0,0,0,0
471079,3,1,1995,0,0,0,0,0,0,0,0,0,0
471079,4,1,1995,0,0,0,0,0,0,0,0,0,0
471079,5,1,1995,0,0,0,0,0,0,0,0,0,0
471080,1,1,1995,0,0,11,10,0,20,0,0,0,0
471080,2,1,1995,0,0,0,0,0,0,0,0,0,0
471081,1,1,1995,9,14,20,0,29,25,27,11,15,15
471082,1,1,1995,0,0,0,0,0,0,0,0,0,0
471082,2,1,1995,0,0,0,0,0,0,0,0,0,0
471083,1,1,1995,0,0,0,0,0,0,0,0,0,0
471084,1,1,1995,29,24,7,22,16,27,23,17,0,9
471085,1,1,1995,0,0,0,0,0,0,0,0,0,0
471085,2,1,1995,0,0,0,0,0,0,0,0,0,0
471085,3,1,1995,0,0,0,0,0,0,0,0,0,0
471086,1,1,1995,7,7,7,7,7,7,7,7,7,7
471087,1,1,1995,24,24,24,24,24,24,24,24,24,24
471088,1,1,1995,0,0,0,0,0,0,0,0,0,0
471088,2,1,1995,0,0,0,0,0,0,0,0,0,0
471089,1,1,1995,0,0,10,0,11,0,17,0,0,0
471090,1,1,1995,33,33,33,33,33,33,33,33,33,33
471090,2,1,1995,0,0,0,0,0,0,0,0,0,0
471090,3,1,1995,0,0,0,0,0,0,0,0,0,0
471091,1,1,1995,17,17,17,17,17,17,17,17,17,17
471092,1,1,1995,0,0,0,0,0,0,0,0,0,0
471093,1,1,1995,0,0,0,0,0,0,0,0,0,0
471093,2,1,1995,0,0,0,0,0,0,0,0,0,0
471094,1,1,1995,11,10,11,15,24,11,20,11,17,3
471095,1,1,1995,23,38,8,8,14,27,15,15,19,18
471095,2,1,1995,0,0,0,0,0,0,0,0,0,0
471096,0,1,1995,0,0,0,0,0,0,0,0,0,0
471096,1,1,1995,0,0,0,0,0,0,0,0,0,0
471097,1,1,1995,0,0,0,0,0,0,0,0,0,0
471098,1,1,1995,0,0,0,0,0,0,0,0,0,0
471098,2,1,1995,0,0,0,0,0,0,0,0,0,0
471099,1,1,1995,18,26,15,25,21,19,22,24,15,17
471099,2,1,1995,0,0,0,0,0,0,0,0,0,0
471100,1,1,1995,0,0,0,0,0,0,0,0,0,0
471101,0,1,1995,0,0,0,0,0,0,0,0,0,0
471101,1,1,1995,0,0,0,0,0,0,0,0,0,0
471102,1,1,1995,6,0,0,0,8,0,0,9,0,0
471102,2,1,1995,0,0,0,0,0,0,0,0,0,0
471103,1,1,1995,0,0,0,0,0,0,0,0,0,0
471103,2,1,1995,0,0,0,0,0,0,0,0,0,0
471104,1,1,1995,0,0,0,0,0,0,0,0,0,0
471104,2,1,1995,0,0,0,0,0,0,0,0,0,0
471105,1,1,1995,28,29,13,17,35,19,10,20,35,26
471106,1,1,1995,0,0,0,0,0,0,0,0,0,0
471106,2,1,1995,0,0,0,0,0,0,0,0,0,0
471107,1,1,1995,0,0,0,0,0,0,0,0,0,0
471108,1,1,1995,0,0,0,0,0,0,0,0,0,0
471109,1,1,1995,0,0,0,0,0,0,0,0,0,0
471109,2,1,1995,0,0,0,0,0,0,0,0,0,0
471110,0,1,1995,13,13,13,13,13,13,13,13,13,13
471110,1,1,1995,0,0,0,0,0,0,0,0,0,0
471111,1,1,1995,37,37,37,37,37,37,37,37,37,37
471111,2,1,1995,19,19,19,19,19,19,19,19,19,19
471111,3,1,1995,0,0,0,0,0,0,0,0,0,0
471111,4,1,1995,12,12,12,12,12,12,12,12,12,12
471112,0,1,1995,31,31,31,31,31,31,31,31,31,31
471112,1,1,1995,0,0,0,0,0,0,0,0,0,0
471113,1,1,1995,0,0,0,0,0,0,0,0,0,0
471113,2,1,1995,0,0,0,0,0,0,0,0,0,0
471114,1,1,1995,0,0,0,0,0,0,0,0,0,0
471114,2,1,1995,0,0,0,0,0,0,0,6,0,0
471115,1,1,1995,14,14,14,14,14,14,14,14,14,14
471116,1,1,1995,0,0,0,0,0,0,0,0,0,0
471116,2,1,1995,0,0,0,0,0,0,0,0,0,0
471116,3,1,1995,0,0,0,0,0,0,0,0,0,0
471117,0,1,1995,0,0,0,0,0,0,0,0,0,0
471117,1,1,1995,0,0,0,0,0,0,0,0,0,0
471118,1,1,1995,0,0,0,0,0,0,0,0,0,0
471118,2,1,1995,0,0,0,0,0,0,0,0,0,0
471119,1,1,1995,0,0,0,0,0,0,0,0,0,0
471120,1,1,1995,0,0,0,0,0,0,0,0,0,0
471120,2,1,1995,0,0,0,0,0,0,0,0,0,0
471121,1,1,1995,0,0,0,0,0,0,0,0,0,0
471121,2,1,1995,0,0,0,0,0,0,0,0,0,0
471122,1,1,1995,0,0,0,0,0,0,0,0,0,0
471122,2,1,1995,0,0,0,0,0,9,0,0,0,0
471123,1,1,1995,0,0,32,23,29,7,0,17,0,0
471124,1,1,1995,5,5,5,5,5,5,5,5,5,5
471125,1,1,1995,0,0,0,0,0,27,0,9,0,21
471125,2,1,1995,0,0,0,0,0,0,0,0,0,0
471126,1,1,1995,15,15,15,15,15,15,15,15,15,15
471127,1,1,1995,15,19,11,34,14,26,21,20,17,25
471128,0,1,1995,18,18,18,18,18,18,18,18,18,18
471128,1,1,1995,0,0,0,0,0,0,0,0,0,0
471129,1,1,1995,23,23,23,23,23,23,23,23,23,23
471130,1,1,1995,13,8,15,23,19,6,25,3,16,29
471130,2,1,1995,0,0,0,0,0,0,0,0,0,0
471131,1,1,1995,0,0,7,12,15,6,20,4,0,18
471131,2,1,1995,20,20,20,20,20,20,20,20,20,20
471132,1,1,1995,0,0,0,0,0,0,0,0,0,0
471132,2,1,1995,0,0,0,0,0,0,0,0,0,0
471133,1,1,1995,19,19,19,19,19,19,19,19,19,19
471133,2,1,1995,0,0,0,0,0,0,0,0,0,0
471134,1,1,1995,4,4,4,4,4,4,4,4,4,4
471134,2,1,1995,0,0,0,0,0,0,0,0,0,0
471135,1,1,1995,0,0,0,0,0,0,0,0,0,0
471135,2,1,1995,0,0,0,0,0,0,0,0,0,0
471136,1,1,1995,0,0,12,10,0,0,0,0,0,15
471137,0,1,1995,8,8,8,8,8,8,8,8,8,8
471137,1,1,1995,0,0,0,0,0,0,0,0,0,0
471138,1,1,1995,0,0,0,0,0,0,0,0,0,0
471138,2,1,1995,0,0,0,0,0,0,0,0,0,15
471139,1,1,1995,0,0,0,0,0,0,0,0,0,0
471139,2,1,1995,0,0,0,0,0,0,0,0,0,0
471140,1,1,1995,0,0,0,0,0,0,0,0,0,0
471140,2,1,1995,0,0,0,0,0,0,0,0,0,0
471140,3,1,1995,0,0,0,0,0,0,0,0,0,0
471140,4,1,1995,0,0,0,0,0,0,0,0,0,0
471141,1,1,1995,10,7,23,27,21,0,29,21,14,27
471142,0,1,1995,14,14,14,14,14,14,14,14,14,14
471142,1,1,1995,0,0,0,0,0,0,0,0,0,0