ST_CASE,VEH_NO,PER_NO,YEAR,P1,P2,P3,P4,P5,P6,P7,P8,P9,P10
471143,1,1,1995,5,5,5,5,5,5,5,5,5,5
471143,2,1,1995,26,26,26,26,26,26,26,26,26,26
471144,1,1,1995,0,0,0,0,0,0,0,0,0,0
471144,2,1,1995,0,0,0,0,0,0,0,0,0,0
471145,1,1,1995,0,0,0,0,0,0,0,0,0,0
471145,2,1,1995,0,0,0,0,0,0,0,0,0,0
471146,0,1,1995,0,0,0,0,12,33,0,14,0,0
471146,1,1,1995,0,0,0,0,0,0,0,0,0,0
471147,1,1,1995,0,0,0,0,0,0,0,0,0,0
471147,2,1,1995,0,0,0,0,0,0,0,0,0,0
471148,0,1,1995,0,0,0,14,25,0,18,0,16,0
471148,1,1,1995,0,0,0,0,0,0,0,0,0,0
471149,0,1,1995,0,31,34,0,0,0,0,8,10,0
471149,1,1,1995,16,19,16,24,23,19,16,0,11,12
471150,1,1,1995,0,0,0,0,0,0,0,0,0,19
471150,2,1,1995,0,0,0,0,0,0,0,0,0,0
471151,1,1,1995,0,0,0,0,0,0,0,0,0,0
471151,2,1,1995,13,13,15,19,0,7,18,0,24,8
471152,1,1,1995,0,0,0,0,0,0,0,0,0,20
471153,1,1,1995,0,0,0,0,0,0,0,0,0,0
471153,2,1,1995,0,0,0,0,0,0,0,0,0,0
471154,1,1,1995,16,16,16,16,16,16,16,16,16,16
471154,2,1,1995,0,0,0,0,0,0,0,0,0,0
471155,1,1,1995,18,18,18,18,18,18,18,18,18,18
471156,1,1,1995,0,0,0,0,0,0,0,0,0,0
471156,2,1,1995,0,0,0,0,0,0,0,0,0,0
471157,1,1,1995,0,0,0,0,0,0,0,0,0,0
471157,2,1,1995,0,0,0,0,0,0,0,0,0,0
471158,1,1,1995,20,20,20,20,20,20,20,20,20,20
471159,1,1,1995,0,0,0,0,0,0,0,0,0,0
471160,0,1,1995,0,0,0,0,0,0,0,0,0,0
471160,1,1,1995,0,30,0,0,0,0,0,0,0,0
480001,1,1,1995,22,22,22,22,22,22,22,22,22,22
480002,1,1,1995,23,23,23,23,23,23,23,23,23,23
480002,2,1,1995,0,0,0,0,0,0,0,0,0,0
480002,3,1,1995,0,0,0,0,0,9,0,0,0,0
480003,1,1,1995,17,17,17,17,17,17,17,17,17,17
480004,1,1,1995,5,5,5,5,5,5,5,5,5,5
480005,0,1,1995,18,3,20,0,0,16,0,0,0,0
480005,1,1,1995,0,32,14,7,0,19,11,22,0,0
480006,1,1,1995,23,23,23,23,23,23,23,23,23,23
480007,1,1,1995,0,17,15,16,31,0,35,9,0,0
480008,1,1,1995,0,9,0,0,0,15,0,0,0,0
480009,1,1,1995,14,14,14,14,14,14,14,14,14,14
480010,1,1,1995,10,10,10,10,10,10,10,10,10,10
480010,2,1,1995,0,0,0,0,0,0,0,0,0,0
480011,1,1,1995,0,7,0,17,0,0,0,0,0,0
480011,2,1,1995,0,0,0,0,0,0,0,0,0,0
480012,1,1,1995,0,0,0,0,0,0,0,0,0,0
480012,2,1,1995,0,0,0,0,0,0,0,0,0,0
480013,1,1,1995,0,0,0,0,0,0,0,0,0,0
480013,2,1,1995,0,0,0,0,0,0,0,0,14,0
480014,1,1,1995,0,0,0,0,0,0,0,0,0,0
480014,2,1,1995,14,14,14,14,14,14,14,14,14,14
480015,1,1,1995,0,0,0,0,0,0,6,0,13,0
480015,2,1,1995,0,0,0,0,0,0,0,0,0,0
480016,1,1,1995,10,10,10,10,10,10,10,10,10,10
480017,1,1,1995,0,0,0,0,0,0,0,0,0,0
480017,2,1,1995,0,0,0,0,0,0,0,0,0,0
480018,1,1,1995,0,0,0,0,0,0,0,0,0,0
480019,1,1,1995,0,0,0,0,0,0,0,0,0,0
480019,2,1,1995,0,12,14,0,0,0,11,0,16,0
480020,0,1,1995,30,30,30,30,30,30,30,30,30,30
480020,1,1,1995,0,0,0,0,0,0,0,0,0,0
480020,2,1,1995,0,0,0,0,0,0,0,0,0,6
480021,1,1,1995,0,0,0,0,0,0,0,0,0,0
480021,2,1,1995,0,0,0,0,0,0,0,0,0,0
480022,1,1,1995,0,0,0,0,0,0,0,0,0,0
480022,2,1,1995,0,0,0,0,0,0,0,0,0,0
480023,1,1,1995,0,0,0,0,0,0,0,0,0,0
480023,2,1,1995,0,0,0,0,14,0,0,7,0,0
480024,1,1,1995,31,31,31,31,31,31,31,31,31,31
480024,2,1,1995,0,0,0,0,0,0,0,4,0,0
480025,1,1,1995,0,0,0,0,0,0,0,0,0,0
480025,2,1,1995,0,0,0,0,4,0,0,0,0,0
480026,1,1,1995,0,0,0,0,0,0,0,0,0,0
480026,2,1,1995,0,0,0,8,0,0,0,0,0,0
480026,3,1,1995,0,0,0,0,0,0,0,0,0,0
480026,4,1,1995,0,0,0,0,0,0,0,0,0,0
480026,5,1,1995,0,0,0,0,0,0,0,0,0,0
480027,0,1,1995,16,0,13,12,0,13,0,11,15,0
480027,1,1,1995,24,0,0,0,0,0,0,0,0,40
480028,1,1,1995,32,32,32,32,32,32,32,32,32,32
480029,1,1,1995,0,0,0,0,0,0,0,0,0,0
480029,2,1,1995,0,0,12,0,0,0,0,0,0,0
480030,0,1,1995,0,0,0,0,0,0,0,0,0,0
480030,1,1,1995,0,0,0,0,0,0,0,0,0,0
480031,1,1,1995,0,0,0,10,0,0,0,0,0,0
480031,2,1,1995,0,0,0,0,0,0,0,0,0,0
480032,1,1,1995,0,0,0,0,0,17,0,0,0,0
480032,2,1,1995,0,8,0,0,0,0,0,0,0,0
480032,3,1,1995,0,0,0,0,0,0,0,0,0,0
480033,0,1,1995,0,0,0,0,0,0,0,0,0,0
480033,1,1,1995,14,14,15,3,6,18,18,5,10,27
480034,1,1,1995,0,0,0,0,0,0,0,0,0,0
480034,2,1,1995,14,14,14,14,14,14,14,14,14,14
480035,1,1,1995,12,12,12,12,12,12,12,12,12,12
480036,1,1,1995,30,3,0,36,0,30,27,16,15,0
480037,1,1,1995,19,19,19,19,19,19,19,19,19,19
480038,1,1,1995,0,13,23,15,11,27,17,11,38,0
480039,1,1,1995,26,26,26,26,26,26,26,26,26,26
480040,0,1,1995,35,35,35,35,35,35,35,35,35,35
480040,1,1,1995,0,0,0,0,0,0,0,4,0,0
480041,1,1,1995,10,0,0,0,0,0,0,14,4,0
480041,2,1,1995,26,26,26,26,26,26,26,26,26,26
480042,1,1,1995,5,5,5,5,5,5,5,5,5,5
480042,2,1,1995,15,15,15,15,15,15,15,15,15,15
480043,1,1,1995,14,14,14,14,14,14,14,14,14,14
480043,2,1,1995,13,13,13,13,13,13,13,13,13,13
480044,1,1,1995,0,0,0,0,0,0,0,0,0,0
480044,2,1,1995,23,0,0,0,0,0,25,0,6,0
480045,1,1,1995,18,18,18,18,18,18,18,18,18,18
480045,2,1,1995,0,0,0,0,0,0,0,0,0,0
480046,1,1,1995,14,14,14,14,14,14,14,14,14,14
480046,2,1,1995,18,18,18,18,18,18,18,18,18,18
480047,0,1,1995,31,31,31,31,31,31,31,31,31,31
480047,1,1,1995,0,0,0,17,0,0,13,0,0,0
480048,1,1,1995,20,20,20,20,20,20,20,20,20,20
480049,1,1,1995,25,17,0,0,0,22,0,0,0,0
480049,2,1,1995,0,0,0,0,0,0,0,0,0,0
480050,1,1,1995,0,0,0,0,0,0,0,0,0,0
480050,2,1,1995,22,22,22,22,22,22,22,22,22,22
480051,1,1,1995,24,24,24,24,24,24,24,24,24,24
480052,0,1,1995,12,0,0,0,0,0,0,0,0,0
480052,1,1,1995,0,0,0,0,0,0,0,23,17,0
480052,2,1,1995,0,0,0,0,0,0,0,0,0,0
480052,3,1,1995,0,0,0,21,0,0,0,0,0,0
480053,1,1,1995,14,14,14,14,14,14,14,14,14,14
480054,1,1,1995,14,14,14,14,14,14,14,14,14,14
480055,1,1,1995,9,9,9,9,9,9,9,9,9,9
480056,1,1,1995,0,0,0,0,0,0,0,0,0,0
480056,2,1,1995,0,0,0,0,0,0,0,0,0,0
480057,0,1,1995,0,0,0,0,0,0,29,0,21,0
480057,1,1,1995,0,0,0,32,0,31,17,43,22,0
480058,1,1,1995,0,0,0,0,0,0,0,0,0,0
480058,2,1,1995,0,0,0,0,0,0,0,0,13,0
480059,1,1,1995,4,4,4,4,4,4,4,4,4,4
480060,1,1,1995,0,0,0,0,0,0,0,0,0,0
480060,2,1,1995,13,0,0,0,0,0,0,0,0,0
480061,1,1,1995,12,12,12,12,12,12,12,12,12,12
480062,0,1,1995,0,0,0,0,8,0,0,0,0,0
480062,1,1,1995,0,0,0,0,0,0,0,0,0,0
480063,1,1,1995,0,0,0,0,0,22,27,0,23,0
480064,1,1,1995,0,0,0,0,0,0,0,0,0,0
480064,2,1,1995,0,0,0,0,17,31,0,0,0,0
480065,1,1,1995,0,0,0,0,0,0,0,0,0,0
480065,2,1,1995,0,0,0,0,0,0,0,0,0,0
480066,1,1,1995,22,22,22,22,22,22,22,22,22,22
480066,2,1,1995,0,0,0,0,0,0,0,0,0,0
480066,3,1,1995,0,0,0,0,0,0,0,0,0,0
480067,0,1,1995,31,31,31,31,31,31,31,31,31,31
480067,1,1,1995,0,0,0,0,0,13,0,0,0,0
480068,1,1,1995,20,20,20,20,20,20,20,20,20,20
480069,0,1,1995,0,0,0,0,0,0,0,0,0,0
480069,1,1,1995,0,0,0,0,0,0,0,0,0,0
480070,1,1,1995,6,0,0,0,14,0,13,0,0,0
480071,1,1,1995,0,0,0,0,0,0,0,0,0,0
480071,2,1,1995,21,21,21,21,21,21,21,21,21,21
480072,1,1,1995,0,0,0,12,0,0,0,0,0,0
480072,2,1,1995,0,0,0,0,0,0,0,0,0,0
480073,1,1,1995,0,0,0,0,0,0,0,0,0,0
480073,2,1,1995,0,0,0,0,0,0,0,0,0,0
480074,1,1,1995,15,15,15,15,15,15,15,15,15,15
480074,2,1,1995,0,0,0,0,0,0,0,0,0,0
480075,1,1,1995,0,0,21,0,0,0,0,0,0,0
480075,2,1,1995,23,15,18,17,0,0,8,30,0,15
480076,1,1,1995,3,3,3,3,3,3,3,3,3,3
480076,2,1,1995,0,0,0,10,0,24,0,0,0,0
480076,3,1,1995,0,0,0,13,0,18,11,17,0,14
480077,1,1,1995,32,15,19,10,10,22,16,13,31,17
480078,1,1,1995,0,0,0,0,0,0,0,0,0,0
480078,2,1,1995,0,0,0,0,0,0,0,0,0,0
480080,1,1,1995,0,0,0,0,0,0,0,0,0,0
480080,2,1,1995,0,0,14,14,0,0,0,0,0,0
480081,1,1,1995,0,0,12,15,9,0,0,0,22,0
480082,0,1,1995,0,0,0,0,0,0,0,0,0,0
480082,1,1,1995,9,9,9,9,9,9,9,9,9,9
480082,2,1,1995,0,0,0,0,0,0,0,0,0,0
480083,0,1,1995,5,5,5,5,5,5,5,5,5,5
480083,0,2,1995,9,0,0,0,14,9,32,16,10,0
480083,1,1,1995,7,0,0,21,0,12,0,16,0,28
480084,1,1,1995,14,28,19,23,0,0,0,6,16,0
480084,2,1,1995,0,0,0,0,0,0,7,0,0,0
480085,1,1,1995,0,0,15,0,0,0,23,11,0,12
480085,2,1,1995,16,23,0,15,19,18,21,23,40,17
480086,1,1,1995,0,0,0,14,0,0,0,0,0,0
480086,2,1,1995,0,0,0,0,0,0,0,0,0,0
480087,0,1,1995,26,26,26,26,26,26,26,26,26,26
480087,1,1,1995,8,8,8,8,8,8,8,8,8,8
480088,1,1,1995,0,0,0,0,11,0,21,0,0,11
480088,2,1,1995,27,19,10,14,29,0,22,47,20,0
480089,1,1,1995,25,25,25,25,25,25,25,25,25,25
480090,1,1,1995,25,25,25,25,25,25,25,25,25,25
480090,2,1,1995,0,0,14,10,26,13,28,0,0,0
480090,3,1,1995,0,9,0,0,0,0,18,0,0,0
480090,4,1,1995,0,0,0,0,0,0,0,0,0,0
480091,1,1,1995,0,0,0,0,0,0,10,0,0,0
480092,1,1,1995,0,0,0,0,0,0,0,0,0,0
480092,2,1,1995,18,0,0,0,0,0,0,0,0,0
480093,0,1,1995,24,24,24,24,24,24,24,24,24,24
480093,0,2,1995,0,34,26,18,29,23,0,14,0,0
480093,0,3,1995,22,27,15,12,35,13,17,12,0,11
480093,1,1,1995,17,17,17,17,17,17,17,17,17,17
480094,0,1,1995,0,0,0,0,0,0,0,0,0,0
480094,1,1,1995,0,0,0,12,0,0,0,0,0,0
480095,1,1,1995,0,0,0,0,0,0,0,0,0,0
480096,1,1,1995,10,0,17,0,17,7,10,0,0,0
480096,2,1,1995,0,0,0,0,0,0,0,0,0,0
480097,1,1,1995,0,22,16,0,0,0,0,0,26,0
480097,2,1,1995,0,20,0,0,17,0,0,15,0,0
480097,3,1,1995,9,8,0,0,0,0,0,24,0,0
480098,1,1,1995,0,0,0,0,0,0,0,0,0,0
480098,2,1,1995,0,0,0,0,0,0,0,0,0,0
480099,1,1,1995,14,14,14,14,14,14,14,14,14,14
480100,1,1,1995,13,14,9,7,0,0,0,0,0,20
480100,2,1,1995,0,6,24,0,0,11,13,0,0,0
480101,1,1,1995,0,0,0,0,0,0,0,0,0,0
480102,0,1,1995,0,0,0,0,0,0,0,0,0,0
480102,1,1,1995,0,0,0,0,0,0,0,0,0,0
480103,1,1,1995,0,0,0,0,0,0,0,0,0,0
480103,2,1,1995,0,0,21,0,0,7,0,0,17,0
480104,1,1,1995,0,0,0,0,0,0,0,0,0,0
480104,2,1,1995,0,0,0,0,0,0,0,0,0,0
480105,1,1,1995,20,17,0,8,23,0,0,19,29,12
480106,1,1,1995,0,0,0,0,0,0,0,0,0,0
480107,1,1,1995,0,0,0,0,0,0,0,0,0,0
480107,2,1,1995,12,0,0,0,0,0,0,0,10,0
480108,1,1,1995,0,0,0,14,0,0,0,0,0,0
480108,2,1,1995,0,0,0,23,0,0,0,11,0,0
480108,3,1,1995,0,0,0,0,0,0,0,0,0,0
480109,1,1,1995,19,19,19,19,19,19,19,19,19,19
480110,1,1,1995,8,8,8,8,8,8,8,8,8,8
480111,1,1,1995,22,22,22,22,22,22,22,22,22,22
480112,1,1,1995,19,11,12,22,21,16,10,0,0,25
480113,1,1,1995,10,14,0,19,9,0,17,11,24,17
480114,1,1,1995,0,0,0,0,0,0,0,0,0,0
480114,2,1,1995,0,0,0,0,0,0,0,0,0,0
480115,1,1,1995,0,0,0,0,0,0,0,0,0,0
480115,2,1,1995,3,3,3,3,3,3,3,3,3,3
480116,0,1,1995,0,0,0,0,0,0,0,0,0,0
480116,1,1,1995,6,0,5,6,4,3,4,13,11,29
480117,1,1,1995,15,15,15,15,15,15,15,15,15,15
480118,1,1,1995,18,18,18,18,18,18,18,18,18,18
480118,2,1,1995,19,19,19,19,19,19,19,19,19,19
480119,0,1,1995,23,0,21,12,21,0,16,4,38,4
480119,0,2,1995,15,0,34,23,0,14,11,16,31,0
480119,0,3,1995,3,3,3,3,3,3,3,3,3,3
480119,1,1,1995,18,15,15,10,19,23,14,29,25,26
480119,2,1,1995,0,0,10,0,12,0,0,0,29,15
480119,3,1,1995,25,25,25,25,25,25,25,25,25,25
480120,1,1,1995,16,16,16,16,16,16,16,16,16,16
480120,2,1,1995,0,0,0,0,0,0,0,0,0,0
480121,1,1,1995,0,0,16,0,0,13,0,0,0,0
480121,2,1,1995,0,0,0,0,0,0,0,0,0,12
480122,1,1,1995,0,0,0,0,0,8,5,12,0,0
480123,1,1,1995,24,24,21,12,22,25,29,19,30,32
480124,1,1,1995,11,11,11,11,11,11,11,11,11,11
480125,1,1,1995,18,18,18,18,18,18,18,18,18,18
480126,1,1,1995,23,23,23,23,23,23,23,23,23,23
480126,2,1,1995,9,9,9,9,9,9,9,9,9,9
480127,1,1,1995,17,17,17,17,17,17,17,17,17,17
480127,2,1,1995,1,1,1,1,1,1,1,1,1,1
480127,3,1,1995,0,0,14,13,0,9,0,0,11,16
480127,4,1,1995,0,0,4,0,0,0,0,0,0,0
480128,1,1,1995,0,0,0,0,0,0,0,0,0,0
480129,1,1,1995,8,8,8,8,8,8,8,8,8,8
480130,1,1,1995,12,12,12,12,12,12,12,12,12,12
480131,1,1,1995,0,0,0,0,0,0,0,0,0,0
480131,2,1,1995,33,33,33,33,33,33,33,33,33,33
480132,1,1,1995,0,0,0,0,0,0,0,0,0,0
480132,2,1,1995,0,0,0,0,0,0,0,0,0,0
480133,0,1,1995,0,0,8,0,0,0,34,0,0,0
480133,1,1,1995,0,0,0,0,7,0,0,0,0,0
480134,1,1,1995,12,0,0,11,0,0,0,0,0,0
480134,2,1,1995,0,0,16,15,12,0,0,25,0,0
480134,3,1,1995,0,0,20,0,0,0,0,0,0,7
480134,4,1,1995,0,18,0,20,16,0,10,0,0,0
480135,1,1,1995,0,0,0,0,0,0,0,21,0,0
480135,2,1,1995,0,21,15,16,23,0,0,0,18,0
480136,1,1,1995,0,0,0,0,0,0,0,0,14,0
480137,1,1,1995,0,0,0,0,0,0,0,0,0,0
480138,1,1,1995,0,0,0,0,0,0,0,0,0,0
480139,1,1,1995,16,16,16,16,16,16,16,16,16,16
480140,0,1,1995,19,19,19,19,19,19,19,19,19,19
480140,1,1,1995,10,0,0,21,0,12,10,0,0,10
480141,0,1,1995,0,0,0,0,0,0,0,0,0,0
480141,1,1,1995,0,0,0,0,0,0,0,0,0,0
480142,1,1,1995,10,10,10,10,10,10,10,10,10,10
480143,0,1,1995,0,0,0,0,0,0,0,0,0,0
480143,1,1,1995,0,0,0,0,0,0,0,0,0,0
480144,1,1,1995,0,20,12,0,0,0,0,0,0,0
480144,2,1,1995,0,0,0,0,0,0,0,15,19,0
480145,1,1,1995,0,0,0,0,0,0,0,0,0,0
480145,2,1,1995,0,0,0,0,0,0,0,0,0,8
480146,0,1,1995,0,0,0,0,0,0,0,0,0,0
480146,1,1,1995,0,0,0,0,0,0,0,0,0,0
480147,1,1,1995,31,31,31,31,31,31,31,31,31,31
480148,1,1,1995,0,0,20,29,0,9,0,12,15,20
480149,1,1,1995,20,20,26,15,0,17,23,12,22,0
480150,1,1,1995,11,11,11,11,11,11,11,11,11,11
480151,1,1,1995,22,22,22,22,22,22,22,22,22,22
480152,1,1,1995,0,0,0,0,0,0,0,0,0,0
480152,2,1,1995,0,0,0,0,12,0,5,0,0,0
480153,1,1,1995,17,17,17,17,17,17,17,17,17,17
480154,0,1,1995,0,0,28,0,0,0,0,0,0,0
480154,1,1,1995,0,0,0,0,0,0,0,4,0,0
480155,1,1,1995,0,0,0,0,0,0,0,0,0,0
480155,2,1,1995,0,0,0,0,0,0,0,0,0,0
480156,1,1,1995,0,0,0,0,0,0,0,0,0,0
480157,1,1,1995,19,19,19,19,19,19,19,19,19,19
480158,1,1,1995,0,0,0,0,0,0,0,0,0,0
480158,2,1,1995,0,0,0,0,0,0,0,0,0,0
480159,1,1,1995,0,0,0,0,0,12,0,0,0,0
480159,2,1,1995,0,0,0,0,0,0,0,0,0,0
480160,1,1,1995,13,17,17,23,29,8,20,20,14,32
480161,1,1,1995,36,0,14,0,0,0,0,10,0,10
480161,2,1,1995,0,12,0,0,0,0,0,0,0,0
480162,0,1,1995,0,0,0,0,0,0,0,0,0,0
480162,1,1,1995,0,0,0,0,0,0,0,0,0,0
480163,1,1,1995,0,0,0,0,0,0,0,0,0,0
480163,2,1,1995,0,10,0,0,0,0,0,0,0,0
480164,0,1,1995,0,0,37,0,0,0,0,0,0,0
480164,0,2,1995,22,0,0,0,0,0,14,13,8,0
480164,0,3,1995,0,0,0,0,0,0,0,0,0,18
480164,1,1,1995,0,0,0,0,0,0,0,0,0,0
480165,1,1,1995,0,0,0,0,0,0,0,0,0,0
480165,2,1,1995,0,0,0,0,0,0,0,0,0,0
480165,3,1,1995,0,0,0,0,0,0,0,0,0,12
480165,4,1,1995,0,0,0,0,0,0,0,0,0,0
480166,1,1,1995,0,0,0,0,19,2,0,0,0,0
480167,1,1,1995,0,0,0,14,21,0,28,17,0,19
480168,1,1,1995,0,0,0,0,0,0,0,0,0,0
480168,2,1,1995,0,0,0,0,0,0,0,0,0,0
480169,1,1,1995,0,0,0,0,0,0,0,0,0,0
480169,2,1,1995,0,8,0,0,0,6,0,0,19,12
480170,1,1,1995,0,0,0,0,0,0,0,0,0,0
480170,2,1,1995,0,0,0,0,0,0,0,0,0,15
480170,3,1,1995,0,0,0,0,0,0,0,0,0,0
480171,1,1,1995,15,15,15,15,15,15,15,15,15,15
480172,1,1,1995,0,0,0,0,0,0,0,3,0,0
480173,0,1,1995,0,0,0,0,0,0,0,0,0,20
480173,1,1,1995,0,0,0,0,0,0,0,0,0,0
480174,0,1,1995,0,0,0,0,0,0,0,0,0,0
480174,1,1,1995,0,0,0,0,0,0,0,0,0,0
480175,1,1,1995,19,19,19,19,19,19,19,19,19,19
480175,2,1,1995,0,0,0,0,0,0,0,0,0,0
480176,1,1,1995,20,20,20,20,20,20,20,20,20,20
480177,0,1,1995,0,0,0,16,0,17,29,25,0,0
480177,1,1,1995,0,0,0,11,0,0,0,23,8,0
480177,2,1,1995,0,3,0,0,0,0,0,0,9,0
480178,1,1,1995,0,0,0,0,0,0,0,0,0,0
480178,2,1,1995,9,9,9,9,9,9,9,9,9,9
480179,0,1,1995,0,0,0,0,0,0,0,0,0,0
480179,1,1,1995,0,0,0,0,0,0,0,0,0,0
480180,0,1,1995,0,0,0,0,0,0,0,0,0,0
480180,1,1,1995,0,0,0,0,0,0,0,0,0,0
480181,0,1,1995,17,17,17,17,17,17,17,17,17,17
480181,1,1,1995,0,0,0,0,0,0,0,0,0,0
480182,1,1,1995,27,27,27,27,27,27,27,27,27,27
480182,2,1,1995,16,16,16,16,16,16,16,16,16,16
480183,0,1,1995,19,19,19,19,19,19,19,19,19,19
480183,1,1,1995,0,0,17,0,10,7,4,25,0,0
480183,3,1,1995,16,0,0,4,0,0,0,0,0,7
480184,1,1,1995,15,14,0,8,0,0,0,0,0,0
480184,2,1,1995,21,21,21,21,21,21,21,21,21,21
480185,0,1,1995,24,24,24,24,24,24,24,24,24,24
480185,1,1,1995,0,0,0,0,0,0,0,0,0,0
480186,1,1,1995,0,0,17,9,0,0,0,0,0,0
480187,1,1,1995,0,0,0,0,0,0,0,0,0,20
480188,1,1,1995,13,13,13,13,13,13,13,13,13,13
480189,1,1,1995,0,0,0,0,0,0,0,0,0,0
480189,2,1,1995,0,0,0,0,0,0,0,0,0,0
480190,1,1,1995,16,18,20,4,26,18,17,9,5,29
480191,1,1,1995,26,26,26,26,26,26,26,26,26,26
480192,1,1,1995,12,14,22,5,0,0,19,22,0,6
480193,1,1,1995,13,13,13,13,13,13,13,13,13,13
480194,1,1,1995,16,0,0,0,15,7,0,0,0,0
480194,2,1,1995,0,0,0,0,0,0,0,0,0,0
480194,3,1,1995,0,0,0,0,0,0,0,0,0,0
480194,4,1,1995,0,0,0,0,0,0,0,0,0,0
480195,0,1,1995,0,0,0,0,0,0,0,5,14,0
480195,1,1,1995,0,0,0,13,14,0,15,17,0,20
480196,1,1,1995,0,0,9,0,0,12,0,0,21,0
480196,2,1,1995,7,7,7,7,7,7,7,7,7,7
480197,1,1,1995,0,0,0,0,0,0,0,0,14,0
480197,2,1,1995,0,0,0,0,0,0,0,0,0,0
480198,1,1,1995,29,29,29,29,29,29,29,29,29,29
480198,2,1,1995,0,0,0,15,0,24,0,0,0,0
480199,1,1,1995,17,17,17,17,17,17,17,17,17,17
480199,2,1,1995,6,6,6,6,6,6,6,6,6,6
480200,1,1,1995,0,0,0,0,0,0,0,0,0,0
480200,2,1,1995,0,0,0,0,0,0,14,0,0,0
480201,1,1,1995,19,19,19,19,19,19,19,19,19,19
480202,0,1,1995,53,8,21,28,18,19,38,0,0,20
480202,1,1,1995,25,25,25,25,25,25,25,25,25,25
480203,1,1,1995,0,0,0,0,0,0,0,0,0,0
480203,2,1,1995,0,0,0,0,5,0,0,0,0,0
480203,3,1,1995,0,0,0,0,0,0,0,0,0,0
480203,4,1,1995,0,0,0,13,0,0,0,0,0,0
480204,0,1,1995,0,0,0,0,0,0,0,0,0,0
480204,0,2,1995,0,0,0,0,0,0,0,0,0,0
480204,1,1,1995,9,24,29,18,5,14,23,19,20,24
480205,1,1,1995,23,23,23,23,23,23,23,23,23,23
480205,2,1,1995,0,0,0,0,0,0,0,0,0,0
480206,1,1,1995,0,0,0,0,0,0,0,0,0,0
480207,0,1,1995,9,0,0,0,9,0,14,0,0,0
480207,1,1,1995,12,12,12,12,12,12,12,12,12,12
480208,1,1,1995,14,14,14,14,14,14,14,14,14,14
480209,1,1,1995,0,0,0,0,0,0,0,0,0,0
480210,0,1,1995,0,0,0,0,0,0,0,0,0,0
480210,1,1,1995,11,10,0,7,3,20,19,0,10,20
480211,1,1,1995,0,0,29,0,0,0,0,0,0,0
480212,1,1,1995,0,0,0,0,0,0,0,0,0,0
480213,1,1,1995,45,37,19,0,12,0,0,0,0,0
480214,1,1,1995,20,20,20,20,20,20,20,20,20,20
480215,1,1,1995,0,0,0,0,0,0,0,0,0,0
480215,2,1,1995,13,0,0,0,0,0,0,0,0,0
480216,0,1,1995,13,0,0,0,0,0,0,0,0,0
480216,1,1,1995,0,0,0,0,8,0,0,0,0,0
480217,1,1,1995,14,14,14,14,14,14,14,14,14,14
480218,1,1,1995,0,0,0,0,0,18,22,32,0,17
480219,1,1,1995,21,21,21,21,21,21,21,21,21,21
480220,1,1,1995,0,0,0,0,0,0,0,0,0,0
480220,2,1,1995,0,0,0,0,0,0,0,0,0,0
480221,0,1,1995,38,38,38,38,38,38,38,38,38,38
480221,1,1,1995,3,3,3,3,3,3,3,3,3,3
480222,1,1,1995,31,31,31,31,31,31,31,31,31,31
480223,0,1,1995,0,0,0,0,0,0,0,0,0,0
480223,1,1,1995,5,0,0,17,19,29,0,0,0,31
480224,1,1,1995,0,11,0,0,0,0,0,0,0,0
480224,2,1,1995,0,0,0,0,0,0,0,0,0,0
480225,1,1,1995,18,18,18,18,18,18,18,18,18,18
480226,1,1,1995,0,0,0,0,0,0,0,0,43,0
480227,1,1,1995,0,0,0,0,0,0,0,0,0,0
480228,1,1,1995,0,0,0,0,0,0,0,0,0,0
480229,1,1,1995,11,11,11,11,11,11,11,11,11,11
480229,2,1,1995,0,0,0,0,0,0,0,0,0,0
480230,0,1,1995,0,0,0,0,17,0,0,0,0,0
480230,0,2,1995,12,0,0,38,8,0,4,18,0,0
480230,1,1,1995,0,0,0,0,0,0,0,0,0,0
480230,2,1,1995,0,0,32,0,0,0,0,0,0,0
480231,1,1,1995,0,0,0,0,0,0,0,0,0,0
480231,2,1,1995,0,0,0,0,0,0,0,0,0,0
480232,1,1,1995,0,0,0,0,0,0,0,0,0,0
480232,2,1,1995,0,0,0,0,0,0,0,0,0,0
480233,1,1,1995,0,0,0,0,0,0,0,0,0,0
480233,2,1,1995,0,0,0,0,0,0,0,0,0,0
480234,0,1,1995,0,0,0,21,0,0,19,0,0,0
480234,1,1,1995,0,0,0,0,0,0,13,0,12,0
480235,1,1,1995,0,0,0,0,0,0,0,0,0,8