ST_CASE,VEH_NO,PER_NO,YEAR,P1,P2,P3,P4,P5,P6,P7,P8,P9,P10
480236,1,1,1995,17,17,17,17,17,17,17,17,17,17
480237,1,1,1995,17,17,17,17,17,17,17,17,17,17
480238,1,1,1995,23,23,23,23,23,23,23,23,23,23
480239,1,1,1995,17,21,0,28,0,20,11,23,3,27
480240,1,1,1995,0,0,0,0,0,0,0,0,0,0
480240,2,1,1995,0,0,0,0,0,0,0,0,0,0
480240,3,1,1995,14,0,0,0,0,0,22,36,0,0
480240,4,1,1995,0,0,0,0,5,0,15,0,0,0
480240,5,1,1995,0,0,0,16,0,0,0,0,0,0
480241,1,1,1995,21,21,21,21,21,21,21,21,21,21
480241,2,1,1995,0,0,0,0,0,0,0,0,0,0
480242,1,1,1995,7,0,0,11,30,16,17,30,15,12
480243,1,1,1995,0,0,0,0,0,0,0,0,0,0
480243,2,1,1995,0,0,0,0,0,0,0,0,0,0
480244,0,1,1995,0,0,0,0,0,0,0,0,0,0
480244,1,1,1995,0,0,0,0,0,0,0,0,0,0
480245,1,1,1995,0,0,0,0,0,0,0,0,0,0
480245,2,1,1995,20,20,20,20,20,20,20,20,20,20
480246,1,1,1995,21,21,21,21,21,21,21,21,21,21
480246,2,1,1995,27,27,27,27,27,27,27,27,27,27
480247,1,1,1995,12,12,12,12,12,12,12,12,12,12
480248,0,1,1995,0,0,0,0,0,0,0,0,0,0
480248,1,1,1995,11,21,0,0,0,0,9,10,0,0
480249,1,1,1995,22,22,22,22,22,22,22,22,22,22
480249,2,1,1995,0,0,0,0,0,0,0,0,0,0
480250,0,1,1995,36,36,36,36,36,36,36,36,36,36
480250,1,1,1995,0,0,0,0,0,0,0,0,0,0
480251,1,1,1995,0,0,0,0,0,0,0,0,0,0
480252,1,1,1995,11,11,11,11,11,11,11,11,11,11
480253,1,1,1995,0,0,14,0,0,0,0,0,0,32
480254,1,1,1995,0,0,0,0,0,0,0,0,0,0
480254,2,1,1995,0,0,0,0,0,0,0,0,0,0
480255,1,1,1995,15,15,15,15,15,15,15,15,15,15
480256,1,1,1995,15,42,15,14,17,39,10,12,15,22
480256,2,1,1995,19,19,19,19,19,19,19,19,19,19
480257,1,1,1995,0,0,0,0,0,0,31,0,17,0
480258,1,1,1995,13,13,13,13,13,13,13,13,13,13
480259,1,1,1995,0,0,0,0,0,0,0,0,0,0
480260,1,1,1995,20,20,20,20,20,20,20,20,20,20
480261,1,1,1995,0,0,0,0,0,0,0,0,0,0
480261,2,1,1995,13,0,0,0,0,0,0,16,0,0
480262,1,1,1995,0,0,0,0,0,0,0,0,0,0
480262,2,1,1995,0,0,0,0,14,0,0,15,0,0
480263,1,1,1995,0,0,0,0,0,0,8,0,0,0
480263,2,1,1995,14,14,14,14,14,14,14,14,14,14
480264,1,1,1995,24,24,24,24,24,24,24,24,24,24
480265,1,1,1995,0,0,0,0,0,0,0,0,0,0
480265,2,1,1995,0,0,0,0,0,0,0,0,15,0
480266,1,1,1995,0,0,0,0,0,0,0,0,0,0
480267,0,1,1995,13,8,14,0,0,23,0,9,0,0
480267,1,1,1995,0,0,35,0,0,0,0,0,0,0
480268,1,1,1995,0,0,0,0,0,0,0,0,0,0
480268,2,1,1995,0,0,0,0,0,0,0,0,0,0
480268,3,1,1995,9,8,0,0,0,0,0,0,0,0
480269,1,1,1995,0,0,0,0,0,0,0,0,0,0
480270,1,1,1995,0,24,0,0,0,26,0,0,10,0
480270,2,1,1995,0,0,0,0,0,0,0,0,0,0
480271,1,1,1995,0,0,0,0,0,0,0,0,0,0
480271,2,1,1995,0,0,0,0,0,0,0,0,0,0
480272,1,1,1995,0,0,0,0,0,0,0,0,0,0
480272,2,1,1995,0,0,0,0,0,0,0,0,0,0
480273,0,1,1995,0,0,13,11,0,0,0,17,0,13
480273,1,1,1995,8,26,0,14,0,0,5,0,0,0
480274,1,1,1995,26,26,26,26,26,26,26,26,26,26
480275,1,1,1995,0,0,0,0,0,0,0,0,0,0
480275,2,1,1995,10,10,10,10,10,10,10,10,10,10
480276,1,1,1995,22,0,10,20,7,23,25,0,13,8
480277,0,1,1995,13,13,13,13,13,13,13,13,13,13
480277,0,2,1995,23,0,0,0,0,0,0,0,0,0
480277,0,3,1995,0,0,0,0,0,0,0,14,0,0
480277,0,4,1995,0,0,0,0,0,0,0,0,0,0
480277,0,5,1995,0,0,0,0,0,0,13,0,0,29
480277,0,6,1995,0,0,0,0,0,0,0,0,0,0
480277,1,1,1995,0,0,0,0,0,0,0,0,17,11
480278,0,1,1995,0,0,0,0,0,0,0,0,0,0
480278,1,1,1995,0,24,0,18,0,0,0,0,33,0
480279,1,1,1995,0,0,0,0,0,0,0,0,0,0
480279,2,1,1995,0,0,15,0,0,0,0,15,25,0
480280,0,1,1995,0,0,0,0,0,0,9,0,0,0
480280,1,1,1995,0,0,0,0,0,0,0,0,0,0
480281,1,1,1995,0,0,0,0,0,0,0,0,0,0
480281,2,1,1995,8,0,0,0,0,0,0,0,0,0
480282,1,1,1995,22,22,22,22,22,22,22,22,22,22
480283,1,1,1995,20,20,20,20,20,20,20,20,20,20
480284,1,1,1995,0,11,7,18,17,9,31,29,20,15
480285,1,1,1995,0,0,0,0,0,0,0,0,12,0
480285,2,1,1995,0,22,0,0,7,16,0,7,24,22
480286,0,1,1995,0,0,0,0,0,0,0,0,0,0
480286,1,1,1995,0,0,0,0,0,0,0,0,0,0
480287,1,1,1995,18,18,18,18,18,18,18,18,18,18
480288,1,1,1995,23,23,23,23,23,23,23,23,23,23
480288,2,1,1995,0,0,0,0,0,0,0,0,0,0
480288,3,1,1995,0,0,0,0,0,0,0,0,0,0
480289,1,1,1995,10,9,0,0,0,0,11,7,0,0
480290,1,1,1995,26,26,26,26,26,26,26,26,26,26
480291,0,1,1995,30,0,29,25,0,10,28,0,31,0
480291,1,1,1995,0,0,0,0,0,0,0,28,0,0
480292,1,1,1995,0,0,0,0,0,0,0,0,0,0
480292,2,1,1995,17,17,17,17,17,17,17,17,17,17
480293,1,1,1995,19,12,0,0,0,0,0,0,0,0
480293,2,1,1995,0,0,0,0,0,0,0,0,0,0
480294,1,1,1995,0,0,7,0,0,0,0,11,0,12
480294,2,1,1995,0,0,0,7,0,0,0,10,0,0
480295,0,1,1995,19,19,19,19,19,19,19,19,19,19
480295,1,1,1995,0,0,0,0,0,0,0,0,0,0
480296,1,1,1995,0,0,0,0,0,0,0,0,0,0
480296,2,1,1995,0,0,8,0,0,0,0,0,0,0
480297,1,1,1995,19,19,19,19,19,19,19,19,19,19
480298,1,1,1995,15,15,15,15,15,15,15,15,15,15
480299,1,1,1995,29,29,29,29,29,29,29,29,29,29
480299,2,1,1995,7,0,2,30,0,0,20,7,0,0
480300,1,1,1995,14,14,14,14,14,14,14,14,14,14
480300,2,1,1995,14,14,14,14,14,14,14,14,14,14
480301,0,1,1995,38,0,19,0,0,0,0,0,0,11
480301,1,1,1995,8,8,8,8,8,8,8,8,8,8
480302,1,1,1995,2,2,2,2,2,2,2,2,2,2
480303,1,1,1995,22,22,22,22,22,22,22,22,22,22
480304,1,1,1995,0,0,0,0,0,0,0,0,0,0
480305,1,1,1995,0,0,0,0,0,0,0,0,0,0
480305,2,1,1995,0,0,0,0,0,0,0,0,0,0
480306,1,1,1995,20,20,20,20,20,20,20,20,20,20
480306,2,1,1995,0,0,0,0,0,0,0,0,0,0
480306,3,1,1995,0,0,0,0,0,0,0,0,0,0
480307,1,1,1995,14,14,14,14,14,14,14,14,14,14
480307,2,1,1995,0,38,10,0,0,21,0,0,28,0
480308,1,1,1995,0,0,0,0,0,0,7,0,0,0
480308,2,1,1995,0,0,0,0,0,0,0,0,0,0
480308,3,1,1995,0,13,0,0,0,0,0,0,0,13
480309,1,1,1995,0,0,0,0,0,0,0,0,0,0
480310,1,1,1995,0,0,0,0,0,0,0,0,0,0
480310,2,1,1995,0,0,0,0,0,0,0,0,0,0
480311,1,1,1995,0,0,0,0,0,0,0,3,0,0
480311,2,1,1995,0,0,0,0,0,0,0,0,0,0
480312,1,1,1995,0,0,0,0,0,0,0,0,0,0
480313,0,1,1995,29,0,0,0,0,0,0,18,0,22
480313,1,1,1995,0,0,0,0,0,0,0,0,0,0
480314,1,1,1995,0,0,0,0,0,0,0,0,0,0
480314,2,1,1995,0,0,0,0,0,0,0,0,0,0
480315,0,1,1995,0,15,0,0,0,0,0,39,0,12
480315,1,1,1995,0,0,0,0,0,0,0,0,0,0
480316,1,1,1995,0,0,0,0,0,0,0,0,0,20
480316,2,1,1995,0,0,0,0,0,0,0,0,0,0
480317,1,1,1995,0,0,0,0,0,0,0,0,0,0
480318,1,1,1995,20,20,20,20,20,20,20,20,20,20
480319,1,1,1995,0,21,32,19,33,24,23,22,18,22
480320,1,1,1995,24,24,24,24,24,24,24,24,24,24
480321,0,1,1995,18,0,0,0,0,0,0,0,0,0
480321,1,1,1995,0,0,0,12,0,0,0,0,0,15
480322,1,1,1995,0,0,0,0,0,0,0,0,0,0
480323,1,1,1995,0,0,0,0,0,0,0,7,0,0
480323,2,1,1995,0,14,19,0,8,0,0,0,0,0
480324,0,1,1995,0,0,0,0,0,0,0,0,0,0
480324,1,1,1995,22,8,0,32,32,18,0,35,0,33
480325,1,1,1995,2,2,2,2,2,2,2,2,2,2
480325,2,1,1995,10,10,10,10,10,10,10,10,10,10
480326,1,1,1995,32,32,32,32,32,32,32,32,32,32
480327,1,1,1995,0,0,0,0,0,0,0,0,0,0
480328,1,1,1995,0,0,0,0,0,0,0,0,0,0
480328,2,1,1995,0,0,0,0,0,0,0,0,0,0
480329,1,1,1995,0,0,0,0,0,0,0,0,0,0
480330,1,1,1995,0,0,0,0,0,0,0,0,0,0
480330,2,1,1995,0,0,0,0,0,0,0,0,0,0
480331,1,1,1995,0,0,0,0,0,0,0,0,0,0
480332,1,1,1995,0,0,0,0,0,0,0,0,0,0
480332,2,1,1995,4,4,4,4,4,4,4,4,4,4
480333,1,1,1995,0,0,0,0,0,0,0,0,0,0
480333,2,1,1995,0,0,0,0,10,0,0,0,0,0
480334,1,1,1995,0,0,0,0,0,0,0,0,0,0
480334,2,1,1995,0,0,0,0,0,0,0,0,0,0
480335,1,1,1995,11,11,11,11,11,11,11,11,11,11
480336,0,1,1995,22,22,22,22,22,22,22,22,22,22
480336,1,1,1995,9,0,0,0,37,0,0,24,22,17
480337,1,1,1995,24,18,12,3,17,9,15,14,21,12
480337,2,1,1995,0,0,0,0,0,0,0,0,0,0
480338,1,1,1995,20,20,20,20,20,20,20,20,20,20
480339,1,1,1995,0,0,0,0,0,0,0,0,0,0
480340,1,1,1995,12,15,0,0,0,0,0,0,0,0
480340,2,1,1995,13,13,13,13,13,13,13,13,13,13
480341,1,1,1995,33,33,33,33,33,33,33,33,33,33
480341,2,1,1995,0,0,0,0,0,0,0,0,0,0
480342,1,1,1995,1,1,1,1,1,1,1,1,1,1
480343,1,1,1995,0,0,0,0,0,0,0,0,0,0
480343,2,1,1995,0,0,0,0,0,0,0,0,0,0
480344,1,1,1995,13,13,13,13,13,13,13,13,13,13
480345,1,1,1995,15,15,15,15,15,15,15,15,15,15
480346,0,1,1995,28,28,28,28,28,28,28,28,28,28
480346,1,1,1995,2,3,7,32,20,24,0,0,11,0
480347,1,1,1995,15,15,15,15,15,15,15,15,15,15
480348,1,1,1995,9,17,17,22,18,0,0,8,0,0
480349,1,1,1995,8,26,16,5,10,13,11,12,9,23
480350,0,1,1995,0,0,7,0,7,0,0,0,0,0
480350,1,1,1995,0,0,0,28,0,0,0,0,0,0
480351,1,1,1995,0,0,0,0,0,0,0,0,0,0
480352,1,1,1995,0,0,0,0,0,0,0,0,0,0
480352,2,1,1995,0,0,0,0,0,0,0,0,0,0
480353,1,1,1995,0,0,0,0,0,0,0,17,0,15
480353,2,1,1995,0,0,0,0,0,0,0,0,0,0
480353,3,1,1995,0,0,0,0,0,0,0,0,0,0
480354,1,1,1995,0,0,22,0,0,0,0,0,0,0
480354,2,1,1995,17,18,0,0,0,0,0,0,0,0
480355,1,1,1995,0,0,0,0,0,0,0,0,0,0
480356,1,1,1995,25,0,0,0,0,19,0,0,0,0
480357,1,1,1995,20,20,20,20,20,20,20,20,20,20
480358,1,1,1995,19,0,0,5,0,16,0,0,0,29
480358,2,1,1995,3,23,0,0,0,0,0,5,0,11
480359,1,1,1995,0,0,0,0,0,0,0,0,0,0
480360,1,1,1995,0,0,0,0,0,0,0,0,0,0
480361,1,1,1995,0,0,0,0,0,0,0,0,0,0
480361,2,1,1995,0,0,12,0,0,0,0,0,0,10
480361,3,1,1995,0,0,0,0,0,0,0,0,0,0
480362,1,1,1995,0,0,24,0,0,17,0,0,0,0
480363,1,1,1995,0,0,0,0,0,0,0,0,0,0
480363,2,1,1995,20,20,20,20,20,20,20,20,20,20
480364,1,1,1995,0,0,0,0,0,0,0,0,0,0
480364,2,1,1995,4,4,4,4,4,4,4,4,4,4
480365,0,1,1995,0,0,0,0,0,20,0,0,0,0
480365,1,1,1995,11,0,0,0,0,0,0,0,0,0
480366,1,1,1995,0,0,0,0,0,0,0,11,0,0
480366,2,1,1995,20,0,0,0,0,0,0,0,0,0
480367,1,1,1995,0,0,0,0,0,0,0,0,0,0
480368,1,1,1995,13,13,13,13,13,13,13,13,13,13
480368,2,1,1995,0,0,0,0,0,0,0,0,0,0
480369,1,1,1995,0,0,0,0,0,0,0,0,0,0
480370,1,1,1995,0,0,0,0,0,0,0,0,0,0
480371,1,1,1995,13,13,13,13,13,13,13,13,13,13
480372,1,1,1995,16,18,33,8,12,20,28,28,6,34
480373,0,1,1995,0,0,0,0,0,0,0,0,0,0
480373,1,1,1995,0,0,0,0,0,0,0,0,0,0
480374,1,1,1995,0,0,0,0,0,0,0,0,0,0
480375,0,1,1995,0,12,0,27,0,19,16,16,0,0
480375,1,1,1995,0,0,0,0,0,10,0,0,0,0
480376,1,1,1995,0,0,0,0,0,0,0,0,0,0
480376,2,1,1995,0,0,0,0,0,10,0,0,0,0
480377,1,1,1995,32,0,10,34,8,21,11,0,0,4
480378,1,1,1995,0,0,6,0,0,0,0,7,10,0
480378,2,1,1995,18,18,18,18,18,18,18,18,18,18
480379,0,1,1995,23,23,23,23,23,23,23,23,23,23
480379,1,1,1995,0,26,0,0,18,29,24,8,8,16
480380,0,1,1995,0,0,0,0,23,0,0,0,0,0
480380,1,1,1995,0,0,0,0,0,0,0,0,0,0
480381,1,1,1995,0,0,0,32,0,0,8,27,0,0
480382,1,1,1995,11,20,17,9,20,14,0,0,0,0
480383,1,1,1995,0,0,0,0,0,0,0,0,0,0
480383,2,1,1995,0,0,0,0,0,0,0,0,0,0
480384,0,1,1995,35,0,0,19,0,37,14,0,0,0
480384,0,2,1995,0,0,0,0,0,0,0,0,0,0
480384,0,3,1995,0,0,0,0,0,0,0,0,0,0
480384,0,4,1995,23,0,0,25,0,0,0,19,0,22
480384,1,1,1995,0,0,0,0,0,0,0,0,0,0
480384,3,1,1995,29,0,0,0,0,0,0,0,0,0
480384,4,1,1995,0,0,0,0,0,0,0,0,0,0
480385,0,1,1995,0,0,0,0,0,0,21,0,0,0
480385,1,1,1995,25,0,17,0,0,0,0,0,0,0
480386,1,1,1995,0,0,0,0,0,0,0,0,0,0
480387,1,1,1995,9,9,9,9,9,9,9,9,9,9
480389,1,1,1995,25,25,25,25,25,25,25,25,25,25
480389,2,1,1995,0,0,0,0,0,0,0,0,0,0
480390,0,1,1995,0,0,0,0,0,0,0,0,0,0
480390,1,1,1995,0,0,0,3,0,0,0,0,0,0
480391,1,1,1995,14,19,0,0,0,16,9,29,24,0
480392,1,1,1995,12,12,12,12,12,12,12,12,12,12
480392,2,1,1995,0,0,9,0,0,19,0,0,0,19
480393,1,1,1995,0,11,0,0,0,0,0,0,0,0
480393,2,1,1995,0,23,0,0,0,0,0,0,0,0
480394,0,1,1995,0,0,0,0,0,0,0,0,0,0
480394,1,1,1995,4,0,0,0,0,0,19,14,0,0
480395,0,1,1995,20,26,16,0,30,32,0,10,0,0
480395,1,1,1995,28,28,28,28,28,28,28,28,28,28
480396,1,1,1995,0,0,0,0,0,0,0,0,14,4
480397,0,1,1995,0,0,0,0,0,0,0,0,11,0
480397,1,1,1995,0,0,0,0,0,0,0,0,0,0
480398,1,1,1995,0,0,0,0,0,0,0,0,0,0
480398,2,1,1995,0,0,0,0,0,0,0,0,0,0
480399,1,1,1995,24,24,24,24,24,24,24,24,24,24
480400,1,1,1995,0,22,0,19,0,0,10,0,28,19
480400,2,1,1995,0,0,0,0,0,0,0,0,12,0
480401,1,1,1995,0,0,0,0,0,0,0,0,0,0
480402,1,1,1995,15,0,0,0,0,0,7,0,0,0
480403,0,1,1995,11,19,23,0,11,31,0,0,26,29
480403,1,1,1995,15,15,15,15,15,15,15,15,15,15
480404,1,1,1995,0,0,0,0,0,0,0,0,0,0
480404,2,1,1995,0,0,0,0,0,0,0,0,0,0
480405,1,1,1995,0,0,0,0,0,0,0,0,0,0
480406,1,1,1995,0,0,0,0,0,0,0,0,0,0
480406,2,1,1995,0,0,0,0,0,0,0,0,0,0
480406,3,1,1995,0,0,0,0,0,0,0,0,0,0
480407,1,1,1995,0,0,0,0,0,0,0,0,0,0
480407,2,1,1995,9,9,9,9,9,9,9,9,9,9
480408,1,1,1995,0,0,0,0,0,11,0,0,0,0
480408,2,1,1995,0,0,0,0,0,0,0,0,0,0
480409,1,1,1995,0,0,0,0,7,0,0,0,0,0
480409,2,1,1995,0,0,0,0,0,0,0,0,0,0
480410,1,1,1995,20,20,20,20,20,20,20,20,20,20
480410,2,1,1995,0,0,13,22,24,0,0,0,10,18
480411,0,1,1995,0,15,16,12,0,18,0,9,14,31
480411,0,2,1995,29,0,9,30,0,16,10,0,20,0
480411,1,1,1995,0,0,0,0,0,0,0,0,0,0
480412,1,1,1995,0,0,0,0,0,0,0,0,0,0
480412,2,1,1995,13,13,13,13,13,13,13,13,13,13
480413,1,1,1995,16,16,16,16,16,16,16,16,16,16
480413,2,1,1995,0,0,0,0,0,22,0,13,0,15
480414,1,1,1995,0,0,0,0,0,0,0,0,0,0
480414,2,1,1995,0,0,0,0,0,0,0,0,0,0
480414,3,1,1995,0,0,0,0,0,24,0,0,0,0
480415,0,1,1995,0,0,0,0,0,0,0,0,0,0
480415,1,1,1995,0,0,0,0,0,0,0,0,0,0
480416,0,1,1995,29,29,29,29,29,29,29,29,29,29
480416,1,1,1995,18,18,18,18,18,18,18,18,18,18
480417,1,1,1995,13,14,0,8,13,10,6,17,16,17
480417,2,1,1995,16,0,5,0,0,11,16,28,0,0
480418,1,1,1995,15,15,15,15,15,15,15,15,15,15
480418,2,1,1995,0,24,0,8,25,0,0,4,0,0
480418,3,1,1995,0,0,0,0,0,0,0,0,0,0
480418,4,1,1995,0,0,0,0,0,0,0,0,0,0
480419,1,1,1995,20,20,20,20,20,20,20,20,20,20
480419,2,1,1995,0,0,0,0,0,0,0,0,0,0
480420,1,1,1995,0,29,30,0,29,38,0,12,7,7
480421,1,1,1995,18,18,18,18,18,18,18,18,18,18
480422,1,1,1995,0,0,0,0,0,0,0,0,0,0
480422,2,1,1995,0,0,0,0,0,0,0,0,0,0
480423,1,1,1995,0,0,0,0,0,0,0,0,0,0
480424,1,1,1995,11,29,24,23,17,6,13,23,26,11
480425,1,1,1995,0,0,0,0,0,0,0,0,0,0
480425,2,1,1995,28,28,28,28,28,28,28,28,28,28
480426,1,1,1995,17,8,12,9,0,14,0,22,13,24
480426,2,1,1995,22,22,22,22,22,22,22,22,22,22
480426,3,1,1995,0,0,0,0,0,0,0,0,0,12
480427,1,1,1995,0,0,0,0,0,0,0,0,0,0
480428,1,1,1995,0,0,0,0,0,0,0,0,0,0
480429,1,1,1995,7,7,7,7,7,7,7,7,7,7
480430,1,1,1995,0,0,0,0,0,0,0,0,0,0
480431,1,1,1995,0,0,0,0,0,0,0,0,0,0
480432,1,1,1995,42,42,42,42,42,42,42,42,42,42
480433,1,1,1995,0,0,0,0,0,0,0,0,0,0
480433,2,1,1995,0,0,0,0,0,0,0,0,0,0
480434,1,1,1995,16,0,11,18,13,22,0,0,0,29
480435,1,1,1995,6,0,0,0,0,0,0,0,22,0
480436,0,1,1995,0,0,0,0,19,0,17,35,16,0
480436,1,1,1995,0,0,0,0,0,0,0,7,0,0
480437,1,1,1995,0,0,0,0,0,0,0,0,0,0
480437,2,1,1995,0,0,0,0,0,0,0,0,0,0
480438,1,1,1995,11,11,11,11,11,11,11,11,11,11
480439,1,1,1995,0,0,0,0,0,0,0,0,0,0
480439,2,1,1995,0,0,0,0,0,0,0,0,0,0
480440,1,1,1995,0,0,7,0,0,0,0,0,0,0
480441,1,1,1995,13,13,13,13,13,13,13,13,13,13
480442,1,1,1995,0,0,0,0,0,0,0,0,0,0
480442,2,1,1995,0,0,0,0,0,0,0,0,0,0
480442,3,1,1995,0,0,0,0,0,0,0,0,0,0
480443,1,1,1995,0,16,6,4,0,0,11,0,7,0
480443,2,1,1995,0,0,0,0,0,0,0,0,0,0
480444,1,1,1995,1,1,1,1,1,1,1,1,1,1
480444,2,1,1995,0,0,0,0,0,0,0,0,0,0
480445,1,1,1995,0,0,11,0,0,12,15,0,12,0
480446,1,1,1995,0,0,0,0,0,0,19,0,0,11
480446,2,1,1995,0,0,0,0,0,0,0,0,0,0
480447,1,1,1995,32,32,32,32,32,32,32,32,32,32
480447,2,1,1995,0,0,0,0,0,0,0,0,0,0
480447,3,1,1995,0,31,23,0,0,0,0,0,9,0
480448,1,1,1995,0,0,0,0,0,0,0,0,0,0
480448,2,1,1995,0,0,0,0,0,12,0,0,0,0
480449,1,1,1995,20,0,23,3,0,11,16,17,53,5
480450,0,1,1995,35,35,35,35,35,35,35,35,35,35
480450,1,1,1995,0,0,0,18,0,0,0,0,0,0
480451,1,1,1995,0,0,0,0,0,0,0,0,0,0
480451,2,1,1995,0,0,0,0,0,0,0,0,0,0
480451,3,1,1995,0,23,0,0,0,0,0,0,0,0
480452,1,1,1995,38,38,38,38,38,38,38,38,38,38
480453,1,1,1995,26,26,26,26,26,26,26,26,26,26
480453,2,1,1995,0,10,0,0,0,0,0,3,0,0
480454,1,1,1995,15,15,15,15,15,15,15,15,15,15
480455,1,1,1995,21,21,21,21,21,21,21,21,21,21
480455,2,1,1995,14,0,14,3,0,0,9,7,7,0
480456,1,1,1995,13,13,13,13,13,13,13,13,13,13
480457,1,1,1995,0,0,0,0,0,0,0,8,0,0
480457,2,1,1995,0,0,0,0,0,0,0,0,0,0
480458,1,1,1995,21,21,21,21,21,21,21,21,21,21
480459,1,1,1995,4,4,4,4,4,4,4,4,4,4
480459,2,1,1995,10,0,0,0,0,9,0,0,6,0
480460,1,1,1995,8,8,8,8,8,8,8,8,8,8
480460,2,1,1995,0,0,0,13,0,19,0,0,0,0
480460,3,1,1995,0,0,0,0,24,12,8,0,0,36
480460,4,1,1995,14,0,0,26,3,11,11,0,0,0
480461,1,1,1995,0,0,0,0,0,0,0,0,0,0
480462,1,1,1995,13,13,13,13,13,13,13,13,13,13
480463,1,1,1995,0,0,0,0,0,0,0,0,0,30
480464,1,1,1995,13,28,32,0,29,0,22,26,21,26
480465,0,1,1995,13,30,7,44,24,19,16,31,9,35
480465,1,1,1995,0,0,0,0,0,9,0,0,0,0
480466,0,1,1995,24,33,24,21,11,0,18,50,5,17
480466,1,1,1995,15,15,15,15,15,15,15,15,15,15
480467,1,1,1995,0,0,0,0,0,0,0,0,0,0
480467,2,1,1995,0,0,0,0,0,0,0,0,0,0
480468,0,1,1995,0,0,0,0,0,0,0,0,0,0
480468,1,1,1995,0,0,0,0,0,0,0,0,0,0
480469,1,1,1995,0,17,0,0,26,13,0,23,0,0
480469,2,1,1995,20,20,20,20,20,20,20,20,20,20
480470,1,1,1995,0,0,0,0,0,0,0,0,0,30
480471,1,1,1995,21,18,31,0,31,28,25,27,20,9
480472,1,1,1995,0,0,0,0,0,0,0,0,0,0
480472,2,1,1995,7,7,7,7,7,7,7,7,7,7
480473,1,1,1995,0,0,0,0,0,0,0,0,0,0
480473,2,1,1995,0,0,0,0,0,0,0,0,0,0
480474,1,1,1995,0,0,0,0,0,0,0,0,0,0
480474,2,1,1995,17,17,17,17,17,17,17,17,17,17
480475,1,1,1995,0,0,0,0,0,0,0,0,0,0
480475,2,1,1995,0,0,0,0,0,0,0,0,0,0
480475,3,1,1995,0,18,0,0,0,5,0,0,0,0
480475,4,1,1995,0,0,0,0,0,0,0,13,0,0
480475,5,1,1995,0,0,0,0,0,0,0,0,0,0
480476,1,1,1995,0,0,0,0,0,0,0,0,0,0
480476,2,1,1995,0,0,0,0,0,0,0,0,0,0
480476,3,1,1995,0,20,0,0,0,0,0,9,0,0
480476,4,1,1995,0,0,0,0,0,0,0,0,0,0
480477,0,1,1995,0,0,0,0,0,0,0,0,0,0
480477,1,1,1995,0,0,0,0,26,0,0,0,0,0
480478,1,1,1995,0,18,0,0,0,0,0,0,0,0
480478,2,1,1995,0,0,0,0,0,0,0,0,0,0
480479,1,1,1995,11,11,11,11,11,11,11,11,11,11
480479,2,1,1995,0,0,0,0,0,0,0,0,0,0
480480,0,1,1995,27,27,27,27,27,27,27,27,27,27
480480,1,1,1995,0,0,0,0,0,0,0,0,0,0
480481,1,1,1995,0,0,0,0,0,0,0,0,0,0
480481,2,1,1995,0,0,0,0,0,0,0,0,0,0
480482,1,1,1995,0,0,6,0,0,0,0,0,0,0
480482,2,1,1995,0,0,18,0,8,0,0,0,0,17
480483,1,1,1995,23,8,0,19,13,12,12,5,0,14
480484,1,1,1995,14,14,14,14,14,14,14,14,14,14
480484,2,1,1995,0,0,0,0,0,0,0,0,0,0
480484,3,1,1995,15,0,0,0,15,0,6,0,18,0
480485,1,1,1995,0,0,0,0,0,0,0,0,0,0
480485,2,1,1995,12,0,0,0,15,0,0,0,0,0
480486,1,1,1995,20,20,20,20,20,20,20,20,20,20
480487,0,1,1995,25,14,13,38,0,19,21,34,22,19
480487,1,1,1995,0,0,0,0,0,0,0,0,0,0
480488,0,1,1995,0,0,0,0,0,0,0,0,0,0
480488,1,1,1995,0,0,0,0,0,0,0,0,0,0
480489,1,1,1995,6,6,6,6,6,6,6,6,6,6
480490,0,1,1995,0,18,0,0,10,20,10,18,0,20
480490,1,1,1995,12,0,0,0,7,11,0,26,14,0
480491,1,1,1995,0,0,0,0,0,0,0,0,0,0
480492,1,1,1995,10,10,10,10,10,10,10,10,10,10
480492,2,1,1995,4,0,0,0,12,7,2,13,0,0
480492,3,1,1995,4,25,25,9,0,9,8,12,23,0
480493,1,1,1995,24,24,24,24,24,24,24,24,24,24
480494,1,1,1995,3,3,3,3,3,3,3,3,3,3
480495,1,1,1995,0,0,0,0,0,0,0,0,0,0
480495,2,1,1995,0,0,0,0,0,0,0,0,0,0
480496,1,1,1995,24,24,24,24,24,24,24,24,24,24
480497,1,1,1995,0,0,0,0,0,0,0,0,0,11
480497,2,1,1995,0,0,0,0,0,0,0,0,0,0