ST_CASE,VEH_NO,PER_NO,YEAR,P1,P2,P3,P4,P5,P6,P7,P8,P9,P10
480498,1,1,1995,13,4,11,15,19,0,13,0,0,22
480499,1,1,1995,0,0,14,0,0,0,39,10,8,0
480500,1,1,1995,16,16,16,16,16,16,16,16,16,16
480501,1,1,1995,0,0,0,0,0,0,0,0,0,0
480502,1,1,1995,0,0,0,0,0,0,0,0,0,0
480503,1,1,1995,17,17,17,17,17,17,17,17,17,17
480504,1,1,1995,0,0,0,0,0,0,0,0,0,0
480505,0,1,1995,0,29,14,0,0,0,0,26,23,7
480505,1,1,1995,0,0,0,0,0,0,0,31,7,12
480506,0,1,1995,33,33,33,33,33,33,33,33,33,33
480506,1,1,1995,0,10,0,0,0,0,0,0,0,12
480507,1,1,1995,0,0,0,8,0,0,0,0,0,0
480507,2,1,1995,0,0,0,0,0,0,0,21,0,0
480508,1,1,1995,17,17,17,17,17,17,17,17,17,17
480508,2,1,1995,24,0,30,0,0,0,0,32,0,0
480509,1,1,1995,0,17,0,0,0,0,0,0,0,0
480510,1,1,1995,29,29,29,29,29,29,29,29,29,29
480511,1,1,1995,11,11,11,11,11,11,11,11,11,11
480512,1,1,1995,0,0,0,0,0,0,0,0,0,0
480513,1,1,1995,24,24,24,24,24,24,24,24,24,24
480513,2,1,1995,19,0,11,0,0,0,0,0,14,0
480514,1,1,1995,14,14,14,14,14,14,14,14,14,14
480514,2,1,1995,0,0,0,0,0,0,0,0,0,0
480515,1,1,1995,36,25,0,42,19,32,12,11,29,22
480515,2,1,1995,0,0,0,0,0,0,0,7,0,0
480516,1,1,1995,11,11,11,11,11,11,11,11,11,11
480516,2,1,1995,0,32,17,24,0,0,19,9,23,12
480517,0,1,1995,0,0,0,0,0,0,0,0,0,0
480517,1,1,1995,16,18,14,12,14,13,33,25,0,8
480518,1,1,1995,26,0,0,22,0,20,0,13,8,23
480519,1,1,1995,0,0,0,8,0,0,0,0,0,0
480519,2,1,1995,0,0,0,0,0,0,0,0,0,0
480520,1,1,1995,12,0,12,0,0,7,8,14,0,23
480521,0,1,1995,21,21,21,21,21,21,21,21,21,21
480521,1,1,1995,0,12,9,0,0,0,38,0,11,0
480522,1,1,1995,0,0,0,0,0,0,0,0,0,0
480522,2,1,1995,0,0,0,0,0,0,0,0,0,0
480523,0,1,1995,9,16,0,35,19,33,16,16,0,0
480523,1,1,1995,21,0,15,8,0,0,9,13,0,38
480524,1,1,1995,24,24,24,24,24,24,24,24,24,24
480524,2,1,1995,0,0,0,0,0,0,0,0,0,0
480525,1,1,1995,8,8,20,15,0,0,16,0,16,0
480526,0,1,1995,20,0,11,0,15,0,0,18,17,20
480526,1,1,1995,0,14,0,6,0,0,0,0,0,0
480527,0,1,1995,0,29,0,0,0,0,0,0,0,26
480527,1,1,1995,0,2,2,0,0,0,0,18,0,17
480528,0,1,1995,0,0,0,0,0,0,0,0,0,0
480528,1,1,1995,0,0,0,0,0,0,0,0,0,0
480529,1,1,1995,0,0,0,0,0,0,0,0,0,0
480529,2,1,1995,0,0,0,0,12,0,0,0,0,0
480530,1,1,1995,17,17,17,17,17,17,17,17,17,17
480531,1,1,1995,10,10,10,10,10,10,10,10,10,10
480531,2,1,1995,3,3,3,3,3,3,3,3,3,3
480532,1,1,1995,0,0,0,0,0,0,0,0,0,0
480533,1,1,1995,0,0,0,0,0,0,0,0,0,0
480533,2,1,1995,16,16,16,16,16,16,16,16,16,16
480534,1,1,1995,0,0,7,0,0,0,0,0,14,0
480535,1,1,1995,13,19,26,17,22,13,21,47,26,7
480536,0,1,1995,0,0,0,0,0,0,0,0,0,0
480536,1,1,1995,0,0,0,0,0,0,0,0,0,0
480537,1,1,1995,0,0,0,19,0,0,0,7,0,0
480537,2,1,1995,0,0,0,0,0,0,0,0,2,0
480538,1,1,1995,11,11,11,11,11,11,11,11,11,11
480539,1,1,1995,0,0,0,0,0,0,0,0,0,0
480539,2,1,1995,0,0,0,0,0,0,0,0,0,0
480540,1,1,1995,18,18,18,18,18,18,18,18,18,18
480541,0,1,1995,6,6,6,6,6,6,6,6,6,6
480541,1,1,1995,0,15,0,0,0,3,11,0,0,0
480542,1,1,1995,0,0,0,0,0,0,0,0,0,0
480542,2,1,1995,0,0,0,0,0,0,0,0,0,0
480543,0,1,1995,0,0,0,0,0,0,0,0,15,0
480543,0,2,1995,8,5,19,0,14,10,0,40,0,0
480543,1,1,1995,0,0,0,0,0,0,0,0,0,0
480544,0,1,1995,24,3,0,0,25,0,0,11,23,0
480544,1,1,1995,11,0,0,0,0,0,0,0,0,0
480545,1,1,1995,21,21,21,21,21,21,21,21,21,21
480545,2,1,1995,0,0,0,0,0,0,0,0,0,10
480546,1,1,1995,27,27,27,27,27,27,27,27,27,27
480547,1,1,1995,43,43,43,43,43,43,43,43,43,43
480548,1,1,1995,0,0,0,6,15,0,0,0,11,0
480549,1,1,1995,0,0,0,0,0,0,0,0,0,0
480549,2,1,1995,0,0,0,0,0,0,0,0,0,0
480549,3,1,1995,0,0,0,0,0,0,0,0,0,0
480550,1,1,1995,27,27,27,27,27,27,27,27,27,27
480551,1,1,1995,0,0,0,0,0,0,0,0,0,0
480551,2,1,1995,0,0,0,0,0,0,0,0,0,0
480552,1,1,1995,25,26,22,18,0,19,11,10,0,9
480553,1,1,1995,0,0,0,0,0,0,0,0,0,0
480553,2,1,1995,0,29,0,0,0,0,0,0,0,0
480554,1,1,1995,16,16,16,16,16,16,16,16,16,16
480554,2,1,1995,0,0,0,0,0,0,0,0,0,0
480555,1,1,1995,15,15,15,15,15,15,15,15,15,15
480555,2,1,1995,0,0,0,0,0,0,11,18,0,0
480555,3,1,1995,14,0,0,0,0,16,0,0,0,0
480556,1,1,1995,0,0,0,0,0,0,0,0,0,0
480556,2,1,1995,0,0,0,0,0,0,0,0,13,0
480556,3,1,1995,0,0,0,0,0,0,0,0,0,0
480557,1,1,1995,0,0,0,0,0,0,0,0,0,0
480558,1,1,1995,13,13,13,13,13,13,13,13,13,13
480559,1,1,1995,19,15,10,25,13,11,23,2,10,19
480559,2,1,1995,0,0,18,15,0,15,0,0,0,0
480559,3,1,1995,0,0,21,0,0,0,0,0,0,0
480560,1,1,1995,11,11,11,11,11,11,11,11,11,11
480561,1,1,1995,0,0,0,0,0,15,0,13,0,17
480561,2,1,1995,0,0,0,0,0,0,0,0,0,0
480562,1,1,1995,0,27,0,0,15,0,0,0,14,0
480562,2,1,1995,0,0,7,0,0,0,29,0,4,0
480563,0,1,1995,0,37,9,0,0,0,0,0,12,0
480563,0,2,1995,0,0,0,0,0,0,0,0,0,25
480563,1,1,1995,19,19,19,19,19,19,19,19,19,19
480564,1,1,1995,7,0,0,0,0,0,0,0,0,0
480564,2,1,1995,0,0,0,0,0,0,0,0,0,0
480565,1,1,1995,0,32,0,0,0,0,0,0,0,0
480565,2,1,1995,20,20,20,20,20,20,20,20,20,20
480566,1,1,1995,0,0,0,0,0,0,0,0,0,0
480567,1,1,1995,0,0,0,0,0,0,0,0,0,0
480567,2,1,1995,12,12,12,12,12,12,12,12,12,12
480568,1,1,1995,0,0,0,0,0,0,0,0,0,0
480569,1,1,1995,16,16,16,16,16,16,16,16,16,16
480570,0,1,1995,0,0,0,0,0,0,0,0,0,0
480570,1,1,1995,0,0,0,0,0,0,0,0,0,0
480571,1,1,1995,29,29,29,29,29,29,29,29,29,29
480572,1,1,1995,21,21,21,21,21,21,21,21,21,21
480572,2,1,1995,0,19,4,0,0,0,0,0,13,0
480573,1,1,1995,25,19,20,7,14,14,13,26,12,9
480574,0,1,1995,17,17,17,17,17,17,17,17,17,17
480574,1,1,1995,5,5,5,5,5,5,5,5,5,5
480575,0,1,1995,22,22,22,22,22,22,22,22,22,22
480575,1,1,1995,12,12,16,13,0,0,17,0,19,14
480575,2,1,1995,8,0,0,10,3,0,7,0,0,0
480576,1,1,1995,0,0,0,0,0,0,0,0,0,0
480576,2,1,1995,13,19,16,23,20,10,20,14,0,5
480577,0,1,1995,0,0,0,0,0,0,0,24,31,0
480577,1,1,1995,0,0,0,0,0,0,0,8,0,0
480578,1,1,1995,44,44,44,44,44,44,44,44,44,44
480579,1,1,1995,40,40,40,40,40,40,40,40,40,40
480580,1,1,1995,5,5,5,5,5,5,5,5,5,5
480581,1,1,1995,18,18,18,18,18,18,18,18,18,18
480582,0,1,1995,0,0,0,0,0,0,0,0,0,0
480582,1,1,1995,0,6,0,0,13,0,11,0,0,0
480583,0,1,1995,0,0,0,0,0,0,0,0,0,0
480583,1,1,1995,7,0,0,0,0,0,0,0,0,0
480584,0,1,1995,21,0,18,0,0,0,0,0,0,0
480584,0,2,1995,0,0,0,0,0,0,0,0,0,0
480584,0,3,1995,0,0,0,0,0,0,0,0,0,0
480584,1,1,1995,0,17,0,0,4,0,11,0,0,18
480585,1,1,1995,8,8,8,8,8,8,8,8,8,8
480586,1,1,1995,0,11,10,0,12,28,0,15,5,0
480587,1,1,1995,21,21,21,21,21,21,21,21,21,21
480587,2,1,1995,0,0,0,0,22,0,0,23,0,15
480588,1,1,1995,0,0,16,0,21,0,0,0,11,0
480588,2,1,1995,24,5,0,8,0,0,0,0,0,6
480589,0,1,1995,27,27,27,27,27,27,27,27,27,27
480589,1,1,1995,0,0,0,0,0,0,0,0,0,0
480590,1,1,1995,0,0,0,0,0,0,0,0,0,0
480590,2,1,1995,0,0,0,0,0,7,0,0,0,0
480590,3,1,1995,0,0,0,0,0,0,0,0,0,0
480591,1,1,1995,5,2,0,10,0,0,0,0,22,0
480592,1,1,1995,0,0,0,0,0,0,0,0,0,0
480593,1,1,1995,0,0,0,0,0,0,0,0,0,0
480593,2,1,1995,10,10,10,10,10,10,10,10,10,10
480594,1,1,1995,0,0,0,0,0,0,0,0,0,0
480594,2,1,1995,0,0,0,10,0,0,0,0,0,0
480595,1,1,1995,0,0,0,13,12,0,0,0,0,0
480595,2,1,1995,28,11,33,22,11,11,14,0,9,3
480596,1,1,1995,2,2,2,2,2,2,2,2,2,2
480596,2,1,1995,0,0,0,0,0,0,0,0,0,0
480597,1,1,1995,0,0,0,0,0,0,0,0,0,0
480597,2,1,1995,0,0,0,16,0,0,0,17,0,0
480598,1,1,1995,12,16,0,17,13,14,18,8,8,18
480599,1,1,1995,11,8,19,34,30,31,16,22,43,12
480600,0,1,1995,25,25,25,25,25,25,25,25,25,25
480600,1,1,1995,15,26,0,0,0,22,0,0,0,0
480601,1,1,1995,0,0,0,0,0,0,0,0,4,0
480601,2,1,1995,0,0,0,0,0,0,0,0,0,0
480602,0,1,1995,40,40,40,40,40,40,40,40,40,40
480602,1,1,1995,6,6,6,6,6,6,6,6,6,6
480603,1,1,1995,0,0,0,0,0,0,0,0,0,0
480604,0,1,1995,0,21,0,0,42,34,20,0,8,7
480604,1,1,1995,41,41,41,41,41,41,41,41,41,41
480605,1,1,1995,0,0,0,0,0,0,0,0,0,0
480605,2,1,1995,25,0,0,0,21,0,0,0,0,0
480605,3,1,1995,18,0,0,0,0,25,0,0,0,0
480606,0,1,1995,32,0,0,0,0,30,12,0,0,23
480606,1,1,1995,0,0,6,0,0,0,0,0,0,0
480607,1,1,1995,0,0,0,0,0,0,0,0,0,0
480609,1,1,1995,0,0,0,0,0,0,0,0,0,0
480609,2,1,1995,0,0,0,0,0,0,0,0,0,0
480609,3,1,1995,0,0,14,0,0,0,0,0,0,0
480609,4,1,1995,0,0,0,0,0,0,0,0,0,0
480610,1,1,1995,0,0,0,0,0,0,0,0,0,0
480610,2,1,1995,0,0,0,0,0,0,0,0,0,0
480611,1,1,1995,22,0,0,0,0,0,0,0,0,0
480611,2,1,1995,0,0,0,0,26,0,0,0,0,0
480612,0,1,1995,14,0,17,0,0,24,0,0,24,0
480612,1,1,1995,0,0,0,0,0,0,0,0,0,0
480612,2,1,1995,0,0,0,0,0,0,0,0,0,0
480613,0,1,1995,0,0,0,0,0,0,19,0,0,0
480613,1,1,1995,0,0,0,0,0,0,0,0,0,0
480614,1,1,1995,0,0,0,0,0,0,0,0,0,0
480614,2,1,1995,0,0,0,0,0,0,0,0,0,0
480615,0,1,1995,0,0,0,0,0,15,22,0,35,0
480615,1,1,1995,0,0,0,0,0,16,11,0,14,0
480616,1,1,1995,0,0,0,0,0,0,0,0,0,0
480616,2,1,1995,0,0,0,0,0,0,0,0,0,0
480617,1,1,1995,0,0,22,0,0,0,0,0,0,0
480617,2,1,1995,26,26,26,26,26,26,26,26,26,26
480618,1,1,1995,0,0,0,0,0,0,0,0,0,0
480618,2,1,1995,0,0,0,0,0,14,0,0,0,0
480619,1,1,1995,19,19,19,19,19,19,19,19,19,19
480620,1,1,1995,0,0,0,0,0,0,0,0,0,0
480621,0,1,1995,19,19,19,19,19,19,19,19,19,19
480621,1,1,1995,9,0,0,0,0,0,0,0,0,5
480622,1,1,1995,0,0,0,0,0,5,0,0,0,0
480622,2,1,1995,0,0,6,20,0,0,19,0,24,0
480623,0,1,1995,10,10,10,10,10,10,10,10,10,10
480623,0,2,1995,32,34,14,33,3,17,10,20,25,0
480623,0,3,1995,15,14,12,28,0,24,23,10,0,40
480623,1,1,1995,28,28,28,28,28,28,28,28,28,28
480624,0,1,1995,15,18,19,25,0,0,29,0,15,0
480624,1,1,1995,0,0,16,0,0,0,0,0,0,0
480625,1,1,1995,16,16,16,16,16,16,16,16,16,16
480625,2,1,1995,0,0,22,2,0,23,0,0,0,19
480626,1,1,1995,0,0,0,0,0,0,0,0,0,0
480627,1,1,1995,10,20,19,14,34,0,20,21,22,12
480628,0,1,1995,0,0,0,0,0,0,0,0,0,0
480628,1,1,1995,0,0,4,0,0,0,0,0,0,0
480629,0,1,1995,0,0,0,0,0,0,0,0,0,0
480629,0,2,1995,0,0,0,0,0,0,0,0,0,0
480629,1,1,1995,8,8,17,16,10,16,19,12,28,14
480630,0,1,1995,18,25,12,14,0,20,25,0,30,0
480630,1,1,1995,0,0,6,0,0,0,28,0,0,0
480631,1,1,1995,0,0,0,0,0,0,0,0,0,0
480632,1,1,1995,0,0,0,0,0,0,13,0,0,0
480632,2,1,1995,1,1,1,1,1,1,1,1,1,1
480633,1,1,1995,13,13,13,13,13,13,13,13,13,13
480634,1,1,1995,0,0,5,0,0,0,0,0,0,0
480634,2,1,1995,0,0,0,19,0,9,0,0,0,0
480634,3,1,1995,0,0,0,0,0,0,0,0,0,0
480635,0,1,1995,0,0,0,0,22,0,28,0,0,39
480635,1,1,1995,21,5,0,0,24,32,14,20,11,10
480636,0,1,1995,4,4,0,14,23,0,0,20,10,45
480636,1,1,1995,27,27,11,24,0,0,11,0,0,0
480637,0,1,1995,0,0,0,0,32,0,0,0,0,22
480637,1,1,1995,0,0,15,0,32,16,11,0,0,14
480638,1,1,1995,34,34,34,34,34,34,34,34,34,34
480639,1,1,1995,0,0,0,0,0,0,0,0,0,0
480639,2,1,1995,0,22,0,0,0,0,6,0,0,6
480640,1,1,1995,13,13,13,13,13,13,13,13,13,13
480641,1,1,1995,0,0,0,9,0,0,0,0,0,0
480641,2,1,1995,0,0,16,0,0,0,0,0,17,0
480641,3,1,1995,0,0,0,9,0,9,0,0,0,7
480641,4,1,1995,0,0,0,0,0,0,0,0,0,0
480642,1,1,1995,20,19,22,22,16,0,23,32,26,24
480643,1,1,1995,3,3,3,3,3,3,3,3,3,3
480644,1,1,1995,0,0,0,0,0,0,0,0,0,0
480644,2,1,1995,0,0,0,0,0,9,0,0,0,0
480645,1,1,1995,6,6,6,6,6,6,6,6,6,6
480646,1,1,1995,0,0,21,0,20,0,0,0,0,0
480646,2,1,1995,0,0,0,0,0,0,0,0,0,0
480647,1,1,1995,13,6,32,23,14,8,21,5,11,5
480647,2,1,1995,7,7,7,7,7,7,7,7,7,7
480648,1,1,1995,0,0,5,17,0,0,0,0,0,0
480649,1,1,1995,20,20,20,20,20,20,20,20,20,20
480650,1,1,1995,0,0,0,0,0,0,19,0,0,0
480650,2,1,1995,0,0,9,0,0,0,0,0,0,0
480651,0,1,1995,0,0,0,0,0,0,0,0,0,0
480651,1,1,1995,9,9,9,9,9,9,9,9,9,9
480652,1,1,1995,25,25,25,25,25,25,25,25,25,25
480653,1,1,1995,16,16,16,16,16,16,16,16,16,16
480654,0,1,1995,0,0,0,0,0,0,0,0,0,0
480654,1,1,1995,0,0,0,0,0,13,0,0,0,0
480655,1,1,1995,0,0,0,0,0,0,0,0,0,0
480655,2,1,1995,0,0,0,0,0,0,0,0,0,0
480656,1,1,1995,13,11,28,0,3,20,35,24,37,28
480656,2,1,1995,0,0,0,0,0,0,0,0,0,0
480657,1,1,1995,22,8,12,0,0,22,23,13,9,17
480657,2,1,1995,0,0,0,0,0,0,0,0,0,0
480658,1,1,1995,0,0,0,0,0,0,0,0,0,0
480658,2,1,1995,12,12,12,12,12,12,12,12,12,12
480659,1,1,1995,7,18,6,0,0,14,0,14,9,12
480660,1,1,1995,0,0,0,0,0,0,0,0,0,0
480660,2,1,1995,0,0,0,0,26,5,7,0,0,0
480661,0,1,1995,0,0,0,0,0,0,0,0,0,0
480661,0,2,1995,0,17,17,24,0,0,0,5,21,0
480661,1,1,1995,27,13,0,11,22,0,0,0,0,0
480662,1,1,1995,2,2,2,2,2,2,2,2,2,2
480662,2,1,1995,0,0,0,14,13,14,0,0,0,0
480663,1,1,1995,0,9,0,0,0,0,0,0,0,0
480663,2,1,1995,0,25,19,0,0,0,0,17,30,0
480664,1,1,1995,13,9,16,9,9,0,8,29,0,16
480665,1,1,1995,10,10,10,10,10,10,10,10,10,10
480665,2,1,1995,6,20,0,0,0,17,0,10,0,0
480666,1,1,1995,24,24,24,24,24,24,24,24,24,24
480666,2,1,1995,0,0,0,0,0,0,0,0,0,0
480666,3,1,1995,24,20,0,12,3,0,13,0,0,16
480667,1,1,1995,0,0,0,0,0,0,0,0,0,0
480668,1,1,1995,10,9,15,8,0,0,0,0,0,0
480669,1,1,1995,12,12,12,12,12,12,12,12,12,12
480670,0,1,1995,27,7,0,25,25,15,0,21,0,0
480670,1,1,1995,17,19,12,0,30,35,19,0,7,19
480671,1,1,1995,22,16,0,0,22,32,20,0,0,26
480672,1,1,1995,0,0,0,0,0,0,0,0,0,0
480672,2,1,1995,0,0,0,0,0,0,0,0,0,0
480673,1,1,1995,0,0,7,0,0,0,0,0,0,0
480673,2,1,1995,0,0,0,13,0,0,0,0,0,13
480673,3,1,1995,0,0,0,0,0,0,0,0,0,0
480674,1,1,1995,0,15,0,0,0,0,0,0,0,0
480675,0,1,1995,0,0,0,0,0,0,0,0,0,0
480675,1,1,1995,0,0,0,0,0,0,0,0,0,0
480676,1,1,1995,0,12,8,7,3,5,8,16,0,15
480676,2,1,1995,0,0,0,0,0,0,0,0,0,0
480677,1,1,1995,0,0,0,0,0,0,0,0,0,0
480678,1,1,1995,0,0,0,0,0,0,0,0,0,0
480678,2,1,1995,0,0,0,0,0,0,0,0,0,0
480678,3,1,1995,0,0,0,0,0,0,0,0,0,0
480679,1,1,1995,0,0,0,0,0,0,0,0,0,0
480679,2,1,1995,0,0,0,0,0,0,0,0,0,0
480679,3,1,1995,0,0,0,0,0,0,0,0,0,0
480680,1,1,1995,0,0,0,0,0,0,0,0,0,0
480680,2,1,1995,0,0,0,0,0,0,0,0,0,0
480680,3,1,1995,0,0,0,0,0,0,0,0,0,0
480680,4,1,1995,0,0,4,0,0,0,0,0,0,0
480681,1,1,1995,0,0,0,14,0,0,0,0,0,0
480681,2,1,1995,0,0,0,0,0,0,0,0,0,0
480681,3,1,1995,0,0,0,0,0,0,0,0,0,0
480682,0,1,1995,0,0,0,0,0,0,0,0,0,0
480682,1,1,1995,17,34,18,14,12,19,19,19,4,14
480683,1,1,1995,0,0,0,0,0,0,0,0,0,0
480683,2,1,1995,0,0,0,0,0,0,0,0,0,0
480684,1,1,1995,66,0,0,0,12,0,0,21,0,0
480685,1,1,1995,24,13,18,24,13,16,19,0,12,12
480686,1,1,1995,0,0,0,0,0,0,0,13,0,0
480686,2,1,1995,0,0,0,0,0,0,0,0,0,0
480687,1,1,1995,0,0,7,0,0,0,7,0,15,25
480687,2,1,1995,0,3,9,11,0,11,19,0,16,0
480688,0,1,1995,0,23,29,18,8,11,0,32,9,14
480688,1,1,1995,21,6,0,0,0,0,11,0,8,25
480689,1,1,1995,0,0,0,0,0,0,0,0,0,0
480689,2,1,1995,0,0,0,0,0,0,0,9,0,0
480690,1,1,1995,21,21,21,21,21,21,21,21,21,21
480690,2,1,1995,0,0,0,0,0,0,0,0,0,0
480691,1,1,1995,24,24,24,24,24,24,24,24,24,24
480692,1,1,1995,0,0,0,0,0,0,0,0,0,0
480693,1,1,1995,13,13,13,13,13,13,13,13,13,13
480693,2,1,1995,0,0,0,0,0,0,0,0,0,0
480694,1,1,1995,0,0,0,0,0,0,0,0,0,0
480694,2,1,1995,0,0,0,0,0,0,0,0,0,0
480695,1,1,1995,7,7,7,7,7,7,7,7,7,7
480695,2,1,1995,0,0,0,0,0,0,0,0,0,0
480696,1,1,1995,0,0,0,0,0,0,0,0,0,0
480696,2,1,1995,0,0,0,0,22,0,8,0,0,0
480696,3,1,1995,0,0,0,0,0,0,14,0,0,8
480696,4,1,1995,0,0,0,0,0,0,0,0,0,0
480697,1,1,1995,0,0,0,0,0,0,0,0,0,0
480697,2,1,1995,0,0,0,0,0,0,0,0,0,0
480698,1,1,1995,0,17,0,0,0,0,0,15,21,20
480698,2,1,1995,0,0,0,0,0,0,0,0,0,0
480699,1,1,1995,0,0,0,0,0,0,0,0,0,0
480700,1,1,1995,15,15,15,15,15,15,15,15,15,15
480700,2,1,1995,0,0,0,0,0,0,0,0,0,3
480701,0,1,1995,0,0,0,0,0,0,0,0,0,0
480701,1,1,1995,0,0,0,0,0,0,0,0,0,0
480702,0,1,1995,0,0,0,0,0,0,0,0,0,0
480702,1,1,1995,0,0,0,0,0,0,0,0,0,0
480703,1,1,1995,22,22,22,22,22,22,22,22,22,22
480703,2,1,1995,0,0,0,0,0,0,10,0,0,0
480703,3,1,1995,0,15,0,0,0,0,0,24,0,0
480704,1,1,1995,0,0,0,0,0,0,0,0,0,0
480704,2,1,1995,0,0,0,0,0,0,0,0,0,0
480705,1,1,1995,0,0,0,0,0,0,0,0,0,0
480705,2,1,1995,0,0,0,0,0,0,0,0,0,0
480706,1,1,1995,28,28,28,28,28,28,28,28,28,28
480707,1,1,1995,12,12,12,12,12,12,12,12,12,12
480708,1,1,1995,0,0,0,0,0,0,0,5,0,17
480708,2,1,1995,0,0,0,0,0,0,0,0,0,0
480709,1,1,1995,0,0,0,0,0,0,0,0,0,0
480709,2,1,1995,0,0,0,0,0,0,0,0,0,0
480709,3,1,1995,0,0,0,0,0,0,0,0,0,0
480710,1,1,1995,25,25,25,25,25,25,25,25,25,25
480711,0,1,1995,0,0,0,0,0,0,0,0,0,0
480711,1,1,1995,0,0,0,0,0,0,0,0,0,0
480712,1,1,1995,0,0,0,0,0,0,0,0,0,0
480712,2,1,1995,0,0,0,0,0,0,0,0,0,0
480713,1,1,1995,0,0,0,0,0,0,0,0,0,0
480714,1,1,1995,0,0,0,0,0,0,0,0,0,0
480714,2,1,1995,0,0,0,0,0,0,0,0,0,0
480715,0,1,1995,20,20,20,20,20,20,20,20,20,20
480715,1,1,1995,0,0,22,0,0,0,0,8,0,0
480716,1,1,1995,0,18,0,19,0,0,6,9,7,0
480717,0,1,1995,18,18,18,18,18,18,18,18,18,18
480717,1,1,1995,0,0,0,13,0,0,0,0,18,16
480718,0,1,1995,0,0,0,0,0,0,0,0,0,0
480718,1,1,1995,0,6,0,0,0,0,0,5,0,0
480719,1,1,1995,9,9,9,9,9,9,9,9,9,9
480720,1,1,1995,0,0,0,0,0,0,0,0,0,0
480720,2,1,1995,18,18,18,18,18,18,18,18,18,18
480721,1,1,1995,33,33,33,33,33,33,33,33,33,33
480721,2,1,1995,0,0,0,0,0,0,0,0,0,0
480722,1,1,1995,18,18,18,18,18,18,18,18,18,18
480723,1,1,1995,0,0,0,0,0,23,0,0,10,0
480724,1,1,1995,32,36,27,18,22,0,25,16,25,15
480725,1,1,1995,26,26,26,26,26,26,26,26,26,26
480725,2,1,1995,0,0,0,0,0,0,0,0,0,0
480726,1,1,1995,16,16,16,16,16,16,16,16,16,16
480727,1,1,1995,15,15,15,15,15,15,15,15,15,15
480728,1,1,1995,0,0,0,0,0,0,0,0,0,0
480728,2,1,1995,0,0,0,0,0,0,0,0,0,0
480729,1,1,1995,22,22,16,0,18,22,15,21,35,19
480730,1,1,1995,9,9,9,9,9,9,9,9,9,9
480731,1,1,1995,24,15,33,0,0,16,13,8,8,0
480731,2,1,1995,16,16,16,16,16,16,16,16,16,16
480732,1,1,1995,8,8,8,8,8,8,8,8,8,8
480732,2,1,1995,0,0,0,0,0,0,0,0,0,0
480733,1,1,1995,0,0,15,0,0,0,0,0,0,0
480733,2,1,1995,0,0,0,0,0,0,0,0,0,9
480734,1,1,1995,24,24,24,24,24,24,24,24,24,24
480735,1,1,1995,0,4,0,3,0,19,0,0,0,0
480736,1,1,1995,0,0,0,0,0,13,0,0,0,0
480736,2,1,1995,6,0,0,0,0,24,0,33,0,0
480737,1,1,1995,17,17,17,17,17,17,17,17,17,17
480738,1,1,1995,0,0,0,0,0,0,0,0,0,0
480738,2,1,1995,0,0,0,0,0,0,0,0,0,0
480739,0,1,1995,17,17,17,17,17,17,17,17,17,17
480739,1,1,1995,0,0,0,0,0,0,0,0,0,0
480740,0,1,1995,0,0,0,0,0,0,0,0,30,0
480740,1,1,1995,0,8,0,0,0,0,0,0,0,0
480741,1,1,1995,0,0,0,0,0,0,0,0,0,0
480741,2,1,1995,28,28,28,28,28,28,28,28,28,28
480742,0,1,1995,40,40,40,40,40,40,40,40,40,40
480742,1,1,1995,0,0,0,0,0,0,20,0,0,0
480743,1,1,1995,0,0,0,0,0,0,0,0,18,0
480743,2,1,1995,0,0,17,0,20,18,30,0,73,0
480744,1,1,1995,22,22,22,22,22,22,22,22,22,22
480745,0,1,1995,25,25,25,25,25,25,25,25,25,25
480745,1,1,1995,0,0,0,0,0,0,0,0,0,0
480746,1,1,1995,17,17,17,17,17,17,17,17,17,17
480747,1,1,1995,0,0,0,0,0,0,0,0,0,0
480747,2,1,1995,0,0,2,10,14,0,0,0,0,0
480748,1,1,1995,0,0,0,0,18,0,0,9,0,0
480748,2,1,1995,0,0,0,0,0,0,0,0,0,0
480748,3,1,1995,0,0,0,0,0,0,0,0,0,0
480748,4,1,1995,0,0,0,0,0,0,0,0,0,0
480749,0,1,1995,0,0,0,0,0,0,0,0,0,0
480749,1,1,1995,2,2,2,2,2,2,2,2,2,2
480750,1,1,1995,20,20,20,20,20,20,20,20,20,20
480750,2,1,1995,0,0,0,0,14,0,0,9,0,17
480751,1,1,1995,0,0,0,0,0,0,0,0,17,0
480751,2,1,1995,0,0,0,0,0,0,0,0,0,0
480752,1,1,1995,9,0,0,0,0,0,0,0,0,0
480753,1,1,1995,0,0,0,0,0,0,0,0,0,0