ST_CASE,VEH_NO,PER_NO,YEAR,P1,P2,P3,P4,P5,P6,P7,P8,P9,P10
480754,1,1,1995,0,0,0,0,0,0,0,0,0,0
480754,2,1,1995,0,12,0,0,0,6,0,0,0,0
480754,3,1,1995,0,0,0,0,0,0,0,0,0,0
480755,1,1,1995,7,7,7,7,7,7,7,7,7,7
480756,1,1,1995,14,0,14,16,10,17,6,0,0,14
480757,1,1,1995,27,27,27,27,27,27,27,27,27,27
480757,2,1,1995,0,20,28,0,9,10,20,11,18,0
480758,1,1,1995,2,2,2,2,2,2,2,2,2,2
480759,1,1,1995,0,0,0,0,0,0,0,0,0,0
480759,2,1,1995,0,0,0,0,0,6,0,0,0,0
480759,3,1,1995,27,27,27,27,27,27,27,27,27,27
480760,0,1,1995,0,24,0,0,0,0,17,0,0,0
480760,1,1,1995,0,0,0,0,0,0,0,0,0,0
480761,1,1,1995,29,29,29,29,29,29,29,29,29,29
480762,1,1,1995,33,24,28,18,28,32,0,0,30,25
480763,1,1,1995,15,6,0,14,15,0,9,7,15,16
480764,1,1,1995,0,0,0,0,0,0,0,0,0,0
480765,0,1,1995,14,14,14,14,14,14,14,14,14,14
480765,1,1,1995,10,30,0,11,30,20,0,20,27,6
480766,0,1,1995,0,0,0,0,0,0,0,0,0,0
480766,1,1,1995,0,0,0,0,0,0,11,0,0,0
480767,1,1,1995,0,8,21,15,0,0,0,0,11,0
480767,2,1,1995,22,22,22,22,22,22,22,22,22,22
480768,1,1,1995,14,14,14,14,14,14,14,14,14,14
480769,1,1,1995,0,0,0,0,0,0,0,0,0,0
480769,2,1,1995,0,0,0,0,0,0,0,0,0,0
480770,1,1,1995,0,0,0,7,10,0,0,0,0,0
480770,2,1,1995,3,3,3,3,3,3,3,3,3,3
480771,1,1,1995,0,0,0,0,0,0,0,0,0,0
480772,1,1,1995,0,0,0,0,0,0,0,0,0,0
480772,2,1,1995,0,0,0,0,0,0,0,0,0,6
480773,0,1,1995,16,16,16,16,16,16,16,16,16,16
480773,1,1,1995,0,0,0,0,0,0,0,1,0,0
480774,0,1,1995,0,0,0,0,0,0,0,0,0,0
480774,1,1,1995,0,0,0,0,0,0,0,12,0,21
480775,1,1,1995,3,7,13,9,10,4,0,4,0,0
480775,2,1,1995,10,5,18,12,15,7,24,17,9,10
480776,0,1,1995,16,0,26,0,18,0,0,0,0,0
480776,1,1,1995,0,0,0,0,0,0,0,0,0,0
480777,1,1,1995,0,0,0,0,0,0,0,0,0,0
480778,1,1,1995,4,12,0,12,12,18,0,10,14,10
480779,1,1,1995,27,27,27,27,27,27,27,27,27,27
480780,1,1,1995,0,0,0,0,0,0,0,0,0,0
480780,2,1,1995,0,0,0,0,0,0,0,0,0,0
480781,1,1,1995,0,0,0,0,0,0,0,0,0,0
480781,2,1,1995,0,0,0,0,0,0,0,0,0,0
480782,0,1,1995,15,15,15,15,15,15,15,15,15,15
480782,1,1,1995,10,10,10,10,10,10,10,10,10,10
480783,0,1,1995,2,2,2,2,2,2,2,2,2,2
480783,1,1,1995,0,37,0,0,0,0,0,0,19,0
480784,0,1,1995,20,30,0,0,26,0,0,0,15,12
480784,1,1,1995,9,13,19,14,0,10,0,0,0,0
480785,1,1,1995,0,13,0,0,0,0,19,0,0,0
480785,2,1,1995,0,0,12,0,0,0,0,24,0,0
480786,1,3,1995,10,0,0,24,0,0,41,25,8,0
480787,0,1,1995,0,0,0,0,0,0,0,0,0,0
480787,1,1,1995,0,0,0,0,0,0,0,0,0,0
480788,1,1,1995,0,0,0,0,0,0,0,0,0,0
480789,1,1,1995,11,11,11,11,11,11,11,11,11,11
480790,1,1,1995,5,5,5,5,5,5,5,5,5,5
480790,2,1,1995,23,0,0,22,19,0,29,16,13,14
480790,3,1,1995,0,0,0,0,3,16,0,0,0,0
480791,1,1,1995,0,0,0,0,0,0,0,0,0,0
480791,2,1,1995,8,0,0,0,15,6,0,17,11,0
480791,3,1,1995,0,0,0,18,9,15,15,0,0,0
480792,0,1,1995,0,0,12,0,0,0,0,0,0,0
480792,1,1,1995,0,0,0,0,20,0,0,0,0,0
480793,0,1,1995,0,0,0,0,0,0,0,0,0,0
480793,1,1,1995,25,0,0,20,0,17,0,0,0,12
480794,1,1,1995,0,0,0,0,0,0,0,0,0,0
480795,1,1,1995,21,21,16,11,0,11,24,24,9,14
480796,0,1,1995,0,13,0,0,0,0,0,0,33,0
480796,1,1,1995,11,0,0,19,6,0,0,0,21,0
480797,0,1,1995,22,28,15,15,10,24,6,10,26,12
480797,1,1,1995,0,0,0,0,0,0,0,0,0,0
480798,0,1,1995,0,17,4,10,23,9,23,4,0,0
480798,1,1,1995,18,18,18,18,18,18,18,18,18,18
480799,0,1,1995,10,0,5,19,10,4,0,0,0,0
480799,1,1,1995,31,0,21,6,19,18,25,17,26,15
480800,1,1,1995,0,0,11,0,0,0,19,20,7,0
480800,2,1,1995,15,10,0,34,0,0,15,0,0,13
480801,0,1,1995,0,31,26,0,0,7,0,13,17,0
480801,1,1,1995,7,0,19,19,0,0,0,5,0,0
480802,1,1,1995,37,37,37,37,37,37,37,37,37,37
480802,2,1,1995,0,0,0,0,0,0,0,0,0,0
480803,1,1,1995,10,10,10,10,10,10,10,10,10,10
480804,1,1,1995,0,0,0,0,0,0,0,0,0,0
480804,2,1,1995,0,0,0,0,0,0,0,0,0,0
480805,1,1,1995,12,8,4,11,18,8,26,28,17,28
480806,1,1,1995,18,18,18,18,18,18,18,18,18,18
480807,1,1,1995,25,0,0,60,0,0,0,0,0,0
480808,1,1,1995,24,24,24,24,24,24,24,24,24,24
480809,1,1,1995,0,9,20,13,23,11,21,25,25,23
480810,1,1,1995,15,15,15,15,15,15,15,15,15,15
480811,1,1,1995,0,0,0,15,0,0,0,0,0,0
480811,2,1,1995,0,0,0,0,0,0,0,0,17,0
480811,3,1,1995,0,0,0,0,0,11,0,0,0,0
480812,0,1,1995,0,19,12,15,0,12,23,33,11,0
480812,1,1,1995,0,0,0,0,21,0,0,0,14,20
480813,1,1,1995,0,0,13,11,20,16,0,26,15,0
480814,1,1,1995,8,8,8,8,8,8,8,8,8,8
480815,1,1,1995,0,0,0,0,0,0,0,0,0,0
480815,2,1,1995,10,12,17,12,10,15,0,17,0,12
480816,0,1,1995,0,9,0,0,0,0,44,0,19,28
480816,1,1,1995,0,0,0,0,0,0,0,0,0,0
480817,1,1,1995,0,0,0,0,0,0,0,0,0,0
480817,2,1,1995,0,0,0,0,0,0,0,0,0,0
480818,1,1,1995,0,0,0,0,0,0,0,0,0,0
480818,2,1,1995,0,0,0,0,0,0,0,0,0,10
480819,1,1,1995,0,0,0,0,0,0,0,0,0,0
480819,2,1,1995,8,8,8,8,8,8,8,8,8,8
480820,0,1,1995,0,0,0,0,0,0,0,0,0,0
480820,1,1,1995,0,18,0,0,24,13,0,0,0,0
480821,1,1,1995,0,0,0,0,0,0,0,0,0,0
480821,2,1,1995,0,0,0,0,0,0,0,0,0,0
480822,1,1,1995,0,0,13,0,0,0,0,20,0,0
480822,2,1,1995,34,34,34,34,34,34,34,34,34,34
480823,1,1,1995,25,25,25,25,25,25,25,25,25,25
480824,0,1,1995,0,0,0,0,0,0,0,0,0,0
480824,1,1,1995,0,0,0,0,0,0,0,0,0,0
480825,1,1,1995,0,0,0,0,0,0,0,0,0,0
480825,2,1,1995,0,0,0,0,0,0,0,0,0,0
480826,1,1,1995,0,0,0,0,0,0,0,0,0,0
480827,1,1,1995,0,0,0,0,0,0,0,0,0,0
480828,1,1,1995,0,0,0,0,0,0,0,0,0,0
480828,2,1,1995,17,23,15,11,17,0,6,10,21,15
480829,1,1,1995,19,19,19,19,19,19,19,19,19,19
480830,1,1,1995,0,0,0,0,0,0,0,0,0,0
480830,2,1,1995,0,0,9,0,0,0,23,0,9,0
480831,0,1,1995,0,0,0,0,0,0,0,0,0,0
480831,1,1,1995,12,0,0,0,0,0,0,0,0,0
480832,1,1,1995,0,0,0,0,0,0,0,0,0,0
480832,2,1,1995,0,0,0,0,0,0,0,0,0,0
480833,0,1,1995,0,0,0,0,0,0,0,0,0,0
480833,1,1,1995,0,19,0,0,0,0,0,9,0,0
480834,1,1,1995,9,9,9,9,9,9,9,9,9,9
480835,1,1,1995,0,0,0,11,0,0,0,0,13,0
480835,2,1,1995,11,11,11,11,11,11,11,11,11,11
480836,1,1,1995,32,0,0,0,7,0,19,11,0,0
480837,1,1,1995,18,18,18,18,18,18,18,18,18,18
480837,2,1,1995,1,1,1,1,1,1,1,1,1,1
480838,1,1,1995,19,19,19,19,19,19,19,19,19,19
480838,2,1,1995,4,0,0,0,0,0,14,0,7,24
480839,1,1,1995,8,8,8,8,8,8,8,8,8,8
480839,2,1,1995,17,17,17,17,17,17,17,17,17,17
480840,0,1,1995,18,18,18,18,18,18,18,18,18,18
480840,1,1,1995,8,31,51,10,0,19,18,0,15,24
480841,1,1,1995,0,0,0,0,0,0,0,0,0,0
480841,2,1,1995,0,0,0,0,0,9,6,0,6,8
480842,1,1,1995,0,0,0,0,0,0,0,0,0,0
480843,1,1,1995,0,0,6,17,3,28,14,19,8,0
480843,2,1,1995,0,0,0,0,0,0,0,0,0,0
480844,1,1,1995,0,0,0,0,0,0,0,0,0,0
480844,2,1,1995,0,0,0,0,0,0,0,0,0,0
480845,1,1,1995,0,0,0,0,0,0,0,0,0,0
480846,1,1,1995,0,0,0,24,10,0,0,0,0,0
480846,2,1,1995,0,0,0,0,0,0,0,0,0,0
480847,1,1,1995,0,0,0,0,0,0,0,0,0,0
480847,2,1,1995,0,0,0,0,0,0,0,0,0,0
480848,1,1,1995,20,20,20,20,20,20,20,20,20,20
480849,1,1,1995,15,15,15,15,15,15,15,15,15,15
480850,1,1,1995,16,16,16,16,16,16,16,16,16,16
480850,2,1,1995,0,0,0,13,0,19,14,0,7,0
480850,3,1,1995,0,0,29,9,20,0,22,28,0,16
480851,1,1,1995,0,0,0,0,0,0,0,0,0,0
480852,1,1,1995,3,3,3,3,3,3,3,3,3,3
480852,2,1,1995,11,11,11,11,11,11,11,11,11,11
480853,0,1,1995,30,30,30,30,30,30,30,30,30,30
480853,1,1,1995,18,20,0,17,27,0,22,9,0,20
480854,1,1,1995,19,19,19,19,19,19,19,19,19,19
480855,1,1,1995,0,0,0,0,0,0,0,29,0,0
480856,1,1,1995,18,18,18,18,18,18,18,18,18,18
480857,0,1,1995,0,0,0,0,0,0,0,0,0,0
480857,1,1,1995,0,0,0,0,0,0,0,0,0,0
480858,1,1,1995,10,0,0,0,0,0,0,0,0,0
480859,0,1,1995,22,0,0,0,0,0,0,0,0,0
480859,1,1,1995,0,0,0,0,0,0,0,0,0,0
480860,1,1,1995,0,0,0,0,0,0,0,0,0,0
480860,2,1,1995,0,0,0,0,0,0,0,24,10,0
480860,3,1,1995,0,12,0,0,0,0,0,0,0,0
480860,4,1,1995,0,0,0,0,0,0,0,0,0,0
480860,5,1,1995,0,0,0,5,0,0,0,0,0,0
480861,1,1,1995,22,22,22,22,22,22,22,22,22,22
480862,1,1,1995,34,27,14,27,17,25,35,0,17,21
480863,0,1,1995,0,10,19,6,0,27,17,0,23,9
480863,1,1,1995,0,24,0,0,10,0,0,0,0,0
480864,1,1,1995,0,0,0,12,0,32,0,0,0,0
480864,2,1,1995,0,0,0,0,0,0,0,0,0,0
480865,0,1,1995,0,0,0,0,0,0,0,0,0,0
480865,1,1,1995,0,0,0,0,0,0,0,0,0,0
480866,1,1,1995,0,0,0,0,0,0,0,0,0,0
480866,2,1,1995,0,0,0,0,0,0,0,0,0,0
480867,1,1,1995,15,16,9,6,17,12,18,12,7,19
480867,2,1,1995,27,12,12,0,0,27,29,0,9,0
480868,1,1,1995,0,0,0,0,0,0,0,0,0,0
480868,2,1,1995,0,0,0,0,0,0,0,0,0,0
480869,1,1,1995,0,0,0,0,0,0,0,0,0,26
480869,2,1,1995,0,0,0,0,0,0,0,0,0,0
480870,0,1,1995,0,14,0,0,13,0,11,0,25,0
480870,1,1,1995,8,11,14,11,15,20,0,25,6,18
480871,1,1,1995,0,0,0,0,0,0,0,0,0,0
480871,2,1,1995,0,0,0,0,0,0,0,0,6,0
480872,0,1,1995,7,7,0,15,15,27,6,0,13,15
480872,0,2,1995,0,16,15,0,12,0,0,0,0,0
480872,0,3,1995,0,0,0,10,0,13,0,0,10,0
480872,1,1,1995,5,5,5,5,5,5,5,5,5,5
480873,1,1,1995,0,0,0,0,0,0,0,0,0,0
480873,2,1,1995,0,0,0,0,0,0,0,0,0,0
480874,1,1,1995,23,23,23,23,23,23,23,23,23,23
480875,1,1,1995,0,0,0,0,0,0,0,0,0,0
480876,1,1,1995,6,0,0,0,0,0,0,0,12,0
480876,2,1,1995,0,0,0,0,0,0,0,0,0,0
480876,3,1,1995,0,0,0,0,0,0,0,0,0,0
480877,0,1,1995,0,26,0,0,0,0,0,0,17,0
480877,1,1,1995,13,13,13,13,13,13,13,13,13,13
480878,1,1,1995,0,0,0,0,0,0,0,0,0,0
480879,1,1,1995,0,0,0,0,0,0,0,0,0,0
480880,1,1,1995,21,21,21,21,21,21,21,21,21,21
480881,0,1,1995,0,0,0,0,0,0,0,0,0,0
480881,1,1,1995,0,0,0,0,0,15,0,0,0,0
480882,1,1,1995,31,31,31,31,31,31,31,31,31,31
480883,1,1,1995,15,15,15,15,15,15,15,15,15,15
480884,0,1,1995,5,5,5,5,5,5,5,5,5,5
480884,1,1,1995,24,24,24,24,24,24,24,24,24,24
480885,1,1,1995,6,6,6,6,6,6,6,6,6,6
480886,1,1,1995,36,36,36,36,36,36,36,36,36,36
480886,2,1,1995,0,0,0,0,0,0,0,0,0,0
480887,1,1,1995,11,11,11,11,11,11,11,11,11,11
480887,2,1,1995,0,0,0,0,0,0,0,0,0,0
480888,1,1,1995,0,0,13,0,0,25,8,26,25,27
480889,1,1,1995,0,0,0,0,0,0,0,0,0,0
480890,1,1,1995,13,13,13,13,13,13,13,13,13,13
480891,1,1,1995,0,0,0,0,0,0,0,0,0,0
480891,2,1,1995,11,0,0,0,0,0,5,0,0,0
480892,1,1,1995,23,21,17,30,12,27,25,43,12,10
480893,1,1,1995,8,8,8,8,8,8,8,8,8,8
480894,0,1,1995,26,26,26,26,26,26,26,26,26,26
480894,1,1,1995,0,0,0,0,0,0,0,0,0,0
480895,1,1,1995,0,0,0,0,0,0,0,0,0,0
480895,2,1,1995,0,0,0,0,0,0,0,0,0,0
480896,1,1,1995,0,0,0,0,0,0,0,0,0,0
480896,2,1,1995,0,0,0,0,0,0,0,0,0,0
480896,3,1,1995,0,0,0,0,0,0,0,0,0,0
480897,1,1,1995,0,0,0,0,0,0,0,0,0,0
480897,2,1,1995,0,0,0,0,0,0,0,0,0,0
480898,1,1,1995,2,2,2,2,2,2,2,2,2,2
480899,0,1,1995,0,0,0,0,14,0,0,0,0,0
480899,1,1,1995,0,0,0,0,0,0,0,0,0,0
480900,1,1,1995,0,0,0,0,0,0,0,0,0,0
480900,2,1,1995,0,0,0,0,0,0,0,0,0,0
480901,0,1,1995,0,0,0,0,0,0,0,0,0,0
480901,1,1,1995,0,0,0,0,0,0,0,8,0,0
480902,1,1,1995,0,0,0,0,0,0,6,12,0,18
480903,1,1,1995,16,16,16,16,16,16,16,16,16,16
480904,1,1,1995,0,0,0,0,0,0,0,0,0,6
480904,2,1,1995,0,0,0,35,0,0,3,0,0,0
480905,1,1,1995,10,10,10,10,10,10,10,10,10,10
480905,2,1,1995,0,0,0,0,10,0,0,0,0,0
480905,3,1,1995,7,0,18,0,0,0,0,4,0,0
480906,0,1,1995,0,0,0,0,0,0,0,0,0,0
480906,1,1,1995,0,0,0,0,0,0,0,0,0,0
480907,0,1,1995,0,36,0,21,0,0,20,10,16,16
480907,1,1,1995,0,0,0,0,0,0,0,0,0,0
480908,1,1,1995,0,0,0,0,0,0,0,0,0,0
480908,2,1,1995,0,0,0,0,0,0,0,0,0,0
480909,1,1,1995,12,12,3,11,0,12,15,11,27,16
480909,2,1,1995,0,0,0,0,0,0,0,0,0,0
480910,0,1,1995,0,0,0,0,0,0,0,0,0,0
480910,1,1,1995,0,0,0,0,0,12,0,0,0,0
480911,1,1,1995,0,0,0,0,0,0,0,0,0,0
480911,2,1,1995,0,14,0,0,0,0,0,17,18,0
480911,3,1,1995,0,0,0,0,0,0,0,0,0,0
480911,4,1,1995,0,0,0,0,0,0,0,0,18,21
480911,5,1,1995,0,0,0,0,0,0,0,17,0,0
480911,6,1,1995,0,0,0,0,0,0,0,0,0,0
480912,1,1,1995,0,0,0,0,0,0,0,0,0,0
480912,2,1,1995,0,0,0,0,0,0,0,0,0,0
480913,0,1,1995,0,0,0,6,0,0,20,0,0,0
480913,1,1,1995,7,28,20,41,23,18,16,24,27,0
480914,1,1,1995,21,28,36,17,22,0,41,17,7,22
480915,1,1,1995,0,11,14,17,44,14,16,0,22,9
480916,1,1,1995,0,0,0,0,28,0,0,0,13,13
480916,2,1,1995,0,0,0,0,19,0,15,0,0,9
480917,1,1,1995,15,15,15,15,15,15,15,15,15,15
480918,0,1,1995,0,0,0,0,0,0,0,0,0,0
480918,1,1,1995,0,0,0,0,0,0,0,0,10,0
480919,1,1,1995,28,28,28,28,28,28,28,28,28,28
480920,0,1,1995,34,0,21,22,22,10,34,17,22,20
480920,1,1,1995,20,20,20,20,20,20,20,20,20,20
480921,1,1,1995,5,5,5,5,5,5,5,5,5,5
480921,2,1,1995,0,0,0,0,0,0,0,0,0,0
480922,1,1,1995,0,22,0,0,0,0,0,0,10,8
480923,1,1,1995,14,14,14,14,14,14,14,14,14,14
480924,1,1,1995,9,9,9,9,9,9,9,9,9,9
480925,1,1,1995,0,0,0,0,0,0,0,0,0,25
480925,2,1,1995,0,0,0,0,0,0,0,9,0,0
480926,1,1,1995,0,5,0,0,8,21,21,8,24,0
480927,1,1,1995,10,10,10,10,10,10,10,10,10,10
480927,2,1,1995,0,0,0,0,0,0,0,0,0,0
480928,1,1,1995,5,5,5,5,5,5,5,5,5,5
480929,1,1,1995,23,23,23,23,23,23,23,23,23,23
480930,1,1,1995,0,0,0,0,0,0,0,0,0,0
480931,1,1,1995,25,0,27,9,9,8,20,23,17,16
480931,2,1,1995,17,17,17,17,17,17,17,17,17,17
480932,1,1,1995,15,15,15,15,15,15,15,15,15,15
480933,1,1,1995,0,0,0,0,0,0,0,0,0,0
480933,2,1,1995,0,0,0,0,0,0,0,0,0,0
480934,1,1,1995,11,11,0,14,0,2,0,19,9,23
480934,2,1,1995,0,34,0,0,0,0,11,13,15,0
480935,1,1,1995,0,0,0,0,0,0,0,0,0,0
480935,2,1,1995,0,0,0,0,0,0,0,0,0,0
480936,1,1,1995,7,0,0,0,0,8,0,0,6,0
480936,2,1,1995,0,0,0,23,0,0,4,0,22,0
480937,1,1,1995,0,0,0,0,0,0,0,0,0,0
480938,0,1,1995,0,0,0,0,0,0,0,0,0,0
480938,1,1,1995,0,0,0,0,0,0,0,0,0,0
480939,1,1,1995,0,0,0,0,0,0,0,0,0,0
480939,2,1,1995,0,0,0,0,0,0,0,0,0,0
480940,1,1,1995,0,0,0,0,0,0,0,0,0,0
480940,2,1,1995,0,0,0,0,0,0,0,0,0,0
480941,0,1,1995,0,0,0,0,0,0,0,0,0,0
480941,1,1,1995,0,0,0,0,0,0,0,0,0,0
480942,1,1,1995,0,0,0,0,0,0,0,0,0,0
480942,2,1,1995,0,0,0,0,0,0,0,0,0,0
480943,1,1,1995,21,21,21,21,21,21,21,21,21,21
480944,1,1,1995,0,0,0,0,0,0,0,0,0,0
480944,2,1,1995,0,0,7,0,0,0,0,0,0,18
480945,0,1,1995,0,0,0,0,0,0,0,0,0,0
480945,1,1,1995,3,3,3,3,3,3,3,3,3,3
480946,1,1,1995,0,0,0,0,0,0,0,0,0,0
480946,2,1,1995,0,0,0,0,0,0,0,0,0,0
480946,3,1,1995,0,0,0,0,0,0,0,0,0,0
480946,4,1,1995,0,0,0,0,0,0,0,0,0,0
480947,0,1,1995,0,0,0,0,0,0,0,0,0,0
480947,1,1,1995,0,0,0,0,0,0,0,0,0,0
480947,2,1,1995,0,0,0,0,0,0,0,0,0,0
480948,1,1,1995,18,18,18,18,18,18,18,18,18,18
480948,2,1,1995,8,8,8,8,8,8,8,8,8,8
480949,1,1,1995,0,0,0,0,0,0,0,0,0,0
480949,2,1,1995,0,0,0,0,0,0,0,0,0,0
480950,1,1,1995,0,0,0,0,0,0,0,0,0,0
480951,1,1,1995,0,0,0,0,0,0,0,0,0,0
480951,2,1,1995,0,0,21,0,0,0,0,0,0,0
480952,1,1,1995,23,38,36,13,25,0,12,21,40,37
480953,1,1,1995,0,0,0,0,0,0,0,0,0,0
480953,2,1,1995,0,0,0,33,20,0,0,0,0,0
480954,1,1,1995,0,0,0,0,0,0,0,0,0,0
480955,1,1,1995,0,0,0,0,0,0,0,0,0,0
480955,2,1,1995,0,17,0,14,0,0,0,22,0,0
480956,1,1,1995,0,0,7,0,0,0,0,16,16,0
480957,1,1,1995,3,3,3,3,3,3,3,3,3,3
480958,1,1,1995,0,0,0,12,0,0,0,0,11,0
480959,1,1,1995,0,0,0,0,0,0,0,0,0,0
480959,2,1,1995,15,15,15,15,15,15,15,15,15,15
480960,1,1,1995,8,8,8,8,8,8,8,8,8,8
480961,1,1,1995,16,16,16,16,16,16,16,16,16,16
480962,1,1,1995,0,0,0,0,0,0,0,0,0,0
480963,0,1,1995,22,22,22,22,22,22,22,22,22,22
480963,1,1,1995,0,0,0,0,0,0,0,0,6,0
480964,1,1,1995,0,0,0,0,0,0,0,0,0,0
480965,1,1,1995,27,18,21,25,15,21,13,8,20,21
480966,1,1,1995,8,8,8,8,8,8,8,8,8,8
480966,2,1,1995,0,0,0,0,0,0,0,0,0,0
480967,1,1,1995,0,0,0,0,0,0,0,0,0,0
480967,2,1,1995,0,0,0,0,0,0,0,0,0,0
480968,1,1,1995,12,12,12,12,12,12,12,12,12,12
480969,1,1,1995,0,0,0,0,0,0,0,0,0,0
480969,2,1,1995,0,0,0,0,0,0,19,0,0,0
480970,1,1,1995,0,0,0,0,0,0,0,0,0,11
480970,2,1,1995,0,0,0,0,0,0,0,0,0,0
480971,1,1,1995,0,0,0,0,0,0,0,0,0,0
480971,2,1,1995,0,0,0,0,0,0,0,0,0,0
480971,3,1,1995,0,0,0,0,0,0,0,0,0,0
480971,4,1,1995,0,0,0,0,0,0,0,0,0,0
480972,1,1,1995,0,0,21,0,0,0,0,0,21,0
480972,2,1,1995,2,0,0,0,0,0,0,0,5,1
480972,3,1,1995,0,0,0,0,0,0,0,0,0,0
480973,1,1,1995,0,0,0,0,0,0,0,0,0,0
480973,2,1,1995,0,0,0,0,0,0,0,0,0,0
480974,1,1,1995,0,0,0,0,0,0,0,0,0,0
480974,2,1,1995,0,0,0,0,0,0,0,0,0,0
480975,1,1,1995,6,0,12,19,0,0,0,31,17,0
480975,2,1,1995,8,8,8,8,8,8,8,8,8,8
480976,1,1,1995,0,0,0,0,0,0,0,0,0,0
480976,2,1,1995,0,0,0,0,0,0,0,0,0,0
480976,3,1,1995,0,0,0,0,0,0,0,0,0,0
480977,0,1,1995,0,0,0,0,0,0,0,0,0,0
480977,1,1,1995,3,3,3,3,3,3,3,3,3,3
480978,0,1,1995,0,0,0,0,0,0,0,0,0,0
480978,1,1,1995,0,0,0,0,0,0,0,0,0,0
480979,1,1,1995,0,0,0,0,0,0,0,0,0,0
480979,2,1,1995,0,0,0,0,0,0,0,0,0,0
480980,1,1,1995,0,3,0,15,28,15,0,0,20,0
480980,2,1,1995,0,0,0,21,26,0,25,12,0,13
480980,3,1,1995,0,0,0,8,0,0,0,0,0,0
480981,1,1,1995,23,23,23,23,23,23,23,23,23,23
480981,2,1,1995,0,0,0,0,0,0,0,0,0,0
480982,1,1,1995,15,15,15,15,15,15,15,15,15,15
480983,1,1,1995,32,32,32,32,32,32,32,32,32,32
480983,2,1,1995,0,0,0,0,0,0,0,0,0,0
480983,3,1,1995,0,0,20,0,0,0,0,13,0,0
480984,0,1,1995,0,0,0,0,0,0,0,0,0,0
480984,1,1,1995,18,18,18,18,18,18,18,18,18,18
480985,1,1,1995,21,21,21,21,21,21,21,21,21,21
480986,0,1,1995,0,41,0,51,0,0,0,0,0,3
480986,1,1,1995,0,0,0,0,0,0,0,0,0,0
480987,1,1,1995,12,13,14,10,16,13,21,8,15,24
480987,2,1,1995,16,0,6,15,25,18,0,0,10,0
480988,0,1,1995,0,0,0,0,0,0,0,0,0,0
480988,1,1,1995,0,0,0,0,0,0,0,0,0,0
480989,0,1,1995,0,0,0,0,0,0,0,0,0,0
480989,1,1,1995,10,0,17,0,18,0,17,0,0,2
480990,1,1,1995,0,0,0,0,0,19,0,0,0,0
480990,2,1,1995,0,0,11,0,0,0,0,0,0,0
480991,1,1,1995,0,0,0,0,0,0,0,0,0,0
480992,0,1,1995,10,10,10,10,10,10,10,10,10,10
480992,1,1,1995,0,0,0,0,0,0,0,11,0,0
480993,1,1,1995,0,0,0,0,0,0,0,0,0,0
480993,2,1,1995,0,0,0,0,0,0,0,0,0,0
480994,1,1,1995,0,0,0,0,0,0,0,0,0,0
480994,2,1,1995,0,0,0,0,0,0,0,0,0,0
480995,0,1,1995,0,0,0,0,0,0,0,0,0,0
480995,1,1,1995,0,13,0,0,17,0,0,0,0,0
480996,1,1,1995,26,21,25,13,24,23,9,14,15,23
480997,1,1,1995,0,0,0,0,0,0,0,0,0,0
480998,1,1,1995,0,0,0,0,0,0,0,0,0,0
480998,2,1,1995,0,0,0,0,0,0,0,0,0,0
480999,1,1,1995,17,17,17,17,17,17,17,17,17,17
481000,0,1,1995,22,22,22,22,22,22,22,22,22,22
481000,1,1,1995,0,0,0,0,0,5,0,0,0,14
481001,1,1,1995,0,0,0,0,0,0,0,0,0,0
481001,2,1,1995,4,4,4,4,4,4,4,4,4,4
481002,1,1,1995,14,14,14,14,14,14,14,14,14,14
481003,1,1,1995,0,0,0,0,0,0,0,0,0,0
481004,1,1,1995,17,17,17,17,17,17,17,17,17,17
481005,1,1,1995,15,15,15,15,15,15,15,15,15,15
481005,2,1,1995,0,17,0,0,0,0,0,0,20,0
481006,1,1,1995,0,0,0,0,0,0,0,0,0,0
481006,2,1,1995,0,0,0,0,0,26,0,0,0,0
481007,0,1,1995,17,17,17,17,17,17,17,17,17,17
481007,1,1,1995,0,0,0,0,0,7,6,0,0,14
481008,1,1,1995,25,25,25,25,25,25,25,25,25,25
481009,1,1,1995,0,0,0,0,0,0,0,0,0,0
481009,2,1,1995,17,19,13,29,18,0,0,0,0,14
481009,3,1,1995,0,0,0,0,0,0,0,0,0,0
481009,4,1,1995,0,0,0,0,0,0,0,0,0,0
481009,5,1,1995,0,0,0,0,0,0,0,0,0,0
481010,1,1,1995,5,5,5,5,5,5,5,5,5,5
481011,0,1,1995,0,10,19,0,14,8,0,16,0,0
481011,0,2,1995,18,0,7,5,0,0,17,11,15,0
481011,1,1,1995,0,10,0,0,4,0,14,0,0,0
481012,0,1,1995,18,18,18,18,18,18,18,18,18,18
481012,1,1,1995,5,0,0,25,13,0,0,0,0,0