ST_CASE,VEH_NO,PER_NO,YEAR,P1,P2,P3,P4,P5,P6,P7,P8,P9,P10
481013,1,1,1995,12,12,12,12,12,12,12,12,12,12
481014,1,1,1995,29,29,29,29,29,29,29,29,29,29
481015,1,1,1995,0,0,6,19,11,17,0,5,18,14
481016,1,1,1995,0,0,0,0,0,0,0,0,0,0
481017,1,1,1995,0,9,6,0,0,0,0,0,0,0
481017,2,1,1995,0,16,20,14,20,13,19,24,0,27
481018,1,1,1995,23,23,23,23,23,23,23,23,23,23
481018,2,1,1995,0,0,0,6,0,0,0,0,0,0
481019,1,1,1995,0,0,0,0,0,0,0,0,0,0
481019,2,1,1995,0,0,0,0,0,0,0,0,0,18
481020,1,1,1995,0,0,0,0,0,0,0,0,0,0
481020,2,1,1995,0,0,0,0,0,0,0,0,0,0
481020,3,1,1995,0,0,0,0,0,0,0,0,0,0
481021,1,1,1995,13,0,0,0,2,9,0,8,17,17
481022,1,1,1995,9,9,9,9,9,9,9,9,9,9
481022,2,1,1995,0,0,0,0,0,0,0,0,14,0
481023,1,1,1995,0,0,2,0,0,0,0,0,12,0
481024,1,1,1995,0,0,0,0,12,0,0,0,0,0
481025,1,1,1995,19,19,19,19,19,19,19,19,19,19
481026,0,1,1995,18,28,45,27,10,41,0,38,25,20
481026,1,1,1995,0,0,0,8,0,10,0,6,9,0
481027,1,1,1995,14,14,14,14,14,14,14,14,14,14
481027,2,1,1995,0,0,0,0,0,0,0,0,0,0
481028,1,1,1995,20,20,20,20,20,20,20,20,20,20
481028,2,1,1995,18,4,21,17,0,9,26,0,0,14
481029,1,1,1995,18,27,13,17,13,0,0,0,2,11
481030,1,1,1995,0,0,0,0,0,0,0,0,0,0
481030,2,1,1995,0,0,0,0,0,0,0,0,0,0
481031,1,1,1995,0,0,0,0,0,0,0,0,0,0
481031,2,1,1995,0,0,0,0,0,0,0,0,0,0
481032,1,1,1995,0,0,0,0,0,0,0,0,3,0
481032,2,1,1995,14,15,11,8,29,23,6,20,8,15
481033,1,1,1995,0,0,12,0,0,0,0,0,0,9
481034,0,1,1995,12,27,28,30,22,9,12,17,27,13
481034,1,1,1995,0,11,9,11,0,0,6,0,31,29
481035,0,1,1995,0,0,0,0,0,0,0,0,0,0
481035,1,1,1995,0,17,14,0,0,0,0,0,0,0
481036,1,1,1995,24,24,24,24,24,24,24,24,24,24
481037,1,1,1995,32,32,32,32,32,32,32,32,32,32
481038,1,1,1995,34,34,34,34,34,34,34,34,34,34
481039,1,1,1995,0,0,0,0,0,0,0,0,0,0
481039,2,1,1995,0,0,0,0,0,0,0,0,0,0
481040,1,1,1995,0,0,0,0,0,0,0,0,0,0
481041,1,1,1995,0,0,0,0,0,0,0,0,0,0
481042,1,1,1995,19,34,28,0,0,0,0,0,20,0
481043,1,1,1995,15,0,11,18,18,21,23,19,23,0
481044,1,1,1995,12,12,12,12,12,12,12,12,12,12
481044,2,1,1995,6,6,6,6,6,6,6,6,6,6
481045,1,1,1995,0,0,17,0,0,0,0,0,0,0
481046,0,1,1995,19,19,19,19,19,19,19,19,19,19
481046,1,1,1995,4,4,4,4,4,4,4,4,4,4
481047,1,1,1995,0,0,0,0,0,0,0,0,0,0
481047,2,1,1995,0,0,0,0,0,0,0,0,0,0
481048,1,1,1995,24,24,24,24,24,24,24,24,24,24
481049,1,1,1995,32,32,32,32,32,32,32,32,32,32
481050,1,1,1995,0,0,0,0,0,0,0,0,0,0
481051,1,1,1995,30,30,30,30,30,30,30,30,30,30
481052,1,1,1995,0,0,0,4,0,6,0,0,0,0
481052,2,1,1995,0,0,0,0,0,0,0,0,0,0
481053,0,1,1995,0,0,0,0,12,0,12,0,0,6
481053,1,1,1995,37,26,2,24,28,25,0,12,12,0
481054,1,1,1995,0,0,0,0,0,0,0,0,0,0
481054,2,1,1995,0,0,0,0,0,0,0,0,0,0
481055,0,1,1995,0,22,37,49,0,17,0,26,0,15
481055,1,1,1995,0,0,13,0,0,9,0,0,0,0
481056,1,1,1995,0,0,0,0,0,0,0,0,0,0
481056,2,1,1995,0,0,0,0,0,0,0,0,0,0
481057,0,1,1995,0,0,0,0,0,0,0,0,0,0
481057,1,1,1995,0,0,0,0,0,0,0,0,0,0
481058,0,1,1995,0,0,0,0,0,0,0,0,0,0
481058,1,1,1995,0,0,0,0,0,0,0,0,0,0
481059,1,1,1995,0,0,0,0,0,0,0,0,0,0
481059,2,1,1995,0,0,0,0,0,0,0,0,0,0
481059,3,1,1995,0,0,0,0,14,27,5,0,0,0
481059,4,1,1995,12,0,0,5,0,0,0,0,0,0
481059,5,1,1995,0,0,0,0,0,0,0,0,0,0
481060,1,1,1995,0,0,0,0,0,0,0,0,0,0
481060,2,1,1995,0,0,0,0,0,0,0,0,0,0
481061,1,1,1995,0,0,0,0,0,0,0,0,0,0
481061,2,1,1995,0,0,0,0,0,0,0,17,0,0
481062,1,1,1995,0,0,0,0,0,0,0,0,0,0
481062,2,1,1995,0,0,0,0,0,0,0,0,0,0
481062,3,1,1995,0,0,0,0,0,0,0,0,0,0
481063,1,1,1995,13,3,10,13,15,29,0,4,13,9
481064,1,1,1995,0,0,0,0,0,0,0,0,0,10
481065,0,1,1995,0,0,0,0,0,0,0,0,0,0
481065,1,1,1995,0,0,0,0,0,0,0,0,0,0
481066,1,1,1995,28,24,29,22,18,22,12,38,10,26
481067,1,1,1995,26,33,25,14,16,11,15,29,19,14
481067,2,1,1995,0,0,0,0,0,0,0,8,0,0
481067,3,1,1995,0,0,0,0,3,0,13,32,8,0
481067,4,1,1995,0,25,0,19,0,0,0,9,0,0
481067,5,1,1995,9,8,0,0,0,0,13,0,0,0
481068,1,1,1995,28,28,28,28,28,28,28,28,28,28
481069,1,1,1995,18,0,0,0,0,0,0,0,0,0
481069,2,1,1995,0,9,0,0,0,0,0,0,0,0
481069,3,1,1995,0,0,0,0,0,0,0,0,0,0
481070,1,1,1995,0,8,8,0,0,8,8,0,10,0
481071,1,1,1995,3,3,3,3,3,3,3,3,3,3
481071,2,1,1995,0,0,0,0,0,0,0,0,0,0
481072,0,1,1995,35,0,0,0,0,16,0,32,19,0
481072,1,1,1995,0,0,0,0,0,0,0,0,0,0
481073,1,1,1995,18,22,0,0,0,0,0,0,0,0
481073,2,1,1995,0,8,0,0,0,0,0,0,6,0
481074,0,1,1995,0,0,0,0,0,0,0,0,0,0
481074,1,1,1995,0,0,0,0,0,0,0,0,0,0
481075,1,1,1995,28,0,24,25,9,13,16,14,0,17
481075,2,1,1995,0,0,0,0,5,19,0,0,21,0
481076,0,1,1995,13,0,13,16,13,0,24,28,0,21
481076,1,1,1995,0,0,0,0,11,7,0,0,11,0
481076,2,1,1995,0,0,0,0,0,0,0,0,18,0
481076,3,1,1995,18,0,7,0,0,8,0,18,0,0
481077,1,1,1995,0,0,0,0,0,0,0,0,0,0
481077,2,1,1995,17,0,0,0,0,0,0,0,0,0
481078,1,1,1995,11,15,17,24,33,5,11,0,16,20
481079,1,1,1995,0,0,0,0,0,0,0,0,0,0
481080,0,1,1995,0,0,0,0,0,0,0,0,0,0
481080,1,1,1995,0,0,0,0,32,0,0,0,16,0
481081,1,1,1995,7,7,7,7,7,7,7,7,7,7
481082,1,1,1995,26,26,26,26,26,26,26,26,26,26
481083,1,1,1995,0,0,17,0,0,20,19,0,13,42
481083,2,1,1995,0,0,0,0,0,0,0,0,0,0
481083,3,1,1995,0,0,0,0,0,0,0,0,0,0
481084,1,1,1995,0,0,0,11,5,0,10,0,0,13
481084,2,1,1995,17,0,0,0,0,0,9,0,0,0
481085,1,1,1995,20,20,20,20,20,20,20,20,20,20
481085,2,1,1995,13,13,13,13,13,13,13,13,13,13
481086,1,1,1995,0,0,19,5,25,0,29,0,26,0
481087,1,1,1995,24,24,24,24,24,24,24,24,24,24
481088,1,1,1995,10,12,11,20,8,18,15,13,6,27
481088,2,1,1995,0,0,0,15,0,0,0,0,4,0
481089,1,1,1995,12,12,12,12,12,12,12,12,12,12
481089,2,1,1995,3,3,3,3,3,3,3,3,3,3
481090,1,1,1995,11,11,11,11,11,11,11,11,11,11
481091,1,1,1995,31,31,31,31,31,31,31,31,31,31
481092,1,1,1995,29,29,29,29,29,29,29,29,29,29
481092,2,1,1995,0,0,0,0,0,0,0,0,0,0
481093,1,1,1995,24,24,24,24,24,24,24,24,24,24
481093,2,1,1995,0,13,0,0,0,0,18,0,4,0
481094,1,1,1995,0,0,0,0,0,0,0,0,0,0
481095,1,1,1995,0,0,0,0,0,0,0,0,0,0
481095,2,1,1995,0,0,0,0,0,0,0,0,0,0
481096,1,1,1995,0,0,0,0,0,0,0,0,0,0
481096,2,1,1995,0,0,0,0,0,0,0,0,7,15
481097,1,1,1995,0,0,0,0,0,0,0,0,0,0
481097,2,1,1995,0,0,0,0,0,0,0,0,0,0
481098,1,1,1995,0,0,0,0,0,0,0,0,0,0
481098,2,1,1995,0,0,0,0,0,0,0,0,0,0
481099,1,1,1995,0,0,0,0,0,0,0,0,0,0
481100,1,1,1995,0,0,0,0,0,10,0,0,0,0
481100,2,1,1995,0,0,0,0,0,0,0,0,0,0
481101,1,1,1995,5,0,0,0,0,11,22,0,0,0
481102,1,1,1995,0,0,0,0,0,0,0,0,0,0
481102,2,1,1995,0,0,0,0,18,0,17,0,29,0
481102,3,1,1995,0,0,13,0,0,0,0,0,0,0
481103,1,1,1995,10,10,10,10,10,10,10,10,10,10
481104,1,1,1995,0,0,0,0,0,0,0,0,0,0
481105,1,1,1995,17,17,17,17,17,17,17,17,17,17
481106,1,1,1995,4,4,4,4,4,4,4,4,4,4
481107,1,1,1995,0,0,0,0,19,0,0,0,0,0
481107,2,1,1995,0,0,0,0,0,0,0,0,0,0
481108,1,1,1995,0,0,0,0,0,0,0,11,23,0
481108,2,1,1995,0,0,0,0,21,17,0,6,0,0
481109,1,1,1995,0,0,0,0,0,0,0,0,0,0
481110,1,1,1995,0,16,0,0,5,0,0,3,42,0
481110,2,1,1995,0,0,0,0,0,0,0,0,0,0
481111,1,1,1995,0,0,6,0,0,0,0,0,0,0
481112,1,1,1995,0,0,0,0,0,0,0,0,0,0
481113,0,1,1995,25,9,30,11,17,34,19,21,18,22
481113,1,1,1995,0,0,11,0,0,0,0,0,19,0
481114,1,1,1995,15,15,17,0,0,8,30,0,0,0
481114,2,1,1995,0,17,0,16,0,0,0,0,0,0
481115,0,1,1995,19,19,19,19,19,19,19,19,19,19
481115,1,1,1995,24,0,0,0,10,0,0,0,0,0
481115,2,1,1995,14,15,3,13,0,37,16,0,25,14
481116,1,1,1995,10,24,17,11,14,18,12,8,20,14
481117,0,1,1995,0,0,0,0,0,0,0,0,0,0
481117,1,1,1995,0,0,0,0,0,0,0,0,0,0
481118,1,1,1995,15,15,15,15,15,15,15,15,15,15
481119,0,1,1995,33,35,20,17,0,0,0,15,13,7
481119,1,1,1995,0,0,7,0,0,0,0,0,0,0
481120,1,1,1995,23,23,23,23,23,23,23,23,23,23
481121,0,1,1995,0,0,0,0,0,0,18,17,23,11
481121,0,2,1995,0,10,30,33,22,26,25,28,19,21
481121,0,3,1995,12,0,0,17,16,0,9,0,26,11
481121,1,1,1995,18,18,18,18,18,18,18,18,18,18
481122,1,1,1995,0,7,6,0,0,12,0,4,10,0
481123,0,1,1995,16,28,27,3,14,20,6,14,38,0
481123,1,1,1995,12,0,0,0,0,0,0,0,10,0
481124,1,1,1995,22,22,22,22,22,22,22,22,22,22
481125,1,1,1995,0,0,0,0,0,0,0,0,0,0
481126,1,1,1995,0,0,0,0,0,0,0,0,0,0
481127,0,1,1995,31,28,23,3,21,14,12,15,22,7
481127,0,2,1995,41,23,14,14,7,6,0,9,26,18
481127,1,1,1995,0,16,20,12,12,0,0,0,0,0
481128,1,1,1995,12,12,12,12,12,12,12,12,12,12
481129,1,1,1995,0,0,0,0,0,0,0,0,27,0
481129,2,1,1995,24,0,0,0,0,0,0,0,0,0
481130,1,1,1995,16,16,16,16,16,16,16,16,16,16
481131,1,1,1995,0,0,0,0,0,0,0,0,0,0
481131,2,1,1995,0,0,0,0,0,0,0,0,30,23
481132,1,1,1995,0,0,0,0,0,0,0,0,0,0
481132,2,1,1995,0,0,0,0,0,0,0,0,8,0
481133,1,1,1995,15,15,15,15,15,15,15,15,15,15
481133,2,1,1995,0,22,0,0,27,10,21,0,0,0
481133,3,1,1995,0,0,2,0,0,0,0,3,15,0
481134,1,1,1995,17,17,17,17,17,17,17,17,17,17
481134,2,1,1995,7,7,7,7,7,7,7,7,7,7
481134,3,1,1995,0,0,0,0,0,0,0,0,8,0
481135,1,1,1995,4,4,4,4,4,4,4,4,4,4
481135,2,1,1995,0,0,0,0,0,0,0,0,0,0
481136,0,1,1995,0,17,0,0,29,13,30,5,0,0
481136,0,2,1995,0,27,0,0,0,19,0,7,0,21
481136,1,1,1995,23,23,23,23,23,23,23,23,23,23
481137,1,1,1995,1,1,1,1,1,1,1,1,1,1
481138,0,1,1995,23,23,23,23,23,23,23,23,23,23
481138,1,1,1995,0,0,0,18,0,26,11,0,0,0
481139,1,1,1995,0,0,0,0,0,0,0,0,0,0
481140,1,1,1995,8,0,9,12,16,13,24,25,16,0
481140,2,1,1995,43,43,43,43,43,43,43,43,43,43
481141,1,1,1995,0,0,0,20,0,0,0,13,0,0
481142,1,1,1995,22,22,22,22,22,22,22,22,22,22
481143,1,1,1995,21,21,21,21,21,21,21,21,21,21
481143,2,1,1995,0,0,0,0,0,0,0,0,0,0
481144,1,1,1995,0,0,0,0,0,0,0,0,0,0
481145,1,1,1995,22,22,22,22,22,22,22,22,22,22
481146,1,1,1995,6,6,6,6,6,6,6,6,6,6
481147,0,1,1995,0,0,0,0,0,0,0,0,0,0
481147,1,1,1995,0,0,0,0,0,0,0,0,0,0
481148,1,1,1995,0,0,0,0,0,0,0,0,0,0
481148,2,1,1995,0,0,0,0,0,0,0,0,0,0
481149,1,1,1995,0,0,0,0,0,0,0,0,0,0
481149,2,1,1995,0,0,0,0,0,11,0,0,0,0
481150,1,1,1995,0,0,0,0,0,0,0,0,0,0
481151,1,1,1995,0,0,0,0,0,0,0,0,0,0
481152,1,1,1995,21,21,21,21,21,21,21,21,21,21
481152,2,1,1995,0,0,0,20,0,0,0,0,0,0
481153,1,1,1995,0,7,20,0,0,0,22,30,0,17
481154,1,1,1995,0,0,0,0,0,0,0,0,6,0
481154,2,1,1995,0,0,0,0,0,0,0,0,0,0
481155,1,1,1995,17,17,17,17,17,17,17,17,17,17
481155,2,1,1995,0,0,0,0,0,0,0,0,0,0
481156,1,1,1995,8,8,8,8,8,8,8,8,8,8
481156,2,1,1995,0,0,0,0,0,0,0,0,0,0
481157,0,1,1995,0,0,0,0,0,0,0,0,0,0
481157,1,1,1995,0,0,0,0,0,0,12,2,0,0
481158,1,1,1995,10,0,0,0,0,0,0,0,0,6
481158,2,1,1995,26,26,26,26,26,26,26,26,26,26
481159,0,1,1995,0,0,0,0,17,0,0,0,0,0
481159,0,2,1995,0,0,0,0,0,0,0,0,0,0
481159,1,1,1995,16,16,16,16,16,16,16,16,16,16
481160,1,1,1995,10,29,0,2,7,0,9,0,11,0
481161,1,1,1995,0,0,0,0,0,0,0,0,0,0
481161,2,1,1995,0,0,0,0,0,0,0,0,0,0
481162,1,1,1995,24,24,24,24,24,24,24,24,24,24
481163,1,1,1995,0,23,0,0,0,0,7,0,21,0
481164,1,1,1995,5,5,5,5,5,5,5,5,5,5
481165,1,1,1995,0,0,0,0,0,0,0,0,0,0
481166,1,1,1995,15,3,28,4,33,10,6,0,0,0
481167,0,1,1995,0,0,0,0,0,0,0,0,0,0
481167,1,1,1995,0,0,0,12,0,0,0,0,0,0
481168,1,1,1995,16,16,16,16,16,16,16,16,16,16
481169,1,1,1995,25,25,25,25,25,25,25,25,25,25
481170,1,1,1995,0,0,0,0,0,0,0,0,0,0
481170,2,1,1995,0,0,0,0,0,0,0,0,0,0
481171,1,1,1995,22,0,20,11,22,13,21,23,0,15
481171,2,1,1995,0,11,0,0,0,7,0,0,0,0
481172,1,1,1995,0,0,0,33,0,0,0,0,0,0
481173,1,1,1995,0,18,0,0,0,0,0,19,14,0
481174,0,1,1995,0,14,0,25,32,14,0,0,32,18
481174,1,1,1995,23,15,7,0,21,31,16,0,0,21
481175,1,1,1995,22,0,0,21,0,13,33,29,0,19
481176,1,1,1995,17,17,17,17,17,17,17,17,17,17
481177,1,1,1995,0,0,0,0,0,0,0,0,0,0
481177,2,1,1995,0,0,0,0,0,0,0,18,0,0
481178,0,1,1995,28,28,28,28,28,28,28,28,28,28
481178,1,1,1995,0,0,0,0,0,0,0,0,0,0
481179,1,1,1995,21,21,21,21,21,21,21,21,21,21
481180,1,1,1995,31,31,31,31,31,31,31,31,31,31
481181,0,1,1995,11,23,15,0,17,0,0,19,0,0
481181,1,1,1995,24,24,24,24,24,24,24,24,24,24
481182,1,1,1995,0,0,0,0,0,0,0,0,0,0
481182,2,1,1995,0,0,8,0,0,0,0,0,11,11
481183,1,1,1995,0,0,0,0,0,0,0,0,0,0
481183,2,1,1995,0,0,10,0,0,15,14,0,0,0
481184,1,1,1995,20,0,0,0,24,0,0,34,0,4
481185,1,1,1995,0,0,0,0,0,0,0,0,0,0
481185,2,1,1995,0,0,0,0,0,0,0,0,21,0
481186,0,1,1995,0,0,0,0,0,0,0,0,0,0
481186,1,1,1995,26,26,26,26,26,26,26,26,26,26
481187,1,1,1995,0,0,0,0,0,0,0,0,0,0
481187,2,1,1995,0,0,0,9,0,0,0,0,15,0
481187,3,1,1995,0,0,0,0,0,0,25,0,0,0
481187,4,1,1995,16,0,0,0,0,30,0,0,0,0
481187,5,1,1995,0,0,0,0,0,0,0,0,0,0
481188,0,1,1995,1,1,1,1,1,1,1,1,1,1
481188,1,1,1995,0,0,0,10,0,0,0,0,0,15
481189,1,1,1995,0,0,0,0,0,0,0,9,0,0
481190,1,1,1995,0,0,0,0,0,0,0,0,0,0
481191,1,1,1995,17,24,15,9,23,0,15,0,7,8
481192,1,1,1995,0,0,0,0,0,0,0,0,0,0
481192,2,1,1995,0,0,0,0,0,0,0,0,0,0
481193,1,1,1995,0,0,0,0,0,0,0,0,0,0
481194,1,1,1995,0,0,0,0,0,0,0,0,0,0
481195,0,1,1995,0,0,0,0,0,0,0,0,0,0
481195,1,1,1995,0,0,0,0,0,0,0,0,0,0
481196,1,1,1995,0,0,0,0,0,0,0,0,0,0
481196,2,1,1995,0,0,0,0,0,0,0,0,0,0
481197,0,1,1995,0,0,0,0,0,0,0,0,0,0
481197,1,1,1995,0,0,0,0,0,0,0,0,0,0
481198,1,1,1995,0,0,0,0,0,0,0,0,0,0
481198,2,1,1995,0,22,0,0,0,0,8,0,0,10
481199,1,1,1995,16,0,20,17,16,5,27,13,16,0
481200,1,1,1995,8,0,0,0,6,0,0,0,0,0
481201,0,1,1995,0,12,17,0,16,17,17,17,16,18
481201,1,1,1995,0,0,0,0,0,0,0,0,0,0
481202,1,1,1995,17,17,17,17,17,17,17,17,17,17
481203,1,1,1995,0,0,0,0,0,0,0,0,0,0
481204,1,1,1995,23,23,23,23,23,23,23,23,23,23
481205,1,1,1995,26,32,13,23,14,12,30,21,22,10
481206,1,1,1995,0,0,0,0,0,0,0,0,0,0
481206,2,1,1995,0,0,0,0,0,0,0,0,16,0
481207,1,1,1995,0,0,0,0,0,0,0,0,0,0
481207,2,1,1995,0,0,0,0,0,0,0,0,0,0
481208,1,1,1995,19,0,0,0,0,0,7,0,0,0
481209,1,1,1995,0,0,0,0,0,0,0,0,0,0
481210,1,1,1995,0,0,11,4,0,16,0,18,14,0
481210,2,1,1995,0,0,0,0,0,0,0,12,0,0
481211,0,1,1995,6,13,45,5,24,31,29,29,33,17
481211,0,2,1995,11,3,24,0,0,22,18,16,21,30
481211,0,3,1995,17,0,17,22,21,18,0,25,25,0
481211,1,1,1995,24,24,24,24,24,24,24,24,24,24
481212,1,1,1995,0,0,0,0,0,0,0,0,0,0
481212,2,1,1995,0,0,0,0,0,0,0,0,0,0
481213,1,1,1995,0,0,0,0,0,0,0,0,0,0
481214,1,1,1995,15,15,15,15,15,15,15,15,15,15
481215,1,1,1995,15,10,10,8,2,5,6,12,9,11
481216,1,1,1995,7,7,7,7,7,7,7,7,7,7
481217,1,1,1995,12,20,0,13,18,12,17,28,0,27
481218,0,1,1995,21,0,0,0,23,15,0,28,25,25
481218,1,1,1995,12,0,0,0,8,0,0,8,0,0
481219,1,1,1995,13,13,13,13,13,13,13,13,13,13
481219,2,1,1995,0,6,0,0,9,36,0,9,14,17
481220,1,1,1995,15,15,15,15,15,15,15,15,15,15
481221,0,1,1995,0,0,0,0,0,0,0,10,23,0
481221,1,1,1995,0,15,26,13,0,0,17,0,17,0
481222,0,1,1995,12,12,12,12,12,12,12,12,12,12
481222,1,1,1995,8,8,8,8,8,8,8,8,8,8
481223,1,1,1995,0,0,0,0,0,0,0,0,0,0
481223,2,1,1995,0,0,14,0,0,0,10,0,0,0
481224,1,1,1995,0,0,0,0,0,0,0,0,0,0
481225,1,1,1995,5,14,36,10,0,0,0,0,9,0
481226,1,1,1995,17,22,9,18,31,23,23,9,16,30
481227,0,1,1995,21,25,0,21,0,31,17,18,21,30
481227,1,1,1995,0,0,11,0,0,0,0,0,0,0
481228,1,1,1995,11,13,19,21,15,15,15,12,23,22
481229,1,1,1995,16,16,16,16,16,16,16,16,16,16
481230,1,1,1995,13,13,13,13,13,13,13,13,13,13
481231,1,1,1995,7,7,7,7,7,7,7,7,7,7
481232,1,1,1995,0,9,20,0,0,9,17,22,12,13
481233,1,1,1995,0,0,0,0,0,13,0,0,0,0
481233,2,1,1995,0,0,0,0,0,0,0,0,0,0
481234,0,1,1995,0,0,0,39,12,26,19,0,21,26
481234,1,1,1995,23,24,0,8,5,14,13,0,32,0
481235,1,1,1995,0,22,0,15,12,0,13,0,0,12
481236,1,1,1995,0,0,0,0,0,0,0,16,0,0
481236,2,1,1995,0,0,0,0,11,0,0,0,0,11
481237,1,1,1995,0,0,0,0,0,0,0,0,0,0
481237,2,1,1995,0,0,0,0,0,0,0,0,0,0
481238,1,1,1995,0,0,0,0,0,0,0,0,0,0
481238,2,1,1995,11,0,0,0,12,17,12,0,0,0
481239,1,1,1995,0,0,0,0,0,0,0,0,0,0
481239,2,1,1995,0,0,0,0,0,0,0,0,0,0
481240,1,1,1995,19,19,19,19,19,19,19,19,19,19
481241,1,1,1995,0,0,0,0,0,0,0,0,0,0
481241,2,1,1995,0,0,0,0,0,0,0,0,0,0
481242,1,1,1995,0,0,0,0,0,0,0,0,0,7
481242,2,1,1995,15,0,0,0,0,0,0,0,0,0
481242,3,1,1995,0,0,0,0,0,0,0,0,0,0
481242,4,1,1995,0,0,0,0,0,0,0,0,0,0
481243,1,1,1995,22,0,34,0,0,0,0,14,2,4
481243,2,1,1995,0,0,0,0,0,0,0,0,0,0
481244,1,1,1995,12,5,0,0,0,22,0,10,0,0
481244,2,1,1995,15,0,24,15,0,0,13,0,0,0
481244,3,1,1995,0,0,16,0,0,0,0,0,0,0
481245,0,1,1995,0,0,0,0,0,0,0,0,0,0
481245,1,1,1995,0,0,16,18,18,0,0,0,0,0
481246,1,1,1995,0,0,0,0,0,0,12,0,8,0
481246,2,1,1995,0,0,0,0,13,0,0,0,0,0
481246,3,1,1995,0,0,0,6,0,0,0,0,0,0
481247,1,1,1995,0,0,0,0,0,0,0,0,16,0
481247,2,1,1995,0,0,0,0,0,0,0,0,0,0
481248,1,1,1995,0,15,0,0,0,0,0,0,19,0
481248,2,1,1995,0,0,0,0,13,0,0,0,0,0
481249,1,1,1995,0,0,0,0,0,6,0,0,0,0
481250,1,1,1995,10,19,42,20,22,23,20,29,32,18
481251,1,1,1995,0,0,0,0,0,0,0,0,0,0
481252,1,1,1995,0,0,0,0,0,0,19,0,0,15
481253,1,1,1995,0,25,19,11,26,0,14,15,0,0
481253,2,1,1995,27,12,0,11,0,16,0,14,0,0
481253,3,1,1995,0,0,0,22,12,8,0,0,0,0
481254,1,1,1995,0,0,0,0,0,0,0,0,0,0
481255,0,1,1995,0,0,0,0,0,0,0,0,0,0
481255,1,1,1995,0,0,0,0,0,0,0,0,0,0
481256,0,1,1995,0,0,0,0,0,22,0,16,0,23
481256,0,2,1995,0,0,0,0,0,0,0,18,0,0
481256,1,1,1995,0,0,19,0,0,22,0,0,15,0
481257,0,1,1995,33,45,24,28,10,17,23,25,24,0
481257,1,1,1995,12,30,13,0,14,11,9,15,37,0
481258,1,1,1995,16,16,16,16,16,16,16,16,16,16
481258,2,1,1995,0,0,0,0,0,0,0,0,0,0
481259,1,1,1995,32,0,9,22,5,17,20,15,17,20
481260,1,1,1995,0,14,0,0,0,0,0,13,15,0
481261,0,1,1995,20,20,20,20,20,20,20,20,20,20
481261,1,1,1995,18,19,0,0,0,9,0,0,8,0
481262,1,1,1995,2,2,2,2,2,2,2,2,2,2
481262,2,1,1995,42,42,42,42,42,42,42,42,42,42
481263,0,1,1995,0,0,0,0,0,17,0,0,0,16
481263,1,1,1995,19,22,0,0,0,13,23,12,0,15
481264,0,1,1995,0,0,0,0,0,0,24,0,0,0
481264,1,1,1995,0,0,0,0,0,0,0,0,0,0
481265,0,1,1995,0,12,21,0,0,0,0,0,13,0
481265,1,1,1995,14,14,14,14,14,14,14,14,14,14
481266,1,1,1995,36,36,36,36,36,36,36,36,36,36
481267,1,1,1995,0,0,0,0,0,0,16,6,0,0
481267,2,1,1995,0,0,0,0,0,22,0,0,0,0
481268,1,1,1995,0,0,0,0,0,0,0,0,0,0
481269,1,1,1995,0,0,0,0,15,0,0,0,0,0
481269,2,1,1995,0,0,0,0,16,0,23,0,0,0
481270,1,1,1995,0,0,0,0,0,0,0,0,0,0
481270,2,1,1995,0,20,0,0,0,0,0,21,0,0
481271,0,1,1995,0,0,0,0,25,43,21,19,0,11
481271,1,1,1995,5,18,8,11,5,10,10,10,12,17
481272,1,1,1995,27,27,27,27,27,27,27,27,27,27
481273,1,1,1995,12,12,12,12,12,12,12,12,12,12
481274,1,1,1995,22,13,27,29,0,19,0,36,26,13
481275,1,1,1995,25,25,25,25,25,25,25,25,25,25
481276,1,1,1995,9,14,8,4,16,13,0,11,11,0
481276,2,1,1995,3,20,10,0,21,11,13,14,9,11
481277,1,1,1995,9,0,11,24,13,0,17,23,15,41
481278,1,1,1995,0,6,6,0,28,0,0,20,0,6
481279,1,1,1995,22,22,22,22,22,22,22,22,22,22
481280,1,1,1995,7,0,6,0,0,24,0,0,0,0
481281,1,1,1995,0,0,2,0,0,0,0,0,0,0
481281,2,1,1995,0,0,0,0,0,0,0,0,0,0
481282,0,1,1995,35,27,0,16,0,0,0,0,0,21
481282,1,1,1995,7,0,22,0,0,0,0,0,0,0
481283,1,1,1995,0,0,0,0,0,9,0,0,0,0
481283,2,1,1995,0,0,0,0,0,0,0,0,0,0