ST_CASE,VEH_NO,PER_NO,YEAR,P1,P2,P3,P4,P5,P6,P7,P8,P9,P10
481284,0,1,1995,0,0,0,0,0,0,41,16,0,0
481284,1,1,1995,13,13,13,13,13,13,13,13,13,13
481285,1,1,1995,0,0,0,0,0,0,0,0,0,0
481285,2,1,1995,0,0,0,0,0,0,0,0,0,0
481286,1,1,1995,0,0,0,0,0,0,0,0,0,0
481286,2,1,1995,0,0,0,0,0,0,0,0,0,0
481287,1,1,1995,0,0,0,0,0,0,0,0,0,0
481287,2,1,1995,19,19,19,19,19,19,19,19,19,19
481288,1,1,1995,14,18,15,11,14,7,19,11,9,16
481289,1,1,1995,0,0,0,0,0,9,0,0,0,0
481290,1,1,1995,0,0,0,20,4,28,0,0,19,0
481290,2,1,1995,0,0,9,0,0,0,0,0,0,0
481291,1,1,1995,0,0,0,0,0,0,0,0,0,17
481292,1,1,1995,0,0,15,0,0,0,0,0,0,0
481293,1,1,1995,0,0,0,0,0,0,0,18,0,9
481293,2,1,1995,0,0,0,0,0,0,0,0,0,0
481294,1,1,1995,17,17,17,17,17,17,17,17,17,17
481295,1,1,1995,0,0,0,0,0,0,0,0,0,0
481295,2,1,1995,0,0,0,0,16,0,0,0,0,0
481296,1,1,1995,0,0,0,0,0,0,0,0,0,0
481297,1,1,1995,0,0,0,0,0,0,0,0,0,0
481297,2,1,1995,0,0,0,0,21,0,0,0,0,0
481298,1,1,1995,0,0,0,0,0,0,0,0,0,0
481298,2,1,1995,19,19,19,19,19,19,19,19,19,19
481299,1,1,1995,0,0,0,13,0,0,16,0,0,0
481299,2,1,1995,5,0,11,0,0,14,0,22,0,14
481300,1,1,1995,17,17,17,17,17,17,17,17,17,17
481301,1,1,1995,16,11,16,20,6,17,11,11,15,6
481301,2,1,1995,18,0,0,0,0,0,0,0,0,0
481302,1,1,1995,0,0,0,0,0,0,0,0,0,0
481302,2,1,1995,0,14,0,0,0,10,0,0,0,0
481302,3,1,1995,0,0,25,0,0,0,0,23,0,15
481302,4,1,1995,0,14,0,0,0,0,0,5,0,0
481302,5,1,1995,0,0,0,0,0,0,0,0,0,0
481303,1,1,1995,0,0,0,0,0,0,0,0,0,0
481304,1,1,1995,0,20,0,0,0,0,0,0,18,0
481304,2,1,1995,0,0,0,0,0,0,0,0,0,4
481305,1,1,1995,0,0,0,0,0,0,0,0,0,0
481306,1,1,1995,12,12,12,12,12,12,12,12,12,12
481307,1,1,1995,0,0,0,0,0,0,0,0,0,0
481308,1,1,1995,15,15,15,15,15,15,15,15,15,15
481308,2,1,1995,10,0,0,17,0,0,0,0,0,0
481309,1,1,1995,0,0,0,0,0,0,0,0,0,0
481310,0,1,1995,7,35,18,20,0,0,10,30,18,0
481310,1,1,1995,4,4,4,4,4,4,4,4,4,4
481311,1,1,1995,19,0,6,0,0,0,3,0,0,2
481312,1,1,1995,0,0,14,0,0,0,0,0,0,0
481312,2,1,1995,6,0,0,0,0,0,0,0,11,0
481313,1,1,1995,21,21,21,21,21,21,21,21,21,21
481314,1,1,1995,0,0,5,0,0,0,10,0,6,0
481314,2,1,1995,0,0,0,0,0,0,0,0,0,0
481314,3,1,1995,0,0,0,0,0,0,16,0,0,0
481314,4,1,1995,0,0,0,0,0,0,0,0,0,0
481315,1,1,1995,11,11,11,11,11,11,11,11,11,11
481316,0,1,1995,0,0,0,0,0,0,0,0,0,0
481316,0,2,1995,0,0,0,0,3,12,17,0,0,0
481316,1,1,1995,2,2,2,2,2,2,2,2,2,2
481317,1,1,1995,15,18,15,30,21,28,21,9,20,36
481318,1,1,1995,0,0,0,0,0,0,0,0,0,0
481319,1,1,1995,24,24,24,24,24,24,24,24,24,24
481320,1,1,1995,0,0,0,0,0,0,0,0,0,0
481321,0,1,1995,0,0,0,0,0,0,0,38,0,0
481321,1,1,1995,0,0,0,0,0,0,0,0,0,0
481322,1,1,1995,0,0,0,0,0,0,0,0,0,0
481322,2,1,1995,0,0,0,0,0,0,0,0,0,0
481323,1,1,1995,0,0,0,0,0,0,0,0,0,0
481323,2,1,1995,0,0,0,0,0,0,0,0,0,0
481324,1,1,1995,0,0,0,0,0,0,0,0,0,0
481325,1,1,1995,28,28,28,28,28,28,28,28,28,28
481326,1,1,1995,0,0,0,0,0,0,0,0,0,0
481327,1,1,1995,0,0,0,0,0,0,0,0,0,0
481327,2,1,1995,0,0,0,0,0,0,0,0,0,0
481328,1,1,1995,0,0,0,0,0,0,0,0,0,0
481328,2,1,1995,0,0,0,0,0,0,0,0,0,0
481329,1,1,1995,21,13,7,24,8,17,8,30,29,13
481330,1,1,1995,0,4,8,7,23,21,8,9,12,24
481330,2,1,1995,0,28,7,12,0,0,0,0,0,11
481331,1,1,1995,0,0,0,0,0,0,0,0,0,0
481331,2,1,1995,24,24,24,24,24,24,24,24,24,24
481331,3,1,1995,0,0,0,0,17,0,0,0,0,0
481331,4,1,1995,0,0,0,0,0,16,0,0,0,0
481331,5,1,1995,2,0,0,10,7,0,0,0,0,0
481331,6,1,1995,0,0,17,0,0,0,0,0,0,0
481332,1,1,1995,0,0,0,0,0,0,0,0,0,0
481332,2,1,1995,0,0,0,0,0,20,13,0,0,0
481333,0,1,1995,10,10,10,10,10,10,10,10,10,10
481333,1,1,1995,0,0,0,7,0,0,0,2,0,0
481334,0,1,1995,0,0,14,0,0,0,0,0,10,0
481334,1,1,1995,15,13,0,16,25,31,31,16,18,15
481335,1,1,1995,18,0,0,0,11,0,22,0,14,25
481336,1,1,1995,0,19,6,0,24,0,0,12,0,4
481337,1,1,1995,0,0,0,0,0,0,0,0,0,0
481337,2,1,1995,0,0,16,8,18,0,0,0,0,0
481338,1,1,1995,0,0,0,0,0,18,0,0,0,0
481338,2,1,1995,0,0,0,0,0,0,0,0,0,0
481339,1,1,1995,0,0,0,0,0,0,10,11,0,0
481339,2,1,1995,14,14,14,14,14,14,14,14,14,14
481340,1,1,1995,0,0,0,0,0,0,0,0,0,0
481341,1,1,1995,25,25,25,25,25,25,25,25,25,25
481342,1,1,1995,0,0,0,0,17,0,0,0,0,0
481342,2,1,1995,13,0,0,0,0,0,0,0,0,0
481342,3,1,1995,28,0,0,0,0,0,0,0,0,0
481343,1,1,1995,0,0,0,0,0,0,0,0,0,0
481343,2,1,1995,0,0,0,0,0,6,0,0,0,0
481343,3,1,1995,0,0,18,0,0,21,0,0,7,0
481344,1,1,1995,0,0,0,0,9,0,11,13,0,0
481345,0,1,1995,20,20,20,20,20,20,20,20,20,20
481345,1,1,1995,13,13,13,13,13,13,13,13,13,13
481346,1,1,1995,0,0,21,14,21,18,0,0,20,10
481347,1,1,1995,18,18,18,18,18,18,18,18,18,18
481347,2,1,1995,0,0,0,0,0,0,0,0,0,0
481348,1,1,1995,0,0,0,0,0,12,0,0,0,0
481348,2,1,1995,26,0,13,0,0,29,0,0,0,0
481349,1,1,1995,7,0,0,20,21,0,0,0,0,0
481349,2,1,1995,0,0,0,0,0,0,0,0,0,0
481350,1,1,1995,29,29,29,29,29,29,29,29,29,29
481351,1,1,1995,26,13,15,23,5,39,18,17,14,24
481352,1,1,1995,0,0,0,0,0,0,0,0,0,0
481353,1,1,1995,0,0,0,0,0,0,0,0,0,0
481353,2,1,1995,8,0,14,0,6,0,12,15,0,22
481354,1,1,1995,0,0,0,0,0,10,0,0,0,0
481354,2,1,1995,0,0,22,0,0,0,0,0,0,0
481354,3,1,1995,0,0,0,0,0,0,0,0,0,16
481354,4,1,1995,0,0,0,0,0,0,0,0,0,0
481355,1,1,1995,19,20,0,22,7,5,9,14,0,9
481356,1,1,1995,32,32,32,32,32,32,32,32,32,32
481357,1,1,1995,0,0,0,0,0,0,0,0,0,0
481357,2,1,1995,0,0,0,0,0,0,0,0,0,0
481358,1,1,1995,0,0,0,0,0,0,0,0,0,0
481358,2,1,1995,0,0,0,0,0,0,0,0,0,0
481359,1,1,1995,0,0,0,0,7,0,8,0,0,0
481360,1,1,1995,12,7,7,20,14,13,18,7,22,10
481361,1,1,1995,8,29,22,27,11,23,23,29,21,27
481362,1,1,1995,24,10,23,28,15,17,25,9,16,16
481363,0,1,1995,25,46,13,18,19,4,0,0,17,20
481363,1,1,1995,8,8,15,27,10,13,3,19,14,10
481364,0,1,1995,0,35,22,0,0,14,0,9,14,0
481364,1,1,1995,0,0,0,0,0,0,0,0,0,0
481365,1,1,1995,9,10,11,5,14,7,21,19,6,18
481365,2,1,1995,0,0,0,0,0,0,0,0,0,11
481366,1,1,1995,0,0,0,0,0,0,0,0,0,0
481366,2,1,1995,0,19,0,0,0,0,0,0,0,0
481367,0,1,1995,30,30,30,30,30,30,30,30,30,30
481367,1,1,1995,14,14,14,14,14,14,14,14,14,14
481368,0,1,1995,0,0,0,18,0,0,17,0,0,0
481368,0,2,1995,12,19,0,0,12,24,14,10,0,0
481368,1,1,1995,6,6,6,6,6,6,6,6,6,6
481369,0,1,1995,18,24,15,0,3,0,13,19,0,22
481369,1,1,1995,13,21,0,0,4,0,10,21,10,0
481369,2,1,1995,0,0,0,0,0,0,0,23,0,0
481370,0,1,1995,0,0,0,0,0,0,0,0,0,0
481370,1,1,1995,3,15,13,0,21,17,2,19,8,18
481370,2,1,1995,0,0,0,0,0,0,0,0,0,0
481371,1,1,1995,0,0,0,0,0,0,0,0,0,0
481372,1,1,1995,0,0,0,0,0,0,0,0,0,0
481373,0,1,1995,0,0,0,26,0,30,0,0,47,0
481373,0,2,1995,0,0,0,0,20,0,0,0,0,0
481373,3,1,1995,17,17,17,17,17,17,17,17,17,17
481374,1,1,1995,37,18,12,13,35,0,10,21,16,13
481375,0,1,1995,0,0,25,0,32,40,13,24,0,11
481375,1,1,1995,0,0,0,24,0,22,12,0,18,0
481376,1,1,1995,0,8,0,0,0,0,0,0,0,0
481376,2,1,1995,0,0,17,0,0,0,0,0,0,0
481377,0,1,1995,17,8,22,11,12,7,12,18,18,23
481377,1,1,1995,0,0,0,0,0,0,0,3,0,9
481378,0,1,1995,0,0,0,14,0,0,6,39,0,0
481378,0,2,1995,0,0,0,28,0,0,14,23,29,0
481378,1,1,1995,8,8,8,8,8,8,8,8,8,8
481379,1,1,1995,0,0,0,0,0,0,0,0,0,0
481379,2,1,1995,0,0,0,0,0,0,0,0,0,0
481380,1,1,1995,19,6,25,36,41,23,42,20,9,25
481381,1,1,1995,0,0,0,0,0,0,0,0,0,0
481381,2,1,1995,0,0,0,0,0,0,0,0,0,0
481382,1,1,1995,0,0,0,0,0,0,0,0,0,0
481382,2,1,1995,0,0,0,3,0,0,0,0,0,0
481383,1,1,1995,7,0,0,0,0,0,0,0,0,0
481384,0,1,1995,0,0,0,38,0,0,6,18,0,14
481384,1,1,1995,23,23,23,23,23,23,23,23,23,23
481385,0,1,1995,13,0,0,0,0,0,0,0,0,0
481385,1,1,1995,0,0,0,0,0,9,0,3,0,0
481386,1,1,1995,0,0,0,0,0,0,0,1,0,0
481386,2,1,1995,19,19,19,19,19,19,19,19,19,19
481387,1,1,1995,0,0,0,0,0,13,0,18,0,0
481388,1,1,1995,0,0,0,0,0,0,0,0,12,0
481388,2,1,1995,4,8,5,0,8,23,4,7,24,16
481389,1,1,1995,0,18,0,0,0,11,0,0,0,0
481390,1,1,1995,0,0,0,17,27,20,25,5,0,0
481390,2,1,1995,0,0,0,0,0,0,0,9,0,0
481391,1,1,1995,14,14,14,14,14,14,14,14,14,14
481392,1,1,1995,0,0,0,4,0,0,0,0,0,5
481392,2,1,1995,0,0,0,0,0,0,0,0,0,0
481393,1,1,1995,0,0,0,0,0,0,0,0,0,0
481393,2,1,1995,0,0,0,0,0,0,0,0,0,0
481394,1,1,1995,0,0,0,0,0,0,0,0,0,0
481395,1,1,1995,0,0,0,0,0,0,0,0,0,0
481395,2,1,1995,23,23,23,23,23,23,23,23,23,23
481396,0,1,1995,0,0,0,0,0,0,0,0,0,0
481396,1,1,1995,0,0,0,0,0,0,0,0,0,0
481397,1,1,1995,0,0,0,0,0,0,0,0,0,0
481397,2,1,1995,0,0,0,0,0,0,0,0,0,0
481397,3,1,1995,0,0,0,0,0,0,0,0,0,0
481398,1,1,1995,7,7,7,7,7,7,7,7,7,7
481399,1,1,1995,0,0,0,0,15,0,0,20,0,23
481400,1,1,1995,0,0,0,0,0,17,0,0,0,5
481401,1,1,1995,24,24,24,24,24,24,24,24,24,24
481402,1,1,1995,0,0,0,0,0,0,0,0,0,0
481402,2,1,1995,4,4,4,4,4,4,4,4,4,4
481403,1,1,1995,14,10,21,26,11,9,11,8,16,8
481404,1,1,1995,0,0,0,0,0,0,0,0,0,0
481404,2,1,1995,0,0,0,0,0,0,0,0,0,0
481405,1,1,1995,7,7,7,7,7,7,7,7,7,7
481406,1,1,1995,0,18,15,0,17,14,14,16,0,0
481407,1,1,1995,0,0,0,0,0,0,4,0,0,0
481407,2,1,1995,0,0,0,10,0,0,18,0,0,0
481408,1,1,1995,11,0,4,6,22,5,0,7,37,0
481408,2,1,1995,17,17,17,17,17,17,17,17,17,17
481409,0,1,1995,0,0,10,0,0,0,0,0,0,0
481409,0,2,1995,0,0,25,0,0,0,0,0,10,0
481409,0,3,1995,0,0,14,0,0,0,0,0,0,0
481409,1,1,1995,22,0,0,25,0,13,0,0,0,0
481409,2,1,1995,0,0,0,0,10,31,0,0,10,0
481410,0,1,1995,13,8,27,0,0,22,12,0,17,19
481410,1,1,1995,0,0,3,0,0,0,0,0,0,0
481411,1,1,1995,0,0,0,65,0,0,0,0,0,0
481411,2,1,1995,12,12,12,12,12,12,12,12,12,12
481412,0,2,1995,23,12,0,4,0,9,15,28,15,0
481412,1,1,1995,0,20,0,21,0,0,0,8,0,0
481413,1,1,1995,18,16,0,0,0,0,0,0,0,16
481413,2,1,1995,0,0,0,0,0,0,0,0,0,0
481413,3,1,1995,0,0,23,0,16,0,0,0,0,0
481414,1,1,1995,32,0,0,0,0,0,0,0,0,0
481414,2,1,1995,0,0,20,21,0,0,13,27,16,26
481414,3,1,1995,10,36,11,19,8,17,23,11,11,6
481415,1,1,1995,17,19,17,0,7,0,21,35,21,22
481416,0,1,1995,17,17,17,17,17,17,17,17,17,17
481416,1,1,1995,22,23,0,0,0,0,0,34,6,0
481417,1,1,1995,6,14,21,17,15,11,20,6,12,25
481417,2,1,1995,0,0,0,17,0,0,0,0,0,0
481418,1,1,1995,0,20,12,0,0,0,0,0,0,0
481419,1,1,1995,18,18,18,18,18,18,18,18,18,18
481420,1,1,1995,15,15,15,15,15,15,15,15,15,15
481420,2,1,1995,33,15,0,0,0,0,0,0,12,27
481421,1,1,1995,24,24,24,24,24,24,24,24,24,24
481422,1,1,1995,19,19,19,19,19,19,19,19,19,19
481423,1,1,1995,0,0,0,0,0,0,0,0,0,0
481424,0,1,1995,23,0,0,0,25,0,0,28,0,0
481424,1,1,1995,0,0,0,0,0,0,0,0,0,0
481425,1,1,1995,0,0,0,0,0,0,0,0,0,0
481425,2,1,1995,0,0,0,0,3,0,0,0,0,0
481426,1,1,1995,20,20,20,20,20,20,20,20,20,20
481427,0,1,1995,0,0,0,0,0,0,0,0,0,0
481427,1,1,1995,0,0,0,0,0,6,0,0,0,0
481428,1,1,1995,0,0,0,0,0,0,0,8,0,0
481429,1,1,1995,0,0,0,28,0,0,0,0,0,0
481429,2,1,1995,0,0,6,0,0,0,0,0,0,0
481430,1,1,1995,13,13,13,13,13,13,13,13,13,13
481431,1,1,1995,21,21,21,21,21,21,21,21,21,21
481432,1,1,1995,31,27,20,0,0,0,0,0,18,0
481433,0,1,1995,0,0,0,0,0,0,0,0,0,0
481433,0,2,1995,0,0,0,0,0,0,0,0,0,0
481433,0,3,1995,0,0,0,0,0,0,0,0,0,0
481433,1,1,1995,0,0,0,0,0,0,0,0,0,0
481434,1,1,1995,13,0,0,12,0,23,0,0,28,17
481435,1,1,1995,16,27,6,25,6,10,13,11,16,24
481436,1,1,1995,0,7,0,0,0,0,0,18,13,0
481437,1,1,1995,0,0,0,0,0,0,0,0,0,0
481438,1,1,1995,0,14,0,0,11,12,33,14,0,12
481439,1,1,1995,0,0,36,0,24,0,0,26,15,0
481440,1,1,1995,0,0,0,4,0,0,0,0,0,0
481440,2,1,1995,0,0,0,0,0,0,10,0,0,0
481440,3,1,1995,0,6,0,0,7,0,0,0,0,12
481441,1,1,1995,0,0,0,0,0,0,3,0,0,0
481442,1,1,1995,4,13,27,16,3,8,16,5,7,20
481443,1,1,1995,13,13,13,13,13,13,13,13,13,13
481444,1,1,1995,25,25,25,25,25,25,25,25,25,25
481445,1,1,1995,0,0,0,0,0,0,0,0,0,0
481446,1,1,1995,29,8,0,0,17,20,10,22,21,14
481447,1,1,1995,0,0,0,0,0,0,0,0,0,0
481447,2,1,1995,17,15,24,0,10,0,0,11,18,0
481448,1,1,1995,22,22,22,22,22,22,22,22,22,22
481448,2,1,1995,0,0,0,0,0,0,0,0,0,0
481449,1,1,1995,0,12,0,0,25,23,12,0,0,0
481450,1,1,1995,0,0,0,0,0,0,0,0,0,0
481450,2,1,1995,0,0,0,0,0,0,0,0,0,0
481451,1,1,1995,3,0,0,0,0,0,0,0,0,0
481451,2,1,1995,0,0,0,0,0,0,0,0,0,0
481451,3,1,1995,0,0,0,0,0,0,0,0,0,0
481451,4,1,1995,0,0,0,14,0,0,0,0,0,0
481451,5,1,1995,0,0,14,0,0,16,0,0,0,0
481451,6,1,1995,0,0,0,0,0,8,0,0,0,0
481451,7,1,1995,0,0,0,0,0,0,0,0,0,0
481451,8,1,1995,0,0,0,0,0,0,0,0,0,0
481451,9,1,1995,0,0,0,0,0,22,0,0,0,0
481451,10,1,1995,0,0,0,0,0,0,0,0,0,0
481451,11,1,1995,0,0,0,0,0,0,0,0,0,0
481451,12,1,1995,0,0,0,0,0,0,0,0,0,0
481451,13,1,1995,0,0,0,0,0,0,0,0,0,0
481451,14,1,1995,0,0,0,0,0,0,0,0,0,0
481451,15,1,1995,0,0,0,0,0,0,0,0,0,0
481451,16,1,1995,0,0,0,0,0,0,0,0,0,0
481452,1,1,1995,0,0,0,0,0,0,0,0,0,0
481452,2,1,1995,0,0,0,0,0,0,0,0,0,0
481453,0,1,1995,0,0,0,0,0,0,0,0,0,0
481453,0,2,1995,0,0,0,0,0,0,0,0,0,0
481453,1,1,1995,0,0,0,0,0,0,0,24,0,0
481453,2,1,1995,0,0,0,0,0,0,0,0,0,0
481454,1,1,1995,0,0,0,0,0,0,0,9,0,0
481454,2,1,1995,0,0,26,9,18,0,15,23,0,0
481454,3,1,1995,0,10,0,5,0,0,0,18,0,0
481455,1,1,1995,0,0,0,0,0,0,0,0,0,0
481455,2,1,1995,0,0,0,0,0,0,0,0,0,0
481456,1,1,1995,0,0,0,0,0,0,0,0,0,0
481456,2,1,1995,0,0,0,0,0,0,0,0,0,0
481457,1,1,1995,0,0,0,0,0,0,0,0,0,0
481457,2,1,1995,0,0,0,0,0,0,11,0,0,0
481458,1,1,1995,24,24,24,24,24,24,24,24,24,24
481459,1,1,1995,12,12,12,12,12,12,12,12,12,12
481459,2,1,1995,0,0,0,0,0,0,0,0,0,0
481460,1,1,1995,0,0,0,0,0,0,0,0,0,0
481461,1,1,1995,0,0,0,0,0,0,0,0,0,0
481461,2,1,1995,14,0,0,0,0,0,0,0,0,0
481462,0,1,1995,0,15,43,0,0,29,0,0,0,0
481462,1,1,1995,0,0,0,0,0,0,0,0,0,0
481463,1,1,1995,12,13,0,0,19,22,0,0,17,0
481464,1,1,1995,0,0,0,10,0,0,0,0,0,0
481464,2,1,1995,0,9,0,0,0,0,0,0,0,0
481465,1,1,1995,0,0,0,0,0,0,0,0,0,0
481466,0,1,1995,0,0,0,24,0,35,0,19,12,13
481466,1,1,1995,0,0,0,0,0,0,0,12,0,16
481467,1,1,1995,0,0,0,0,0,0,0,0,0,0
481468,0,1,1995,0,0,0,0,0,0,0,0,0,0
481468,1,1,1995,0,22,0,0,0,0,0,0,0,14
481469,1,1,1995,6,9,0,19,8,3,21,10,26,24
481470,1,1,1995,23,13,21,29,22,13,25,25,27,15
481471,1,1,1995,0,0,0,0,0,0,0,0,8,0
481472,0,1,1995,39,0,24,18,12,0,0,10,19,28
481472,1,1,1995,17,7,9,0,0,19,0,0,0,2
481473,1,1,1995,0,0,0,0,0,0,0,0,0,0
481473,2,1,1995,15,15,15,15,15,15,15,15,15,15
481474,1,1,1995,0,0,0,6,0,0,0,0,0,0
481475,0,1,1995,0,22,0,0,29,0,0,0,0,0
481475,1,1,1995,0,0,0,0,0,0,0,0,0,0
481476,0,1,1995,22,0,7,0,0,0,24,0,0,0
481476,1,1,1995,24,12,21,10,12,0,19,5,9,0
481477,1,1,1995,26,26,26,26,26,26,26,26,26,26
481477,2,1,1995,0,20,0,0,0,10,0,0,0,0
481478,1,1,1995,14,14,14,14,14,14,14,14,14,14
481479,0,1,1995,19,19,19,19,19,19,19,19,19,19
481479,1,1,1995,0,8,7,0,0,0,0,6,0,17
481480,0,1,1995,19,19,19,19,19,19,19,19,19,19
481480,1,1,1995,0,0,0,19,0,0,23,19,28,19
481481,1,1,1995,0,0,0,0,0,0,0,0,0,0
481481,2,1,1995,0,0,0,0,10,0,13,0,7,0
481481,3,1,1995,6,0,0,0,0,0,0,0,0,0
481482,1,1,1995,0,0,0,0,0,0,0,15,0,0
481482,2,1,1995,15,15,15,15,15,15,15,15,15,15
481483,0,1,1995,0,0,0,0,0,0,0,0,0,0
481483,2,1,1995,0,0,0,0,0,0,0,0,0,0
481483,3,1,1995,0,0,0,0,0,0,0,0,0,0
481484,1,1,1995,0,0,0,0,0,0,0,0,0,0
481484,3,1,1995,0,0,0,0,0,0,0,0,18,0
481485,0,1,1995,9,4,8,10,15,21,7,21,0,12
481485,1,1,1995,17,15,0,6,0,21,0,0,0,0
481486,0,1,1995,0,0,0,0,0,0,0,0,0,0
481486,1,1,1995,24,24,24,24,24,24,24,24,24,24
481487,1,1,1995,34,34,34,34,34,34,34,34,34,34
481487,2,1,1995,0,21,0,0,16,20,0,0,0,9
481488,1,1,1995,0,0,0,0,0,0,0,0,0,0
481489,0,1,1995,0,0,18,0,0,0,0,0,0,0
481489,1,1,1995,34,29,0,0,0,0,0,14,0,0
481490,1,1,1995,0,0,0,0,0,15,0,14,0,13
481490,2,1,1995,14,14,14,14,14,14,14,14,14,14
481491,1,1,1995,0,0,0,15,0,0,0,0,0,0
481492,1,1,1995,0,0,0,0,0,27,0,0,0,0
481492,2,1,1995,10,23,0,0,0,0,0,0,5,0
481493,1,1,1995,0,0,0,0,0,0,0,0,0,0
481493,2,1,1995,0,0,0,0,0,20,0,24,0,0
481494,0,1,1995,20,20,20,20,20,20,20,20,20,20
481494,1,1,1995,6,6,6,6,6,6,6,6,6,6
481495,1,1,1995,0,0,0,0,0,0,16,0,0,0
481496,1,1,1995,18,0,0,0,0,0,0,0,0,0
481497,0,1,1995,0,0,0,0,0,0,0,0,0,0
481497,1,1,1995,0,0,0,0,0,0,0,0,0,0
481498,1,1,1995,6,6,6,6,6,6,6,6,6,6
481498,2,1,1995,0,0,0,0,0,0,0,0,0,0
481498,3,1,1995,17,0,0,0,0,0,0,0,0,0
481499,1,1,1995,0,0,0,0,19,19,0,0,8,0
481500,1,1,1995,0,0,0,0,0,0,0,0,0,0
481500,2,1,1995,0,0,0,0,0,0,0,0,0,0
481501,1,1,1995,16,16,16,16,16,16,16,16,16,16
481501,2,1,1995,0,0,0,0,0,0,0,0,0,0
481502,1,1,1995,17,17,17,17,17,17,17,17,17,17
481503,1,1,1995,12,0,0,0,0,0,0,0,0,0
481504,1,1,1995,0,0,0,0,0,0,0,0,0,0
481504,2,1,1995,29,0,9,0,0,0,0,0,0,0
481505,1,1,1995,0,0,0,0,0,0,0,0,0,0
481505,2,1,1995,17,16,22,17,20,23,26,0,0,16
481506,1,1,1995,0,0,0,0,0,0,0,0,0,0
481507,0,1,1995,26,25,26,18,0,28,5,4,37,9
481507,1,1,1995,25,25,25,13,22,4,19,0,18,11
481508,1,1,1995,0,0,0,0,0,3,0,0,0,0
481509,1,1,1995,0,15,0,0,0,0,0,0,0,0
481509,2,1,1995,0,0,0,0,0,0,0,0,0,0
481510,0,1,1995,0,43,0,33,0,0,0,0,0,0
481510,1,1,1995,0,0,0,0,6,0,7,0,4,2
481511,1,1,1995,23,23,23,23,23,23,23,23,23,23
481512,1,1,1995,0,10,0,0,0,0,0,0,0,0
481512,2,1,1995,0,0,0,0,0,0,0,0,0,0
481513,1,1,1995,26,26,26,26,26,26,26,26,26,26
481514,1,1,1995,22,13,9,28,5,8,16,21,15,8
481515,1,1,1995,0,0,0,0,0,0,0,0,0,0
481516,1,1,1995,3,3,3,3,3,3,3,3,3,3
481517,1,1,1995,0,0,0,0,0,0,0,0,0,0
481518,1,1,1995,0,0,0,0,0,0,0,0,0,0
481518,2,1,1995,0,0,0,0,0,0,0,0,0,0
481518,3,1,1995,0,0,0,0,0,0,0,0,0,0
481519,1,1,1995,0,0,0,0,0,0,0,0,0,0
481519,2,1,1995,0,0,0,0,0,0,0,0,0,0
481520,1,1,1995,19,19,19,19,19,19,19,19,19,19
481521,1,1,1995,20,20,20,20,20,20,20,20,20,20
481522,1,1,1995,0,0,0,0,0,0,0,0,0,0
481523,1,1,1995,2,2,2,2,2,2,2,2,2,2
481524,1,1,1995,0,0,0,0,0,0,0,0,0,0
481524,2,1,1995,0,0,0,0,0,0,0,0,0,0
481525,1,1,1995,17,24,0,11,13,23,21,25,34,22
481525,2,1,1995,0,0,0,0,13,0,0,0,0,0
481526,1,1,1995,0,0,0,0,0,0,0,0,0,0
481526,2,1,1995,0,0,0,0,0,0,10,0,0,0
481527,1,1,1995,0,0,0,0,0,0,0,0,0,0
481527,2,1,1995,0,0,0,0,0,0,0,0,0,0
481528,1,1,1995,1,1,1,1,1,1,1,1,1,1
481529,1,1,1995,0,0,5,0,0,0,0,0,0,0
481529,2,1,1995,6,6,6,6,6,6,6,6,6,6
481530,1,1,1995,0,0,0,0,11,0,0,0,0,0
481530,2,1,1995,0,0,0,0,0,0,0,0,0,0
481531,1,1,1995,19,19,19,19,19,19,19,19,19,19
481532,1,1,1995,0,16,0,15,35,0,3,15,0,18
481533,1,1,1995,18,0,17,0,13,0,0,0,0,0
481533,2,1,1995,22,22,22,22,22,22,22,22,22,22
481534,1,1,1995,0,0,0,0,0,0,0,0,0,0
481534,2,1,1995,0,0,0,0,0,0,0,0,0,0
481535,1,1,1995,16,16,16,16,16,16,16,16,16,16
481536,1,1,1995,0,0,0,24,0,10,11,7,13,5
481536,2,1,1995,0,0,0,0,0,0,0,0,0,0
481537,1,1,1995,0,0,0,0,0,0,0,0,0,0
481537,2,1,1995,0,0,0,0,0,0,0,0,0,0
481538,1,1,1995,12,12,12,12,12,12,12,12,12,12
481538,2,1,1995,0,0,0,0,0,0,0,0,0,0
481539,1,1,1995,17,17,17,17,17,17,17,17,17,17
481540,1,1,1995,0,0,0,0,0,0,0,0,0,0
481540,2,1,1995,0,0,0,0,0,0,0,0,0,0
481541,1,1,1995,18,0,15,0,27,22,0,28,15,16
481542,1,1,1995,4,4,4,4,4,4,4,4,4,4
481543,1,1,1995,0,0,0,0,0,0,0,0,0,0