ST_CASE,VEH_NO,PER_NO,YEAR,P1,P2,P3,P4,P5,P6,P7,P8,P9,P10
481544,1,1,1995,12,0,20,0,0,0,0,0,8,7
481545,1,1,1995,0,0,0,0,0,0,0,0,0,0
481545,2,1,1995,0,0,0,0,0,0,0,0,0,0
481546,1,1,1995,0,0,0,0,11,0,0,20,2,0
481547,1,1,1995,0,28,22,13,0,17,20,21,0,0
481548,0,1,1995,24,0,23,7,18,19,0,14,20,10
481548,1,1,1995,19,17,14,10,0,0,0,0,15,13
481549,0,1,1995,0,0,0,0,0,0,0,0,0,0
481549,1,1,1995,0,0,0,0,0,0,0,0,0,0
481550,1,1,1995,16,16,16,16,16,16,16,16,16,16
481551,1,1,1995,17,17,17,17,17,17,17,17,17,17
481551,2,1,1995,20,14,0,0,12,24,9,18,0,9
481552,1,1,1995,20,5,21,27,35,7,20,16,26,30
481553,1,1,1995,8,8,8,8,8,8,8,8,8,8
481554,1,1,1995,20,20,20,20,20,20,20,20,20,20
481555,1,1,1995,17,17,17,17,17,17,17,17,17,17
481555,2,1,1995,0,0,0,0,0,0,0,0,0,0
481556,1,1,1995,24,24,24,24,24,24,24,24,24,24
481556,2,1,1995,0,0,0,0,0,0,7,0,0,0
481557,0,1,1995,15,15,15,15,15,15,15,15,15,15
481557,1,1,1995,0,0,5,0,8,0,0,16,0,13
481558,0,1,1995,20,20,20,20,20,20,20,20,20,20
481558,1,1,1995,5,0,9,19,11,0,20,0,16,15
481558,2,1,1995,7,7,7,7,7,7,7,7,7,7
481558,3,1,1995,0,0,0,0,0,0,0,0,0,0
481559,0,1,1995,0,28,0,0,0,47,0,22,9,4
481559,1,1,1995,29,0,11,0,0,0,0,0,0,0
481560,1,1,1995,0,0,0,0,0,0,0,0,0,0
481560,2,1,1995,0,0,0,0,0,0,0,0,0,0
481561,1,1,1995,0,0,0,0,0,0,0,0,0,0
481561,2,1,1995,0,0,0,0,0,0,0,0,0,0
481561,3,1,1995,0,0,0,0,0,0,0,0,0,0
481562,2,1,1995,19,19,19,19,19,19,19,19,19,19
481563,1,1,1995,0,0,0,0,0,0,0,0,0,0
481563,2,1,1995,0,0,0,0,0,0,0,0,0,11
481564,1,1,1995,0,16,0,11,0,0,0,0,0,30
481564,2,1,1995,0,0,0,0,0,0,0,0,0,0
481564,3,1,1995,0,0,0,0,0,0,0,0,0,0
481565,1,1,1995,19,19,14,25,16,0,14,17,13,22
481566,0,1,1995,0,16,0,25,0,0,0,28,0,0
481567,1,1,1995,6,6,6,6,6,6,6,6,6,6
481567,2,1,1995,0,0,0,0,0,0,0,0,0,0
481568,1,1,1995,0,0,0,0,0,0,0,0,0,0
481568,2,1,1995,0,0,0,0,0,0,0,0,0,0
481568,3,1,1995,0,0,0,0,0,0,0,0,0,0
481569,1,1,1995,0,0,0,0,0,0,0,0,0,0
481569,2,1,1995,6,6,11,0,13,10,5,20,17,20
481570,1,1,1995,0,0,0,0,0,0,0,0,0,0
481571,1,1,1995,9,9,9,9,9,9,9,9,9,9
481571,2,1,1995,0,0,0,0,0,0,0,0,0,0
481572,1,1,1995,24,7,27,21,19,14,10,10,9,13
481572,2,1,1995,6,8,8,4,20,21,17,12,9,5
481573,1,1,1995,0,0,0,0,0,21,15,7,0,0
481573,2,1,1995,0,0,0,0,0,0,0,19,0,0
481574,1,1,1995,0,0,0,0,0,0,0,0,0,0
481574,2,1,1995,0,0,0,0,0,0,0,0,26,0
481574,3,1,1995,0,0,0,0,0,0,0,0,0,0
481575,1,1,1995,0,0,0,0,0,0,0,0,0,0
481575,2,1,1995,37,0,0,0,0,0,0,0,26,0
481576,1,1,1995,0,0,0,0,0,0,0,0,0,0
481577,1,1,1995,0,0,0,0,0,0,0,0,0,0
481578,1,1,1995,0,0,0,0,0,0,0,0,0,0
481578,2,1,1995,0,0,0,0,0,0,0,0,0,0
481579,1,1,1995,0,0,0,0,0,0,0,0,0,0
481579,2,1,1995,0,0,0,0,0,0,0,0,0,0
481579,3,1,1995,0,0,0,0,0,0,0,0,0,0
481580,1,1,1995,0,6,0,0,8,0,0,20,0,0
481581,1,1,1995,0,15,0,0,0,0,0,0,0,0
481581,2,1,1995,11,14,21,23,27,31,0,17,12,12
481582,0,1,1995,36,0,0,13,0,0,20,70,14,12
481582,1,1,1995,0,0,0,0,0,0,0,8,0,0
481583,1,1,1995,0,8,0,0,16,0,0,0,0,0
481584,1,1,1995,0,0,0,0,0,25,0,0,0,0
481584,2,1,1995,0,0,0,0,0,0,0,16,0,0
481585,1,1,1995,0,0,0,0,0,0,0,0,0,0
481585,3,1,1995,5,0,0,0,0,0,0,0,0,0
481586,0,1,1995,0,0,0,0,0,0,0,0,0,0
481586,0,2,1995,0,0,0,0,0,0,0,0,0,0
481586,1,1,1995,0,0,0,0,0,0,0,0,0,0
481587,1,1,1995,24,13,18,17,8,24,18,0,27,32
481588,1,1,1995,0,22,0,18,18,0,13,10,9,25
481588,2,1,1995,0,0,4,24,0,14,0,25,9,0
481589,1,1,1995,13,13,13,13,13,13,13,13,13,13
481589,2,1,1995,0,0,0,0,22,0,0,0,0,0
481590,0,1,1995,37,37,37,37,37,37,37,37,37,37
481590,1,1,1995,24,24,24,24,24,24,24,24,24,24
481591,1,1,1995,18,19,28,15,21,19,0,12,11,23
481592,1,1,1995,13,13,13,13,13,13,13,13,13,13
481592,2,1,1995,10,10,10,10,10,10,10,10,10,10
481593,0,1,1995,26,26,26,26,26,26,26,26,26,26
481593,1,1,1995,0,16,0,16,0,20,9,0,0,0
481594,1,1,1995,19,23,25,0,0,21,0,0,18,0
481595,0,1,1995,0,0,0,0,0,0,0,0,0,0
481595,0,2,1995,0,14,0,23,0,0,0,16,0,14
481595,1,1,1995,44,14,19,3,7,11,7,8,8,9
481596,0,1,1995,16,16,16,16,16,16,16,16,16,16
481596,1,1,1995,0,0,0,0,0,0,0,0,0,0
481597,1,1,1995,20,20,20,20,20,20,20,20,20,20
481598,1,1,1995,10,10,10,10,10,10,10,10,10,10
481598,2,1,1995,0,0,0,0,0,0,0,0,0,0
481599,1,1,1995,33,33,33,33,33,33,33,33,33,33
481600,1,1,1995,14,14,14,14,14,14,14,14,14,14
481600,2,1,1995,0,0,10,16,0,0,0,20,9,0
481600,3,1,1995,0,0,0,0,0,0,0,19,0,0
481601,1,1,1995,0,0,0,0,0,0,0,0,0,0
481602,1,1,1995,14,14,14,14,14,14,14,14,14,14
481603,1,1,1995,0,0,0,0,0,0,0,0,0,0
481603,2,1,1995,0,0,0,0,0,0,0,0,0,0
481603,3,1,1995,0,0,0,0,0,0,0,0,0,0
481604,1,1,1995,13,13,13,13,13,13,13,13,13,13
481605,1,1,1995,0,0,0,0,9,0,0,13,7,4
481605,2,1,1995,0,0,0,0,0,0,0,11,0,0
481606,1,1,1995,0,0,0,0,0,0,0,0,8,0
481607,1,1,1995,23,23,23,23,23,23,23,23,23,23
481608,0,1,1995,28,28,28,28,28,28,28,28,28,28
481608,1,1,1995,0,29,0,14,24,0,13,25,0,19
481609,1,1,1995,0,0,0,0,0,0,0,0,0,0
481609,2,1,1995,0,0,0,0,0,0,0,0,0,0
481610,0,1,1995,0,0,5,0,0,0,0,0,0,0
481610,1,1,1995,0,0,0,0,0,0,0,0,0,0
481611,1,1,1995,0,0,0,0,0,0,0,0,0,0
481611,2,1,1995,0,31,0,0,0,0,0,0,0,0
481612,1,1,1995,11,6,0,19,11,13,12,11,20,23
481613,1,1,1995,2,2,2,2,2,2,2,2,2,2
481613,2,1,1995,0,0,0,0,0,0,0,0,0,0
481614,1,1,1995,0,0,0,0,0,0,0,0,0,0
481614,2,1,1995,0,0,0,0,0,0,0,0,0,0
481615,1,1,1995,0,0,0,0,0,0,0,0,0,0
481615,2,1,1995,17,29,20,27,5,13,12,11,7,23
481616,0,1,1995,0,0,13,20,0,0,0,0,0,22
481616,1,1,1995,0,0,0,0,0,0,0,0,0,0
481617,1,1,1995,6,17,0,9,14,6,21,20,15,13
481617,2,1,1995,25,0,0,0,0,18,0,33,0,0
481618,1,1,1995,28,28,28,28,28,28,28,28,28,28
481618,2,1,1995,12,3,18,12,26,18,8,6,16,25
481619,2,1,1995,0,0,11,0,0,0,0,0,0,0
481620,1,1,1995,0,0,0,0,0,13,9,6,20,0
481620,2,1,1995,0,0,0,0,0,0,0,0,0,0
481621,1,1,1995,0,0,0,0,0,0,0,0,0,0
481621,2,1,1995,21,21,21,21,21,21,21,21,21,21
481622,0,1,1995,21,19,17,13,34,21,19,0,0,0
481622,1,1,1995,0,0,0,0,0,0,0,0,0,0
481623,1,1,1995,0,0,0,0,0,0,0,18,0,0
481624,0,1,1995,0,0,0,0,0,0,0,0,0,0
481624,1,1,1995,1,1,1,1,1,1,1,1,1,1
481625,1,1,1995,9,9,15,3,10,16,15,12,12,24
481625,2,1,1995,0,0,0,0,0,0,0,0,0,0
481625,3,1,1995,0,0,0,0,0,0,0,0,0,0
481626,1,1,1995,0,0,0,0,0,0,0,0,0,0
481626,2,1,1995,0,0,9,0,0,13,20,9,0,0
481627,1,1,1995,0,0,0,0,0,0,0,0,0,5
481627,2,1,1995,0,0,0,0,0,0,0,0,0,0
481628,1,1,1995,19,19,19,19,19,19,19,19,19,19
481629,1,1,1995,0,0,0,0,0,0,0,0,0,0
481629,2,1,1995,0,0,15,0,0,0,0,17,0,17
481629,3,1,1995,18,0,0,0,3,0,0,0,21,0
481630,1,1,1995,11,11,11,11,11,11,11,11,11,11
481631,0,1,1995,17,0,0,0,0,46,0,9,21,21
481631,1,1,1995,0,0,0,0,0,0,0,0,14,0
481632,1,1,1995,29,13,16,8,22,14,8,25,32,7
481633,1,1,1995,17,15,15,21,22,7,24,14,25,7
481634,0,1,1995,19,19,19,19,19,19,19,19,19,19
481634,1,1,1995,14,14,14,14,14,14,14,14,14,14
481635,1,1,1995,16,16,16,16,16,16,16,16,16,16
481636,1,1,1995,4,0,21,11,7,16,17,6,0,14
481636,2,1,1995,0,9,0,0,0,0,0,0,0,22
481637,0,1,1995,0,0,0,0,0,0,0,0,0,0
481637,1,1,1995,0,0,0,0,0,6,0,0,0,0
481638,1,1,1995,32,32,32,32,32,32,32,32,32,32
481639,1,1,1995,0,3,10,14,19,12,10,16,23,14
481639,2,1,1995,0,0,0,0,0,0,0,0,0,0
481640,1,1,1995,18,18,18,18,18,18,18,18,18,18
481641,1,1,1995,13,13,13,13,13,13,13,13,13,13
481642,1,1,1995,0,0,0,0,0,0,0,18,0,0
481643,1,1,1995,7,11,30,21,17,25,0,27,13,13
481644,0,1,1995,0,0,0,0,0,0,0,0,0,0
481644,1,1,1995,0,0,0,0,0,0,0,0,0,0
481645,1,1,1995,0,0,0,0,0,0,0,0,0,0
481645,2,1,1995,0,0,0,0,0,0,0,9,0,0
481645,3,1,1995,0,14,0,0,0,11,0,13,0,0
481645,4,1,1995,0,0,0,0,0,0,3,0,0,0
481646,0,1,1995,0,0,0,0,0,0,0,0,0,0
481646,1,1,1995,0,0,0,0,0,0,0,0,0,0
481647,1,1,1995,0,0,0,0,0,0,0,0,0,0
481648,1,1,1995,0,0,0,0,0,0,0,0,0,0
481648,2,1,1995,0,0,0,0,0,0,0,0,0,0
481649,1,1,1995,0,0,15,13,0,22,0,0,0,22
481650,1,1,1995,0,0,0,0,0,0,0,0,0,0
481650,2,1,1995,0,0,13,0,8,0,0,13,0,0
481651,1,1,1995,0,9,0,0,20,0,0,0,0,0
481651,2,1,1995,0,0,0,0,0,0,0,0,0,0
481651,3,1,1995,0,0,0,0,0,0,0,0,0,0
481652,0,1,1995,0,27,33,6,23,0,23,28,15,16
481652,1,1,1995,0,0,0,26,29,29,5,18,0,0
481653,0,1,1995,0,0,0,0,0,0,0,0,0,0
481653,1,1,1995,0,0,0,0,0,0,0,0,0,0
481654,1,1,1995,0,22,0,19,9,0,14,0,0,26
481654,2,1,1995,0,0,0,0,0,0,0,0,0,0
481655,0,1,1995,0,0,0,0,0,0,0,0,26,0
481655,1,1,1995,0,0,0,0,0,0,0,0,0,0
481656,1,1,1995,0,0,0,0,0,0,0,0,0,0
481656,2,1,1995,0,0,0,0,0,0,0,0,0,0
481657,1,1,1995,0,0,0,0,0,0,0,0,0,0
481657,2,1,1995,0,0,0,0,0,0,0,6,0,0
481658,1,1,1995,0,0,0,0,0,0,0,0,0,0
481659,1,1,1995,0,0,0,0,0,10,0,0,0,0
481659,2,1,1995,0,0,0,0,0,0,0,0,0,0
481660,1,1,1995,0,0,0,0,0,0,0,0,0,0
481660,2,1,1995,0,0,0,0,0,0,0,0,0,0
481661,0,1,1995,0,34,0,0,0,0,13,0,2,0
481661,1,1,1995,8,0,0,12,0,0,0,0,0,0
481662,1,1,1995,17,0,0,0,0,0,14,0,0,13
481662,2,1,1995,0,0,0,0,19,0,0,0,33,27
481663,1,1,1995,0,0,0,0,0,0,0,0,0,0
481663,2,1,1995,0,0,0,0,0,0,0,0,0,0
481664,1,1,1995,0,0,23,19,37,0,0,19,0,15
481664,2,1,1995,0,0,0,0,0,5,0,0,0,0
481665,1,1,1995,0,0,0,0,0,0,0,0,0,0
481665,2,1,1995,0,0,0,0,0,0,0,0,0,0
481666,1,1,1995,0,0,0,0,0,0,0,0,8,0
481666,2,1,1995,0,0,0,0,0,0,0,0,0,0
481667,1,1,1995,0,0,0,10,0,0,0,0,0,0
481667,2,1,1995,0,0,0,0,0,0,0,0,0,0
481668,1,1,1995,10,4,15,9,9,16,15,7,4,10
481668,2,1,1995,17,0,0,0,0,0,0,0,0,0
481669,1,1,1995,0,0,0,0,0,18,0,0,0,0
481670,1,1,1995,0,0,0,0,0,0,0,0,0,0
481671,1,1,1995,0,0,0,0,0,0,0,0,0,0
481672,1,1,1995,0,0,0,0,0,0,0,0,0,0
481673,1,1,1995,0,0,0,0,0,0,0,0,0,0
481673,2,1,1995,11,11,11,11,11,11,11,11,11,11
481674,1,1,1995,24,24,24,24,24,24,24,24,24,24
481674,2,1,1995,0,0,0,0,0,0,0,0,0,0
481675,1,1,1995,7,7,7,7,7,7,7,7,7,7
481676,1,1,1995,3,3,3,3,3,3,3,3,3,3
481677,1,1,1995,0,0,0,0,0,0,0,0,0,0
481678,1,1,1995,30,30,30,30,30,30,30,30,30,30
481678,2,1,1995,26,16,0,0,19,25,0,20,0,0
481679,1,1,1995,14,0,21,0,0,0,0,0,0,0
481679,2,1,1995,0,0,0,0,0,0,9,0,13,0
481680,1,1,1995,18,17,15,17,24,5,22,0,0,15
481681,0,1,1995,19,27,28,30,25,3,15,21,0,25
481681,1,1,1995,0,0,0,0,14,0,27,0,0,0
481682,1,1,1995,0,0,0,0,19,0,0,0,0,0
481682,2,1,1995,13,24,5,0,25,0,0,29,16,0
481683,1,1,1995,6,0,0,0,0,9,0,0,0,0
481683,2,1,1995,0,0,0,8,0,13,0,27,0,13
481684,1,1,1995,21,27,16,20,11,22,32,9,30,14
481685,1,1,1995,0,0,0,0,8,0,0,0,0,0
481685,2,1,1995,0,0,0,0,0,0,0,0,0,0
481685,3,1,1995,0,0,0,0,0,0,0,0,0,0
481686,1,1,1995,20,20,20,20,20,20,20,20,20,20
481687,1,1,1995,0,0,0,0,0,0,4,0,0,0
481687,2,1,1995,0,0,0,20,11,0,0,0,0,8
481687,3,1,1995,0,0,0,0,0,0,12,0,0,0
481688,1,1,1995,15,15,15,15,15,15,15,15,15,15
481689,1,1,1995,0,0,0,17,0,0,0,0,0,8
481690,1,1,1995,0,0,0,0,0,0,0,0,0,0
481691,1,1,1995,0,0,0,0,0,0,0,0,0,0
481691,2,1,1995,0,0,0,0,0,0,0,0,0,0
481692,1,1,1995,29,29,29,29,29,29,29,29,29,29
481693,1,1,1995,24,24,24,24,24,24,24,24,24,24
481694,1,1,1995,12,30,18,26,19,47,22,25,17,5
481695,1,1,1995,0,19,0,0,0,0,0,0,0,0
481695,2,1,1995,0,0,0,0,0,0,0,0,0,0
481696,1,1,1995,0,0,0,0,0,0,0,0,0,0
481697,1,1,1995,25,5,0,0,0,14,0,0,13,9
481697,2,1,1995,3,0,0,0,0,0,0,0,11,0
481698,1,1,1995,0,0,0,11,0,0,0,15,19,0
481699,1,1,1995,15,15,15,15,15,15,15,15,15,15
481700,1,1,1995,0,0,0,0,0,0,0,0,0,0
481701,1,1,1995,0,0,0,0,0,7,0,0,0,0
481701,2,1,1995,0,0,0,0,0,0,0,0,0,0
481702,0,1,1995,22,22,22,22,22,22,22,22,22,22
481702,1,1,1995,2,2,2,2,2,2,2,2,2,2
481703,1,1,1995,0,0,0,0,0,0,0,0,0,0
481703,2,1,1995,0,0,10,0,20,0,0,0,22,0
481704,1,1,1995,21,21,21,21,21,21,21,21,21,21
481705,0,1,1995,1,0,12,31,31,0,24,30,25,5
481705,1,1,1995,0,0,0,0,0,29,0,0,0,0
481706,1,1,1995,0,0,0,35,0,0,0,24,0,0
481706,2,1,1995,0,0,0,0,0,0,0,0,0,7
481706,3,1,1995,0,0,9,0,0,0,0,0,0,0
481707,1,1,1995,0,0,0,14,0,0,0,0,0,0
481708,0,1,1995,30,30,30,30,30,30,30,30,30,30
481708,1,1,1995,0,0,0,0,0,0,0,0,0,0
481709,1,1,1995,23,23,23,23,23,23,23,23,23,23
481710,0,1,1995,14,14,14,14,14,14,14,14,14,14
481710,1,1,1995,0,0,0,7,0,0,0,0,0,0
481711,0,1,1995,0,0,0,0,0,0,0,0,0,0
481711,0,2,1995,0,0,0,0,0,0,0,0,0,0
481711,1,1,1995,22,22,22,22,22,22,22,22,22,22
481712,1,1,1995,0,0,0,0,0,0,0,0,0,0
481712,2,1,1995,0,7,0,0,9,0,0,0,4,0
481713,0,1,1995,0,0,0,0,0,13,0,24,0,0
481713,1,1,1995,22,23,0,5,13,26,13,0,22,17
481714,1,1,1995,0,0,0,0,0,0,0,0,0,0
481715,1,1,1995,13,13,13,13,13,13,13,13,13,13
481716,1,1,1995,14,14,14,14,14,14,14,14,14,14
481717,1,1,1995,17,9,20,22,13,9,15,20,28,9
481718,1,1,1995,0,0,0,0,0,0,0,0,0,0
481718,2,1,1995,0,0,0,0,15,0,0,0,0,0
481719,1,1,1995,0,0,0,0,0,17,0,0,0,0
481719,2,1,1995,0,0,0,0,0,0,0,0,0,0
481720,1,1,1995,17,23,5,12,30,22,14,17,0,24
481721,1,1,1995,0,0,0,0,0,0,0,0,0,0
481721,2,1,1995,0,0,0,0,0,0,0,0,0,0
481722,1,1,1995,24,0,0,0,0,0,36,0,0,0
481722,2,1,1995,0,0,0,0,0,0,0,0,11,0
481723,0,1,1995,38,38,38,38,38,38,38,38,38,38
481723,1,1,1995,0,31,0,21,26,0,0,13,0,0
481724,1,1,1995,23,23,23,23,23,23,23,23,23,23
481724,2,1,1995,0,0,0,3,6,0,0,0,0,0
481724,3,1,1995,0,0,0,0,0,0,0,17,0,0
481725,1,1,1995,0,0,0,0,0,0,0,0,0,0
481726,1,1,1995,0,0,0,0,0,0,0,0,0,0
481726,2,1,1995,0,0,0,0,0,0,0,0,0,0
481727,1,1,1995,0,0,0,22,13,0,0,0,0,0
481727,2,1,1995,0,0,14,26,0,0,0,0,0,0
481728,0,1,1995,0,0,0,0,0,10,0,0,0,10
481728,1,1,1995,0,0,16,0,10,5,10,0,0,0
481729,0,1,1995,10,8,13,10,25,18,18,28,21,18
481729,1,1,1995,8,0,6,0,0,0,14,0,0,0
481730,0,1,1995,0,0,0,0,0,0,0,33,0,0
481730,1,1,1995,15,15,15,15,15,15,15,15,15,15
481731,1,1,1995,13,16,19,21,0,0,7,7,0,0
481732,1,1,1995,11,11,11,11,11,11,11,11,11,11
481733,1,1,1995,0,0,17,20,12,4,0,6,16,0
481734,0,1,1995,0,0,0,23,0,0,0,14,0,0
481734,0,2,1995,3,0,13,8,0,0,0,0,0,0
481734,1,1,1995,2,2,2,2,2,2,2,2,2,2
481735,1,1,1995,0,0,15,11,3,0,6,20,0,19
481736,1,1,1995,0,0,0,0,0,0,0,0,0,0
481737,1,1,1995,2,2,2,2,2,2,2,2,2,2
481737,2,1,1995,2,2,2,2,2,2,2,2,2,2
481738,0,1,1995,0,0,17,16,0,0,0,3,0,0
481738,1,1,1995,24,24,24,24,24,24,24,24,24,24
481739,1,1,1995,0,0,0,0,0,25,0,0,0,0
481739,2,1,1995,0,0,17,5,0,13,0,0,0,11
481739,3,1,1995,0,0,0,0,0,0,0,0,0,0
481739,4,1,1995,0,0,0,0,0,0,0,0,0,0
481740,1,1,1995,0,0,0,6,0,0,0,0,0,0
481740,2,1,1995,0,0,0,0,0,0,0,0,0,0
481741,0,1,1995,0,0,0,0,0,0,0,0,0,0
481741,1,1,1995,0,9,0,0,23,0,13,37,0,22
481742,1,1,1995,20,20,20,20,20,20,20,20,20,20
481743,1,1,1995,0,0,0,0,0,0,0,0,0,0
481743,2,1,1995,0,0,0,0,0,0,0,0,0,0
481744,1,1,1995,0,18,0,27,34,40,9,14,24,21
481745,1,1,1995,12,12,12,12,12,12,12,12,12,12
481746,1,1,1995,13,0,0,0,0,11,0,23,0,0
481746,2,1,1995,0,0,0,0,0,0,0,0,8,0
481747,1,1,1995,0,0,0,0,0,0,0,0,0,0
481747,2,1,1995,0,0,0,0,0,0,0,0,0,0
481748,1,1,1995,1,1,1,1,1,1,1,1,1,1
481748,2,1,1995,21,0,0,0,0,0,0,0,0,2
481749,1,1,1995,0,0,0,0,0,0,0,2,0,0
481749,2,1,1995,0,0,0,0,0,0,0,30,0,0
481750,0,1,1995,0,0,0,0,0,0,0,0,0,0
481750,1,1,1995,0,0,0,0,26,0,0,12,0,0
481751,0,1,1995,15,43,0,15,16,19,24,0,0,18
481751,0,2,1995,0,0,0,0,0,0,0,0,0,0
481751,1,1,1995,0,0,0,0,0,0,0,0,0,0
481752,1,1,1995,14,16,27,23,21,7,16,19,27,0
481753,1,1,1995,0,0,0,0,0,0,0,0,0,0
481753,2,1,1995,0,0,0,0,0,0,0,0,0,0
481754,1,1,1995,25,36,15,9,25,32,24,21,20,16
481754,2,1,1995,8,12,8,0,0,19,6,9,16,0
481755,0,1,1995,13,14,21,14,0,0,25,3,20,16
481755,1,1,1995,0,0,0,0,0,0,0,0,0,0
481756,1,1,1995,6,0,0,0,0,0,0,0,0,0
481756,2,1,1995,0,0,13,0,0,0,0,0,0,0
481757,0,1,1995,20,26,28,10,19,20,18,17,15,7
481757,1,1,1995,11,31,0,9,0,0,0,0,0,5
481758,1,1,1995,0,0,0,0,0,0,0,0,0,0
481758,2,1,1995,0,5,0,0,0,9,0,7,0,0
481759,1,1,1995,0,0,0,0,0,0,0,0,0,0
481760,1,1,1995,20,7,0,15,10,0,23,5,17,4
481760,2,1,1995,0,13,28,15,14,0,0,0,8,6
481761,1,1,1995,20,23,16,16,16,18,18,20,34,4
481761,2,1,1995,18,31,11,0,20,0,0,0,14,0
481762,0,1,1995,0,30,21,7,37,8,8,43,20,24
481762,1,1,1995,0,0,0,0,0,0,0,0,0,0
481763,1,1,1995,0,0,14,36,0,0,19,15,0,0
481764,1,1,1995,19,0,0,0,0,0,0,10,0,15
481765,1,1,1995,28,0,10,23,0,0,22,0,0,0
481766,1,1,1995,0,18,13,14,0,11,32,8,16,31
481767,0,1,1995,0,12,16,35,20,9,28,0,29,7
481767,1,1,1995,15,15,12,6,0,5,0,11,7,7
481768,1,1,1995,22,33,8,6,14,0,16,0,26,13
481769,1,1,1995,11,0,0,37,0,10,0,0,0,0
481770,1,1,1995,3,13,2,4,14,7,11,19,17,12
481771,1,1,1995,0,0,0,0,0,0,0,0,0,14
481771,2,1,1995,0,0,0,0,0,0,0,0,0,0
481772,0,1,1995,10,10,10,10,10,10,10,10,10,10
481772,1,1,1995,0,0,0,0,0,0,0,0,0,0
481773,1,1,1995,0,0,0,0,0,0,0,0,0,0
481773,2,1,1995,0,0,0,10,0,13,0,0,0,0
481774,1,1,1995,16,16,16,16,16,16,16,16,16,16
481774,2,1,1995,0,4,0,0,0,0,0,0,0,0
481774,3,1,1995,0,0,0,0,0,0,0,0,0,0
481775,1,1,1995,24,17,12,12,15,25,0,10,24,22
481775,2,1,1995,20,7,23,16,24,22,7,8,15,13
481776,0,1,1995,19,19,19,19,19,19,19,19,19,19
481776,1,1,1995,18,18,18,18,18,18,18,18,18,18
481777,0,1,1995,25,25,25,25,25,25,25,25,25,25
481777,1,1,1995,0,0,0,0,0,11,0,0,4,0
481778,1,1,1995,0,0,0,0,0,0,0,0,10,0
481779,1,1,1995,23,12,0,15,0,18,13,27,2,31
481780,1,1,1995,13,0,26,11,0,26,10,22,0,8
481781,1,1,1995,0,0,0,0,0,10,0,0,0,8
481781,2,1,1995,5,8,12,12,19,7,0,7,6,3
481782,0,1,1995,0,0,0,0,0,0,0,0,0,0
481782,1,1,1995,0,0,0,0,0,0,0,0,0,0
481783,1,1,1995,9,10,12,8,6,0,12,11,16,14
481784,1,1,1995,0,13,5,27,10,0,11,0,0,0
481785,1,1,1995,0,0,0,0,0,0,0,0,0,0
481786,1,1,1995,2,2,2,2,2,2,2,2,2,2
481786,2,1,1995,0,0,0,0,0,0,0,0,0,0
481787,1,1,1995,0,0,0,0,0,0,0,0,0,0
481787,2,1,1995,0,0,0,0,0,0,0,0,0,0
481788,1,1,1995,14,14,14,14,14,14,14,14,14,14
481789,1,1,1995,22,22,22,22,22,22,22,22,22,22
481790,1,1,1995,0,0,0,0,0,0,0,0,0,0
481791,0,1,1995,0,0,0,0,0,22,0,15,0,0
481791,1,1,1995,0,0,0,0,0,0,0,0,0,0
481792,0,1,1995,12,12,12,12,12,12,12,12,12,12
481792,1,1,1995,0,0,0,20,0,0,14,11,0,0
481793,1,1,1995,0,0,0,0,0,0,0,0,0,0
481794,1,1,1995,0,0,0,12,10,0,0,0,0,0
481794,2,1,1995,0,0,0,0,0,0,0,0,0,0
481795,1,1,1995,0,0,0,0,0,0,0,0,0,0
481795,2,1,1995,0,0,0,0,0,0,0,0,0,0
481796,1,1,1995,0,0,0,0,0,0,16,0,0,0
481797,1,1,1995,18,19,16,20,12,15,14,14,24,6
481798,1,1,1995,2,17,0,0,0,0,19,14,0,14
481799,1,1,1995,0,0,0,0,0,0,0,0,0,0
481799,2,1,1995,0,8,0,0,0,12,4,0,10,23
481800,1,1,1995,0,0,0,0,0,0,9,0,8,0
481800,2,1,1995,0,26,0,35,0,13,0,0,0,0
481801,1,1,1995,0,0,0,0,0,0,0,0,0,0
481801,2,1,1995,0,0,0,0,0,0,2,0,15,0
481802,0,1,1995,0,0,8,0,0,0,0,18,0,0
481802,0,2,1995,7,0,0,0,0,0,0,0,0,0
481802,1,1,1995,0,0,0,0,0,0,0,0,0,0
481803,1,1,1995,11,11,11,11,11,11,11,11,11,11
481803,2,1,1995,0,0,0,0,0,0,0,0,0,0
481804,1,1,1995,0,0,0,0,0,0,0,0,0,0
481805,1,1,1995,0,0,0,0,0,0,0,0,0,0
481805,2,1,1995,0,0,0,0,0,0,0,0,0,0
481806,1,1,1995,12,18,12,12,14,19,19,19,14,33