ST_CASE,VEH_NO,PER_NO,YEAR,P1,P2,P3,P4,P5,P6,P7,P8,P9,P10
482071,1,1,1995,0,0,0,0,0,0,0,0,0,0
482072,1,1,1995,12,0,4,0,0,0,0,0,0,0
482072,2,1,1995,0,0,13,0,17,0,0,8,35,0
482073,0,1,1995,0,0,0,0,0,0,0,0,0,0
482073,1,1,1995,0,0,0,0,0,0,0,0,0,0
482074,0,1,1995,0,8,0,0,0,0,0,0,0,0
482074,1,1,1995,0,0,0,0,0,0,0,0,0,0
482075,1,1,1995,10,18,18,11,15,10,3,20,0,32
482076,1,1,1995,10,4,22,10,17,27,13,5,6,19
482076,2,1,1995,14,16,17,5,15,0,17,34,13,3
482077,1,1,1995,15,5,0,14,23,9,14,41,15,0
482078,1,1,1995,0,0,0,0,0,0,0,0,0,0
482079,0,1,1995,0,0,0,0,0,0,0,0,0,0
482079,1,1,1995,0,0,0,0,0,0,0,0,0,0
482080,1,1,1995,34,34,34,34,34,34,34,34,34,34
482080,2,1,1995,0,0,0,0,0,0,0,0,0,0
482081,1,1,1995,23,23,23,23,23,23,23,23,23,23
482082,1,1,1995,0,0,0,0,0,0,0,0,0,0
482082,2,1,1995,0,0,0,0,0,0,0,0,0,0
482083,1,1,1995,27,27,27,27,27,27,27,27,27,27
482084,0,1,1995,0,17,21,0,21,0,26,12,31,12
482084,1,1,1995,15,13,9,9,0,32,9,0,20,15
482085,1,1,1995,7,0,0,0,23,6,6,5,20,4
482085,2,1,1995,0,19,34,0,12,0,0,28,0,0
482085,3,1,1995,0,6,0,0,41,0,0,12,11,6
482086,1,1,1995,0,0,0,0,0,0,0,0,0,0
482086,2,1,1995,0,0,0,0,20,0,0,0,0,0
482086,3,1,1995,11,9,0,0,0,0,0,0,0,0
482087,1,1,1995,0,0,0,0,0,8,0,0,0,0
482087,2,1,1995,0,0,0,7,0,0,11,0,0,0
482088,1,1,1995,5,5,5,5,5,5,5,5,5,5
482089,1,1,1995,19,19,19,19,19,19,19,19,19,19
482090,1,1,1995,0,0,0,0,0,0,0,0,0,0
482090,2,1,1995,0,0,0,0,0,0,0,0,0,0
482091,1,1,1995,0,0,0,0,0,0,17,8,0,25
482092,1,1,1995,26,26,26,26,26,26,26,26,26,26
482093,1,1,1995,23,23,23,23,23,23,23,23,23,23
482094,1,1,1995,0,0,0,0,0,0,0,0,0,0
482095,1,1,1995,8,20,0,0,0,20,0,27,17,19
482096,1,1,1995,0,9,32,0,11,0,9,20,35,8
482097,1,1,1995,0,0,0,0,0,0,0,12,0,0
482098,1,1,1995,0,0,0,0,0,0,0,0,0,0
482098,2,1,1995,0,0,0,0,0,23,0,0,0,18
482099,1,1,1995,0,0,7,0,15,0,0,0,0,0
482100,0,1,1995,27,36,15,20,34,26,36,9,24,15
482100,1,1,1995,12,0,0,0,32,0,0,0,0,25
482101,1,1,1995,18,18,18,18,18,18,18,18,18,18
482102,1,1,1995,0,0,11,21,0,0,15,0,0,0
482102,2,1,1995,0,0,0,0,0,0,0,0,0,0
482103,1,1,1995,0,0,0,0,0,0,0,0,13,0
482103,2,1,1995,0,0,0,0,0,0,0,0,0,0
482104,1,1,1995,0,0,0,0,0,0,0,0,0,0
482105,1,1,1995,29,36,27,23,14,16,17,31,18,20
482106,1,1,1995,14,14,14,14,14,14,14,14,14,14
482107,1,1,1995,0,0,0,0,0,0,0,0,0,0
482107,2,1,1995,0,0,0,0,0,0,0,0,0,0
482108,1,1,1995,13,13,13,13,13,13,13,13,13,13
482109,1,1,1995,11,21,21,0,32,0,23,6,30,16
482110,0,1,1995,14,15,14,11,23,8,17,23,14,26
482110,1,1,1995,0,0,0,0,0,0,0,0,0,0
482111,1,1,1995,14,11,10,28,10,17,26,10,40,16
482112,1,1,1995,0,0,8,0,0,0,0,0,0,0
482112,2,1,1995,21,0,0,0,0,0,0,0,22,0
482113,1,1,1995,0,0,0,0,0,0,0,0,0,0
482113,2,1,1995,0,0,0,0,0,0,0,0,0,0
482114,1,1,1995,0,0,0,0,0,14,0,0,0,0
482114,2,1,1995,0,0,0,0,0,0,0,0,0,0
482115,1,1,1995,0,0,0,0,0,0,0,0,9,0
482115,2,1,1995,0,0,0,0,0,0,0,0,0,0
482116,0,1,1995,11,11,11,11,11,11,11,11,11,11
482116,1,1,1995,0,0,0,0,0,0,0,0,0,0
482117,1,1,1995,0,0,0,0,0,0,0,18,0,8
482117,2,1,1995,0,0,0,6,0,0,0,0,0,0
482118,1,1,1995,0,20,7,0,0,0,0,0,0,14
482118,2,1,1995,14,5,0,16,16,24,0,28,17,24
482119,0,1,1995,23,23,23,23,23,23,23,23,23,23
482119,1,1,1995,0,0,0,0,0,13,0,0,0,0
482120,0,1,1995,17,17,17,17,17,17,17,17,17,17
482120,1,1,1995,5,5,5,5,5,5,5,5,5,5
482121,1,1,1995,15,15,15,15,15,15,15,15,15,15
482121,2,1,1995,0,0,8,0,0,0,0,0,0,0
482122,1,1,1995,0,0,0,0,0,0,0,0,0,0
482122,2,1,1995,0,0,0,0,0,0,0,0,0,0
482123,1,1,1995,0,0,0,0,0,0,0,0,0,0
482124,1,1,1995,0,0,0,0,0,0,0,0,0,0
482124,2,1,1995,0,0,0,0,0,9,0,0,0,0
482125,1,1,1995,0,0,0,0,0,0,0,0,0,0
482126,1,1,1995,16,23,19,20,22,22,14,35,21,0
482127,1,1,1995,26,17,6,11,8,9,3,11,15,9
482128,1,1,1995,0,0,0,0,0,0,0,0,0,0
482128,2,1,1995,0,0,0,0,0,0,0,0,0,0
482129,1,1,1995,0,0,4,0,0,0,0,0,0,0
482129,2,1,1995,14,14,14,14,14,14,14,14,14,14
482130,1,1,1995,0,9,0,0,14,28,0,0,22,0
482131,1,1,1995,0,0,0,0,0,0,0,0,0,0
482132,1,1,1995,0,0,0,0,0,0,0,0,0,0
482132,2,1,1995,0,0,0,0,0,0,0,7,0,0
482132,3,1,1995,0,0,0,0,0,0,0,0,0,0
482133,1,1,1995,13,6,12,7,11,19,0,11,9,11
482134,1,1,1995,9,5,3,29,0,9,19,17,19,13
482134,2,1,1995,0,0,0,0,0,0,0,7,0,0
482135,1,2,1995,11,15,0,13,0,0,12,0,18,16
482136,2,1,1995,18,0,0,21,0,0,0,0,19,0
482136,3,1,1995,0,0,0,0,0,0,0,0,0,0
482136,4,1,1995,0,0,0,0,0,0,0,0,0,0
482137,1,1,1995,8,8,8,8,8,8,8,8,8,8
482138,1,1,1995,16,20,20,16,17,0,19,10,26,3
482139,1,1,1995,0,0,0,0,0,0,0,0,0,0
482139,2,1,1995,6,9,5,9,14,5,0,7,18,13
482140,1,1,1995,8,8,8,8,8,8,8,8,8,8
482141,0,1,1995,13,13,13,13,13,13,13,13,13,13
482141,1,1,1995,6,0,0,0,0,0,0,2,0,0
482142,1,1,1995,18,0,0,0,0,21,0,0,0,26
482143,1,1,1995,0,0,13,0,0,0,0,0,0,0
482144,1,1,1995,13,13,13,13,13,13,13,13,13,13
482144,2,1,1995,0,0,0,0,0,0,0,0,0,0
482145,1,1,1995,0,0,2,0,0,0,0,0,0,0
482145,2,1,1995,24,24,24,24,24,24,24,24,24,24
482146,1,1,1995,0,0,0,0,0,0,0,0,0,0
482147,1,1,1995,0,0,0,0,0,0,0,0,0,0
482147,2,1,1995,0,0,0,0,0,0,0,0,0,0
482148,1,1,1995,0,0,0,0,0,0,0,0,0,0
482148,2,1,1995,8,0,0,0,0,0,0,13,0,0
482148,3,1,1995,0,0,0,15,0,0,0,0,0,0
482149,1,1,1995,0,7,0,22,28,14,19,25,15,7
482150,1,1,1995,0,0,0,0,0,0,0,0,0,0
482150,2,1,1995,0,0,0,0,0,0,0,0,0,0
482151,1,1,1995,17,17,11,20,0,15,0,16,0,16
482152,1,1,1995,0,0,0,0,0,0,0,0,0,0
482153,1,1,1995,18,24,13,16,22,10,25,21,30,23
482154,1,1,1995,0,0,0,0,0,0,0,0,0,0
482155,0,1,1995,14,17,0,15,28,0,0,0,0,0
482155,1,1,1995,26,26,26,26,26,26,26,26,26,26
482156,0,1,1995,0,0,0,0,32,0,0,0,0,0
482156,1,1,1995,0,0,0,0,0,0,0,0,0,0
482157,0,1,1995,0,0,0,0,0,0,0,0,0,0
482157,1,1,1995,0,0,0,0,0,0,0,0,0,0
482158,1,1,1995,29,29,29,29,29,29,29,29,29,29
482159,1,1,1995,3,3,3,3,3,3,3,3,3,3
482159,2,1,1995,0,0,0,0,0,0,0,0,0,0
482160,1,1,1995,0,0,0,0,0,0,0,0,0,0
482161,1,1,1995,0,0,0,0,0,0,0,0,0,0
482161,2,1,1995,0,0,0,0,0,0,0,0,0,0
482162,1,1,1995,5,0,0,0,0,6,0,0,15,0
482162,2,1,1995,0,0,0,0,0,0,0,0,0,0
482163,1,1,1995,0,17,0,0,0,0,0,17,0,0
482163,2,1,1995,0,0,0,0,0,0,0,0,0,0
482164,1,1,1995,0,0,0,0,0,0,0,0,0,0
482164,2,1,1995,15,0,0,0,0,0,0,0,0,0
482165,0,1,1995,17,17,17,17,17,17,17,17,17,17
482165,1,1,1995,5,7,19,13,0,19,0,8,0,0
482166,1,1,1995,0,0,0,0,0,0,0,0,0,0
482166,2,1,1995,0,17,0,0,0,0,23,0,0,0
482167,1,1,1995,0,0,0,0,33,0,0,0,0,0
482168,0,1,1995,21,9,14,0,15,19,25,4,15,0
482168,1,1,1995,0,0,0,0,9,12,0,0,0,0
482168,2,1,1995,15,0,22,13,4,22,0,0,0,19
482169,1,1,1995,11,0,0,14,0,0,13,0,0,23
482170,1,1,1995,2,2,2,2,2,2,2,2,2,2
482171,1,1,1995,2,0,0,0,20,0,0,16,25,0
482172,0,1,1995,22,27,10,14,21,25,20,29,27,7
482172,1,1,1995,0,0,0,0,0,0,0,0,0,0
482173,1,1,1995,20,0,24,35,14,0,18,13,19,0
482174,1,1,1995,0,0,0,0,0,0,0,0,0,0
482174,2,1,1995,0,0,0,0,0,0,0,0,0,0
482175,1,1,1995,13,26,0,11,7,0,31,25,0,16
482175,2,1,1995,21,21,21,21,21,21,21,21,21,21
482176,1,1,1995,0,0,0,0,0,0,0,0,0,0
482176,2,1,1995,0,0,0,0,0,0,0,0,0,0
482177,1,1,1995,19,11,23,0,14,0,0,18,8,33
482178,1,1,1995,0,0,0,0,0,0,0,5,0,0
482178,2,1,1995,0,0,0,0,0,0,0,0,0,0
482179,1,1,1995,33,14,14,12,10,7,23,29,20,19
482180,0,1,1995,26,0,0,44,0,0,0,34,0,0
482180,1,1,1995,0,0,0,0,0,0,0,0,0,21
482181,1,1,1995,0,0,0,0,0,12,0,0,0,0
482181,2,1,1995,0,0,0,0,0,0,9,0,0,0
482182,1,1,1995,0,0,0,0,0,0,0,0,0,0
482184,1,1,1995,0,0,0,0,0,0,0,0,0,0
482184,2,1,1995,0,0,0,0,0,0,0,0,11,0
482185,1,1,1995,32,0,15,16,29,6,12,23,33,23
482186,0,1,1995,0,0,0,0,0,0,0,0,0,0
482186,0,2,1995,0,0,0,0,0,0,0,0,0,0
482186,1,1,1995,0,0,0,0,0,0,0,0,0,0
482187,1,1,1995,0,0,0,0,0,0,0,7,0,0
482187,2,1,1995,0,0,0,0,0,0,0,0,0,0
482187,3,1,1995,0,0,0,0,0,0,0,0,9,0
482187,4,1,1995,0,0,0,0,0,0,0,36,0,0
482188,1,1,1995,0,0,0,0,0,0,0,0,0,0
482189,0,1,1995,13,13,13,13,13,13,13,13,13,13
482189,1,1,1995,0,0,6,0,0,0,11,0,0,0
482190,1,1,1995,0,0,0,0,0,0,0,0,0,0
482191,1,1,1995,23,23,23,23,23,23,23,23,23,23
482192,1,1,1995,0,0,0,0,0,0,0,0,0,0
482193,1,1,1995,0,0,0,0,0,0,0,0,0,0
482193,2,1,1995,0,0,0,0,0,0,0,0,0,0
482194,1,1,1995,0,0,0,0,0,0,0,0,0,0
482194,2,1,1995,10,0,0,0,0,0,0,0,0,0
482194,3,1,1995,0,12,0,0,0,0,0,33,0,0
482195,0,1,1995,29,19,0,0,0,0,0,6,0,0
482195,1,1,1995,0,0,0,0,0,0,0,0,0,0
482196,0,1,1995,0,8,20,31,9,20,25,0,24,16
482196,1,1,1995,0,18,19,9,0,20,15,0,0,0
482197,1,1,1995,22,16,13,5,3,0,22,3,21,11
482197,2,1,1995,0,0,0,24,0,0,0,11,0,0
482197,3,1,1995,0,24,0,0,0,0,19,22,12,0
482198,1,1,1995,0,0,0,0,0,0,0,0,0,0
482198,2,1,1995,0,0,0,0,21,0,0,0,0,14
482199,1,1,1995,0,0,0,0,0,0,0,0,0,0
482199,2,1,1995,0,0,0,0,0,0,0,0,0,0
482200,1,1,1995,0,12,39,9,0,0,0,19,26,13
482201,1,1,1995,0,0,0,16,0,0,0,0,0,21
482202,1,1,1995,0,0,0,0,0,0,0,0,0,0
482202,2,1,1995,0,0,0,0,0,0,0,0,0,0
482202,3,1,1995,0,0,0,0,0,0,0,0,0,0
482202,4,1,1995,0,0,0,0,0,0,0,0,0,0
482202,5,1,1995,0,0,0,0,18,0,0,0,0,0
482203,1,1,1995,0,0,0,0,0,0,0,0,0,0
482203,2,1,1995,0,0,0,0,0,0,0,0,0,0
482204,1,1,1995,16,16,16,16,16,16,16,16,16,16
482205,1,1,1995,0,0,8,0,0,0,11,3,0,0
482205,2,1,1995,0,19,20,0,0,23,8,0,0,0
482206,0,1,1995,0,12,0,0,0,0,0,0,0,0
482206,1,1,1995,0,0,0,0,0,0,0,0,0,0
482207,1,1,1995,0,0,0,0,0,0,0,0,0,0
482207,2,1,1995,0,0,0,0,0,0,10,0,0,0
482208,1,1,1995,20,20,20,20,20,20,20,20,20,20
482209,1,1,1995,0,0,0,5,0,0,0,0,0,0
482209,2,1,1995,0,0,0,0,0,0,0,0,0,0
482209,3,1,1995,0,2,0,0,14,0,0,0,0,0
482210,1,1,1995,18,18,12,21,15,18,17,22,19,10
482211,1,1,1995,0,0,0,0,0,0,0,0,0,0
482212,1,1,1995,20,0,0,0,0,0,0,0,0,6
482213,1,1,1995,9,0,0,11,0,0,7,0,6,20
482214,1,1,1995,35,0,22,0,0,0,0,0,4,12
482215,1,1,1995,19,19,19,19,19,19,19,19,19,19
482216,1,1,1995,0,0,0,0,0,0,0,0,0,0
482216,2,1,1995,0,3,13,0,0,6,0,0,0,0
482217,1,1,1995,16,16,16,16,16,16,16,16,16,16
482217,2,1,1995,0,14,0,0,0,0,0,15,0,0
482218,1,1,1995,19,19,19,19,19,19,19,19,19,19
482218,2,1,1995,19,19,19,19,19,19,19,19,19,19
482219,1,1,1995,0,0,14,0,0,3,0,0,0,11
482220,0,1,1995,23,40,0,9,39,31,15,27,16,16
482220,1,1,1995,0,9,5,16,28,7,13,25,5,16
482221,1,1,1995,0,0,0,0,14,0,11,21,0,12
482221,2,1,1995,0,0,12,0,0,18,0,15,12,11
482222,1,1,1995,16,26,15,13,11,9,16,0,6,10
482223,1,1,1995,0,0,0,0,0,0,0,0,0,0
482223,2,1,1995,0,0,0,0,0,0,0,0,0,0
482223,3,1,1995,0,7,17,0,0,0,0,0,16,0
482224,1,1,1995,20,20,20,20,20,20,20,20,20,20
482224,2,1,1995,12,4,0,17,10,0,0,18,0,0
482224,3,1,1995,8,8,8,8,8,8,8,8,8,8
482225,1,1,1995,23,15,11,24,5,34,23,15,21,13
482225,2,1,1995,0,0,6,0,10,0,0,16,0,0
482225,3,1,1995,19,0,0,10,0,0,15,0,0,0
482226,1,1,1995,0,0,0,0,0,0,0,0,0,0
482226,2,1,1995,0,0,0,0,0,0,0,0,0,0
482227,1,1,1995,23,23,23,23,23,23,23,23,23,23
482228,1,1,1995,26,18,17,7,27,6,13,5,17,13
482229,1,1,1995,0,11,0,0,0,0,0,12,11,0
482229,2,1,1995,0,0,7,7,0,25,0,0,28,0
482230,1,1,1995,0,0,0,0,0,0,0,0,0,0
482231,1,1,1995,0,0,0,4,0,0,0,0,0,0
482231,2,1,1995,19,19,19,19,19,19,19,19,19,19
482232,0,1,1995,0,20,43,19,17,11,36,28,34,11
482232,1,1,1995,0,0,0,0,0,0,0,0,0,0
482233,1,1,1995,25,25,25,25,25,25,25,25,25,25
482233,2,1,1995,0,0,0,0,0,0,0,0,0,0
482233,3,1,1995,0,0,0,0,0,0,0,0,0,0
482234,1,1,1995,28,28,28,28,28,28,28,28,28,28
482235,1,1,1995,17,17,17,17,17,17,17,17,17,17
482235,2,1,1995,0,0,0,0,0,0,0,0,14,0
482236,1,1,1995,0,20,0,13,12,26,25,38,28,29
482237,0,1,1995,31,0,0,17,0,19,0,0,50,0
482237,1,1,1995,0,0,0,0,0,0,0,0,0,0
482238,1,1,1995,0,0,0,0,0,0,0,0,0,0
482238,2,1,1995,0,0,0,0,0,0,0,0,0,0
482239,1,1,1995,16,34,23,23,12,31,22,40,22,0
482240,1,1,1995,0,0,0,0,0,0,0,0,0,0
482241,1,1,1995,0,0,0,0,0,0,0,0,0,0
482242,1,1,1995,0,0,0,0,0,0,11,0,0,0
482242,2,1,1995,0,0,0,0,0,0,0,0,0,0
482242,3,1,1995,0,0,0,0,0,0,0,0,0,0
482243,1,1,1995,0,0,0,0,0,0,14,0,0,0
482243,2,1,1995,0,0,0,0,0,0,29,0,0,0
482244,1,1,1995,0,12,17,0,0,2,0,0,6,0
482245,1,1,1995,0,0,0,0,0,0,0,0,0,0
482245,2,1,1995,0,0,0,0,0,0,0,0,0,0
482246,1,1,1995,33,6,0,18,23,11,27,16,26,11
482247,1,1,1995,0,0,0,0,0,0,0,0,0,0
482248,0,1,1995,0,0,0,0,0,0,0,0,21,0
482248,1,1,1995,18,18,18,18,18,18,18,18,18,18
482249,1,1,1995,35,16,7,16,12,0,19,36,22,0
482250,1,1,1995,12,12,12,12,12,12,12,12,12,12
482251,1,1,1995,17,17,17,17,17,17,17,17,17,17
482252,1,1,1995,7,0,0,0,0,0,0,0,0,0
482253,0,1,1995,0,0,0,0,0,0,0,0,10,0
482253,1,1,1995,14,9,6,9,26,23,11,16,16,20
482254,1,1,1995,19,19,19,19,19,19,19,19,19,19
482255,1,1,1995,23,23,23,23,23,23,23,23,23,23
482256,1,1,1995,5,14,12,4,12,17,5,13,3,33
482257,1,1,1995,0,0,0,0,0,0,0,0,0,0
482257,2,1,1995,10,10,10,10,10,10,10,10,10,10
482258,1,1,1995,18,0,15,16,6,0,13,26,9,23
482258,2,1,1995,0,0,18,0,19,0,0,0,0,0
482258,3,1,1995,0,0,16,0,0,0,18,16,0,0
482259,1,1,1995,5,5,5,5,5,5,5,5,5,5
482260,1,1,1995,0,0,0,0,0,0,0,0,0,0
482261,1,1,1995,0,0,0,0,0,0,0,0,0,0
482261,2,1,1995,0,0,0,0,0,0,0,0,0,0
482262,1,1,1995,15,15,15,15,15,15,15,15,15,15
482262,2,1,1995,0,0,0,0,0,0,0,0,0,0
482263,1,1,1995,10,14,18,4,21,17,10,5,18,20
482264,1,1,1995,0,0,0,0,0,14,0,0,0,0
482265,0,1,1995,16,22,22,0,0,11,27,0,0,0
482265,0,2,1995,0,34,0,0,0,0,0,23,0,0
482265,2,1,1995,10,0,0,11,11,0,24,0,0,0
482266,1,1,1995,26,26,26,26,26,26,26,26,26,26
482267,1,1,1995,12,12,12,12,12,12,12,12,12,12
482267,2,1,1995,0,0,0,0,0,0,0,0,0,0
482268,1,1,1995,18,5,8,8,16,22,23,0,0,17
482269,1,1,1995,0,0,0,0,0,0,7,16,0,0
482270,1,1,1995,21,6,7,24,6,16,21,8,13,13
482270,2,1,1995,0,15,0,0,13,13,0,0,0,6
482271,1,1,1995,10,10,10,10,10,10,10,10,10,10
482272,0,1,1995,0,0,0,0,0,25,0,0,0,12
482272,1,1,1995,0,0,0,0,0,0,0,0,0,0
482273,0,1,1995,0,0,0,0,0,0,0,0,0,0
482273,1,1,1995,0,0,0,0,0,0,0,0,0,0
482274,1,1,1995,0,0,14,0,0,12,0,0,0,12
482274,2,1,1995,0,0,0,0,0,0,0,0,0,0
482275,1,1,1995,0,13,0,0,15,14,0,0,0,8
482275,2,1,1995,0,0,0,0,0,0,0,0,0,0
482276,1,1,1995,16,0,17,0,0,31,0,14,14,9
482277,1,1,1995,26,26,26,26,26,26,26,26,26,26
482278,1,1,1995,0,0,0,0,0,0,0,0,0,0
482278,2,1,1995,0,0,0,0,0,0,0,0,0,0
482279,1,1,1995,0,0,0,0,0,9,0,14,37,0
482279,2,1,1995,0,0,0,0,0,0,0,0,0,0
482280,0,1,1995,16,16,16,16,16,16,16,16,16,16
482280,1,1,1995,0,0,0,0,0,0,0,0,9,0
482281,1,1,1995,0,0,0,0,0,0,0,0,0,0
482281,2,1,1995,0,0,0,0,0,0,0,0,0,0
482282,1,1,1995,21,15,13,15,18,20,15,10,13,23
482283,0,1,1995,0,0,0,0,0,0,0,0,0,0
482283,1,1,1995,0,0,0,0,0,0,0,0,0,0
482284,1,1,1995,0,0,0,0,0,0,0,0,0,0
482284,2,1,1995,3,9,21,27,7,0,15,20,0,9
482285,1,1,1995,0,0,0,4,0,0,0,0,0,0
482285,2,1,1995,10,0,0,0,0,0,0,0,0,14
482286,1,1,1995,25,25,25,25,25,25,25,25,25,25
482287,1,1,1995,6,0,0,0,0,0,0,0,0,0
482287,2,1,1995,0,0,0,0,0,0,0,0,0,0
482288,0,1,1995,0,0,0,0,0,0,0,0,0,28
482288,1,1,1995,0,0,0,0,0,0,0,0,0,0
482289,1,1,1995,0,0,0,0,0,0,0,0,0,0
482290,1,1,1995,0,0,0,0,0,0,0,0,0,0
482290,2,1,1995,0,0,12,26,0,0,0,0,0,0
482291,0,1,1995,14,0,0,0,0,0,0,0,0,0
482291,0,2,1995,15,16,0,26,0,34,17,0,0,0
482291,1,1,1995,19,22,0,0,0,0,0,0,0,0
482292,0,1,1995,0,0,19,0,14,0,0,0,0,0
482292,1,1,1995,14,0,0,0,0,0,0,0,0,0
482293,1,1,1995,0,0,0,0,0,0,0,15,0,0
482293,2,1,1995,16,0,0,0,0,0,0,0,0,0
482293,3,1,1995,0,0,0,0,0,12,0,0,0,13
482293,4,1,1995,0,0,0,0,0,0,0,0,0,0
482294,1,1,1995,0,0,0,0,0,0,0,0,0,0
482295,1,1,1995,12,12,12,12,12,12,12,12,12,12
482296,0,1,1995,0,0,0,0,0,0,0,0,0,0
482296,1,1,1995,0,0,0,42,0,0,10,3,0,0
482297,1,1,1995,0,0,0,0,0,0,16,0,0,0
482297,2,1,1995,0,21,0,0,0,0,0,0,0,0
482297,3,1,1995,0,0,0,0,0,0,0,0,0,0
482297,4,1,1995,0,0,0,0,0,0,0,0,0,0
482297,5,1,1995,0,8,3,0,0,0,0,0,0,0
482298,1,1,1995,0,0,0,0,0,0,0,0,0,0
482298,2,1,1995,0,0,0,0,0,0,0,0,0,0
482299,0,1,1995,24,24,24,24,24,24,24,24,24,24
482299,1,1,1995,0,19,0,0,24,39,0,0,0,0
482300,1,1,1995,35,14,4,50,19,20,0,27,15,31
482301,1,1,1995,0,0,0,0,0,16,0,14,0,0
482302,1,1,1995,24,24,24,24,24,24,24,24,24,24
482302,2,1,1995,21,0,16,0,6,0,0,20,9,0
482303,1,1,1995,15,0,16,20,0,0,0,0,0,0
482303,2,1,1995,0,0,0,0,0,0,0,0,14,12
482304,0,1,1995,32,32,32,32,32,32,32,32,32,32
482304,1,1,1995,17,0,27,13,17,0,0,5,0,15
482305,1,1,1995,0,0,14,6,0,0,0,0,0,0
482305,2,1,1995,7,0,0,0,0,0,0,0,0,0
482306,1,1,1995,0,13,20,30,21,20,10,9,0,17
482307,1,1,1995,0,0,0,0,0,0,0,0,0,0
482307,2,1,1995,0,0,0,0,0,0,0,0,0,18
482307,3,1,1995,0,0,0,0,0,0,0,0,0,0
482307,4,1,1995,0,0,0,0,0,0,0,0,0,0
482308,1,1,1995,0,0,10,0,22,0,0,0,0,0
482308,2,1,1995,0,0,0,0,0,0,0,0,0,21
482309,0,1,1995,0,0,0,0,0,0,0,0,0,0
482309,1,1,1995,0,0,0,0,0,0,0,0,17,0
482310,1,1,1995,2,2,2,2,2,2,2,2,2,2
482310,2,1,1995,0,0,0,0,0,0,0,0,0,0
482311,1,1,1995,0,0,0,0,0,13,0,0,27,2
482311,2,1,1995,0,0,0,0,0,0,0,19,0,0
482312,1,1,1995,20,20,20,20,20,20,20,20,20,20
482312,2,1,1995,20,20,20,20,20,20,20,20,20,20
482313,1,1,1995,0,0,5,0,0,0,0,0,0,0
482313,2,1,1995,22,22,22,22,22,22,22,22,22,22
482314,0,1,1995,10,17,0,15,0,0,20,9,14,0
482314,0,2,1995,0,0,0,0,0,0,0,0,0,0
482314,1,1,1995,10,11,6,6,0,0,9,0,0,0
482315,1,1,1995,24,24,24,24,24,24,24,24,24,24
482315,2,1,1995,16,0,19,22,0,20,0,0,37,0
482316,0,1,1995,0,0,0,0,0,0,0,0,0,39
482316,1,1,1995,0,0,0,0,0,0,0,0,0,0
482317,1,1,1995,20,0,17,0,17,15,39,0,0,0
482317,2,1,1995,14,0,0,0,0,0,0,0,0,0
482318,1,1,1995,0,0,0,0,0,0,0,0,0,0
482318,2,1,1995,0,0,0,0,0,0,0,0,0,0
482319,0,1,1995,0,0,0,0,0,0,0,0,0,0
482319,1,1,1995,0,0,0,0,0,0,0,0,0,0
482320,1,1,1995,0,0,0,0,0,0,0,0,0,0
482320,2,1,1995,0,15,0,0,0,0,0,0,0,0
482321,1,1,1995,20,20,20,20,20,20,20,20,20,20
482322,0,1,1995,0,20,26,0,15,24,25,18,6,0
482322,1,1,1995,0,0,0,0,0,0,0,0,0,0
482323,0,1,1995,0,2,0,0,0,11,0,0,0,0
482323,1,1,1995,0,0,0,0,0,0,0,0,0,0
482323,2,1,1995,0,0,0,0,0,0,6,0,0,0
482324,1,1,1995,0,0,0,0,20,0,0,0,0,0
482325,1,1,1995,0,0,0,0,0,0,0,0,0,0
482325,2,1,1995,0,0,0,0,0,0,0,0,0,0
482326,1,1,1995,14,14,14,14,14,14,14,14,14,14
482327,0,1,1995,0,0,0,0,0,0,0,0,0,0
482327,1,1,1995,0,0,0,0,0,0,0,0,0,0
482328,1,1,1995,0,0,0,0,5,4,0,7,17,0
482329,1,1,1995,0,7,0,0,0,0,0,0,0,10
482329,2,1,1995,0,0,0,0,0,0,0,15,0,0
482330,1,1,1995,4,4,4,4,4,4,4,4,4,4
482331,1,1,1995,5,14,10,0,0,13,11,0,24,20
482331,2,1,1995,14,17,10,26,0,12,17,15,0,22
482331,3,1,1995,2,0,19,0,0,0,0,0,31,0
482332,0,1,1995,26,13,42,3,0,38,40,30,20,22
482332,1,1,1995,0,4,0,0,0,0,0,0,0,15
482333,0,1,1995,0,21,19,10,0,19,0,0,0,5
482333,1,1,1995,12,14,20,3,11,0,20,0,11,20
482334,1,1,1995,0,0,0,0,0,0,0,0,0,0
482334,2,1,1995,0,14,0,0,0,16,0,23,0,0
482335,1,1,1995,18,18,18,18,18,18,18,18,18,18
482336,1,1,1995,6,6,6,6,6,6,6,6,6,6
482336,2,1,1995,0,0,0,0,0,0,0,0,0,0