ST_CASE,VEH_NO,PER_NO,YEAR,P1,P2,P3,P4,P5,P6,P7,P8,P9,P10
482337,1,1,1995,12,12,12,12,12,12,12,12,12,12
482338,1,1,1995,0,0,0,0,0,0,0,0,0,0
482338,2,1,1995,0,0,0,0,0,0,0,0,0,0
482339,1,1,1995,0,25,0,20,22,16,19,0,27,26
482339,2,1,1995,46,18,19,15,0,0,15,0,25,0
482340,1,1,1995,0,0,0,0,0,0,15,0,9,0
482341,1,1,1995,9,15,7,17,11,15,22,12,16,15
482341,2,1,1995,13,12,8,14,2,8,5,20,0,21
482342,1,1,1995,0,0,0,30,0,0,0,0,0,0
482342,2,1,1995,0,0,0,0,21,0,0,15,0,0
482343,1,1,1995,0,0,0,0,0,0,0,0,0,0
482344,0,1,1995,11,16,12,0,0,0,0,0,29,0
482344,1,1,1995,4,4,4,4,4,4,4,4,4,4
482345,1,1,1995,19,19,19,19,19,19,19,19,19,19
482346,1,1,1995,0,0,0,0,0,0,0,0,0,0
482347,1,1,1995,9,18,0,16,28,0,0,0,13,32
482348,0,2,1995,0,0,0,0,0,0,0,0,0,0
482348,1,1,1995,0,0,0,0,0,0,0,0,0,0
482349,1,1,1995,0,0,0,0,0,0,0,0,0,0
482349,2,1,1995,0,0,0,0,0,0,0,0,0,0
482350,1,1,1995,22,22,22,22,22,22,22,22,22,22
482351,1,1,1995,0,0,0,0,0,0,0,0,0,0
482351,2,1,1995,0,0,0,0,0,0,0,0,0,0
482352,1,1,1995,0,8,6,12,10,5,14,13,11,10
482352,2,1,1995,0,0,0,0,0,0,0,0,0,0
482353,1,1,1995,20,20,20,20,20,20,20,20,20,20
482354,1,1,1995,10,14,16,25,20,21,23,21,13,27
482355,1,1,1995,0,0,0,0,0,0,0,0,0,0
482355,2,1,1995,0,0,0,16,0,0,0,0,0,0
482355,3,1,1995,0,0,0,0,0,0,0,0,0,0
482355,4,1,1995,0,0,0,0,0,0,0,0,0,0
482356,1,1,1995,7,7,7,7,7,7,7,7,7,7
482356,2,1,1995,0,0,0,0,0,0,0,0,0,0
482357,1,1,1995,0,0,0,0,0,0,0,0,0,0
482357,2,1,1995,0,0,0,0,0,0,0,0,0,0
482358,0,1,1995,0,0,0,0,0,0,0,0,0,0
482358,1,1,1995,0,0,0,0,0,0,0,0,0,0
482359,1,1,1995,17,17,17,17,17,17,17,17,17,17
482359,2,1,1995,0,0,0,0,0,0,0,0,0,0
482360,1,1,1995,0,0,0,0,0,0,0,0,0,0
482360,2,1,1995,0,0,0,0,0,8,0,0,0,0
482361,1,1,1995,0,0,31,11,27,17,0,11,0,30
482361,2,1,1995,0,0,0,0,0,22,0,0,7,0
482362,1,1,1995,0,0,0,0,0,0,0,0,0,0
482363,0,1,1995,0,0,0,0,0,0,0,0,0,0
482363,1,1,1995,0,0,0,0,0,4,0,0,0,0
482364,1,1,1995,18,18,18,18,18,18,18,18,18,18
482364,2,1,1995,0,0,0,0,0,0,0,0,0,0
482365,1,1,1995,0,0,0,0,0,0,0,0,0,0
482365,2,1,1995,0,0,0,0,15,0,0,0,0,0
482366,1,1,1995,0,0,0,0,0,0,0,0,0,0
482366,2,1,1995,0,0,0,0,0,0,0,0,0,0
482367,1,1,1995,0,0,0,0,0,3,0,0,0,0
482367,2,1,1995,0,0,0,0,0,0,0,0,0,0
482368,0,1,1995,30,39,0,27,17,21,16,0,5,23
482368,1,1,1995,14,0,0,0,0,0,0,0,10,0
482369,1,1,1995,19,19,19,19,19,19,19,19,19,19
482370,0,1,1995,0,0,4,0,0,0,0,0,0,0
482370,1,1,1995,0,0,0,0,0,0,0,0,0,0
482371,1,1,1995,0,24,10,0,15,0,0,18,6,0
482372,1,1,1995,14,14,14,14,14,14,14,14,14,14
482373,1,1,1995,26,26,26,26,26,26,26,26,26,26
482374,1,1,1995,0,0,0,0,0,0,0,0,0,0
482374,2,1,1995,21,21,21,21,21,21,21,21,21,21
482375,1,1,1995,0,36,20,20,26,26,11,30,8,19
482376,1,1,1995,0,0,0,0,0,0,0,0,0,0
482376,2,1,1995,0,0,0,0,0,0,0,0,0,0
482376,3,1,1995,0,0,0,0,0,0,0,0,0,17
482377,1,1,1995,8,17,14,11,26,20,0,19,27,8
482377,2,1,1995,6,0,0,0,0,0,0,0,3,0
482378,1,1,1995,0,0,0,0,0,0,0,0,0,0
482378,2,1,1995,0,0,0,0,0,0,0,0,0,0
482379,1,1,1995,0,0,0,0,0,0,0,0,0,0
482379,2,1,1995,0,11,10,3,20,0,8,21,0,0
482380,1,1,1995,30,30,30,30,30,30,30,30,30,30
482381,1,1,1995,11,11,11,11,11,11,11,11,11,11
482382,0,1,1995,38,0,13,0,0,0,17,21,0,0
482382,1,1,1995,0,0,0,0,0,0,0,0,0,0
482383,1,1,1995,0,0,0,0,0,0,0,0,0,0
482383,2,1,1995,0,26,0,0,10,18,0,6,0,0
482384,1,1,1995,28,28,28,28,28,28,28,28,28,28
482384,2,1,1995,0,0,33,0,0,0,0,0,0,0
482385,0,1,1995,0,0,11,0,19,9,20,17,0,0
482385,0,2,1995,14,46,0,28,0,0,27,0,0,0
482385,1,1,1995,0,0,0,0,0,0,0,0,0,0
482385,2,1,1995,0,0,0,0,0,0,0,0,0,0
482386,1,1,1995,0,4,0,0,0,0,0,0,0,0
482387,1,1,1995,0,0,0,0,0,0,0,0,0,22
482388,1,1,1995,20,20,20,20,20,20,20,20,20,20
482389,1,1,1995,22,15,12,18,28,3,16,24,13,13
482390,1,1,1995,0,0,0,0,0,0,0,0,0,14
482390,2,1,1995,22,22,22,22,22,22,22,22,22,22
482391,1,1,1995,0,0,0,0,0,0,0,0,0,0
482391,2,1,1995,20,20,20,20,20,20,20,20,20,20
482391,3,1,1995,0,0,0,0,8,0,0,0,0,0
482392,1,1,1995,0,0,0,0,0,0,0,0,0,0
482393,1,1,1995,8,23,23,17,24,16,12,29,21,12
482394,1,1,1995,0,11,9,7,0,19,5,0,0,26
482394,2,1,1995,0,0,0,0,0,0,0,0,0,0
482395,1,1,1995,26,26,26,26,26,26,26,26,26,26
482395,2,1,1995,0,0,0,0,0,0,0,0,0,0
482395,3,1,1995,0,0,0,0,0,0,0,0,0,0
482396,1,1,1995,0,0,0,0,0,0,0,0,0,0
482396,2,1,1995,13,13,13,13,13,13,13,13,13,13
482397,1,1,1995,6,6,6,6,6,6,6,6,6,6
482397,2,1,1995,0,0,0,0,0,0,0,0,0,0
482398,1,1,1995,16,16,16,16,16,16,16,16,16,16
482399,1,1,1995,0,14,0,15,0,17,0,0,0,0
482400,1,1,1995,0,0,0,0,0,0,0,0,0,0
482400,2,1,1995,0,0,0,0,0,0,11,0,0,9
482400,3,1,1995,0,0,0,0,0,0,15,0,0,0
482401,1,1,1995,17,17,17,17,17,17,17,17,17,17
482401,2,1,1995,0,0,0,0,0,0,0,0,0,0
482402,0,1,1995,0,0,0,24,0,0,0,0,0,0
482402,1,1,1995,23,0,0,7,0,0,0,14,22,0
482403,1,1,1995,11,22,20,10,3,7,13,14,14,16
482404,1,1,1995,0,0,14,15,19,16,0,16,13,19
482405,1,1,1995,0,0,0,0,0,0,0,0,0,0
482405,2,1,1995,0,0,0,0,0,0,0,0,0,0
482406,1,1,1995,5,5,5,5,5,5,5,5,5,5
482406,2,1,1995,0,0,0,0,0,20,9,0,0,0
482407,0,1,1995,0,0,0,33,0,0,0,0,0,0
482407,1,1,1995,0,0,0,0,0,0,0,0,0,0
482408,1,1,1995,20,0,11,0,14,0,17,0,0,0
482409,0,1,1995,0,17,0,0,0,33,14,7,0,24
482409,1,1,1995,0,0,0,0,0,16,21,0,0,0
482410,1,1,1995,0,0,0,0,0,0,0,0,0,0
482410,2,1,1995,17,0,0,0,22,0,0,22,24,0
482411,1,1,1995,0,0,0,0,0,0,0,0,0,0
482411,2,1,1995,0,0,0,0,0,0,0,0,0,0
482412,0,1,1995,16,45,21,21,12,15,20,19,23,8
482412,1,1,1995,0,0,0,0,0,32,0,18,0,13
482413,1,1,1995,10,10,10,10,10,10,10,10,10,10
482414,1,1,1995,24,22,10,19,19,20,22,22,16,21
482414,2,1,1995,0,0,0,0,0,39,8,0,0,0
482415,0,1,1995,0,0,0,0,0,0,0,0,0,0
482415,1,1,1995,0,0,0,0,0,0,0,0,0,0
482416,1,1,1995,0,16,0,13,0,0,0,0,0,0
482417,0,1,1995,30,30,30,30,30,30,30,30,30,30
482417,2,1,1995,11,0,0,0,0,0,0,8,0,0
482418,1,1,1995,18,18,18,18,18,18,18,18,18,18
482419,1,1,1995,24,24,24,24,24,24,24,24,24,24
482419,2,1,1995,0,0,0,0,0,3,0,0,0,0
482420,1,1,1995,0,0,0,0,16,0,0,0,0,0
482421,1,1,1995,12,12,12,12,12,12,12,12,12,12
482422,1,1,1995,37,37,37,37,37,37,37,37,37,37
482423,1,1,1995,15,26,22,16,15,24,10,9,42,31
482424,1,1,1995,0,15,12,0,0,0,0,0,0,0
482424,2,1,1995,0,0,0,0,0,0,0,0,0,0
482425,1,1,1995,7,7,7,7,7,7,7,7,7,7
482426,1,1,1995,11,24,26,29,22,14,19,18,11,26
482427,1,1,1995,0,22,0,0,0,0,0,0,0,0
482427,2,1,1995,35,14,22,14,12,16,12,7,24,23
482428,1,1,1995,13,13,13,13,13,13,13,13,13,13
482429,1,1,1995,5,0,12,4,5,11,0,10,0,0
482430,0,1,1995,0,0,0,0,0,0,0,0,0,0
482430,1,1,1995,0,0,0,0,0,0,0,0,0,0
482431,0,1,1995,0,30,0,0,15,0,0,0,0,0
482431,1,1,1995,0,0,10,0,0,0,0,0,0,18
482432,1,1,1995,0,0,0,0,21,0,0,0,0,0
482432,2,1,1995,0,0,0,0,0,0,0,0,0,0
482432,3,1,1995,0,0,0,0,0,0,0,0,0,0
482433,1,1,1995,12,12,12,12,12,12,12,12,12,12
482434,1,1,1995,0,16,9,0,0,14,13,0,11,20
482435,1,1,1995,20,20,20,20,20,20,20,20,20,20
482436,0,1,1995,0,0,0,0,0,0,0,0,0,0
482436,1,1,1995,2,2,2,2,2,2,2,2,2,2
482437,1,1,1995,6,12,15,11,22,11,12,23,20,21
482438,1,1,1995,5,0,0,0,0,0,0,0,0,0
482438,2,1,1995,0,0,0,0,0,0,0,0,0,0
482439,1,1,1995,0,0,0,0,0,0,0,0,0,0
482440,1,1,1995,16,16,16,16,16,16,16,16,16,16
482440,2,1,1995,0,0,0,0,0,0,0,0,0,0
482441,0,1,1995,0,16,9,0,27,33,0,0,13,14
482441,1,1,1995,17,17,17,17,17,17,17,17,17,17
482442,1,1,1995,0,0,0,15,0,15,0,0,0,11
482443,1,1,1995,0,0,0,0,0,0,0,0,0,0
482443,2,1,1995,0,0,0,0,0,0,0,0,0,0
482444,1,1,1995,0,0,0,0,0,0,0,0,0,0
482444,2,1,1995,0,0,0,0,0,0,0,0,0,0
482445,1,1,1995,0,0,16,0,20,16,9,0,19,0
482445,2,1,1995,0,0,0,0,0,0,0,0,4,0
482446,0,1,1995,0,57,0,0,0,12,26,0,31,0
482446,1,1,1995,0,0,0,0,11,0,7,14,0,0
482447,1,1,1995,26,7,3,20,0,19,24,17,12,0
482448,0,1,1995,29,29,29,29,29,29,29,29,29,29
482448,1,1,1995,0,0,0,0,0,0,0,0,0,0
482449,1,1,1995,0,0,0,0,0,0,0,0,0,0
482449,2,1,1995,0,0,0,0,0,0,0,0,0,0
482450,1,1,1995,19,19,19,19,19,19,19,19,19,19
482450,2,1,1995,0,0,0,0,0,0,0,0,0,0
482451,0,1,1995,17,17,17,17,17,17,17,17,17,17
482451,1,1,1995,0,0,0,0,0,0,0,0,0,0
482452,1,1,1995,0,0,0,0,0,0,0,0,0,0
482452,2,1,1995,14,14,14,14,14,14,14,14,14,14
482453,1,1,1995,0,0,0,0,0,0,0,0,0,0
482454,1,1,1995,0,0,0,0,0,0,0,0,0,0
482454,2,1,1995,0,0,0,0,0,0,0,0,0,0
482455,0,1,1995,34,9,29,25,28,25,23,17,17,19
482455,1,1,1995,12,6,34,4,20,13,24,20,0,9
482456,1,1,1995,0,0,0,0,0,0,0,0,0,0
482457,1,1,1995,0,0,0,0,14,0,0,0,0,0
482458,1,1,1995,0,0,0,0,0,0,0,0,0,0
482459,1,1,1995,0,0,0,0,0,0,0,0,0,8
482459,2,1,1995,0,0,0,0,0,0,0,0,0,0
482460,1,1,1995,28,28,28,28,28,28,28,28,28,28
482460,2,1,1995,0,0,0,0,0,0,0,0,0,0
482461,1,1,1995,0,13,0,0,0,0,0,0,0,0
482461,2,1,1995,0,0,0,0,19,0,0,0,0,7
482462,1,1,1995,0,2,0,9,0,20,21,51,28,0
482462,2,1,1995,14,14,0,17,0,15,0,9,30,7
482463,1,1,1995,12,46,24,22,7,17,16,19,23,16
482464,1,1,1995,36,6,0,16,0,12,35,6,14,15
482465,1,1,1995,12,12,12,12,12,12,12,12,12,12
482466,1,1,1995,0,0,0,0,0,0,0,0,0,0
482466,2,1,1995,0,0,0,0,0,0,0,0,12,0
482467,1,1,1995,0,0,0,0,0,0,0,0,0,0
482467,2,1,1995,0,0,0,0,0,0,0,0,0,0
482468,1,1,1995,0,0,4,0,9,0,21,5,0,26
482468,2,1,1995,0,0,0,0,0,0,0,0,0,0
482469,1,1,1995,0,23,27,0,11,3,15,19,22,19
482470,0,1,1995,27,0,0,0,0,0,0,0,0,0
482470,1,1,1995,12,12,12,12,12,12,12,12,12,12
482471,1,1,1995,14,32,8,22,20,30,8,19,40,29
482471,2,1,1995,18,25,20,10,19,30,21,10,23,22
482472,1,1,1995,12,12,12,12,12,12,12,12,12,12
482473,1,1,1995,11,11,11,11,11,11,11,11,11,11
482474,1,1,1995,15,15,15,15,15,15,15,15,15,15
482475,1,1,1995,17,13,21,0,0,0,15,0,0,0
482476,1,1,1995,16,18,3,30,5,11,13,20,21,11
482477,1,1,1995,28,28,28,28,28,28,28,28,28,28
482478,1,1,1995,22,22,22,22,22,22,22,22,22,22
482479,1,1,1995,0,0,0,9,0,0,0,0,0,0
482479,2,1,1995,0,0,0,0,0,0,0,6,0,0
482480,1,1,1995,0,0,0,0,0,0,0,0,0,0
482480,2,1,1995,0,0,0,0,0,0,0,0,0,0
482480,3,1,1995,0,0,0,0,0,0,0,0,0,0
482481,1,1,1995,20,20,20,20,20,20,20,20,20,20
482482,1,1,1995,0,0,0,0,0,0,0,0,0,0
482482,2,1,1995,32,32,32,32,32,32,32,32,32,32
482483,1,1,1995,0,0,0,0,0,0,0,0,0,0
482484,1,1,1995,0,0,0,0,0,0,0,0,0,0
482484,2,1,1995,0,0,0,0,0,0,0,0,0,0
482485,1,1,1995,0,0,0,0,0,0,0,0,0,0
482485,2,1,1995,0,0,0,0,0,0,0,0,0,0
482486,1,1,1995,0,0,0,0,0,0,0,0,0,0
482486,2,1,1995,7,0,0,0,0,0,11,0,0,0
482487,1,1,1995,16,0,0,0,0,0,0,0,0,0
482487,2,1,1995,0,0,0,0,0,0,0,0,0,0
482488,0,1,1995,0,0,0,0,0,29,0,0,0,9
482488,1,1,1995,0,0,0,0,0,0,0,0,0,0
482489,1,1,1995,0,38,0,0,17,19,18,0,22,0
482489,2,1,1995,0,0,0,0,0,0,0,0,0,0
482490,1,1,1995,0,0,0,0,0,0,11,0,0,0
482491,1,1,1995,0,0,0,0,0,0,0,0,0,0
482492,1,1,1995,0,0,0,0,0,0,0,0,8,0
482492,2,1,1995,0,0,0,0,0,0,0,0,5,0
482492,3,1,1995,0,0,0,0,0,0,0,30,0,0
482493,0,1,1995,14,0,0,3,0,0,0,12,0,0
482493,1,1,1995,0,0,0,0,0,10,0,0,0,0
482494,1,1,1995,18,18,18,18,18,18,18,18,18,18
482495,0,1,1995,0,0,0,0,0,0,0,0,0,0
482495,1,1,1995,0,0,0,0,0,0,0,0,0,0
482496,1,1,1995,26,0,0,0,0,0,0,0,0,0
482496,2,1,1995,0,0,0,2,0,0,0,0,0,0
482496,3,1,1995,17,0,0,0,0,0,0,0,0,0
482497,0,1,1995,0,14,8,0,0,0,18,14,0,20
482497,1,1,1995,0,0,0,0,7,0,0,0,0,0
482498,1,1,1995,0,0,0,0,0,25,0,0,0,0
482499,1,1,1995,0,0,0,0,0,0,0,0,0,0
482500,1,1,1995,0,0,0,0,0,0,0,17,0,14
482500,2,1,1995,0,0,0,0,0,0,0,32,0,0
482501,1,1,1995,8,8,8,8,8,8,8,8,8,8
482502,0,1,1995,0,0,0,0,0,0,0,0,0,0
482502,1,1,1995,0,0,0,0,0,0,0,0,0,0
482503,1,1,1995,21,20,0,16,36,22,0,20,15,16
482504,1,1,1995,0,0,0,0,0,0,0,0,0,0
482504,2,1,1995,15,0,0,0,0,0,0,0,0,0
482505,1,1,1995,0,0,0,0,0,0,0,0,0,0
482506,1,1,1995,0,0,0,0,0,0,19,23,0,0
482506,2,1,1995,0,0,0,0,0,0,0,0,0,0
482507,1,1,1995,0,0,0,0,0,0,0,0,0,0
482507,2,1,1995,0,0,0,11,0,0,0,0,0,0
482508,1,1,1995,22,0,0,0,8,0,0,14,0,0
482508,2,1,1995,0,0,0,0,0,0,0,0,0,0
482509,1,1,1995,0,0,0,0,0,0,0,0,0,0
482509,2,1,1995,0,0,0,0,0,0,0,0,0,0
482510,1,1,1995,0,0,0,0,0,0,0,0,0,0
482510,2,1,1995,0,0,0,0,0,0,0,0,0,0
482511,1,1,1995,19,19,19,19,19,19,19,19,19,19
482512,0,1,1995,0,0,37,0,31,0,0,12,24,0
482512,1,1,1995,0,0,0,0,22,0,0,14,0,18
482513,0,1,1995,0,0,0,0,0,0,0,0,0,0
482513,1,1,1995,0,0,0,12,0,0,0,0,0,0
482514,1,1,1995,11,11,11,11,11,11,11,11,11,11
482515,1,1,1995,0,12,0,0,0,0,21,0,0,0
482515,2,1,1995,0,0,0,0,0,0,0,0,0,0
482515,3,1,1995,19,15,24,20,11,7,21,0,23,21
482517,1,1,1995,26,0,17,25,12,24,15,11,9,17
482518,1,1,1995,29,29,29,29,29,29,29,29,29,29
482519,1,1,1995,8,8,8,8,8,8,8,8,8,8
482520,1,1,1995,0,0,0,0,0,0,0,0,9,0
482521,1,1,1995,0,0,0,0,15,0,0,0,0,0
482521,2,1,1995,0,0,0,0,0,0,0,0,0,0
482522,1,1,1995,0,0,0,0,0,0,0,0,0,0
482522,2,1,1995,0,0,31,0,0,0,0,0,0,0
482523,1,1,1995,11,11,11,11,11,11,11,11,11,11
482523,2,1,1995,0,0,0,0,0,0,0,0,0,0
482524,0,1,1995,0,0,21,0,9,11,0,27,17,0
482524,0,2,1995,30,37,10,26,11,13,28,26,19,2
482524,1,1,1995,23,0,6,20,13,0,16,6,8,0
482525,1,1,1995,0,0,16,0,15,13,24,0,12,0
482525,2,1,1995,0,17,0,0,0,0,19,14,24,0
482526,1,1,1995,17,17,17,17,17,17,17,17,17,17
482527,0,1,1995,26,26,26,26,26,26,26,26,26,26
482527,1,1,1995,0,0,0,0,0,0,0,13,4,0
482528,1,1,1995,5,5,5,5,5,5,5,5,5,5
482529,1,1,1995,0,0,0,0,0,0,0,0,0,0
482530,1,1,1995,0,0,0,0,0,0,0,0,0,0
482530,2,1,1995,0,0,0,0,0,0,0,0,0,0
482531,1,1,1995,0,0,0,0,0,5,15,33,0,28
482532,1,1,1995,30,30,30,30,30,30,30,30,30,30
482533,1,1,1995,0,0,0,0,0,0,0,0,0,0
482533,2,1,1995,0,0,0,0,0,0,0,0,0,0
482533,3,1,1995,0,0,20,0,0,0,0,0,0,0
482534,1,1,1995,0,0,0,0,0,0,0,2,0,0
482534,2,1,1995,0,0,0,0,0,0,0,0,0,0
482535,1,1,1995,0,0,0,0,0,0,0,0,0,0
482535,2,1,1995,0,0,0,18,0,0,0,0,0,0
482536,0,1,1995,0,0,0,0,0,0,0,0,15,0
482536,0,2,1995,0,0,0,0,0,0,0,0,0,0
482536,1,1,1995,0,0,0,0,0,0,0,0,0,0
482537,1,1,1995,27,0,0,37,0,25,0,0,21,28
482538,1,1,1995,13,23,0,17,25,0,0,0,30,17
482539,1,1,1995,0,0,0,0,0,0,0,0,0,0
482539,2,1,1995,0,0,0,0,0,0,0,0,0,0
482540,1,1,1995,0,0,0,9,0,0,0,0,0,0
482540,2,1,1995,0,0,0,0,0,0,0,0,0,0
482541,1,1,1995,9,0,0,17,19,14,0,27,0,15
482542,1,1,1995,0,0,0,0,0,0,0,0,0,0
482542,2,1,1995,0,0,0,0,0,0,0,0,0,0
482543,1,1,1995,20,20,20,20,20,20,20,20,20,20
482543,2,1,1995,0,0,0,0,0,0,0,0,0,0
482544,1,1,1995,0,0,0,18,0,0,0,0,0,0
482544,2,1,1995,0,0,0,0,0,0,0,0,0,0
482545,0,1,1995,21,21,21,21,21,21,21,21,21,21
482545,1,1,1995,25,0,0,0,0,0,0,0,6,0
482546,1,1,1995,0,0,0,0,0,0,0,0,0,0
482546,2,1,1995,0,0,0,0,0,0,0,14,0,0
482546,3,1,1995,0,0,0,0,0,0,0,0,0,0
482547,0,1,1995,0,0,0,13,0,0,0,0,0,0
482547,1,1,1995,0,0,0,0,0,0,0,0,0,0
482548,1,1,1995,0,19,20,17,0,26,19,0,0,26
482549,1,1,1995,22,22,22,22,22,22,22,22,22,22
482549,2,1,1995,0,0,0,0,0,0,0,0,0,0
482550,1,1,1995,18,18,18,18,18,18,18,18,18,18
482550,2,1,1995,0,0,0,0,0,0,0,0,0,0
482551,0,1,1995,19,0,0,0,0,0,0,9,0,0
482551,1,1,1995,0,0,0,0,0,0,0,0,0,0
482552,1,1,1995,17,17,17,17,17,17,17,17,17,17
482553,1,1,1995,0,0,0,0,0,0,0,0,0,0
482554,0,1,1995,22,0,0,0,0,23,0,20,16,0
482554,1,1,1995,0,0,9,0,0,17,9,6,9,0
482555,1,1,1995,0,0,0,0,0,0,0,0,0,0
482556,1,1,1995,24,24,24,24,24,24,24,24,24,24
482557,1,1,1995,0,0,0,0,0,0,0,0,0,0
482557,2,1,1995,0,0,0,0,0,0,0,0,0,0
482558,1,1,1995,19,19,19,19,19,19,19,19,19,19
482558,2,1,1995,0,0,0,0,0,0,0,0,0,0
482559,1,1,1995,0,0,0,0,0,0,0,0,0,0
482559,2,1,1995,0,0,0,0,0,0,0,0,0,0
482560,1,1,1995,0,8,0,0,15,0,15,0,0,12
482561,1,1,1995,0,0,0,0,0,0,8,0,0,0
482561,2,1,1995,0,0,17,0,0,0,0,0,0,0
482561,3,1,1995,0,0,10,0,0,4,0,7,0,19
482562,0,1,1995,0,0,0,0,0,9,0,17,0,18
482562,1,1,1995,0,0,0,0,0,0,0,0,0,0
482563,1,1,1995,0,0,0,0,0,0,0,0,0,0
482563,2,1,1995,0,3,0,0,0,0,10,0,0,0
482564,1,1,1995,0,10,0,23,16,3,0,0,4,14
482565,1,1,1995,19,19,0,29,0,10,30,7,16,0
482566,1,1,1995,25,25,25,25,25,25,25,25,25,25
482567,1,1,1995,0,12,9,16,16,13,0,6,11,0
482568,1,1,1995,31,31,31,31,31,31,31,31,31,31
482569,1,1,1995,0,0,0,0,0,0,0,0,0,0
482569,2,1,1995,0,0,0,0,0,0,0,0,23,0
482570,1,1,1995,14,14,14,14,14,14,14,14,14,14
482571,0,1,1995,0,0,0,0,0,0,0,0,0,0
482571,1,1,1995,0,0,0,0,0,0,0,0,0,0
482572,1,1,1995,45,21,0,0,0,0,14,0,16,0
482572,2,1,1995,0,0,0,0,0,0,9,0,0,0
482573,1,1,1995,17,17,17,17,17,17,17,17,17,17
482574,1,1,1995,0,0,0,0,0,0,0,0,0,0
482574,2,1,1995,0,0,0,10,0,0,15,0,0,0
482575,1,1,1995,18,18,18,18,18,18,18,18,18,18
482575,2,1,1995,0,0,0,0,0,0,0,0,0,0
482576,0,1,1995,13,20,15,11,18,34,0,16,0,0
482576,1,1,1995,0,0,20,15,10,0,18,0,4,0
482577,1,1,1995,10,10,10,10,10,10,10,10,10,10
482577,2,1,1995,0,0,0,0,0,0,0,0,0,0
482578,0,1,1995,0,37,0,27,17,18,16,31,12,9
482578,1,1,1995,11,0,5,0,0,0,0,0,0,0
482579,1,1,1995,18,18,18,18,18,18,18,18,18,18
482580,1,1,1995,7,18,14,16,17,23,7,10,8,11
482580,2,1,1995,10,16,17,13,18,20,17,14,11,24
482581,1,1,1995,0,18,0,0,0,0,0,0,15,25
482581,2,1,1995,0,0,0,0,0,0,0,0,0,0
482582,1,1,1995,14,14,14,14,14,14,14,14,14,14
482583,1,1,1995,0,31,0,0,0,0,0,0,9,0
482583,2,1,1995,0,0,0,0,0,0,0,0,0,0
482583,3,1,1995,0,0,0,0,0,0,0,0,0,0
482584,1,1,1995,0,0,0,0,13,0,0,0,0,0
482584,2,1,1995,0,0,0,0,0,0,0,0,0,0
482585,0,1,1995,19,12,0,18,37,14,21,0,0,18
482585,1,1,1995,0,0,0,0,0,0,0,0,0,0
482586,1,1,1995,10,10,10,10,10,10,10,10,10,10
482587,1,1,1995,0,0,0,0,11,0,0,0,14,0
482587,2,1,1995,0,0,0,10,0,0,0,0,0,0
482588,1,1,1995,11,11,11,11,11,11,11,11,11,11
482588,2,1,1995,0,0,14,28,0,0,0,0,0,0
482588,3,1,1995,0,0,0,9,0,0,0,0,0,0
482589,1,1,1995,0,0,0,0,0,0,0,22,0,0
482590,1,1,1995,0,0,0,0,19,0,16,8,22,22
482590,2,1,1995,19,19,19,19,19,19,19,19,19,19
482591,1,1,1995,6,6,6,6,6,6,6,6,6,6
482592,1,1,1995,12,12,12,12,12,12,12,12,12,12
482593,1,1,1995,18,18,18,18,18,18,18,18,18,18
482594,1,1,1995,0,0,0,0,0,0,0,0,0,0
482594,2,1,1995,0,27,0,0,0,0,0,8,0,0
482594,3,1,1995,0,0,0,0,0,0,0,0,0,0
482594,4,1,1995,0,0,0,0,0,10,0,0,0,0
482595,1,1,1995,0,0,0,0,0,0,8,0,0,0
482595,2,1,1995,0,0,0,0,0,0,0,9,0,0
482596,1,1,1995,0,0,0,0,0,0,0,0,0,0
482596,2,1,1995,0,0,0,0,0,0,0,0,0,0
482597,0,1,1995,31,31,31,31,31,31,31,31,31,31
482597,1,1,1995,0,0,0,0,0,0,0,0,0,0
482598,1,1,1995,0,0,0,0,0,0,0,0,0,0
482598,2,1,1995,0,0,0,0,0,0,0,0,0,0
482599,0,1,1995,0,0,0,0,0,0,0,0,0,0
482599,1,1,1995,0,0,0,0,0,0,0,0,0,0
482600,1,1,1995,0,0,0,0,0,0,0,0,0,0
482601,1,1,1995,0,0,0,0,0,0,0,0,0,0
482601,2,1,1995,0,0,0,0,0,0,0,12,0,13
482601,3,1,1995,0,0,0,0,0,0,0,0,0,0
482602,1,1,1995,17,17,17,17,17,17,17,17,17,17
482603,1,1,1995,0,0,0,18,0,0,11,0,0,0
482603,2,1,1995,0,0,0,0,0,0,0,0,0,0
482604,1,1,1995,0,0,0,0,0,0,0,0,0,0
482604,2,1,1995,0,0,0,0,0,0,0,0,0,0
482604,3,1,1995,0,0,0,0,0,21,0,0,0,0
482605,0,1,1995,0,0,15,0,0,0,7,0,0,0