ST_CASE,VEH_NO,PER_NO,YEAR,P1,P2,P3,P4,P5,P6,P7,P8,P9,P10
490076,1,1,1995,0,0,0,0,0,0,0,0,0,0
490076,2,1,1995,0,0,0,0,0,0,0,0,0,0
490076,3,1,1995,0,0,0,0,0,0,0,0,0,0
490076,4,1,1995,0,0,23,0,0,0,0,0,0,0
490076,5,1,1995,0,0,0,0,0,0,0,0,0,0
490077,1,1,1995,0,0,0,0,0,0,0,0,0,0
490077,2,1,1995,0,0,0,0,0,0,0,0,0,0
490078,1,1,1995,0,0,8,0,0,0,0,0,0,0
490079,1,1,1995,0,0,0,0,0,0,0,0,0,0
490079,2,1,1995,7,0,0,0,0,0,0,0,0,0
490080,1,1,1995,0,0,0,0,0,0,0,0,0,0
490080,2,1,1995,0,0,0,0,0,0,0,0,0,0
490081,1,1,1995,0,0,0,0,0,0,0,0,0,0
490081,2,1,1995,0,0,0,0,0,0,0,0,0,0
490082,1,1,1995,0,0,0,0,0,0,0,0,0,0
490083,1,1,1995,0,0,0,0,0,0,6,11,0,0
490083,2,1,1995,0,0,0,0,0,0,0,0,0,0
490084,1,1,1995,0,0,0,0,0,0,0,0,0,0
490085,1,1,1995,17,0,6,14,14,12,18,13,20,12
490085,2,1,1995,0,0,0,0,0,0,0,0,0,0
490086,1,1,1995,20,20,20,20,20,20,20,20,20,20
490088,1,1,1995,3,3,3,3,3,3,3,3,3,3
490088,2,1,1995,0,0,0,0,0,0,0,0,0,0
490089,1,1,1995,0,0,0,16,0,0,0,17,0,0
490090,1,1,1995,0,0,0,0,0,0,0,0,0,0
490091,1,1,1995,0,0,0,0,0,0,0,0,0,0
490091,2,1,1995,0,0,0,0,0,0,0,0,0,0
490092,1,1,1995,7,7,7,7,7,7,7,7,7,7
490093,1,1,1995,0,0,0,0,0,0,0,0,0,0
490093,2,1,1995,0,0,0,0,0,0,0,0,0,0
490094,1,1,1995,8,8,8,8,8,8,8,8,8,8
490095,1,1,1995,0,0,0,0,0,0,0,0,0,0
490095,2,1,1995,0,0,0,0,0,0,0,0,0,0
490096,1,1,1995,0,0,0,0,0,0,0,0,0,0
490096,2,1,1995,0,0,0,0,0,0,0,0,0,0
490097,0,1,1995,8,8,8,8,8,8,8,8,8,8
490097,1,1,1995,8,8,8,8,8,8,8,8,8,8
490098,1,1,1995,29,29,29,29,29,29,29,29,29,29
490098,2,1,1995,0,0,0,0,0,0,0,0,0,0
490099,1,1,1995,0,0,0,0,0,0,0,0,0,0
490100,1,1,1995,0,0,0,0,0,0,0,0,0,0
490100,2,1,1995,0,0,0,0,0,0,0,0,0,0
490101,1,1,1995,0,0,0,0,0,0,0,0,0,0
490102,1,1,1995,0,0,0,0,0,0,0,0,0,0
490103,1,1,1995,0,0,0,0,0,0,0,0,0,0
490103,2,1,1995,0,0,0,0,0,0,0,0,0,0
490104,1,1,1995,16,16,16,16,16,16,16,16,16,16
490105,1,1,1995,0,0,0,0,0,0,0,0,0,0
490105,2,1,1995,0,0,0,0,0,0,0,0,0,0
490106,1,1,1995,0,35,0,0,0,5,0,0,0,5
490106,2,1,1995,0,0,0,0,0,0,0,0,0,0
490107,1,1,1995,0,0,0,0,0,0,0,0,0,0
490107,2,1,1995,0,0,0,0,0,0,0,0,0,0
490108,1,1,1995,0,0,0,0,0,0,0,0,0,0
490109,0,1,1995,0,0,0,0,0,0,0,0,0,0
490109,1,1,1995,0,0,0,0,0,0,0,0,0,0
490110,1,1,1995,9,9,9,9,9,9,9,9,9,9
490111,1,1,1995,15,15,15,15,15,15,15,15,15,15
490112,1,1,1995,0,0,0,0,0,0,0,0,0,0
490112,2,1,1995,17,0,0,0,0,0,0,0,0,0
490113,0,1,1995,0,0,0,0,0,0,0,0,0,0
490113,1,1,1995,0,0,0,0,0,0,0,0,0,0
490114,1,1,1995,0,0,0,0,0,0,0,0,0,0
490115,1,1,1995,5,5,5,5,5,5,5,5,5,5
490117,1,1,1995,0,0,0,0,0,0,0,0,0,0
490117,2,1,1995,0,0,0,0,0,0,0,0,0,0
490118,0,1,1995,0,0,0,0,0,0,0,0,0,0
490118,1,1,1995,0,0,0,0,0,0,0,0,0,0
490119,1,1,1995,0,0,0,0,0,0,0,0,0,0
490119,2,1,1995,0,0,0,0,0,0,0,0,0,0
490120,1,1,1995,0,0,0,0,0,0,0,0,0,0
490121,1,1,1995,30,30,30,30,30,30,30,30,30,30
490122,1,1,1995,0,0,0,0,0,0,0,0,0,0
490123,1,1,1995,0,0,0,0,0,0,0,0,0,0
490123,2,1,1995,0,0,0,0,0,0,0,0,0,0
490123,3,1,1995,0,7,0,0,0,0,0,0,0,0
490123,4,1,1995,0,0,0,0,0,0,0,0,0,0
490123,5,1,1995,0,0,0,0,0,0,0,0,0,0
490124,1,1,1995,13,13,13,13,13,13,13,13,13,13
490125,1,1,1995,0,0,0,0,0,0,0,0,0,0
490125,2,1,1995,0,0,0,0,0,0,0,0,0,0
490126,1,1,1995,0,0,0,0,0,0,0,0,0,0
490127,1,1,1995,0,0,0,0,0,0,0,0,0,0
490127,2,1,1995,0,0,0,0,0,0,0,0,0,0
490128,1,1,1995,0,0,0,0,0,0,0,0,0,0
490128,2,1,1995,0,0,0,0,0,0,0,0,0,0
490128,3,1,1995,0,0,0,0,0,0,0,0,0,0
490129,1,1,1995,0,0,0,0,0,0,0,0,0,0
490130,1,1,1995,0,0,0,0,0,0,0,0,0,0
490131,1,1,1995,0,0,0,0,0,0,0,0,0,0
490132,0,1,1995,0,0,0,0,0,0,0,0,0,0
490132,1,1,1995,0,0,0,0,0,0,0,0,0,0
490133,1,1,1995,0,0,0,0,0,0,0,0,0,0
490134,1,1,1995,0,0,0,0,0,0,0,0,0,0
490134,2,1,1995,0,0,0,0,0,0,12,0,0,0
490134,3,1,1995,0,0,0,0,0,0,0,0,0,0
490135,0,1,1995,0,0,0,0,0,0,0,0,0,0
490135,1,1,1995,0,0,0,0,0,0,0,0,9,0
490136,1,1,1995,14,14,14,14,14,14,14,14,14,14
490137,1,1,1995,0,0,0,0,0,0,0,0,0,0
490137,2,1,1995,0,0,0,0,0,0,0,0,0,0
490137,3,1,1995,0,0,0,0,0,0,0,0,0,0
490138,1,1,1995,0,0,0,0,0,0,0,0,0,0
490139,0,1,1995,0,0,0,0,0,0,0,0,0,0
490139,1,1,1995,0,0,0,0,0,0,0,0,0,0
490140,1,1,1995,0,0,0,0,0,0,0,0,0,0
490140,2,1,1995,0,0,0,0,0,0,0,0,0,0
490141,1,1,1995,0,0,0,0,0,0,0,0,0,0
490142,0,1,1995,0,0,0,0,0,0,0,0,0,0
490142,1,1,1995,0,0,0,0,0,0,0,0,0,0
490143,1,1,1995,17,17,17,17,17,17,17,17,17,17
490144,1,1,1995,18,18,18,18,18,18,18,18,18,18
490145,1,1,1995,17,17,17,17,17,17,17,17,17,17
490146,1,1,1995,0,0,0,0,0,0,0,0,0,0
490147,1,1,1995,0,0,0,0,0,0,0,0,0,0
490147,2,1,1995,0,0,0,0,0,0,0,0,0,0
490148,1,1,1995,0,0,0,0,0,0,0,0,0,0
490149,1,1,1995,0,0,0,0,0,0,0,0,0,0
490149,2,1,1995,0,0,0,0,0,0,0,0,0,0
490150,0,1,1995,0,0,0,0,0,0,0,0,0,0
490150,1,1,1995,0,0,0,0,0,0,0,0,0,0
490151,1,1,1995,0,0,0,0,0,0,0,0,0,0
490151,2,1,1995,0,0,0,0,0,0,0,0,0,0
490152,1,1,1995,0,0,0,0,0,0,0,0,0,0
490152,2,1,1995,0,0,0,0,0,0,0,0,0,0
490153,1,1,1995,0,0,0,0,0,0,0,0,0,0
490154,1,1,1995,0,0,0,0,0,0,0,0,0,0
490155,1,1,1995,0,0,0,0,0,0,0,0,0,0
490156,1,1,1995,0,0,0,0,0,0,0,0,0,0
490156,2,1,1995,0,0,0,0,0,0,0,0,0,0
490156,3,1,1995,0,0,0,0,0,0,0,0,0,0
490156,4,1,1995,0,0,0,0,0,0,0,0,0,0
490157,0,1,1995,0,0,0,0,0,0,0,0,0,0
490157,1,1,1995,0,0,0,0,0,0,0,0,0,0
490158,1,1,1995,0,0,0,0,0,0,0,0,0,0
490159,1,1,1995,2,2,2,2,2,2,2,2,2,2
490160,1,1,1995,0,0,0,0,0,0,0,0,0,0
490161,1,1,1995,0,0,0,0,0,0,0,0,0,0
490162,0,1,1995,9,9,9,9,9,9,9,9,9,9
490162,1,1,1995,0,0,0,0,0,0,0,0,0,0
490163,1,1,1995,0,0,0,0,0,0,0,0,0,0
490164,0,1,1995,31,31,31,31,31,31,31,31,31,31
490164,1,1,1995,0,0,0,0,0,0,0,0,0,0
490165,1,1,1995,0,0,0,0,0,0,0,0,0,0
490166,1,1,1995,0,0,0,0,0,0,0,0,0,0
490166,2,1,1995,10,10,10,10,10,10,10,10,10,10
490167,0,1,1995,35,35,35,35,35,35,35,35,35,35
490167,1,1,1995,23,27,0,8,27,0,0,23,0,23
490168,0,1,1995,0,0,0,0,0,0,0,0,0,0
490168,1,1,1995,0,0,0,0,0,0,0,0,0,0
490169,1,1,1995,20,20,20,20,20,20,20,20,20,20
490170,1,1,1995,0,0,0,0,0,0,0,0,0,0
490170,2,1,1995,0,0,0,0,0,0,0,0,0,0
490171,1,1,1995,23,23,23,23,23,23,23,23,23,23
490171,2,1,1995,0,0,0,0,0,0,0,0,0,0
490172,1,1,1995,0,0,0,0,0,0,0,0,0,0
490172,2,1,1995,0,0,0,0,0,0,0,24,0,0
490172,3,1,1995,0,0,0,0,0,0,0,0,0,0
490173,1,1,1995,16,16,16,16,16,16,16,16,16,16
490174,0,1,1995,0,0,0,0,0,0,0,0,0,0
490174,1,1,1995,3,3,3,3,3,3,3,3,3,3
490175,1,1,1995,10,0,0,12,0,0,25,0,0,18
490175,2,1,1995,0,0,0,0,0,0,0,0,0,0
490176,0,1,1995,0,22,12,0,11,34,15,14,19,20
490176,0,2,1995,0,0,0,0,0,0,0,0,0,0
490176,1,1,1995,0,0,0,0,0,0,0,0,0,0
490177,1,1,1995,0,0,0,0,0,0,0,0,0,0
490178,0,1,1995,0,0,0,0,0,0,0,0,0,0
490178,1,1,1995,14,14,14,14,14,14,14,14,14,14
490179,1,1,1995,9,9,9,9,9,9,9,9,9,9
490180,0,1,1995,0,0,0,0,0,0,0,0,0,0
490180,1,1,1995,0,0,0,0,0,0,0,0,0,0
490181,1,1,1995,0,0,0,0,0,0,0,0,0,0
490181,2,1,1995,0,0,0,0,0,0,0,0,0,0
490181,3,1,1995,0,0,0,0,0,0,0,0,0,0
490182,1,1,1995,0,0,0,0,0,0,0,0,0,0
490182,2,1,1995,0,0,0,0,0,0,0,0,0,0
490183,1,1,1995,0,0,0,0,0,0,0,0,0,0
490183,2,1,1995,0,0,0,0,0,0,0,0,0,0
490184,0,1,1995,17,32,31,0,0,0,25,0,0,0
490184,1,1,1995,0,0,0,0,0,0,0,0,6,0
490185,1,1,1995,0,0,0,0,0,0,0,0,0,0
490186,0,1,1995,0,0,0,0,0,0,0,0,0,0
490186,1,1,1995,0,0,0,0,0,0,0,0,0,0
490187,1,1,1995,0,0,0,0,0,0,0,0,0,0
490187,2,1,1995,0,0,0,0,0,0,0,0,0,0
490188,0,1,1995,0,0,0,0,0,0,0,0,0,0
490188,1,1,1995,0,0,0,0,0,0,0,0,0,0
490189,1,1,1995,0,0,0,0,0,0,0,0,0,0
490189,2,1,1995,0,0,0,0,0,0,0,0,0,0
490189,3,1,1995,0,0,0,0,0,0,0,0,0,0
490190,1,1,1995,0,0,0,0,0,0,0,0,0,0
490190,2,1,1995,0,0,0,0,0,0,0,0,0,0
490191,0,1,1995,0,0,0,0,0,0,0,0,0,0
490191,1,1,1995,0,0,0,0,0,0,0,0,0,0
490192,1,1,1995,21,21,21,21,21,21,21,21,21,21
490193,1,1,1995,9,9,9,9,9,9,9,9,9,9
490194,0,1,1995,7,0,22,0,32,12,27,0,16,23
490194,1,1,1995,0,0,0,0,0,0,0,0,0,0
490195,0,1,1995,0,0,0,0,0,0,0,0,0,0
490195,1,1,1995,0,0,0,0,0,0,0,0,0,0
490196,1,1,1995,0,0,0,0,0,0,0,0,0,0
490196,2,1,1995,0,0,0,0,0,0,0,0,0,0
490196,3,1,1995,0,0,0,0,0,0,0,0,0,0
490197,1,1,1995,27,27,27,27,27,27,27,27,27,27
490197,2,1,1995,0,0,0,0,0,0,0,0,0,0
490198,1,1,1995,0,0,0,0,0,0,0,0,0,0
490199,1,1,1995,11,11,11,11,11,11,11,11,11,11
490199,2,1,1995,0,0,0,0,0,0,0,0,0,0
490200,1,1,1995,0,0,0,0,0,0,0,0,0,0
490201,0,1,1995,21,21,21,21,21,21,21,21,21,21
490201,1,1,1995,0,0,0,0,0,0,0,0,0,0
490202,1,1,1995,0,0,0,0,0,0,0,0,0,0
490202,2,1,1995,0,0,0,0,0,0,0,0,0,0
490203,1,1,1995,8,8,8,8,8,8,8,8,8,8
490203,2,1,1995,0,0,0,0,0,0,0,0,0,0
490204,1,1,1995,25,0,0,0,0,0,0,21,0,0
490204,2,1,1995,0,0,0,0,0,0,0,0,0,0
490205,0,1,1995,0,0,0,0,0,0,0,0,0,0
490205,1,1,1995,0,0,0,0,0,0,0,0,0,0
490205,2,1,1995,0,0,0,0,0,0,0,0,0,0
490206,1,1,1995,0,20,33,0,14,0,0,0,0,0
490206,2,1,1995,0,0,0,0,0,0,0,0,0,0
490207,1,1,1995,0,0,0,0,0,0,0,0,0,0
490208,1,1,1995,0,0,0,0,0,0,0,0,0,0
490208,2,1,1995,0,0,0,0,6,0,0,0,0,0
490209,1,1,1995,23,23,23,23,23,23,23,23,23,23
490209,2,1,1995,0,0,0,0,0,0,0,0,0,0
490210,1,1,1995,0,0,0,0,0,0,0,0,0,0
490211,1,1,1995,0,0,0,0,0,0,0,0,0,0
490211,2,1,1995,0,0,0,0,0,0,0,0,0,0
490212,1,1,1995,0,0,0,0,0,0,0,10,0,0
490213,1,1,1995,10,10,10,10,10,10,10,10,10,10
490214,0,1,1995,0,0,0,0,0,0,0,0,0,0
490214,1,1,1995,0,0,0,0,0,0,0,0,0,0
490215,1,1,1995,0,0,0,0,0,0,0,0,0,0
490215,2,1,1995,0,0,0,0,0,0,0,0,0,0
490216,1,1,1995,1,1,1,1,1,1,1,1,1,1
490216,2,1,1995,0,0,0,0,0,0,0,0,0,0
490216,3,1,1995,0,0,0,0,0,0,0,0,0,26
490217,1,1,1995,15,15,15,15,15,15,15,15,15,15
490218,1,1,1995,0,0,0,0,30,12,0,0,0,0
490219,1,1,1995,0,0,0,0,0,0,0,0,0,0
490219,2,1,1995,0,0,0,0,0,0,0,0,0,0
490220,0,1,1995,0,0,0,0,0,0,0,0,0,0
490220,1,1,1995,0,0,0,0,0,0,0,0,0,0
490221,1,1,1995,0,0,0,0,0,0,8,0,0,0
490222,1,1,1995,0,0,0,0,8,0,23,0,0,11
490222,2,1,1995,0,0,0,0,0,0,0,0,0,0
490223,1,1,1995,0,0,0,0,0,0,0,0,0,0
490223,2,1,1995,0,0,0,0,0,0,0,0,0,0
490224,1,1,1995,0,0,0,0,0,0,0,0,0,0
490225,0,1,1995,0,0,0,0,0,0,0,0,0,0
490225,1,1,1995,0,0,0,0,0,0,0,0,0,0
490226,1,1,1995,0,0,0,0,0,0,0,0,0,0
490226,2,1,1995,0,0,0,0,0,0,0,0,0,0
490227,1,1,1995,0,0,0,0,0,0,0,0,0,0
490227,2,1,1995,0,0,0,0,0,0,0,0,0,0
490228,1,1,1995,0,0,19,0,0,0,0,0,0,0
490228,2,1,1995,0,0,0,0,0,0,0,0,0,0
490229,1,1,1995,40,0,0,0,25,0,0,0,0,0
490229,2,1,1995,13,0,0,0,0,0,0,0,0,0
490230,1,1,1995,19,24,15,19,23,21,12,12,26,18
490231,1,1,1995,0,15,0,0,0,0,0,0,0,0
490231,2,1,1995,0,0,0,0,0,0,0,0,0,0
490231,3,1,1995,0,0,0,0,0,0,0,0,0,0
490232,1,1,1995,0,0,0,0,0,0,0,0,0,0
490233,1,1,1995,0,0,0,0,0,0,0,20,0,0
490233,2,1,1995,0,0,0,0,0,0,0,0,0,0
490234,1,1,1995,0,0,0,0,0,0,0,0,10,0
490235,1,1,1995,0,0,0,0,0,0,0,0,0,0
490235,2,1,1995,0,0,0,0,0,0,0,0,0,0
490236,1,1,1995,0,0,0,0,0,0,0,0,0,0
490236,2,1,1995,0,0,0,0,0,0,0,0,0,0
490236,3,1,1995,0,0,0,0,0,0,0,0,0,0
490236,4,1,1995,0,0,0,0,0,0,0,0,0,0
490237,1,1,1995,0,0,0,0,0,0,0,0,0,0
490237,2,1,1995,0,0,0,0,0,0,0,0,0,0
490238,1,1,1995,0,0,0,0,0,0,0,0,0,0
490239,1,1,1995,37,37,37,37,37,37,37,37,37,37
490240,1,1,1995,0,0,0,0,20,0,0,0,0,0
490241,1,1,1995,0,0,0,0,0,0,0,0,0,0
490241,2,1,1995,0,0,0,0,0,0,0,0,0,0
490241,3,1,1995,0,0,0,0,0,0,0,0,0,0
490242,0,1,1995,0,0,0,0,0,0,0,0,0,0
490242,1,1,1995,0,0,0,0,0,0,0,0,0,0
490243,1,1,1995,0,0,13,0,0,0,0,0,0,0
490243,2,1,1995,0,0,0,0,0,0,0,0,0,0
490244,1,1,1995,0,0,0,0,0,0,0,0,0,0
490245,1,1,1995,0,0,0,0,0,0,0,0,0,0
490246,1,1,1995,0,0,0,0,0,0,0,0,0,0
490248,1,1,1995,0,15,19,19,9,18,17,20,15,21
490249,1,1,1995,0,0,0,0,0,0,0,0,0,0
490250,1,1,1995,0,0,0,0,0,0,0,0,0,0
490250,2,1,1995,0,0,0,0,0,0,0,0,0,0
490250,3,1,1995,0,0,0,0,0,0,0,0,0,0
490251,1,1,1995,13,13,13,13,13,13,13,13,13,13
490252,1,1,1995,34,0,0,0,16,0,0,0,21,12
490252,2,1,1995,0,0,0,0,0,0,0,0,0,0
490253,0,1,1995,12,0,0,0,0,0,0,0,0,0
490253,1,1,1995,0,0,0,0,0,0,26,0,0,0
490253,2,1,1995,0,0,0,0,0,0,0,0,0,0
490254,1,1,1995,0,0,0,0,0,0,0,0,0,0
490255,0,1,1995,16,45,20,18,8,8,44,8,13,0
490255,1,1,1995,0,0,0,0,0,0,0,0,0,0
490256,1,1,1995,0,0,0,0,0,0,0,0,0,0
490257,1,1,1995,0,0,0,0,0,0,0,0,0,0
490257,2,1,1995,0,0,0,0,0,0,0,0,0,0
490258,0,1,1995,0,0,0,0,0,0,0,0,0,0
490258,1,1,1995,3,9,27,15,19,12,19,14,4,25
490259,1,1,1995,8,0,0,0,0,0,0,0,0,0
490260,1,1,1995,0,0,0,0,0,0,0,0,0,0
490260,2,1,1995,0,0,0,0,0,0,0,0,0,0
490261,1,1,1995,23,23,23,23,23,23,23,23,23,23
490262,1,1,1995,0,0,0,0,0,0,0,0,0,0
490262,2,1,1995,8,8,8,8,8,8,8,8,8,8
490263,1,1,1995,0,0,0,0,0,0,0,0,0,0
490263,2,1,1995,0,0,0,0,0,0,0,0,0,0
490264,0,1,1995,0,0,0,0,0,0,0,0,0,0
490264,1,1,1995,0,0,0,0,0,0,0,0,0,0
490265,1,1,1995,11,0,0,0,0,0,0,0,14,0
490266,1,1,1995,0,6,0,0,0,0,0,0,0,0
490267,1,1,1995,0,0,0,0,0,0,0,0,0,0
490268,1,1,1995,0,0,0,0,0,0,0,0,0,0
490268,2,1,1995,0,0,0,0,0,0,0,0,0,0
490269,1,1,1995,4,4,4,4,4,4,4,4,4,4
490270,1,1,1995,0,0,0,0,0,0,0,0,0,0
490271,1,1,1995,18,18,18,18,18,18,18,18,18,18
490272,1,1,1995,0,0,0,0,0,0,0,0,0,0
490272,2,1,1995,0,0,0,0,0,0,0,0,0,0
490273,1,1,1995,0,0,0,0,0,0,0,0,0,0
490274,0,1,1995,0,0,0,0,0,0,0,0,0,0
490274,0,2,1995,0,0,0,0,0,0,0,14,0,0
490274,0,3,1995,0,0,0,0,0,0,0,0,15,0
490274,1,1,1995,11,11,11,11,11,11,11,11,11,11
490275,1,1,1995,0,0,0,0,0,0,0,0,0,0
490275,2,1,1995,0,0,0,0,0,0,0,0,0,0
490276,1,1,1995,0,0,0,0,0,0,0,0,0,0
490276,2,1,1995,0,0,0,0,0,0,0,0,0,0
490277,0,1,1995,0,0,0,0,0,0,0,0,0,0
490277,1,1,1995,0,0,0,0,0,0,0,0,0,0
490278,0,1,1995,0,0,0,0,0,0,0,0,0,0
490278,1,1,1995,0,0,0,0,0,0,0,0,0,0
490279,1,1,1995,0,0,0,0,0,0,0,0,0,0
490280,1,1,1995,0,0,0,0,0,0,0,0,0,0
490281,1,1,1995,0,0,0,0,0,0,0,0,0,0
490282,1,1,1995,0,0,0,0,0,0,0,0,0,0
490282,2,1,1995,0,0,0,0,0,0,0,0,0,0
490283,1,1,1995,17,17,17,17,17,17,17,17,17,17
490283,2,1,1995,0,0,0,0,0,0,0,0,0,0
490283,3,1,1995,0,0,0,0,0,0,0,0,0,0
490283,4,1,1995,0,0,0,0,0,0,0,0,0,0
490284,1,1,1995,0,0,0,0,0,0,0,0,0,0
490284,2,1,1995,0,0,0,0,0,0,0,0,0,0
490284,3,1,1995,0,0,0,0,0,0,0,0,0,0
490284,4,1,1995,0,0,0,0,0,0,0,0,0,0
490286,0,1,1995,0,0,0,0,0,0,0,0,0,0
490286,1,1,1995,0,0,0,0,0,0,0,0,0,0
490287,1,1,1995,21,21,21,21,21,21,21,21,21,21
490288,1,1,1995,0,0,0,0,0,0,0,0,20,33
490288,2,1,1995,0,0,0,0,0,0,0,0,0,0
490289,1,1,1995,0,0,0,0,0,0,0,13,0,0
490289,2,1,1995,0,0,0,0,0,0,0,0,0,0
490290,1,1,1995,0,0,0,0,0,0,0,0,0,0
490290,2,1,1995,0,0,0,0,0,0,0,0,0,10
490291,1,1,1995,0,0,0,0,0,0,0,0,0,0
490291,2,1,1995,0,0,0,0,0,0,0,0,0,0
490291,3,1,1995,0,0,0,0,0,0,0,0,0,0
490291,4,1,1995,0,0,0,0,0,0,0,0,0,0
490291,5,1,1995,0,0,0,0,0,0,0,0,0,0
490291,6,1,1995,0,0,0,0,0,0,0,0,0,0
490291,7,1,1995,0,0,0,0,0,0,0,0,0,0
490291,8,1,1995,0,0,0,0,0,0,0,0,0,0
490291,9,1,1995,0,0,0,0,0,0,0,0,0,0
490292,0,1,1995,18,18,18,18,18,18,18,18,18,18
490292,1,1,1995,0,0,0,0,0,10,0,0,0,0
490293,0,1,1995,0,0,0,0,0,0,0,0,0,0
490293,1,1,1995,0,0,0,0,0,0,0,0,0,0
500001,1,1,1995,0,0,0,0,0,0,0,0,0,0
500001,2,1,1995,0,0,0,0,0,0,0,0,0,0
500002,1,1,1995,0,0,0,0,0,0,0,0,0,0
500003,1,1,1995,2,2,2,2,2,2,2,2,2,2
500004,1,1,1995,2,2,2,2,2,2,2,2,2,2
500004,2,1,1995,0,0,0,0,0,0,0,0,0,0
500005,1,1,1995,18,8,0,11,12,29,29,9,5,11
500006,1,1,1995,0,0,0,0,0,0,0,0,0,0
500007,1,1,1995,0,0,18,0,0,0,8,0,0,0
500008,0,1,1995,0,0,0,0,0,0,0,0,0,0
500009,1,1,1995,7,0,0,0,0,0,0,0,0,0
500009,2,1,1995,0,0,14,0,0,0,0,0,0,0
500010,1,1,1995,0,0,0,0,0,0,0,0,0,0
500011,1,1,1995,5,10,0,27,0,2,14,2,13,0
500012,1,1,1995,0,0,0,0,0,0,21,0,0,17
500012,2,1,1995,0,0,0,0,0,0,0,0,0,0
500013,1,1,1995,0,0,0,0,0,0,0,0,0,0
500013,2,1,1995,0,0,0,0,0,0,0,0,0,0
500014,1,1,1995,17,0,0,0,0,0,0,0,0,0
500014,2,1,1995,0,0,0,0,0,0,0,0,0,0
500015,1,1,1995,0,0,0,16,0,0,0,3,0,0
500016,1,1,1995,0,0,0,26,20,25,0,18,0,9
500017,1,1,1995,0,0,14,0,0,0,0,0,0,0
500018,1,1,1995,14,6,16,12,20,8,0,0,20,0
500018,2,1,1995,0,0,0,0,0,0,0,0,0,0
500019,1,1,1995,20,20,20,20,20,20,20,20,20,20
500020,1,1,1995,0,0,0,0,0,0,0,0,0,0
500020,2,1,1995,0,0,0,0,0,0,0,0,0,0
500021,1,1,1995,0,0,0,0,0,0,0,0,0,0
500021,2,1,1995,0,0,0,0,0,0,0,0,0,0
500022,1,1,1995,0,0,0,0,0,0,0,0,0,0
500023,1,1,1995,0,0,0,0,0,0,0,0,0,0
500023,2,1,1995,0,0,0,0,0,0,0,0,0,0
500024,1,1,1995,0,0,0,0,0,0,0,0,0,0
500024,2,1,1995,0,0,0,0,0,0,0,13,0,0
500025,1,1,1995,0,0,0,0,0,0,0,0,0,0
500025,2,1,1995,0,0,0,0,0,0,0,0,0,0
500025,3,1,1995,0,15,0,0,0,16,0,0,0,37
500026,1,1,1995,21,21,21,21,21,21,21,21,21,21
500027,1,1,1995,1,1,1,1,1,1,1,1,1,1
500028,1,1,1995,0,0,0,0,0,0,0,0,0,0
500029,0,1,1995,0,0,0,0,30,0,0,0,0,0
500029,1,1,1995,0,0,0,0,0,0,0,0,0,0
500030,1,1,1995,18,15,27,14,22,17,15,26,33,14
500031,1,1,1995,17,17,17,17,17,17,17,17,17,17
500032,1,1,1995,18,18,18,18,18,18,18,18,18,18
500033,1,1,1995,0,0,0,0,0,0,24,0,0,0
500034,1,1,1995,0,0,0,0,11,0,0,0,0,0
500034,2,1,1995,0,0,0,0,0,0,0,0,0,0
500035,1,1,1995,28,28,28,28,28,28,28,28,28,28
500037,1,1,1995,29,29,29,29,29,29,29,29,29,29
500038,1,1,1995,0,0,0,0,0,0,0,0,0,0
500038,2,1,1995,0,0,0,0,0,0,0,0,0,0
500039,1,1,1995,9,9,9,9,9,9,9,9,9,9
500040,1,1,1995,0,0,0,0,0,0,0,0,0,0
500041,1,1,1995,16,16,16,16,16,16,16,16,16,16
500042,1,1,1995,0,0,0,0,0,0,0,0,0,0
500042,2,1,1995,0,0,0,0,0,0,0,0,0,0
500042,3,1,1995,0,0,0,0,0,0,0,0,0,0
500043,1,1,1995,0,0,0,0,0,0,0,0,0,0
500043,2,1,1995,0,0,0,0,0,0,0,0,0,0
500044,0,1,1995,16,20,20,6,20,41,23,9,31,14
500044,1,1,1995,0,0,0,0,0,0,0,0,0,0
500045,1,1,1995,0,0,0,0,0,0,0,0,0,0
500045,2,1,1995,0,0,0,0,0,0,0,0,0,0
500046,1,1,1995,19,19,19,19,19,19,19,19,19,19
500047,1,1,1995,0,0,0,0,0,0,0,0,0,0
500047,2,1,1995,6,0,0,0,0,0,0,0,0,0
500048,1,1,1995,21,21,21,21,21,21,21,21,21,21
500049,1,1,1995,0,0,0,0,0,10,0,0,0,0
500049,2,1,1995,0,0,0,0,0,0,0,0,0,0
500050,1,1,1995,18,18,18,18,18,18,18,18,18,18
500051,1,1,1995,14,14,14,14,14,14,14,14,14,14
500052,1,1,1995,0,0,0,0,0,0,0,0,0,0
500052,2,1,1995,0,0,0,0,0,0,0,0,0,0
500053,1,1,1995,0,0,0,0,0,0,0,0,0,0
500054,1,1,1995,17,17,17,17,17,17,17,17,17,17
500055,1,1,1995,0,0,0,0,0,0,0,0,0,0
500055,2,1,1995,0,0,0,0,0,0,0,0,0,0
500055,3,1,1995,0,0,0,0,0,0,0,0,0,0
500056,1,1,1995,1,1,1,1,1,1,1,1,1,1
500057,0,1,1995,0,0,0,0,0,0,0,0,0,0
500057,1,1,1995,0,0,0,0,0,0,0,0,0,0
500058,1,1,1995,0,0,0,0,0,0,0,0,0,0
500058,2,1,1995,0,0,10,0,9,0,0,0,0,0
500059,1,1,1995,26,26,26,26,26,26,26,26,26,26
500059,2,1,1995,0,0,0,0,0,0,0,0,0,0
500060,1,1,1995,33,33,33,33,33,33,33,33,33,33
500061,1,1,1995,0,0,0,0,0,0,0,0,0,0
500062,1,1,1995,22,22,22,22,22,22,22,22,22,22
500063,1,1,1995,26,26,26,26,26,26,26,26,26,26
500064,1,1,1995,0,0,0,0,0,0,0,0,0,0