ST_CASE,VEH_NO,PER_NO,YEAR,P1,P2,P3,P4,P5,P6,P7,P8,P9,P10
510274,1,1,1995,0,0,0,0,0,0,0,0,0,0
510274,2,1,1995,0,0,0,0,0,0,0,0,0,0
510274,3,1,1995,0,0,0,0,0,0,0,0,0,0
510275,0,1,1995,0,0,0,0,0,0,0,0,0,0
510275,1,1,1995,16,0,0,0,0,0,15,0,0,0
510276,1,1,1995,0,0,0,0,0,0,0,0,0,0
510276,2,1,1995,0,0,0,0,0,0,0,0,0,0
510277,1,1,1995,0,0,0,0,0,0,0,0,0,0
510278,1,1,1995,0,0,0,0,0,0,0,0,0,0
510278,2,1,1995,11,5,11,21,14,13,20,18,8,15
510279,1,1,1995,25,25,25,25,25,25,25,25,25,25
510280,1,1,1995,0,0,0,0,0,0,0,9,0,0
510281,1,1,1995,0,0,0,0,0,0,0,0,0,0
510281,2,1,1995,0,0,0,0,0,0,0,0,0,0
510282,1,1,1995,0,0,0,0,0,0,0,0,0,0
510282,2,1,1995,20,0,0,0,0,0,0,0,0,0
510283,1,1,1995,8,8,8,8,8,8,8,8,8,8
510284,1,1,1995,0,0,0,0,0,0,0,0,0,0
510284,2,1,1995,0,0,0,0,0,0,0,0,0,0
510285,0,1,1995,0,0,0,0,0,14,0,0,0,0
510285,1,1,1995,0,0,0,0,0,0,0,9,0,0
510286,1,1,1995,0,0,0,0,0,0,0,0,0,0
510286,2,1,1995,0,0,0,0,0,0,0,0,0,0
510287,1,1,1995,0,0,0,0,0,0,0,0,0,0
510288,0,1,1995,0,0,0,0,0,0,0,0,0,0
510288,0,2,1995,0,0,12,0,19,12,0,0,13,0
510288,1,1,1995,0,0,0,0,0,0,0,0,0,0
510289,1,1,1995,28,28,28,28,28,28,28,28,28,28
510290,0,1,1995,3,3,3,3,3,3,3,3,3,3
510290,1,1,1995,15,15,11,0,12,7,13,0,9,4
510291,1,1,1995,40,40,40,40,40,40,40,40,40,40
510292,1,1,1995,10,26,20,16,19,31,9,11,13,12
510293,1,1,1995,0,0,0,0,0,0,0,0,0,0
510294,1,1,1995,0,0,0,0,0,0,0,0,0,0
510294,2,1,1995,0,0,0,0,0,0,0,0,0,0
510294,3,1,1995,0,0,0,0,0,0,0,0,0,0
510295,1,1,1995,0,0,0,0,0,0,0,0,0,0
510296,1,1,1995,15,4,22,8,22,7,14,3,9,21
510296,2,1,1995,0,0,0,0,0,0,0,0,0,0
510297,1,1,1995,1,1,1,1,1,1,1,1,1,1
510298,1,1,1995,16,11,14,0,15,10,0,21,9,14
510299,1,1,1995,0,0,0,0,0,0,0,0,0,0
510299,2,1,1995,0,0,0,0,0,0,0,0,0,0
510300,1,1,1995,0,0,0,0,0,0,0,0,0,0
510301,1,1,1995,0,0,0,0,0,0,0,0,0,0
510302,1,1,1995,14,14,14,14,14,14,14,14,14,14
510303,1,1,1995,14,14,14,14,14,14,14,14,14,14
510304,1,1,1995,0,0,0,0,0,0,0,0,0,0
510304,2,1,1995,0,0,0,0,0,0,0,0,18,0
510305,1,1,1995,0,0,0,0,0,0,0,0,0,0
510305,2,1,1995,0,0,0,0,0,0,0,0,0,0
510306,1,1,1995,0,0,0,0,0,0,0,0,0,0
510307,1,1,1995,15,15,15,15,15,15,15,15,15,15
510308,1,1,1995,0,0,0,0,0,0,0,0,0,0
510308,2,1,1995,0,0,0,0,0,0,0,0,0,0
510309,0,1,1995,18,22,0,0,15,31,0,0,0,15
510309,1,1,1995,0,0,0,0,0,0,0,0,0,0
510310,1,1,1995,0,0,0,0,0,0,0,0,0,0
510311,1,1,1995,0,0,0,0,0,0,0,0,0,0
510312,1,1,1995,0,0,0,0,0,0,0,0,0,0
510313,1,1,1995,14,14,14,14,14,14,14,14,14,14
510314,0,1,1995,13,28,0,0,0,0,0,0,0,0
510314,0,2,1995,6,0,6,8,0,0,0,0,9,0
510314,1,1,1995,0,0,0,0,0,0,0,0,0,0
510315,1,1,1995,14,14,14,14,14,14,14,14,14,14
510316,0,1,1995,12,12,12,12,12,12,12,12,12,12
510316,1,1,1995,0,3,0,0,0,15,0,0,0,0
510317,1,1,1995,20,20,20,20,20,20,20,20,20,20
510317,2,1,1995,0,0,0,0,0,0,0,0,0,0
510318,1,1,1995,18,18,18,18,18,18,18,18,18,18
510318,2,1,1995,0,0,0,0,0,0,0,0,0,0
510319,1,1,1995,0,0,0,0,0,0,0,0,0,0
510319,2,1,1995,0,0,0,0,0,0,0,0,0,0
510320,1,1,1995,0,0,0,0,0,0,0,0,0,0
510321,1,1,1995,0,0,0,0,0,0,0,0,0,0
510321,2,1,1995,0,0,0,12,0,0,0,0,0,0
510322,1,1,1995,0,0,0,0,0,0,0,0,0,0
510324,0,1,1995,0,0,0,0,0,0,0,0,0,0
510324,0,2,1995,24,0,1,13,0,18,0,0,0,0
510324,0,3,1995,0,0,0,0,0,0,0,0,0,0
510324,0,4,1995,10,7,18,0,0,0,0,17,0,0
510324,1,1,1995,0,0,0,0,0,0,0,0,0,0
510325,1,1,1995,23,23,23,23,23,23,23,23,23,23
510325,2,1,1995,0,0,0,0,0,0,0,0,0,0
510326,1,1,1995,0,0,0,0,0,0,0,0,0,0
510326,2,1,1995,0,0,0,0,0,0,0,0,0,0
510327,1,1,1995,0,0,0,0,0,0,0,0,0,0
510327,2,1,1995,6,26,0,0,19,7,0,31,0,7
510328,1,1,1995,19,22,14,16,24,17,5,18,9,5
510328,2,1,1995,0,0,0,0,8,17,28,27,0,0
510329,0,2,1995,0,0,0,0,0,0,0,0,0,0
510329,1,1,1995,0,0,0,17,0,0,0,0,0,0
510330,1,1,1995,20,8,7,12,47,14,9,0,21,36
510331,1,1,1995,0,0,0,0,0,0,0,0,0,0
510331,2,1,1995,0,0,0,0,0,0,0,0,0,0
510333,1,1,1995,16,16,16,16,16,16,16,16,16,16
510334,1,1,1995,0,0,0,28,0,0,0,0,0,0
510334,2,1,1995,0,0,0,0,0,0,0,0,0,0
510335,1,1,1995,30,30,30,30,30,30,30,30,30,30
510336,0,1,1995,26,26,26,26,26,26,26,26,26,26
510336,1,1,1995,0,0,0,0,0,0,0,0,0,0
510337,1,1,1995,18,28,15,14,17,18,18,10,21,7
510338,1,1,1995,0,0,0,7,0,0,0,0,0,0
510338,2,1,1995,0,0,0,0,0,0,0,0,0,0
510339,1,1,1995,0,0,16,21,0,0,0,0,0,22
510340,1,1,1995,0,0,0,8,0,0,0,0,0,0
510341,1,1,1995,0,0,0,0,0,0,0,0,0,0
510342,1,1,1995,0,0,0,0,0,0,0,0,25,0
510342,2,1,1995,0,0,0,0,0,0,0,0,0,0
510343,1,1,1995,0,0,0,0,0,0,0,0,0,0
510344,1,1,1995,0,0,23,17,0,0,16,21,0,0
510345,1,1,1995,0,0,0,0,0,0,0,0,0,0
510346,1,1,1995,9,12,7,11,22,11,34,22,12,19
510347,1,1,1995,2,2,2,2,2,2,2,2,2,2
510348,1,1,1995,19,19,19,19,19,19,19,19,19,19
510349,0,1,1995,8,8,8,8,8,8,8,8,8,8
510349,1,1,1995,26,0,0,0,0,0,0,0,0,0
510350,1,1,1995,0,0,0,0,0,0,0,0,0,0
510351,1,1,1995,0,0,0,0,0,0,0,0,0,0
510351,2,1,1995,0,11,0,0,0,0,0,0,0,0
510352,1,1,1995,0,0,0,0,0,0,0,0,0,0
510353,1,1,1995,34,34,34,34,34,34,34,34,34,34
510354,1,1,1995,0,0,0,0,0,0,0,0,0,0
510354,2,1,1995,0,0,0,0,0,0,0,0,0,0
510354,3,1,1995,0,0,0,0,0,0,0,0,0,0
510354,4,1,1995,0,0,0,0,0,0,0,0,0,16
510355,1,1,1995,26,26,26,26,26,26,26,26,26,26
510356,1,1,1995,0,0,0,0,0,0,0,0,0,0
510357,1,1,1995,0,0,0,0,0,0,0,0,0,0
510358,1,1,1995,0,28,0,18,0,0,7,6,14,0
510358,2,1,1995,0,9,0,0,0,26,0,0,0,9
510359,1,1,1995,16,16,16,16,16,16,16,16,16,16
510360,1,1,1995,11,11,11,11,11,11,11,11,11,11
510360,2,1,1995,0,0,0,0,0,0,0,0,0,0
510361,1,1,1995,0,0,0,0,0,0,0,0,0,0
510362,1,1,1995,0,0,0,0,0,0,0,0,0,0
510362,2,1,1995,0,0,0,0,0,0,0,0,0,0
510363,0,1,1995,0,0,0,0,0,0,0,0,0,0
510363,1,1,1995,0,0,0,0,0,0,0,0,0,0
510364,1,1,1995,0,0,0,0,0,0,0,0,0,0
510365,1,1,1995,0,0,0,0,0,0,0,0,0,0
510366,1,1,1995,0,0,0,0,0,0,0,0,0,0
510366,2,1,1995,0,0,0,0,0,0,0,0,0,0
510367,1,1,1995,0,0,0,0,0,0,0,0,0,0
510368,0,1,1995,0,0,0,0,0,0,0,0,0,0
510368,1,1,1995,0,24,6,16,22,27,9,14,9,25
510369,1,1,1995,0,0,0,0,0,0,0,0,0,0
510369,2,1,1995,0,0,0,0,0,0,0,0,0,0
510370,1,1,1995,22,22,22,22,22,22,22,22,22,22
510371,1,1,1995,20,20,20,20,20,20,20,20,20,20
510372,1,1,1995,13,13,13,13,13,13,13,13,13,13
510373,1,1,1995,13,18,20,18,20,5,18,6,10,10
510374,1,1,1995,0,0,0,0,0,0,0,0,0,0
510375,1,1,1995,0,0,0,0,0,0,0,0,0,0
510376,1,1,1995,0,8,26,0,0,8,0,21,0,0
510377,1,1,1995,0,0,5,0,0,0,0,0,0,0
510377,2,1,1995,0,0,0,0,0,0,0,0,0,0
510378,1,1,1995,0,0,10,0,0,0,0,0,11,0
510379,1,1,1995,0,0,0,0,0,0,0,0,0,0
510380,1,1,1995,22,22,22,22,22,22,22,22,22,22
510381,1,1,1995,0,0,0,0,0,0,0,0,0,0
510382,1,1,1995,18,18,18,18,18,18,18,18,18,18
510383,1,1,1995,4,4,4,4,4,4,4,4,4,4
510384,0,1,1995,30,30,30,30,30,30,30,30,30,30
510384,1,1,1995,0,0,0,0,0,0,0,0,0,0
510385,0,1,1995,1,1,1,1,1,1,1,1,1,1
510385,1,1,1995,0,0,0,0,0,0,0,0,0,0
510386,1,1,1995,0,0,0,0,0,0,0,0,0,0
510386,2,1,1995,0,0,0,0,0,0,0,0,0,0
510387,1,1,1995,9,9,9,9,9,9,9,9,9,9
510389,1,1,1995,0,0,0,0,17,0,0,0,0,0
510390,1,1,1995,0,0,0,0,0,0,0,0,0,0
510391,1,1,1995,0,0,0,0,0,0,21,0,0,0
510391,2,1,1995,0,0,0,0,0,0,0,0,0,0
510391,3,1,1995,14,16,0,14,0,15,0,0,0,0
510391,4,1,1995,0,0,0,0,0,0,0,0,0,0
510391,5,1,1995,0,0,0,0,0,0,0,0,0,0
510392,1,1,1995,0,0,0,0,0,0,0,0,0,0
510393,1,1,1995,11,0,17,13,14,16,16,0,0,0
510394,1,1,1995,0,0,0,0,0,0,0,0,0,0
510394,2,1,1995,0,0,0,0,0,0,0,0,0,0
510395,1,1,1995,0,0,0,0,0,0,0,0,0,0
510395,2,1,1995,0,0,0,0,0,0,0,0,0,0
510396,1,1,1995,0,0,0,0,0,0,0,0,0,0
510396,2,1,1995,0,0,0,0,0,0,0,0,0,0
510397,1,1,1995,0,0,0,0,0,0,0,0,0,0
510397,2,1,1995,0,0,16,0,0,0,0,0,0,0
510398,1,1,1995,0,0,0,0,0,0,0,0,0,0
510399,1,1,1995,0,0,0,0,0,0,0,0,0,0
510400,0,1,1995,19,24,6,35,9,33,11,11,16,11
510401,1,1,1995,0,0,0,0,0,0,0,0,0,0
510402,1,1,1995,32,16,21,8,22,21,29,20,20,17
510403,1,1,1995,25,25,25,25,25,25,25,25,25,25
510404,1,1,1995,16,7,18,10,16,18,10,20,21,13
510405,1,1,1995,0,0,0,0,0,0,0,0,0,0
510405,2,1,1995,0,0,0,0,0,0,0,0,0,0
510406,1,1,1995,6,9,16,10,15,22,16,15,15,0
510407,1,1,1995,0,0,0,0,0,42,7,0,0,0
510408,1,1,1995,0,0,0,0,0,0,0,0,0,0
510409,1,1,1995,8,0,8,0,0,0,0,0,29,0
510410,1,1,1995,0,0,0,0,0,0,0,0,0,0
510410,2,1,1995,0,0,0,0,0,0,0,0,0,0
510411,1,1,1995,0,0,0,0,0,0,0,0,0,0
510412,1,1,1995,27,27,27,27,27,27,27,27,27,27
510413,0,1,1995,26,26,26,26,26,26,26,26,26,26
510413,1,1,1995,8,8,7,29,23,15,0,15,10,23
510415,1,1,1995,17,17,17,17,17,17,17,17,17,17
510416,1,1,1995,0,0,0,0,0,0,0,0,0,0
510417,1,1,1995,16,16,16,16,16,16,16,16,16,16
510418,0,1,1995,0,0,0,0,0,0,0,0,0,0
510418,1,1,1995,0,0,0,0,0,0,0,0,0,0
510419,1,1,1995,26,26,26,26,26,26,26,26,26,26
510419,2,1,1995,0,0,0,0,0,0,0,0,0,0
510421,0,1,1995,14,8,0,6,0,0,0,10,0,0
510421,1,1,1995,5,12,0,22,12,16,0,0,0,19
510422,1,1,1995,0,0,0,0,0,0,0,0,0,0
510422,2,1,1995,0,0,0,0,0,0,0,0,0,0
510423,1,1,1995,0,0,0,0,0,0,0,0,0,0
510424,0,1,1995,0,0,0,0,0,0,0,0,0,0
510424,1,1,1995,0,5,0,0,0,0,0,0,0,0
510425,1,1,1995,18,18,18,18,18,18,18,18,18,18
510426,1,1,1995,25,25,25,25,25,25,25,25,25,25
510427,1,1,1995,0,0,0,0,0,0,0,6,0,0
510428,1,1,1995,7,7,7,7,7,7,7,7,7,7
510429,1,1,1995,0,0,0,0,0,0,0,0,0,0
510429,2,1,1995,0,0,0,0,0,0,0,0,0,0
510430,1,1,1995,0,0,0,0,0,0,0,0,0,0
510430,2,1,1995,0,0,0,0,0,0,0,0,0,0
510430,3,1,1995,0,0,0,0,0,0,0,0,0,0
510430,4,1,1995,0,0,0,0,0,0,0,0,0,0
510431,1,1,1995,9,9,9,9,9,9,9,9,9,9
510432,1,1,1995,0,0,0,0,0,0,0,0,0,0
510433,1,1,1995,0,0,0,0,0,0,0,14,0,0
510433,2,1,1995,0,0,0,0,0,0,0,0,0,0
510434,1,1,1995,0,0,0,0,0,0,0,0,0,0
510434,2,1,1995,22,15,10,6,17,9,15,16,6,3
510435,1,1,1995,12,0,0,0,0,0,0,0,0,0
510435,2,1,1995,0,0,0,0,0,0,0,0,0,0
510436,1,1,1995,0,0,0,0,0,0,0,0,0,0
510436,2,1,1995,0,0,0,0,0,0,0,0,0,0
510437,1,1,1995,0,0,0,0,0,0,0,0,0,0
510437,2,1,1995,0,15,0,0,0,0,0,0,0,0
510437,3,1,1995,0,0,0,0,0,0,0,0,0,0
510437,4,1,1995,0,0,0,0,0,0,0,0,0,0
510438,1,1,1995,19,0,0,0,0,0,0,5,0,0
510438,2,1,1995,10,0,0,0,0,0,0,0,0,0
510439,1,1,1995,0,0,0,0,0,0,0,0,0,0
510439,2,1,1995,0,0,0,3,0,0,35,0,0,0
510440,1,1,1995,0,0,0,0,0,0,0,0,0,0
510441,1,1,1995,0,0,0,0,0,0,0,0,0,0
510442,1,1,1995,0,0,0,0,0,0,0,0,0,0
510443,1,1,1995,4,4,4,4,4,4,4,4,4,4
510443,2,1,1995,0,0,0,0,0,0,0,0,0,0
510444,1,1,1995,0,0,0,0,0,0,0,0,0,0
510444,2,1,1995,0,0,0,0,0,0,0,0,0,0
510445,1,1,1995,1,1,1,1,1,1,1,1,1,1
510445,2,1,1995,9,17,18,13,0,0,2,4,21,15
510446,1,1,1995,0,0,0,0,0,0,0,0,0,0
510447,1,1,1995,0,0,0,0,0,0,0,0,0,0
510448,1,1,1995,0,0,0,0,0,0,0,0,0,0
510449,1,1,1995,2,19,13,28,10,22,18,29,13,12
510450,1,1,1995,10,10,10,10,10,10,10,10,10,10
510450,2,1,1995,0,0,0,0,0,0,0,0,0,0
510451,0,1,1995,0,0,0,0,0,0,0,0,0,0
510451,0,2,1995,0,0,0,0,0,0,0,0,0,0
510451,1,1,1995,12,0,0,0,0,0,0,4,0,0
510452,0,1,1995,12,12,12,12,12,12,12,12,12,12
510452,1,1,1995,7,19,7,8,0,29,12,26,8,16
510453,1,1,1995,0,0,0,0,0,0,0,0,0,0
510453,2,1,1995,0,0,0,0,0,0,0,0,0,0
510453,3,1,1995,0,0,0,0,0,0,0,0,0,0
510454,1,1,1995,0,0,41,0,0,22,0,0,20,10
510455,1,1,1995,18,15,10,13,15,3,12,24,20,20
510455,2,1,1995,0,0,0,0,0,0,0,0,0,0
510456,1,1,1995,14,6,67,27,5,21,10,32,38,6
510457,0,1,1995,0,0,0,0,0,0,0,0,0,0
510457,1,1,1995,0,0,0,0,0,0,0,0,0,0
510458,1,1,1995,0,0,0,0,0,0,0,0,0,0
510459,1,1,1995,0,0,0,0,0,0,0,0,0,0
510460,1,1,1995,15,15,15,15,15,15,15,15,15,15
510461,1,1,1995,0,0,0,0,0,0,0,0,0,0
510462,1,1,1995,18,26,21,4,0,19,0,32,50,20
510463,1,1,1995,0,0,0,0,0,0,0,0,0,0
510463,2,1,1995,0,0,0,0,0,0,19,0,0,3
510464,1,1,1995,0,0,0,0,0,0,0,0,0,0
510465,1,1,1995,0,0,0,0,0,0,0,0,0,0
510465,2,1,1995,0,0,0,0,0,0,0,0,0,0
510466,1,1,1995,0,19,0,0,0,0,6,0,0,0
510466,2,1,1995,0,0,0,18,0,0,0,0,0,0
510467,0,1,1995,21,21,21,21,21,21,21,21,21,21
510467,1,1,1995,0,0,0,0,0,18,0,0,0,5
510468,0,1,1995,17,17,23,24,14,24,28,11,8,15
510468,1,1,1995,0,0,0,0,0,0,0,0,0,0
510469,1,1,1995,0,0,0,0,0,0,0,0,21,0
510470,1,1,1995,23,36,25,7,6,10,0,7,18,0
510471,1,1,1995,0,0,0,0,0,0,0,0,0,0
510471,2,1,1995,0,0,0,0,0,0,0,0,0,0
510472,1,1,1995,0,0,0,0,0,0,0,0,0,0
510473,1,1,1995,0,0,0,0,0,0,0,0,0,0
510473,2,1,1995,0,0,0,0,0,0,0,0,0,0
510474,1,1,1995,0,0,0,0,0,0,0,0,0,0
510475,1,1,1995,0,0,0,0,0,0,0,0,0,0
510475,2,1,1995,0,0,0,0,12,0,0,0,0,0
510476,0,1,1995,0,0,0,0,0,0,0,0,0,0
510476,1,1,1995,0,0,0,0,0,0,0,0,0,0
510477,0,1,1995,0,0,0,0,0,0,0,0,0,0
510477,1,1,1995,0,0,0,0,0,0,0,0,0,15
510478,1,1,1995,0,0,0,0,0,0,0,0,0,0
510478,2,1,1995,22,22,22,22,22,22,22,22,22,22
510478,3,1,1995,0,0,0,0,0,0,0,0,0,0
510479,1,1,1995,2,2,2,2,2,2,2,2,2,2
510480,1,1,1995,0,0,0,0,0,0,0,0,0,0
510481,1,1,1995,13,12,3,8,9,12,29,0,10,9
510482,1,1,1995,0,0,0,0,0,0,0,0,0,0
510483,1,1,1995,0,0,0,0,0,0,0,0,0,0
510484,1,1,1995,0,0,0,0,0,0,0,0,0,0
510484,2,1,1995,0,12,0,0,0,0,0,0,0,0
510485,1,1,1995,0,0,0,0,0,0,0,0,0,0
510485,2,1,1995,0,0,31,0,0,15,0,0,0,0
510485,3,1,1995,0,0,0,0,0,0,0,0,0,0
510486,1,1,1995,16,16,16,16,16,16,16,16,16,16
510487,0,1,1995,0,0,0,0,0,0,0,0,0,0
510487,1,1,1995,0,0,0,0,0,0,0,0,0,0
510488,1,1,1995,15,15,15,15,15,15,15,15,15,15
510489,1,1,1995,19,10,22,24,45,10,16,18,11,33
510490,0,1,1995,0,0,0,0,0,0,0,0,0,0
510490,1,1,1995,0,0,0,0,0,0,0,0,0,0
510491,0,1,1995,29,29,29,29,29,29,29,29,29,29
510491,1,1,1995,0,0,0,0,0,0,0,0,0,0
510492,1,1,1995,10,10,10,10,10,10,10,10,10,10
510492,2,1,1995,0,0,0,0,0,0,0,0,0,0
510493,1,1,1995,12,12,21,5,15,9,19,2,13,9
510494,1,1,1995,0,0,0,0,0,0,0,0,0,0
510495,1,1,1995,0,0,0,0,0,9,0,0,0,0
510496,1,1,1995,0,0,0,0,0,0,0,0,0,0
510496,2,1,1995,0,0,0,0,0,0,0,0,0,0
510497,1,1,1995,22,13,13,15,14,29,16,16,11,10
510497,2,1,1995,24,24,24,24,24,24,24,24,24,24
510498,1,1,1995,0,0,0,0,0,0,0,0,0,0
510498,2,1,1995,0,0,0,0,0,0,0,0,0,0
510499,1,1,1995,0,0,0,0,0,0,0,0,0,0
510499,2,1,1995,0,0,0,0,0,0,0,0,0,0
510500,0,1,1995,21,21,21,21,21,21,21,21,21,21
510500,1,1,1995,0,0,0,0,12,0,0,0,0,0
510501,1,1,1995,27,27,27,27,27,27,27,27,27,27
510502,1,1,1995,0,0,0,0,0,0,0,0,0,0
510503,1,1,1995,18,18,18,18,18,18,18,18,18,18
510504,1,1,1995,0,0,0,0,0,0,0,0,0,0
510505,1,1,1995,0,0,0,0,0,0,0,0,0,0
510505,2,1,1995,0,0,0,7,0,0,0,8,0,0
510507,1,1,1995,0,0,0,0,0,0,0,0,0,0
510508,0,1,1995,0,15,0,25,29,19,0,17,0,0
510508,0,2,1995,16,36,16,0,14,17,20,12,19,24
510508,1,1,1995,0,0,0,0,0,0,0,0,0,12
510509,1,1,1995,0,0,0,0,0,0,0,0,0,0
510511,1,1,1995,2,2,2,2,2,2,2,2,2,2
510512,1,1,1995,0,0,0,0,0,0,0,0,0,0
510512,2,1,1995,13,12,32,14,16,22,9,3,15,8
510513,1,1,1995,0,0,0,0,0,0,0,0,0,0
510513,2,1,1995,0,0,0,0,0,0,0,0,0,0
510515,1,1,1995,8,16,24,13,0,19,11,18,3,25
510517,1,1,1995,26,14,17,5,19,15,19,16,27,18
510518,1,1,1995,9,20,24,22,23,16,36,21,18,15
510519,1,1,1995,0,0,0,5,0,0,0,0,0,0
510519,2,1,1995,0,0,0,0,0,0,0,0,0,0
510520,1,1,1995,0,0,0,0,0,0,0,0,0,0
510521,1,1,1995,21,14,19,16,21,0,15,16,0,23
510522,1,1,1995,9,18,15,10,19,20,18,14,19,15
510523,1,1,1995,0,0,0,0,0,0,0,0,0,0
510524,1,1,1995,0,0,0,0,0,10,0,0,0,0
510525,1,1,1995,0,0,0,0,0,0,0,0,0,0
510526,1,1,1995,0,0,0,0,0,0,0,0,0,0
510526,2,1,1995,0,0,0,0,0,0,0,0,0,0
510527,1,1,1995,19,19,19,19,19,19,19,19,19,19
510528,1,1,1995,14,12,25,7,16,29,18,20,11,19
510529,1,1,1995,0,0,0,0,0,0,0,0,0,0
510529,2,1,1995,0,0,0,0,0,0,0,0,0,0
510529,3,1,1995,0,0,0,0,0,0,0,0,0,0
510530,1,1,1995,0,0,0,0,0,0,0,0,0,0
510531,1,1,1995,0,0,0,0,0,0,0,0,0,0
510532,1,1,1995,0,0,0,0,0,0,0,0,0,0
510533,1,1,1995,0,0,0,0,0,0,0,0,0,0
510533,2,1,1995,0,0,0,0,0,0,0,0,0,0
510535,1,1,1995,0,0,0,0,0,0,0,0,0,0
510536,0,1,1995,0,0,30,0,0,12,0,0,21,0
510536,1,1,1995,0,1,7,10,0,0,0,0,0,0
510537,1,1,1995,0,0,0,0,0,0,0,0,0,0
510538,1,1,1995,0,0,0,0,0,0,0,0,0,0
510538,2,1,1995,0,0,0,0,0,0,0,0,0,0
510539,0,1,1995,4,4,4,4,4,4,4,4,4,4
510539,1,1,1995,0,0,0,0,0,0,0,6,0,0
510541,1,1,1995,0,0,0,0,0,0,0,0,0,0
510541,2,1,1995,0,0,0,0,0,0,0,0,0,0
510541,3,1,1995,0,0,0,0,0,0,0,0,0,0
510542,1,1,1995,0,0,0,0,0,0,0,0,0,0
510543,1,1,1995,16,15,27,23,23,33,0,8,23,6
510544,1,1,1995,0,0,0,0,0,0,0,0,0,0
510544,2,1,1995,0,0,0,0,0,0,0,0,0,0
510545,1,1,1995,0,0,0,0,0,0,0,0,0,0
510546,1,1,1995,12,12,12,12,12,12,12,12,12,12
510547,1,1,1995,0,0,0,0,0,0,0,0,0,0
510547,2,1,1995,0,0,0,0,0,0,0,0,0,0
510547,3,1,1995,0,0,0,0,0,0,0,0,0,0
510548,0,1,1995,0,0,0,0,0,0,0,0,0,0
510548,1,1,1995,0,0,0,0,0,0,0,0,0,0
510549,1,1,1995,0,7,0,4,0,0,0,0,0,0
510550,1,1,1995,0,0,0,0,0,0,0,0,0,0
510550,2,1,1995,6,0,20,0,0,0,32,0,0,21
510551,1,1,1995,0,0,0,16,0,0,0,7,0,0
510551,2,1,1995,0,0,0,0,0,0,0,0,0,0
510552,1,1,1995,0,0,0,0,0,0,0,0,0,0
510552,2,1,1995,0,0,0,0,0,0,0,0,0,0
510553,1,1,1995,0,19,21,18,16,19,8,30,13,22
510554,0,1,1995,13,0,0,22,0,0,0,0,0,0
510554,1,1,1995,0,0,19,0,0,0,0,0,0,0
510555,1,1,1995,0,0,0,0,0,0,0,0,0,0
510556,1,1,1995,0,0,0,0,0,0,0,0,0,0
510556,2,1,1995,0,0,0,0,0,0,0,0,0,0
510556,3,1,1995,0,0,0,0,0,0,0,0,0,0
510557,1,1,1995,0,0,0,0,0,0,0,0,0,0
510558,1,1,1995,0,0,0,0,0,0,0,0,0,0
510558,2,1,1995,0,0,0,0,0,0,0,0,0,0
510559,1,1,1995,0,0,0,0,0,12,16,0,0,0
510559,2,1,1995,0,9,0,0,0,0,0,0,0,0
510559,3,1,1995,13,25,0,0,0,0,0,0,0,0
510561,1,1,1995,0,0,0,0,0,0,0,0,0,0
510562,1,1,1995,0,0,0,0,0,0,0,0,0,0
510562,2,1,1995,0,0,0,0,0,0,0,0,0,0
510563,1,1,1995,0,0,0,0,0,0,0,0,0,0
510564,1,1,1995,9,9,9,9,9,9,9,9,9,9
510564,2,1,1995,0,0,0,0,0,0,0,0,0,0
510565,1,1,1995,0,0,0,0,13,0,0,6,0,0
510566,1,1,1995,19,19,19,19,19,19,19,19,19,19
510567,0,1,1995,0,0,0,0,0,0,0,0,0,0
510567,1,1,1995,0,0,0,0,0,0,0,0,0,0
510568,1,1,1995,0,0,0,0,0,0,0,0,0,0
510568,2,1,1995,0,0,0,0,0,0,0,0,0,0
510568,3,1,1995,0,0,0,0,0,0,0,0,0,0
510569,1,1,1995,11,0,0,0,0,0,0,0,0,0
510569,2,1,1995,0,21,0,0,0,0,0,0,0,0
510570,1,1,1995,0,0,0,0,0,0,0,0,0,0
510571,1,1,1995,0,0,0,0,17,0,0,0,0,0
510571,2,1,1995,0,0,0,0,0,0,10,0,0,0
510572,1,1,1995,0,0,0,0,0,0,0,0,0,0
510572,2,1,1995,3,3,3,3,3,3,3,3,3,3
510573,1,1,1995,0,0,8,0,0,0,0,0,0,0
510573,2,1,1995,0,0,0,0,0,0,0,0,0,0
510574,1,1,1995,6,38,26,23,0,5,0,0,0,15
510575,1,1,1995,0,0,0,0,0,0,0,0,0,0
510576,1,1,1995,0,0,0,0,0,0,0,0,0,0
510576,2,1,1995,0,0,0,0,0,0,0,0,0,0
510577,1,1,1995,0,0,0,0,0,0,0,0,0,0
510577,2,1,1995,0,0,0,0,0,0,0,0,0,0
510578,0,1,1995,30,30,30,30,30,30,30,30,30,30
510578,1,1,1995,0,0,0,17,0,0,0,8,0,0
510579,1,1,1995,0,0,0,0,0,0,0,0,0,0
510579,2,1,1995,0,0,0,0,0,0,0,0,0,0
510580,1,1,1995,29,29,29,29,29,29,29,29,29,29
510581,1,1,1995,0,0,0,0,0,0,0,0,0,0
510582,1,1,1995,0,0,0,0,0,0,0,0,0,0
510582,2,1,1995,0,0,0,0,0,0,0,0,0,0
510583,0,1,1995,0,0,0,0,0,34,0,0,0,0
510583,1,1,1995,0,0,0,0,0,0,0,0,0,0