ST_CASE,VEH_NO,PER_NO,YEAR,P1,P2,P3,P4,P5,P6,P7,P8,P9,P10
510584,1,1,1995,0,0,0,0,0,0,0,0,0,0
510584,2,1,1995,0,0,0,0,0,0,0,0,0,0
510585,1,1,1995,0,0,0,0,0,0,0,0,0,0
510585,2,1,1995,8,8,8,8,8,8,8,8,8,8
510586,1,1,1995,19,15,20,47,13,14,21,23,22,14
510587,1,1,1995,0,0,0,0,0,0,0,0,0,0
510588,1,1,1995,0,0,0,32,0,0,0,0,0,0
510588,2,1,1995,6,0,6,0,0,0,0,0,0,0
510589,1,1,1995,0,34,0,28,18,0,10,12,0,0
510590,1,1,1995,0,0,0,0,0,0,0,0,0,0
510590,2,1,1995,0,0,0,0,0,0,0,0,0,0
510591,1,1,1995,0,0,0,0,0,0,0,0,0,0
510591,2,1,1995,0,0,0,0,0,0,0,0,0,0
510592,1,1,1995,18,18,18,18,18,18,18,18,18,18
510593,0,1,1995,13,16,45,27,15,18,9,12,11,15
510593,1,1,1995,13,25,3,17,10,0,14,20,8,15
510594,1,1,1995,18,18,18,18,18,18,18,18,18,18
510595,1,1,1995,0,0,0,0,0,0,0,0,0,0
510596,1,1,1995,0,0,0,0,0,0,0,0,0,0
510597,1,1,1995,0,18,0,0,0,0,0,0,36,19
510597,2,1,1995,11,9,0,0,0,0,0,0,10,0
510598,0,1,1995,0,25,20,15,25,13,24,18,21,0
510598,1,1,1995,0,0,0,0,0,0,14,0,0,0
510599,1,1,1995,0,0,0,0,0,0,0,0,0,0
510599,2,1,1995,0,0,0,0,0,0,0,0,0,0
510600,1,1,1995,23,0,14,18,2,13,14,23,9,0
510600,2,1,1995,0,0,0,0,0,0,0,0,0,0
510601,1,1,1995,0,0,0,0,0,0,0,0,0,0
510601,2,1,1995,0,0,0,0,0,0,0,0,0,0
510601,3,1,1995,0,0,0,0,0,0,0,0,0,0
510602,1,1,1995,28,28,28,28,28,28,28,28,28,28
510603,1,1,1995,8,8,0,6,24,38,0,4,13,25
510604,1,1,1995,35,0,21,14,11,15,7,23,18,23
510605,1,1,1995,0,0,0,0,0,0,0,0,0,0
510605,2,1,1995,2,2,2,2,2,2,2,2,2,2
510606,1,1,1995,24,17,21,9,20,19,6,10,23,17
510607,1,1,1995,0,0,0,0,0,0,0,0,0,0
510607,2,1,1995,0,0,0,0,0,0,0,0,0,0
510608,1,1,1995,0,0,0,0,0,0,0,0,0,0
510608,2,1,1995,0,0,0,0,0,0,0,0,0,0
510608,3,1,1995,0,0,0,0,0,0,0,0,0,0
510609,1,1,1995,0,0,0,0,0,0,0,0,0,0
510609,2,1,1995,0,0,0,0,0,0,0,0,0,0
510610,1,1,1995,0,0,0,0,0,0,0,0,0,0
510611,0,1,1995,0,0,0,0,0,0,0,0,0,0
510611,1,1,1995,9,21,20,25,8,8,11,8,16,16
510612,1,1,1995,16,7,28,27,17,24,21,10,17,18
510613,1,1,1995,0,0,0,0,0,0,0,0,0,0
510613,2,1,1995,12,0,0,0,0,0,0,0,0,0
510614,1,1,1995,0,0,0,0,0,0,0,0,0,0
510615,1,1,1995,0,0,0,0,0,0,0,9,0,0
510616,1,1,1995,1,1,1,1,1,1,1,1,1,1
510617,1,1,1995,3,3,3,3,3,3,3,3,3,3
510617,2,1,1995,0,0,0,0,0,0,0,0,0,0
510618,1,1,1995,0,0,0,0,0,0,0,0,0,0
510619,1,1,1995,4,10,11,21,10,10,0,21,27,21
510619,2,1,1995,0,0,0,21,0,0,0,17,0,17
510620,1,1,1995,0,0,0,0,0,0,0,0,0,0
510621,1,1,1995,8,22,0,16,14,18,21,14,23,23
510621,2,1,1995,0,0,0,0,0,0,0,0,0,0
510622,1,1,1995,0,0,0,0,0,0,0,0,0,0
510622,2,1,1995,0,0,0,0,0,0,0,0,0,0
510623,1,1,1995,24,19,30,0,23,0,0,0,11,0
510624,1,1,1995,0,0,0,16,0,0,0,0,0,0
510624,2,1,1995,0,0,0,0,0,0,0,0,0,0
510625,1,1,1995,0,0,0,0,0,0,0,0,0,0
510626,1,1,1995,0,0,0,0,0,0,0,0,0,0
510626,2,1,1995,0,0,0,0,0,0,0,0,0,0
510626,3,1,1995,0,0,0,0,0,0,0,0,0,0
510627,1,1,1995,16,16,16,16,16,16,16,16,16,16
510628,1,1,1995,0,11,0,0,0,0,12,0,0,0
510630,1,1,1995,0,0,0,0,0,0,0,0,0,0
510631,0,1,1995,40,40,40,40,40,40,40,40,40,40
510631,1,1,1995,0,0,0,0,0,0,0,0,0,0
510632,1,1,1995,13,13,13,13,13,13,13,13,13,13
510633,1,1,1995,0,0,0,0,0,0,0,0,0,0
510634,1,1,1995,19,19,19,19,19,19,19,19,19,19
510636,0,1,1995,0,0,0,0,0,0,0,0,0,0
510636,1,1,1995,0,12,0,0,0,0,0,0,0,0
510637,1,1,1995,14,14,28,14,16,5,10,24,14,15
510638,1,1,1995,0,0,0,0,0,0,0,0,0,0
510638,2,1,1995,0,0,0,0,16,0,0,0,0,13
510639,1,1,1995,23,23,23,23,23,23,23,23,23,23
510640,1,1,1995,0,0,0,0,0,0,0,0,0,0
510640,2,1,1995,0,0,0,0,0,0,0,0,0,0
510640,3,1,1995,0,0,0,0,0,0,0,0,0,0
510640,4,1,1995,0,0,0,0,0,0,11,0,0,0
510641,1,1,1995,10,10,10,10,10,10,10,10,10,10
510642,1,1,1995,0,0,0,0,0,0,0,0,0,0
510642,2,1,1995,0,0,0,0,0,0,0,0,0,0
510643,1,1,1995,0,0,0,0,0,0,0,0,0,0
510643,2,1,1995,6,11,5,13,14,12,20,0,3,0
510644,1,1,1995,0,0,0,0,0,0,0,0,0,0
510644,2,1,1995,25,31,23,18,22,41,28,8,24,7
510645,1,1,1995,0,0,0,0,0,0,0,0,0,0
510645,2,1,1995,0,0,0,0,0,0,0,0,0,0
510646,1,1,1995,14,7,9,12,0,13,19,26,12,13
510647,1,1,1995,0,8,20,0,0,26,10,0,22,14
510647,2,1,1995,0,0,0,0,0,0,0,0,0,0
510647,3,1,1995,0,0,0,0,0,0,0,0,0,0
510648,1,1,1995,23,23,23,23,23,23,23,23,23,23
510649,1,1,1995,0,0,11,0,15,0,0,6,7,0
510650,1,1,1995,16,16,16,16,16,16,16,16,16,16
510650,2,1,1995,0,0,0,0,0,0,0,0,0,0
510651,1,1,1995,0,10,0,0,0,0,0,0,0,0
510651,2,1,1995,23,23,23,23,23,23,23,23,23,23
510652,0,1,1995,0,0,0,0,0,0,0,0,0,0
510652,1,1,1995,0,4,0,28,0,0,0,13,0,9
510653,1,1,1995,0,0,0,0,0,0,0,0,0,0
510653,2,1,1995,0,0,0,0,0,0,0,0,0,0
510653,3,1,1995,0,0,0,0,0,0,0,0,0,0
510654,1,1,1995,0,0,0,0,0,0,0,0,0,0
510654,2,1,1995,0,0,0,0,0,0,0,0,0,0
510655,1,1,1995,0,0,0,0,0,0,0,0,0,0
510655,2,1,1995,0,0,0,0,0,0,0,0,0,0
510656,1,1,1995,6,0,0,0,0,0,0,0,0,0
510656,2,1,1995,0,0,0,0,0,0,0,0,0,0
510657,1,1,1995,1,1,1,1,1,1,1,1,1,1
510658,1,1,1995,0,0,0,0,0,0,0,0,0,0
510659,1,1,1995,6,5,8,9,16,4,7,6,14,10
510659,2,1,1995,0,0,0,0,0,0,0,0,0,0
510660,0,1,1995,6,6,6,6,6,6,6,6,6,6
510660,1,1,1995,0,0,0,0,0,0,0,0,0,0
510661,1,1,1995,22,0,0,0,0,0,0,0,0,0
510661,2,1,1995,0,0,0,0,0,0,0,0,0,0
510662,1,1,1995,0,0,0,0,0,0,0,0,0,0
510662,2,1,1995,10,10,10,10,10,10,10,10,10,10
510663,1,1,1995,0,0,0,0,0,0,0,0,0,0
510663,2,1,1995,26,6,17,0,0,7,12,12,16,0
510664,1,1,1995,0,0,0,0,0,0,0,0,0,0
510664,2,1,1995,0,0,0,0,0,0,0,0,0,0
510665,1,1,1995,0,0,0,0,0,0,0,0,0,0
510665,2,1,1995,0,0,0,0,0,0,0,0,0,0
510666,0,1,1995,0,0,0,0,0,0,0,0,0,0
510666,1,1,1995,0,12,27,11,3,5,17,7,14,18
510667,1,1,1995,9,9,9,9,9,9,9,9,9,9
510669,1,1,1995,23,23,23,23,23,23,23,23,23,23
510670,1,1,1995,0,0,0,0,0,0,0,0,0,0
510670,2,1,1995,0,0,0,0,0,0,0,0,0,0
510671,1,1,1995,26,26,26,26,26,26,26,26,26,26
510672,1,1,1995,0,0,0,0,0,0,0,0,0,0
510672,2,1,1995,0,0,0,0,0,0,0,0,0,0
510673,1,1,1995,25,25,25,25,25,25,25,25,25,25
510673,2,1,1995,0,0,0,0,10,0,0,0,0,0
510674,1,1,1995,18,18,18,18,18,18,18,18,18,18
510674,2,1,1995,0,0,0,0,0,0,0,0,0,0
510675,0,1,1995,0,0,0,0,0,0,0,0,0,0
510675,1,1,1995,0,0,0,0,0,0,0,0,0,0
510675,2,1,1995,0,0,0,0,0,0,0,0,0,0
510676,1,1,1995,0,0,0,0,0,0,0,0,0,0
510676,2,1,1995,0,0,0,0,0,0,0,0,0,0
510677,0,1,1995,0,0,0,0,0,0,0,0,0,0
510677,1,1,1995,21,0,0,0,0,0,0,0,0,0
510678,0,1,1995,0,0,0,0,0,0,0,0,0,0
510678,0,2,1995,0,0,0,0,0,0,0,0,0,0
510678,1,1,1995,0,0,0,0,0,0,0,0,0,0
510678,2,1,1995,0,0,0,0,0,0,0,0,0,0
510678,3,1,1995,0,0,0,0,0,0,14,0,0,0
510679,1,1,1995,2,2,2,2,2,2,2,2,2,2
510679,2,1,1995,0,0,0,0,0,0,0,0,0,0
510679,3,1,1995,0,0,0,0,0,0,0,0,0,0
510680,1,1,1995,0,0,0,0,0,0,0,0,0,0
510681,1,1,1995,0,0,0,0,0,0,0,0,0,0
510681,2,1,1995,0,0,0,0,0,0,0,0,0,0
510682,1,1,1995,6,6,15,15,4,16,7,30,16,8
510682,2,1,1995,0,0,0,0,0,0,0,0,0,0
510682,3,1,1995,0,0,0,0,0,0,0,0,0,0
510683,0,1,1995,0,0,0,0,0,0,0,0,0,0
510683,1,1,1995,0,0,0,0,0,0,0,0,0,0
510684,0,1,1995,33,33,33,33,33,33,33,33,33,33
510684,1,1,1995,0,0,0,0,0,14,0,0,0,0
510685,0,1,1995,0,0,0,0,0,0,0,0,0,0
510685,1,1,1995,16,0,0,0,0,24,20,0,0,0
510686,0,1,1995,15,15,15,15,15,15,15,15,15,15
510686,1,1,1995,0,0,0,0,0,0,0,0,0,0
510687,1,1,1995,0,11,0,0,0,0,0,0,0,0
510687,2,1,1995,0,0,0,0,0,0,0,0,0,0
510688,1,1,1995,0,0,0,0,0,0,0,0,0,0
510688,2,1,1995,19,0,0,0,0,0,0,0,0,0
510689,0,1,1995,29,29,29,29,29,29,29,29,29,29
510689,1,1,1995,0,0,0,0,0,0,0,0,0,0
510690,1,1,1995,14,0,0,0,0,0,0,0,0,0
510690,2,1,1995,0,0,0,0,0,0,0,0,0,0
510691,1,1,1995,22,3,8,17,16,16,20,0,32,17
510692,1,1,1995,0,0,0,0,0,0,0,0,0,0
510692,2,1,1995,0,0,0,0,0,0,0,0,0,0
510694,1,1,1995,0,0,0,0,0,0,0,0,0,0
510694,2,1,1995,0,0,0,0,0,0,0,0,0,0
510695,1,1,1995,0,0,0,0,0,0,0,0,0,0
510695,2,1,1995,0,0,0,0,0,0,0,0,0,0
510696,1,1,1995,12,12,12,12,12,12,12,12,12,12
510697,1,1,1995,22,22,22,22,22,22,22,22,22,22
510697,2,1,1995,0,0,0,0,0,0,0,0,0,0
510698,1,1,1995,24,24,24,24,24,24,24,24,24,24
510698,2,1,1995,0,0,0,6,0,29,0,43,0,23
510699,1,1,1995,0,0,0,0,0,0,0,0,0,0
510699,2,1,1995,4,0,0,0,0,0,0,0,0,0
510700,0,1,1995,0,0,0,0,0,0,0,0,0,0
510700,1,1,1995,0,0,0,0,0,0,0,0,0,0
510701,1,1,1995,0,0,0,0,0,0,0,0,0,0
510702,1,1,1995,14,0,0,0,0,0,0,0,0,0
510703,1,1,1995,20,20,20,20,20,20,20,20,20,20
510704,1,1,1995,0,0,0,0,0,0,0,0,0,0
510704,2,1,1995,0,0,0,0,0,0,0,0,0,0
510705,1,1,1995,0,0,0,0,0,0,16,0,0,0
510706,1,1,1995,0,0,0,0,0,0,0,0,0,0
510706,2,1,1995,0,0,0,0,1,0,0,0,0,0
510706,3,1,1995,0,0,0,0,0,0,0,0,0,0
510707,1,1,1995,0,0,0,0,0,0,0,0,0,0
510708,0,1,1995,0,0,0,0,0,0,0,0,0,0
510708,1,1,1995,0,28,0,0,0,0,0,0,0,0
510709,1,1,1995,0,0,0,0,0,0,0,0,0,0
510710,1,1,1995,0,0,0,0,0,0,0,0,0,0
510711,1,1,1995,0,0,0,0,0,0,0,0,0,0
510712,1,1,1995,0,0,0,0,0,0,0,0,0,0
510712,2,1,1995,0,0,0,0,0,0,0,0,0,0
510713,1,1,1995,0,0,0,0,0,0,0,0,0,0
510714,1,1,1995,0,0,0,0,0,0,0,0,0,0
510714,2,1,1995,0,0,0,0,0,0,0,0,0,0
510714,3,1,1995,0,0,0,0,0,0,0,0,0,0
510715,1,1,1995,15,15,15,15,15,15,15,15,15,15
510716,0,1,1995,0,13,0,0,6,0,0,14,0,0
510716,1,1,1995,0,0,0,0,0,0,0,0,0,0
510717,1,1,1995,25,8,0,0,0,3,20,20,12,7
510718,0,1,1995,26,6,27,2,21,29,17,6,18,23
510718,1,1,1995,0,0,0,0,0,0,0,0,0,0
510719,0,1,1995,0,0,0,0,0,0,0,0,0,0
510719,1,1,1995,0,0,0,0,0,0,0,0,0,0
510720,0,1,1995,0,0,0,0,0,0,0,0,0,0
510720,1,1,1995,0,0,0,0,0,0,0,0,0,0
510720,2,1,1995,0,0,0,0,0,0,0,0,0,0
510721,1,1,1995,0,0,0,0,0,0,0,0,0,0
510721,2,1,1995,0,7,0,0,0,0,0,0,0,0
510722,1,1,1995,0,0,0,0,0,0,0,0,0,0
510723,1,1,1995,0,0,0,0,0,0,0,0,0,0
510725,1,1,1995,0,0,0,0,0,0,0,0,0,0
510726,1,1,1995,33,33,33,33,33,33,33,33,33,33
510726,2,1,1995,0,0,0,0,0,0,0,0,0,0
510727,1,1,1995,7,9,0,0,0,0,0,0,0,0
510727,2,1,1995,0,0,0,0,0,0,0,0,0,0
510728,0,1,1995,13,0,27,0,0,0,25,0,0,0
510728,1,1,1995,0,0,0,0,0,0,0,0,0,0
510728,2,1,1995,0,0,0,0,0,0,0,0,0,0
510728,3,1,1995,0,0,0,0,0,0,0,0,0,0
510729,1,1,1995,0,0,0,0,16,0,0,0,0,0
510729,2,1,1995,0,0,0,0,0,0,0,0,0,0
510730,1,1,1995,21,20,19,0,14,8,22,15,25,17
510731,1,1,1995,0,0,0,0,0,0,0,0,0,0
510732,1,1,1995,0,0,0,0,0,0,0,0,0,0
510732,2,1,1995,0,0,0,0,0,0,0,0,0,0
510733,1,1,1995,0,29,0,0,11,20,0,0,0,0
510733,2,1,1995,0,0,0,0,0,0,0,0,0,0
510734,1,1,1995,0,0,0,0,0,0,0,0,0,0
510735,1,1,1995,23,23,23,23,23,23,23,23,23,23
510736,1,1,1995,22,12,17,0,24,23,15,11,23,0
510737,1,1,1995,0,14,0,0,0,0,0,0,14,0
510738,1,1,1995,0,0,0,0,0,0,0,0,0,0
510738,2,1,1995,0,0,0,0,0,0,0,0,0,0
510739,1,1,1995,16,16,16,16,16,16,16,16,16,16
510739,2,1,1995,0,0,0,0,0,0,0,0,0,0
510740,1,1,1995,0,0,0,0,0,0,0,19,0,0
510741,1,1,1995,18,5,14,0,7,23,0,0,0,11
510742,1,1,1995,18,3,21,11,8,0,14,9,18,14
510743,1,1,1995,0,0,0,0,0,0,0,0,0,0
510744,1,1,1995,0,0,0,0,0,0,0,0,0,0
510744,2,1,1995,0,0,0,0,0,0,0,0,0,0
510745,1,1,1995,0,0,0,0,0,0,0,0,0,0
510746,1,1,1995,0,0,0,0,0,0,0,0,0,0
510747,1,1,1995,10,0,7,0,10,0,6,10,22,15
510748,1,1,1995,0,0,0,0,0,0,0,0,0,0
510749,1,1,1995,18,18,18,18,18,18,18,18,18,18
510750,0,1,1995,0,0,0,13,0,0,0,3,0,0
510750,1,1,1995,17,17,17,17,17,17,17,17,17,17
510751,1,1,1995,0,0,0,0,0,0,0,0,0,0
510752,1,1,1995,0,0,0,0,0,0,0,0,9,15
510753,1,1,1995,14,14,14,14,14,14,14,14,14,14
510754,1,1,1995,0,0,0,0,0,0,0,0,0,0
510754,2,1,1995,0,0,0,0,0,0,0,0,0,0
510755,1,1,1995,0,0,0,0,0,0,0,0,0,0
510755,2,1,1995,0,0,0,0,0,0,0,0,0,0
510756,1,1,1995,0,0,0,0,0,0,0,0,0,0
510757,1,1,1995,0,19,27,6,23,0,0,17,10,14
510758,1,1,1995,0,0,0,0,0,0,0,0,0,0
510759,1,1,1995,17,17,17,17,17,17,17,17,17,17
510760,1,1,1995,0,0,7,0,0,7,0,0,0,0
510761,1,1,1995,0,0,0,0,0,0,0,0,0,0
510761,2,1,1995,0,0,0,0,0,0,0,0,0,0
510762,0,1,1995,0,0,0,0,0,0,0,0,0,0
510762,1,1,1995,0,0,0,0,0,0,0,0,0,0
510763,1,1,1995,0,0,0,0,0,0,0,0,0,0
510764,1,1,1995,0,0,0,0,0,0,0,0,0,0
510765,1,1,1995,15,13,10,8,17,25,5,15,11,6
510766,1,1,1995,28,12,19,23,24,0,24,21,22,30
510767,1,1,1995,0,0,0,0,0,0,0,0,0,0
510767,2,1,1995,0,0,0,0,0,0,0,0,0,0
510768,0,1,1995,0,0,0,0,0,0,0,0,0,0
510768,1,1,1995,0,0,0,0,0,0,0,0,0,0
510769,1,1,1995,0,0,0,0,0,0,0,0,0,0
510769,2,1,1995,0,0,0,0,0,0,0,0,0,0
510769,3,1,1995,0,0,0,0,0,0,0,0,0,0
510770,1,1,1995,0,0,0,0,0,0,0,0,25,0
510771,1,1,1995,0,0,0,0,0,0,0,0,0,0
510771,2,1,1995,0,0,0,0,0,0,0,0,0,0
510772,1,1,1995,0,0,0,0,0,18,0,15,0,0
510773,1,1,1995,0,0,0,0,0,0,0,0,0,0
510773,2,1,1995,16,0,0,0,0,0,0,0,0,0
510773,3,1,1995,0,0,0,0,0,0,0,0,0,0
510773,4,1,1995,0,0,0,0,0,0,0,0,0,0
510774,1,1,1995,0,0,0,0,0,0,0,0,0,0
510774,2,1,1995,0,0,0,0,0,0,0,0,0,0
510775,1,1,1995,0,0,0,0,0,0,0,0,0,0
510776,1,1,1995,0,0,0,0,0,0,0,0,0,0
510776,2,1,1995,0,0,0,0,0,0,0,0,0,0
510777,1,1,1995,9,9,29,19,27,27,18,0,16,11
510778,1,1,1995,0,0,0,0,9,0,0,0,14,0
510778,2,1,1995,0,0,0,0,0,0,0,0,0,0
510779,1,1,1995,0,0,0,0,0,0,0,0,0,0
510780,1,1,1995,18,0,10,0,0,0,0,0,21,0
510782,1,1,1995,3,0,0,0,0,0,0,0,0,0
510783,1,1,1995,0,0,0,0,0,0,0,11,0,0
510784,1,1,1995,8,14,12,19,11,21,17,12,7,28
510785,0,1,1995,7,7,7,7,7,7,7,7,7,7
510785,1,1,1995,30,16,0,0,13,0,32,0,14,19
510786,0,1,1995,0,0,0,0,0,0,0,0,0,0
510786,1,1,1995,0,0,0,0,0,7,0,0,0,0
510787,1,1,1995,0,0,0,0,0,0,0,0,0,0
510787,2,1,1995,0,0,0,0,0,0,0,0,0,0
510788,1,1,1995,0,0,0,0,0,0,0,0,0,0
510788,2,1,1995,0,0,0,0,0,0,0,0,0,0
510789,1,1,1995,10,10,10,10,10,10,10,10,10,10
510790,1,1,1995,0,0,0,0,8,13,0,0,0,0
510790,2,1,1995,0,0,0,0,0,0,0,0,0,0
510790,3,1,1995,0,0,0,0,0,0,0,0,0,0
510790,4,1,1995,0,0,0,0,0,0,0,0,0,0
510791,0,1,1995,28,28,28,28,28,28,28,28,28,28
510791,1,1,1995,0,0,0,0,0,0,0,0,0,31
510792,1,1,1995,0,0,0,0,0,0,0,0,0,0
510792,2,1,1995,0,0,0,0,0,0,0,0,0,0
510793,1,1,1995,15,15,15,15,15,15,15,15,15,15
510793,2,1,1995,0,0,0,1,0,0,0,2,0,0
510794,1,1,1995,0,0,0,0,0,0,0,0,0,0
510795,0,1,1995,0,0,0,0,0,0,0,0,0,0
510795,0,2,1995,6,47,0,38,0,13,7,23,0,0
510795,1,1,1995,5,9,17,20,0,22,4,6,14,16
510796,1,1,1995,0,0,0,0,0,0,0,0,0,0
510797,1,1,1995,20,8,6,17,18,22,17,9,20,27
510797,2,1,1995,0,23,0,0,0,0,0,0,0,0
510798,1,1,1995,22,15,0,4,12,9,12,16,38,7
510798,2,1,1995,0,0,0,0,0,0,0,0,0,0
510799,1,1,1995,15,15,15,15,15,15,15,15,15,15
510800,1,2,1995,20,0,0,0,14,22,15,18,17,5
510801,1,1,1995,0,0,0,0,0,0,0,0,0,0
510801,2,1,1995,0,0,0,0,0,0,0,0,0,0
510802,1,1,1995,14,14,14,14,14,14,14,14,14,14
510803,1,1,1995,0,0,0,0,0,0,0,0,0,0
510803,2,1,1995,0,0,24,0,0,0,11,0,8,14
510804,1,1,1995,0,0,0,0,0,0,0,0,0,0
510805,1,1,1995,9,9,9,9,9,9,9,9,9,9
510806,1,1,1995,15,15,15,15,15,15,15,15,15,15
510807,1,1,1995,0,0,0,0,0,0,0,0,0,0
510807,2,1,1995,0,0,0,0,0,0,0,0,0,0
510808,1,1,1995,0,22,0,14,0,0,22,0,0,10
510809,0,1,1995,0,0,0,0,0,0,0,0,0,0
510809,1,1,1995,0,0,0,0,0,0,0,0,0,0
510810,1,1,1995,0,0,0,0,0,0,0,0,0,0
510811,1,1,1995,0,0,0,0,0,0,0,0,0,0
510811,2,1,1995,0,0,0,0,0,0,0,0,0,0
510812,0,1,1995,0,0,0,0,0,0,0,0,0,0
510812,1,1,1995,0,0,0,0,0,0,0,0,0,0
510813,1,1,1995,0,0,0,0,0,0,0,0,0,0
510814,0,1,1995,0,0,0,0,0,0,0,0,0,0
510814,1,1,1995,21,0,9,0,0,0,0,0,0,0
510815,0,1,1995,0,0,0,0,0,0,0,0,0,0
510815,1,1,1995,0,0,0,0,0,0,0,0,0,0
510816,1,1,1995,30,30,30,30,30,30,30,30,30,30
510817,1,1,1995,0,0,12,22,0,18,0,0,0,0
510818,0,1,1995,0,0,0,0,0,0,0,0,0,0
510818,1,1,1995,0,0,0,0,0,0,0,0,0,0
510819,1,1,1995,14,33,30,0,18,8,19,24,7,13
510820,1,1,1995,24,24,24,24,24,24,24,24,24,24
510821,1,1,1995,24,24,24,24,24,24,24,24,24,24
510822,1,1,1995,0,0,0,0,0,0,0,0,0,0
510823,1,1,1995,0,0,0,0,0,11,21,0,23,0
510824,1,1,1995,13,13,13,13,13,13,13,13,13,13
510825,1,1,1995,6,22,25,12,9,12,10,10,11,18
510826,1,1,1995,0,0,0,0,0,0,0,0,0,0
510827,1,1,1995,9,9,9,9,9,9,9,9,9,9
510828,1,1,1995,0,0,22,0,0,0,25,0,0,21
510829,1,1,1995,0,0,7,0,0,0,0,0,0,0
510829,2,1,1995,0,0,0,0,0,0,0,0,0,0
510830,1,1,1995,0,0,0,0,0,0,0,0,0,0
510830,2,1,1995,0,0,0,0,0,0,0,0,0,0
510831,1,1,1995,0,0,0,0,0,0,0,0,0,0
510832,1,1,1995,19,19,19,19,19,19,19,19,19,19
510833,1,1,1995,13,13,13,13,13,13,13,13,13,13
510833,2,1,1995,14,15,21,17,4,14,3,6,6,12
510833,3,1,1995,0,0,0,0,0,0,0,0,0,0
510835,1,1,1995,14,14,14,14,14,14,14,14,14,14
510835,2,1,1995,0,0,0,0,0,0,0,0,0,0
510836,1,1,1995,0,0,0,0,0,5,0,0,0,10
510837,1,1,1995,0,0,0,0,0,0,0,0,0,0
510837,2,1,1995,0,0,0,0,0,0,0,0,0,0
510838,1,1,1995,0,0,0,0,0,0,0,0,0,0
510839,1,1,1995,15,15,15,15,15,15,15,15,15,15
510840,1,1,1995,0,0,0,0,0,0,0,0,0,0
510840,2,1,1995,0,0,0,0,0,16,0,0,0,0
510841,1,1,1995,0,0,0,0,0,0,0,0,0,0
510841,2,1,1995,0,0,0,0,0,0,0,0,17,0
510842,0,1,1995,0,0,0,0,0,0,0,0,0,0
510842,1,1,1995,0,0,0,0,0,0,0,0,0,0
510843,1,1,1995,13,28,7,27,19,18,0,0,15,24
510844,1,1,1995,0,0,0,0,0,0,0,0,0,0
510844,2,1,1995,0,0,0,0,0,0,0,5,0,0
510845,1,1,1995,0,0,0,0,0,0,0,0,0,0
510845,2,1,1995,0,0,0,0,0,0,0,0,0,0
510846,1,1,1995,0,18,3,0,0,0,14,28,0,0
510847,1,1,1995,0,0,0,0,0,0,0,0,0,0
510847,2,1,1995,0,0,0,0,0,0,0,0,0,0
510847,3,1,1995,0,0,0,0,0,0,0,0,0,0
510847,4,1,1995,0,0,0,0,0,0,0,0,0,0
510847,5,1,1995,0,0,0,0,0,0,0,0,0,0
510847,6,1,1995,0,0,0,0,0,0,0,0,0,0
510847,7,1,1995,0,0,0,0,0,0,0,0,0,0
510848,1,1,1995,0,0,0,0,0,0,0,0,0,0
510848,2,1,1995,1,1,1,1,1,1,1,1,1,1
510849,1,1,1995,0,0,0,0,0,0,0,0,0,0
510849,2,1,1995,0,0,0,0,0,0,0,0,0,15
510850,1,1,1995,24,24,24,24,24,24,24,24,24,24
510851,1,1,1995,0,0,0,0,0,0,0,0,0,0
510851,2,1,1995,0,0,0,0,0,0,0,0,0,0
510852,1,1,1995,15,23,12,8,26,0,20,19,6,23
510853,1,1,1995,29,10,0,20,25,14,14,21,13,0
510854,1,1,1995,0,0,0,0,0,0,0,0,0,0
510855,1,1,1995,0,0,0,0,0,0,0,0,0,0
510855,2,1,1995,0,0,0,13,0,0,0,0,0,0
510856,1,1,1995,17,17,17,17,17,17,17,17,17,17
510857,1,1,1995,25,26,32,10,25,22,8,15,6,16
510858,1,1,1995,9,9,9,9,9,9,9,9,9,9
510858,2,1,1995,0,0,0,0,0,0,0,0,0,0
510859,1,1,1995,20,15,7,31,0,12,11,8,12,26
510860,1,1,1995,0,0,0,0,0,0,0,0,0,0
510861,1,1,1995,12,14,20,10,21,0,0,0,0,0
510862,1,1,1995,15,15,15,15,15,15,15,15,15,15
530001,1,1,1995,17,17,17,17,17,17,17,17,17,17
530002,1,1,1995,8,8,8,8,8,8,8,8,8,8
530003,1,1,1995,0,0,0,0,0,0,0,0,0,0
530003,2,1,1995,6,0,6,0,0,0,0,0,11,0
530004,1,1,1995,0,0,0,0,0,0,0,0,0,0
530004,2,1,1995,0,0,0,0,0,0,0,0,0,0
530005,1,1,1995,31,31,31,31,31,31,31,31,31,31
530006,1,1,1995,0,0,0,0,0,0,0,0,0,0
530006,2,1,1995,0,0,0,0,0,0,0,0,0,0
530007,1,1,1995,0,0,0,0,0,0,0,0,0,0
530008,1,1,1995,0,0,0,0,0,0,0,0,0,0
530008,2,1,1995,0,0,0,0,0,0,0,0,0,0
530009,1,1,1995,0,0,0,0,0,0,0,0,0,0
530011,1,1,1995,0,0,0,0,0,0,0,0,0,0
530011,2,1,1995,8,0,0,0,0,0,32,11,0,0
530012,1,1,1995,11,32,16,21,14,21,11,13,19,29
530013,1,1,1995,0,0,0,0,0,0,0,0,0,0
530013,2,1,1995,0,0,0,0,0,0,0,0,0,0
530014,1,1,1995,0,13,0,6,0,0,0,12,0,0