ST_CASE,VEH_NO,PER_NO,YEAR,P1,P2,P3,P4,P5,P6,P7,P8,P9,P10
530015,1,1,1995,0,0,0,0,0,0,0,0,0,0
530015,2,1,1995,0,0,0,0,12,0,0,0,0,0
530015,3,1,1995,0,0,0,0,0,0,0,0,0,0
530016,1,1,1995,0,0,0,0,0,0,0,0,0,0
530016,2,1,1995,4,0,0,0,0,0,0,0,0,0
530016,3,1,1995,0,0,0,0,0,0,0,0,0,0
530016,4,1,1995,0,0,0,0,0,0,0,0,0,0
530016,5,1,1995,0,0,0,0,0,0,0,0,0,0
530017,0,1,1995,0,0,0,0,0,0,0,0,0,0
530017,1,1,1995,0,0,0,0,0,0,0,0,0,0
530018,1,1,1995,19,19,19,19,19,19,19,19,19,19
530019,1,1,1995,0,0,0,0,0,0,0,0,0,0
530020,1,1,1995,0,0,0,0,0,0,0,0,0,0
530020,2,1,1995,0,0,0,0,0,0,0,0,0,0
530021,0,1,1995,0,0,0,0,0,0,0,0,0,0
530021,1,1,1995,23,23,23,23,23,23,23,23,23,23
530022,1,1,1995,30,30,30,30,30,30,30,30,30,30
530022,2,1,1995,0,0,0,0,0,0,0,0,0,0
530023,1,1,1995,17,17,17,17,17,17,17,17,17,17
530024,0,1,1995,0,0,0,0,0,0,0,0,0,0
530024,0,2,1995,17,12,10,30,0,0,11,21,32,20
530024,0,3,1995,25,17,0,4,0,0,10,21,0,0
530024,1,1,1995,0,0,10,19,22,17,17,27,15,9
530025,1,1,1995,0,0,0,0,0,0,0,0,0,0
530025,2,1,1995,0,0,0,0,0,0,0,0,0,0
530026,1,1,1995,12,0,27,21,0,27,11,0,0,41
530027,1,1,1995,0,0,0,0,0,0,0,0,0,0
530027,2,1,1995,0,0,0,0,0,0,0,0,0,0
530027,3,1,1995,0,10,0,8,0,0,4,0,0,0
530028,0,1,1995,0,0,0,0,0,0,0,0,0,0
530028,1,1,1995,0,0,0,0,0,0,0,0,0,0
530029,1,1,1995,4,4,4,4,4,4,4,4,4,4
530030,1,1,1995,21,21,21,21,21,21,21,21,21,21
530031,1,1,1995,18,18,18,18,18,18,18,18,18,18
530032,1,1,1995,27,27,27,27,27,27,27,27,27,27
530032,2,1,1995,0,0,0,0,0,0,0,0,0,0
530033,1,1,1995,29,29,29,29,29,29,29,29,29,29
530034,1,1,1995,0,0,0,0,0,0,0,0,0,0
530035,1,1,1995,0,0,0,0,0,0,0,0,0,0
530035,2,1,1995,0,0,0,0,0,0,0,0,0,0
530036,0,1,1995,0,0,0,0,0,0,0,0,0,0
530036,1,1,1995,0,0,0,0,0,0,0,0,0,0
530037,1,1,1995,4,4,4,4,4,4,4,4,4,4
530037,2,1,1995,0,0,0,0,0,0,0,0,0,0
530038,1,1,1995,13,13,13,13,13,13,13,13,13,13
530038,2,1,1995,12,0,0,8,0,0,0,0,0,0
530039,1,1,1995,0,0,0,0,0,0,0,0,0,0
530039,2,1,1995,0,0,0,0,0,0,0,0,0,0
530040,1,1,1995,23,23,23,23,23,23,23,23,23,23
530041,1,1,1995,7,22,14,18,18,9,18,13,14,13
530042,1,1,1995,29,29,29,29,29,29,29,29,29,29
530043,1,1,1995,0,0,0,0,0,0,0,0,0,0
530044,1,1,1995,24,24,24,24,24,24,24,24,24,24
530045,1,1,1995,0,0,0,0,0,0,0,0,0,0
530045,2,1,1995,0,0,0,0,0,0,0,0,0,0
530046,0,1,1995,25,25,25,25,25,25,25,25,25,25
530046,1,1,1995,0,0,0,0,0,0,0,0,0,0
530047,1,1,1995,0,0,0,0,0,0,0,0,0,0
530047,2,1,1995,0,0,0,0,0,0,0,0,0,0
530048,1,1,1995,27,27,27,27,27,27,27,27,27,27
530048,2,1,1995,0,0,0,0,0,0,0,0,0,0
530048,3,1,1995,0,0,0,0,0,0,0,0,0,0
530048,4,1,1995,0,0,23,0,0,0,0,0,0,0
530049,1,1,1995,0,0,0,0,0,0,0,0,0,0
530049,2,1,1995,0,0,0,0,0,0,0,0,0,0
530050,1,1,1995,16,16,16,16,16,16,16,16,16,16
530051,1,1,1995,0,0,0,0,0,0,0,0,0,0
530052,1,1,1995,18,16,21,35,18,26,5,31,38,21
530053,1,1,1995,10,10,10,10,10,10,10,10,10,10
530054,1,2,1995,0,0,0,0,0,0,0,0,7,0
530055,1,1,1995,12,0,0,0,0,0,0,0,0,0
530056,1,1,1995,11,11,11,11,11,11,11,11,11,11
530057,1,1,1995,0,0,0,0,0,0,0,0,0,0
530058,1,1,1995,17,17,17,17,17,17,17,17,17,17
530059,1,1,1995,0,0,0,0,0,0,0,0,0,0
530059,2,1,1995,0,0,0,0,0,0,0,0,0,0
530060,0,1,1995,21,21,21,21,21,21,21,21,21,21
530060,1,1,1995,0,20,21,0,13,19,0,0,0,9
530061,1,1,1995,0,0,0,0,0,0,0,0,0,0
530061,2,1,1995,0,0,0,0,0,0,0,0,0,0
530062,1,1,1995,27,27,27,27,27,27,27,27,27,27
530063,1,1,1995,0,0,0,0,0,0,0,0,0,0
530063,2,1,1995,0,0,0,0,0,0,0,0,0,0
530064,0,1,1995,22,22,22,22,22,22,22,22,22,22
530064,1,1,1995,0,0,0,0,0,0,0,0,0,19
530066,1,1,1995,19,19,19,19,19,19,19,19,19,19
530066,2,1,1995,0,0,0,0,0,0,0,0,0,0
530066,3,1,1995,0,0,0,0,0,0,0,0,0,0
530067,1,1,1995,0,0,0,0,0,0,0,0,0,0
530067,2,1,1995,0,0,0,0,0,0,0,0,0,0
530068,1,1,1995,0,0,0,0,0,0,0,0,0,0
530069,1,1,1995,24,24,24,24,24,24,24,24,24,24
530070,0,1,1995,22,16,0,24,0,0,0,5,0,0
530070,1,1,1995,0,0,0,0,0,0,0,0,0,0
530071,1,1,1995,5,5,5,5,5,5,5,5,5,5
530072,1,1,1995,0,0,0,0,0,0,0,0,0,0
530072,2,1,1995,0,0,0,0,0,0,0,0,0,0
530073,1,1,1995,17,17,17,17,17,17,17,17,17,17
530073,2,1,1995,0,0,0,0,0,0,0,0,0,0
530074,1,1,1995,0,0,0,0,0,0,0,0,0,0
530075,1,1,1995,26,26,26,26,26,26,26,26,26,26
530075,2,1,1995,0,0,0,0,0,0,0,0,0,0
530077,1,1,1995,21,0,27,10,9,16,9,3,4,22
530078,1,1,1995,0,0,0,0,0,0,0,0,0,0
530078,2,1,1995,0,0,0,0,0,0,0,0,0,0
530078,3,1,1995,0,0,0,0,0,0,0,0,0,0
530078,4,1,1995,0,0,0,0,0,0,0,0,0,0
530079,1,1,1995,0,0,0,0,0,0,0,0,0,0
530080,1,1,1995,0,0,0,0,0,0,0,0,0,0
530080,2,1,1995,0,0,0,0,0,0,0,0,0,0
530080,3,1,1995,0,0,0,0,0,0,0,0,0,0
530080,4,1,1995,0,0,0,0,0,0,0,0,16,0
530081,0,1,1995,0,0,0,0,0,0,0,0,0,0
530081,1,1,1995,0,0,0,0,0,0,0,0,19,0
530082,1,1,1995,18,18,18,18,18,18,18,18,18,18
530082,2,1,1995,0,0,0,0,0,0,0,0,0,22
530083,1,1,1995,0,0,0,0,0,0,0,0,0,0
530084,1,1,1995,31,31,31,31,31,31,31,31,31,31
530085,1,1,1995,11,11,11,11,11,11,11,11,11,11
530086,1,1,1995,0,0,0,0,0,0,0,0,0,0
530086,2,1,1995,0,0,0,0,0,0,0,0,0,0
530087,1,1,1995,1,1,1,1,1,1,1,1,1,1
530087,2,1,1995,0,0,0,0,0,0,0,0,0,0
530088,1,1,1995,0,0,0,0,0,0,0,0,0,0
530088,2,1,1995,0,0,0,0,0,0,0,0,0,0
530089,1,1,1995,0,0,0,0,0,0,0,0,0,0
530090,0,1,1995,0,0,0,0,0,0,0,0,0,0
530090,1,1,1995,0,0,0,0,0,0,0,0,0,0
530091,0,1,1995,0,0,0,0,0,0,0,0,0,0
530091,1,1,1995,0,0,0,0,0,0,0,0,0,0
530092,0,1,1995,25,27,22,15,18,11,20,17,12,15
530092,1,1,1995,0,0,0,0,0,0,0,0,0,0
530093,1,1,1995,0,0,0,0,0,0,0,0,0,0
530093,2,1,1995,0,0,0,0,0,0,0,0,0,0
530094,1,1,1995,15,15,15,15,15,15,15,15,15,15
530095,1,1,1995,5,5,5,5,5,5,5,5,5,5
530095,2,1,1995,0,0,0,0,0,0,0,0,0,0
530096,1,1,1995,37,37,37,37,37,37,37,37,37,37
530097,1,1,1995,0,0,0,0,0,0,0,0,0,0
530097,2,1,1995,0,0,0,0,0,0,0,0,0,0
530098,1,1,1995,5,5,5,5,5,5,5,5,5,5
530099,1,1,1995,0,0,0,0,0,0,0,0,0,0
530099,2,1,1995,0,0,16,0,0,0,0,0,0,0
530100,1,1,1995,15,15,15,15,15,15,15,15,15,15
530101,1,1,1995,0,0,0,0,0,0,0,0,0,0
530101,2,1,1995,0,0,0,0,0,0,0,0,0,0
530102,0,1,1995,0,0,0,0,0,0,0,0,0,0
530102,1,1,1995,0,0,0,0,0,0,0,0,0,0
530103,1,1,1995,26,26,26,26,26,26,26,26,26,26
530103,2,1,1995,0,0,0,0,0,0,0,0,0,0
530104,1,1,1995,0,0,0,0,0,0,0,0,0,0
530104,2,1,1995,0,0,0,0,0,0,0,0,0,0
530105,1,1,1995,0,0,0,0,0,0,0,0,0,0
530106,1,1,1995,0,0,0,0,0,0,0,0,0,0
530106,2,1,1995,0,0,0,0,0,0,0,0,0,0
530107,1,1,1995,21,21,21,21,21,21,21,21,21,21
530108,0,1,1995,0,0,0,0,0,0,0,0,0,0
530108,1,1,1995,0,0,0,0,0,0,0,0,0,0
530109,0,1,1995,0,0,0,0,0,0,0,0,0,0
530109,0,2,1995,11,0,0,0,0,0,0,0,0,35
530109,1,1,1995,0,0,0,0,0,0,0,0,0,0
530110,1,1,1995,17,17,17,17,17,17,17,17,17,17
530110,2,1,1995,11,11,11,11,11,11,11,11,11,11
530111,1,1,1995,0,0,0,0,0,0,0,0,0,0
530111,2,1,1995,0,0,0,0,0,0,0,0,0,0
530112,1,1,1995,10,10,10,10,10,10,10,10,10,10
530112,2,1,1995,0,0,0,0,0,0,0,0,0,0
530113,1,1,1995,0,0,0,0,0,0,0,0,0,0
530113,2,1,1995,0,0,0,0,0,0,0,0,0,0
530113,3,1,1995,0,0,0,0,0,0,0,0,0,0
530114,1,1,1995,0,0,0,0,21,0,5,0,0,0
530115,1,1,1995,0,0,0,0,0,0,0,0,20,0
530116,1,1,1995,0,0,0,0,0,0,0,0,0,0
530117,0,1,1995,7,7,7,7,7,7,7,7,7,7
530117,1,1,1995,28,28,28,28,28,28,28,28,28,28
530118,1,1,1995,19,19,19,19,19,19,19,19,19,19
530119,1,1,1995,17,17,17,17,17,17,17,17,17,17
530120,1,1,1995,0,0,0,0,0,0,0,0,0,0
530120,2,1,1995,0,0,0,0,0,0,0,0,0,0
530121,1,1,1995,0,0,0,0,0,0,0,0,0,0
530121,2,1,1995,0,0,0,0,0,0,0,0,0,0
530122,1,1,1995,24,24,24,24,24,24,24,24,24,24
530123,1,1,1995,0,0,0,0,0,0,0,0,0,0
530123,2,1,1995,0,0,0,0,0,0,7,0,0,0
530124,1,1,1995,0,0,0,0,0,0,0,0,0,0
530124,2,1,1995,0,0,0,0,0,0,0,0,0,0
530124,3,1,1995,0,0,0,0,0,0,0,0,0,0
530125,1,1,1995,17,17,17,17,17,17,17,17,17,17
530126,1,1,1995,9,9,9,9,9,9,9,9,9,9
530127,1,1,1995,15,15,15,15,15,15,15,15,15,15
530128,1,1,1995,0,0,0,6,0,0,0,0,0,0
530128,2,1,1995,0,0,0,0,0,0,0,0,0,0
530129,1,1,1995,9,9,9,9,9,9,9,9,9,9
530131,1,1,1995,0,0,0,0,0,0,0,0,0,0
530131,2,1,1995,0,0,0,0,0,0,0,0,0,0
530131,3,1,1995,0,0,0,0,0,0,0,0,0,0
530131,4,1,1995,0,0,0,0,0,0,0,0,0,0
530132,1,1,1995,0,0,0,0,0,0,0,0,0,0
530133,1,1,1995,0,0,0,0,0,0,0,0,0,0
530134,1,1,1995,0,0,0,0,0,0,0,0,0,0
530134,2,1,1995,0,0,0,0,0,0,0,0,0,0
530135,1,1,1995,6,6,6,6,6,6,6,6,6,6
530135,2,1,1995,0,0,0,0,0,0,0,0,13,18
530136,1,1,1995,24,24,24,24,24,24,24,24,24,24
530137,1,1,1995,25,25,25,25,25,25,25,25,25,25
530138,1,1,1995,0,0,0,0,0,0,0,0,0,0
530138,2,1,1995,8,8,8,8,8,8,8,8,8,8
530139,1,1,1995,9,9,9,9,9,9,9,9,9,9
530139,2,1,1995,0,0,0,0,0,0,0,0,0,0
530140,1,1,1995,6,6,6,6,6,6,6,6,6,6
530141,1,1,1995,17,17,17,17,17,17,17,17,17,17
530142,1,1,1995,0,0,0,0,0,0,0,0,0,0
530142,2,1,1995,0,0,0,0,0,0,0,0,0,0
530143,1,1,1995,35,35,35,35,35,35,35,35,35,35
530143,2,1,1995,0,0,0,0,0,0,0,0,0,0
530144,1,1,1995,31,0,0,0,0,0,0,0,0,0
530144,2,1,1995,0,0,0,0,0,0,0,0,0,0
530145,0,1,1995,21,21,21,21,21,21,21,21,21,21
530145,1,1,1995,0,0,0,0,0,0,21,0,0,0
530145,2,1,1995,0,0,0,0,0,0,0,0,8,0
530146,0,1,1995,0,0,0,0,0,0,0,0,0,0
530146,1,1,1995,0,0,0,0,0,0,0,0,0,0
530147,1,1,1995,22,22,22,22,22,22,22,22,22,22
530148,1,1,1995,17,17,17,17,17,17,17,17,17,17
530149,1,1,1995,8,8,8,8,8,8,8,8,8,8
530150,1,1,1995,23,23,23,23,23,23,23,23,23,23
530150,2,1,1995,0,0,0,0,0,0,0,0,0,0
530151,1,1,1995,0,0,0,0,0,0,0,0,0,0
530151,2,1,1995,0,0,0,0,0,0,0,0,0,0
530152,1,1,1995,0,0,0,0,0,0,0,0,0,0
530153,1,1,1995,0,0,0,0,0,0,0,0,0,0
530153,2,1,1995,0,0,0,0,0,0,0,0,0,0
530153,3,1,1995,0,0,0,0,0,0,0,0,0,0
530154,1,1,1995,14,14,14,14,14,14,14,14,14,14
530155,1,1,1995,9,9,9,9,9,9,9,9,9,9
530156,1,1,1995,12,12,12,12,12,12,12,12,12,12
530157,1,1,1995,30,30,30,30,30,30,30,30,30,30
530158,1,1,1995,17,17,17,17,17,17,17,17,17,17
530159,1,1,1995,17,0,15,8,0,3,0,13,19,7
530160,1,1,1995,30,30,30,30,30,30,30,30,30,30
530161,1,1,1995,0,0,0,0,0,0,0,0,0,0
530162,1,1,1995,0,0,0,0,0,0,0,0,0,0
530163,0,1,1995,0,0,0,0,0,0,0,0,0,0
530163,1,1,1995,0,0,0,0,0,0,0,0,0,0
530164,1,1,1995,0,0,0,0,0,0,0,0,0,0
530164,2,1,1995,21,21,21,21,21,21,21,21,21,21
530165,0,1,1995,0,0,0,0,0,0,0,0,0,0
530165,1,1,1995,15,15,15,15,15,15,15,15,15,15
530166,0,1,1995,0,0,0,0,0,0,0,0,0,0
530166,1,1,1995,0,0,0,0,0,0,0,0,0,0
530167,1,1,1995,0,0,0,0,0,0,0,0,0,0
530168,1,1,1995,17,17,17,17,17,17,17,17,17,17
530169,1,1,1995,0,0,0,0,0,0,0,0,0,0
530170,1,1,1995,0,0,0,0,0,0,0,0,0,0
530171,1,1,1995,18,18,18,18,18,18,18,18,18,18
530172,1,1,1995,23,23,23,23,23,23,23,23,23,23
530173,1,1,1995,0,0,0,0,0,0,0,0,0,0
530173,2,1,1995,0,0,0,0,0,0,0,0,0,0
530174,1,1,1995,0,0,0,0,0,0,0,0,0,0
530174,2,1,1995,0,0,0,0,0,0,0,0,0,0
530175,1,1,1995,6,6,6,6,6,6,6,6,6,6
530175,2,1,1995,0,0,0,0,0,0,0,0,0,0
530176,1,1,1995,23,23,23,23,23,23,23,23,23,23
530176,2,1,1995,0,0,0,0,0,0,0,0,0,0
530177,1,1,1995,0,0,0,0,0,0,0,0,0,0
530178,1,1,1995,0,0,0,0,0,0,0,0,0,0
530178,2,1,1995,0,0,0,0,0,0,0,0,0,0
530179,0,1,1995,0,0,0,0,0,0,0,0,0,0
530179,0,2,1995,0,0,0,0,0,0,0,0,0,0
530179,1,1,1995,0,0,0,0,21,0,0,0,0,0
530180,1,1,1995,0,0,0,0,0,0,0,0,0,0
530181,1,1,1995,0,0,0,0,0,0,0,0,0,0
530181,2,1,1995,0,0,0,0,0,0,0,0,0,0
530182,0,1,1995,0,0,0,0,0,0,0,0,0,0
530182,1,1,1995,0,0,0,0,0,0,0,0,0,0
530184,1,1,1995,12,12,12,12,12,12,12,12,12,12
530184,2,1,1995,0,9,0,0,0,0,0,0,0,0
530185,1,1,1995,22,22,22,22,22,22,22,22,22,22
530186,1,1,1995,39,39,39,39,39,39,39,39,39,39
530187,1,1,1995,23,23,23,23,23,23,23,23,23,23
530187,2,1,1995,0,19,0,0,0,10,0,0,0,0
530187,3,1,1995,0,0,0,0,0,0,0,0,0,0
530188,1,1,1995,27,27,27,27,27,27,27,27,27,27
530189,0,1,1995,0,0,0,0,0,0,0,0,0,0
530189,0,2,1995,0,0,0,0,0,0,0,0,0,0
530190,1,1,1995,0,0,0,0,0,0,0,0,0,0
530191,1,1,1995,0,0,0,0,0,0,0,0,0,0
530191,2,1,1995,0,0,0,0,0,0,0,0,0,0
530191,3,1,1995,0,0,0,0,0,0,0,0,0,0
530192,1,1,1995,0,0,0,0,0,0,0,0,0,0
530192,2,1,1995,0,0,0,0,0,0,0,0,24,0
530193,1,1,1995,18,18,18,18,18,18,18,18,18,18
530194,1,1,1995,5,5,5,5,5,5,5,5,5,5
530195,1,1,1995,35,35,35,35,35,35,35,35,35,35
530196,1,1,1995,0,0,0,0,0,0,0,0,0,0
530196,2,1,1995,0,0,0,0,0,0,0,0,0,0
530197,0,1,1995,0,0,0,0,0,0,0,0,0,0
530197,1,1,1995,0,0,0,0,0,0,0,0,0,0
530198,1,1,1995,0,0,0,0,0,0,0,0,0,0
530199,1,1,1995,23,23,23,23,23,23,23,23,23,23
530199,2,1,1995,0,0,0,0,0,0,0,0,0,0
530200,1,1,1995,4,4,4,4,4,4,4,4,4,4
530201,1,1,1995,0,0,0,0,0,0,0,0,0,0
530202,1,1,1995,7,7,7,7,7,7,7,7,7,7
530203,1,1,1995,10,10,10,10,10,10,10,10,10,10
530204,1,1,1995,27,27,27,27,27,27,27,27,27,27
530205,1,1,1995,0,0,0,0,0,0,0,0,0,0
530205,2,1,1995,8,0,0,0,0,0,0,0,0,0
530206,1,1,1995,0,0,0,0,0,0,0,0,0,0
530206,2,1,1995,0,0,0,0,0,0,0,0,0,0
530207,1,1,1995,22,22,22,22,22,22,22,22,22,22
530207,2,1,1995,0,0,0,0,0,0,0,0,0,0
530208,1,1,1995,17,17,17,17,17,17,17,17,17,17
530209,1,1,1995,15,15,15,15,15,15,15,15,15,15
530210,1,1,1995,21,21,21,21,21,21,21,21,21,21
530211,0,1,1995,17,17,17,17,17,17,17,17,17,17
530211,1,1,1995,5,0,8,0,0,0,0,0,0,0
530211,2,1,1995,31,52,12,10,0,28,0,0,3,15
530212,1,1,1995,22,22,22,22,22,22,22,22,22,22
530213,1,1,1995,0,0,0,0,0,0,0,0,0,0
530214,1,1,1995,9,9,9,9,9,9,9,9,9,9
530214,2,1,1995,0,0,0,0,0,0,0,0,0,0
530215,1,1,1995,25,25,25,25,25,25,25,25,25,25
530216,0,1,1995,13,13,13,13,13,13,13,13,13,13
530216,1,1,1995,15,0,12,29,0,0,19,0,0,18
530217,1,1,1995,0,0,0,0,0,0,0,0,0,0
530218,1,1,1995,0,0,0,0,0,0,0,0,0,0
530218,2,1,1995,0,0,0,0,0,0,0,0,0,0
530219,1,1,1995,0,0,0,0,0,0,0,0,0,0
530220,1,1,1995,0,0,0,0,0,0,0,0,0,0
530221,1,1,1995,0,0,0,0,0,0,0,0,0,0
530221,2,1,1995,0,0,0,0,0,0,0,0,0,0
530222,1,1,1995,23,23,23,23,23,23,23,23,23,23
530223,0,1,1995,26,26,26,26,26,26,26,26,26,26
530223,1,1,1995,0,19,0,0,23,0,0,0,0,5
530224,1,1,1995,0,7,0,0,0,4,0,0,0,0
530224,2,1,1995,0,0,0,13,0,0,0,5,0,0
530225,1,1,1995,0,0,0,0,0,0,0,0,0,0
530225,2,1,1995,0,0,0,0,0,0,0,0,0,0
530227,1,1,1995,21,21,21,21,21,21,21,21,21,21
530228,1,1,1995,0,0,0,0,0,0,0,0,0,0
530228,2,1,1995,0,0,0,0,0,0,0,0,0,0
530229,1,1,1995,0,0,0,0,0,0,0,0,0,0
530230,1,1,1995,13,13,13,13,13,13,13,13,13,13
530230,2,1,1995,0,0,0,0,0,0,0,0,0,0
530231,1,1,1995,24,24,24,24,24,24,24,24,24,24
530232,0,1,1995,0,0,0,0,0,0,0,0,0,0
530232,0,2,1995,0,0,0,0,0,33,0,0,0,0
530232,1,1,1995,0,0,0,0,0,0,0,0,0,0
530233,0,1,1995,15,15,15,15,15,15,15,15,15,15
530233,1,1,1995,0,0,0,0,0,0,0,0,0,0
530234,1,1,1995,22,22,22,22,22,22,22,22,22,22
530235,1,1,1995,17,17,17,17,17,17,17,17,17,17
530236,1,1,1995,0,0,0,0,0,0,0,0,0,0
530237,1,1,1995,8,8,8,8,8,8,8,8,8,8
530238,1,1,1995,0,0,0,0,0,0,0,0,0,0
530239,1,1,1995,10,10,10,10,10,10,10,10,10,10
530239,2,1,1995,9,0,0,0,0,0,0,0,0,0
530240,1,1,1995,19,19,19,19,19,19,19,19,19,19
530241,1,1,1995,7,7,7,7,7,7,7,7,7,7
530242,1,1,1995,15,15,15,15,15,15,15,15,15,15
530243,1,1,1995,21,10,6,8,0,0,0,0,21,5
530243,2,1,1995,0,0,30,0,0,0,0,0,0,0
530244,1,1,1995,0,0,0,0,0,0,0,0,0,0
530244,2,1,1995,0,0,0,0,0,0,0,0,0,0
530245,1,1,1995,20,20,20,20,20,20,20,20,20,20
530246,1,1,1995,16,16,16,16,16,16,16,16,16,16
530247,1,1,1995,0,0,0,0,0,0,0,0,0,0
530247,2,1,1995,21,0,0,0,0,0,0,0,0,0
530248,1,1,1995,0,0,0,0,0,0,0,0,0,0
530248,2,1,1995,0,0,0,0,0,0,0,0,0,0
530249,1,1,1995,0,0,0,0,0,0,0,0,0,0
530249,2,1,1995,0,0,0,0,0,0,0,0,0,0
530250,1,1,1995,13,33,0,0,0,21,0,13,0,0
530251,1,1,1995,15,15,15,15,15,15,15,15,15,15
530252,1,1,1995,0,0,0,0,0,0,0,0,0,11
530253,1,1,1995,1,1,1,1,1,1,1,1,1,1
530253,2,1,1995,0,0,0,0,0,0,0,0,0,0
530254,1,1,1995,7,7,7,7,7,7,7,7,7,7
530255,0,1,1995,0,0,0,0,0,0,0,0,0,0
530255,1,1,1995,13,0,0,18,11,0,26,35,11,31
530256,1,1,1995,0,0,0,0,0,0,0,0,0,0
530256,2,1,1995,0,0,0,0,0,0,0,0,0,0
530257,1,1,1995,0,0,0,0,0,0,0,0,0,0
530257,2,1,1995,0,0,0,0,0,0,0,0,0,0
530258,1,1,1995,0,0,0,0,0,0,0,0,0,0
530258,2,1,1995,0,0,0,0,0,0,0,0,0,0
530259,1,1,1995,0,0,0,0,0,0,0,0,17,0
530260,1,1,1995,0,0,0,0,0,0,0,0,0,0
530261,1,1,1995,18,18,18,18,18,18,18,18,18,18
530262,1,1,1995,0,21,29,0,11,0,10,0,16,0
530263,1,1,1995,16,16,16,16,16,16,16,16,16,16
530264,1,1,1995,0,0,0,0,0,0,0,0,0,0
530265,1,1,1995,0,0,0,0,0,0,0,0,0,0
530265,2,1,1995,0,0,0,0,0,0,0,0,0,0
530266,1,1,1995,18,18,18,18,18,18,18,18,18,18
530267,1,1,1995,16,16,16,16,16,16,16,16,16,16
530268,1,1,1995,0,0,0,0,0,0,0,0,0,0
530268,2,1,1995,0,0,0,0,0,0,0,0,0,0
530268,3,1,1995,0,0,0,0,0,0,0,0,0,0
530269,1,1,1995,28,28,28,28,28,28,28,28,28,28
530270,1,1,1995,0,0,0,0,13,0,0,0,0,0
530270,2,1,1995,4,4,4,4,4,4,4,4,4,4
530271,1,1,1995,0,0,0,0,0,0,0,0,0,0
530272,1,1,1995,0,0,0,0,0,0,0,0,0,0
530273,1,1,1995,0,0,0,0,0,0,0,0,0,0
530274,1,1,1995,0,0,0,0,0,0,0,0,0,0
530274,2,1,1995,0,0,0,0,0,0,0,0,0,0
530275,1,1,1995,0,0,0,0,0,0,0,0,0,0
530275,2,1,1995,0,0,0,0,0,0,0,0,0,0
530276,0,1,1995,0,0,0,0,0,0,0,0,0,0
530276,0,2,1995,0,3,0,15,0,0,0,0,0,0
530276,0,3,1995,13,0,23,12,0,0,6,15,12,7
530276,0,4,1995,0,0,0,27,0,0,0,0,0,0
530276,1,1,1995,21,21,21,21,21,21,21,21,21,21
530276,3,1,1995,0,0,0,0,0,0,0,0,0,0
530277,0,1,1995,23,23,23,23,23,23,23,23,23,23
530277,1,1,1995,16,8,4,11,8,0,0,11,10,7
530278,1,1,1995,0,0,0,0,0,0,0,0,0,0
530279,1,1,1995,22,26,16,15,0,28,25,11,20,21
530280,1,1,1995,0,0,0,0,0,0,0,0,0,0
530281,1,1,1995,0,0,0,0,0,0,0,0,0,0
530281,2,1,1995,0,0,0,0,0,0,0,0,0,0
530282,1,1,1995,22,22,22,22,22,22,22,22,22,22
530283,1,1,1995,15,15,15,15,15,15,15,15,15,15
530284,1,1,1995,13,13,13,13,13,13,13,13,13,13
530285,0,1,1995,3,3,3,3,3,3,3,3,3,3
530285,1,1,1995,0,0,0,0,0,0,0,0,0,0
530286,1,1,1995,2,2,2,2,2,2,2,2,2,2
530286,2,1,1995,9,0,0,0,0,23,0,0,0,0
530287,1,1,1995,0,0,0,0,0,0,0,0,0,0
530287,2,1,1995,0,16,0,0,0,0,0,0,0,11
530288,1,1,1995,23,23,23,23,23,23,23,23,23,23
530288,2,1,1995,0,0,0,0,0,0,0,0,0,0
530289,1,1,1995,0,0,0,0,0,0,0,0,0,0
530289,2,1,1995,0,0,0,0,0,0,0,0,0,0
530291,1,1,1995,0,0,0,0,0,0,0,0,0,0
530291,2,1,1995,0,0,15,0,0,0,0,0,0,0
530292,1,1,1995,0,0,0,0,0,0,0,0,0,0
530293,1,1,1995,0,0,0,0,0,0,0,0,0,0
530293,2,1,1995,0,0,0,0,0,0,0,0,0,0
530294,1,1,1995,0,0,0,0,0,0,0,0,0,0
530294,2,1,1995,0,0,0,0,0,0,0,0,0,0
530295,1,1,1995,0,0,0,0,0,0,0,0,0,0
530295,2,1,1995,21,21,21,21,21,21,21,21,21,21
530296,0,1,1995,0,0,8,0,0,0,32,33,6,31
530296,1,1,1995,0,0,0,0,0,0,0,13,0,0
530297,1,1,1995,0,0,0,0,0,0,0,0,0,0
530297,2,1,1995,0,0,0,0,0,0,0,0,0,0
530297,3,1,1995,0,0,0,0,0,0,0,0,0,0
530297,4,1,1995,0,0,0,0,0,0,0,0,0,0
530297,5,1,1995,0,0,0,0,0,0,0,0,0,0
530298,0,1,1995,0,0,0,0,0,0,0,0,0,0
530298,1,1,1995,6,0,6,0,31,0,5,4,4,22
530299,1,1,1995,9,9,9,9,9,9,9,9,9,9