ST_CASE,VEH_NO,PER_NO,YEAR,P1,P2,P3,P4,P5,P6,P7,P8,P9,P10
530300,1,1,1995,0,0,0,0,0,0,0,0,0,0
530301,1,1,1995,0,0,0,0,0,0,0,0,0,0
530301,2,1,1995,0,0,0,0,0,0,0,0,0,0
530302,1,1,1995,0,0,0,0,0,0,0,0,0,0
530303,1,1,1995,23,23,23,23,23,23,23,23,23,23
530304,1,1,1995,0,0,0,0,0,0,0,0,0,0
530305,1,1,1995,0,0,0,0,0,0,0,0,0,0
530306,1,1,1995,2,2,2,2,2,2,2,2,2,2
530307,1,1,1995,0,0,0,0,0,0,0,0,0,0
530308,1,1,1995,0,0,0,0,0,0,0,0,0,0
530308,2,1,1995,0,0,0,0,0,0,0,0,0,0
530309,1,1,1995,11,11,11,11,11,11,11,11,11,11
530310,1,1,1995,20,20,20,20,20,20,20,20,20,20
530311,1,1,1995,0,0,0,0,0,0,0,0,0,0
530311,2,1,1995,0,0,0,0,0,0,0,0,0,0
530312,1,1,1995,0,0,0,0,0,0,0,0,0,0
530312,2,1,1995,0,0,0,0,0,0,0,0,0,0
530313,1,1,1995,94,94,94,94,94,94,94,94,94,94
530314,0,1,1995,0,0,0,0,0,0,0,0,0,0
530314,1,1,1995,32,0,0,16,9,33,0,20,0,19
530315,1,1,1995,0,0,0,0,0,0,0,0,0,0
530316,1,1,1995,0,0,0,0,0,0,0,0,0,0
530316,2,1,1995,0,0,0,0,0,0,0,0,0,0
530317,1,1,1995,0,0,0,0,0,0,0,0,0,0
530317,2,1,1995,0,0,0,0,0,0,0,0,5,0
530318,1,1,1995,0,0,0,0,0,0,0,0,0,0
530318,2,1,1995,0,0,0,0,0,0,0,0,0,0
530319,0,1,1995,32,32,32,32,32,32,32,32,32,32
530319,0,2,1995,24,0,24,0,0,22,6,40,18,17
530319,1,1,1995,0,0,0,0,0,0,0,0,0,0
530320,1,1,1995,0,0,0,0,0,0,0,0,0,0
530320,2,1,1995,0,0,0,0,0,0,10,0,0,0
530321,1,1,1995,0,0,0,0,0,0,0,0,0,0
530322,1,1,1995,12,12,12,12,12,12,12,12,12,12
530323,1,1,1995,20,20,20,20,20,20,20,20,20,20
530324,1,1,1995,15,15,15,15,15,15,15,15,15,15
530324,2,1,1995,0,0,0,0,0,0,0,0,0,0
530326,1,1,1995,9,9,9,9,9,9,9,9,9,9
530326,2,1,1995,0,0,0,0,0,9,0,0,0,0
530327,1,1,1995,0,0,0,0,0,0,0,0,0,0
530328,1,1,1995,0,0,0,0,0,0,0,0,0,0
530329,1,1,1995,0,0,0,0,0,0,0,0,0,0
530330,1,1,1995,16,16,16,16,16,16,16,16,16,16
530330,2,1,1995,0,0,0,0,0,0,0,0,0,0
530331,1,1,1995,11,11,11,11,11,11,11,11,11,11
530332,1,1,1995,0,0,0,0,0,0,0,0,0,0
530333,1,1,1995,14,14,14,14,14,14,14,14,14,14
530334,1,1,1995,25,25,25,25,25,25,25,25,25,25
530335,0,1,1995,0,0,0,0,0,0,0,0,0,0
530335,0,2,1995,0,0,0,0,0,0,0,0,0,0
530335,0,3,1995,16,0,13,17,0,0,0,33,0,0
530335,0,4,1995,8,13,15,0,18,18,14,0,0,9
530335,0,5,1995,19,11,0,9,0,38,19,0,0,0
530335,1,1,1995,17,17,17,17,17,17,17,17,17,17
530336,1,1,1995,0,0,0,0,0,0,0,0,0,0
530337,1,1,1995,0,0,0,0,0,0,0,0,0,0
530337,2,1,1995,0,0,0,0,0,0,0,0,0,0
530338,1,1,1995,0,0,0,0,0,0,0,0,0,0
530339,1,1,1995,0,0,0,0,0,0,0,0,0,0
530340,1,1,1995,0,0,0,0,0,0,0,0,0,0
530340,2,1,1995,0,0,0,0,0,0,0,0,0,0
530341,1,1,1995,0,0,0,0,0,0,0,0,0,0
530341,2,1,1995,0,0,0,0,0,0,0,0,0,0
530342,1,1,1995,0,0,0,0,0,0,0,0,0,0
530342,2,1,1995,0,0,0,0,0,0,0,0,0,0
530343,1,1,1995,13,8,13,15,15,11,19,17,14,5
530344,1,1,1995,0,0,0,0,0,0,0,0,0,0
530345,1,1,1995,0,0,0,0,0,0,0,0,0,0
530346,1,1,1995,0,0,0,0,0,0,0,0,0,0
530346,2,1,1995,0,0,0,0,0,0,0,0,0,0
530347,1,1,1995,0,0,0,0,0,0,0,0,0,0
530348,1,1,1995,21,21,21,21,21,21,21,21,21,21
530349,1,1,1995,0,0,0,0,0,0,0,0,0,0
530349,2,1,1995,0,0,0,0,0,0,0,0,0,0
530350,1,1,1995,14,14,14,14,14,14,14,14,14,14
530351,1,1,1995,23,23,23,23,23,23,23,23,23,23
530352,1,1,1995,20,20,20,20,20,20,20,20,20,20
530354,1,1,1995,0,0,0,0,0,0,0,0,0,0
530355,1,1,1995,17,17,17,17,17,17,17,17,17,17
530356,1,1,1995,7,7,7,7,7,7,7,7,7,7
530356,2,1,1995,0,0,0,0,0,0,0,0,0,0
530357,1,1,1995,14,14,14,14,14,14,14,14,14,14
530358,1,1,1995,13,13,13,13,13,13,13,13,13,13
530359,1,1,1995,0,0,0,0,0,0,0,0,0,0
530359,2,1,1995,0,0,0,0,0,0,0,0,16,0
530360,1,1,1995,15,15,15,15,15,15,15,15,15,15
530361,1,1,1995,24,24,24,24,24,24,24,24,24,24
530362,1,1,1995,0,0,0,0,0,0,0,0,0,0
530362,2,1,1995,0,0,0,0,0,0,0,0,0,0
530363,1,1,1995,8,8,8,8,8,8,8,8,8,8
530364,1,1,1995,0,0,0,0,0,0,0,0,0,0
530364,2,1,1995,0,0,0,0,0,0,0,0,0,0
530366,1,1,1995,12,12,12,12,12,12,12,12,12,12
530367,1,1,1995,0,0,0,0,0,0,0,0,0,0
530368,1,1,1995,0,0,22,12,0,0,0,13,0,0
530368,2,1,1995,0,0,0,0,0,0,0,0,0,0
530369,1,1,1995,6,6,6,6,6,6,6,6,6,6
530369,2,1,1995,0,0,0,0,0,0,0,0,0,0
530370,1,1,1995,23,23,23,23,23,23,23,23,23,23
530371,1,1,1995,0,0,0,0,0,0,0,0,0,0
530371,2,1,1995,0,0,0,0,0,0,0,0,0,0
530371,3,1,1995,3,0,0,0,0,0,0,0,0,0
530371,4,1,1995,0,0,0,0,0,0,0,0,0,0
530372,1,1,1995,0,0,0,0,0,0,0,0,0,0
530372,2,1,1995,0,0,0,0,0,0,0,0,0,0
530374,1,1,1995,22,22,22,22,22,22,22,22,22,22
530374,2,1,1995,23,0,16,10,0,0,0,0,0,10
530375,1,1,1995,0,0,0,0,0,0,0,0,0,0
530375,2,1,1995,0,0,0,0,0,0,0,0,0,0
530375,3,1,1995,0,0,0,0,0,0,0,0,0,0
530375,4,1,1995,0,0,0,0,0,0,0,0,0,0
530375,5,1,1995,0,0,0,0,0,0,0,0,0,0
530376,1,1,1995,0,0,0,0,0,0,0,0,0,0
530376,2,1,1995,14,0,0,0,0,0,0,6,0,0
530377,1,1,1995,0,0,0,0,0,0,0,0,0,0
530377,2,1,1995,0,0,0,0,0,0,0,0,0,0
530378,1,1,1995,0,0,0,0,0,0,0,0,0,0
530379,1,1,1995,13,13,13,13,13,13,13,13,13,13
530380,1,1,1995,0,0,0,0,0,0,0,0,0,0
530382,1,1,1995,14,14,14,14,14,14,14,14,14,14
530383,0,1,1995,0,0,0,0,0,0,0,0,0,0
530383,1,1,1995,0,0,0,0,0,0,0,0,0,0
530384,0,1,1995,0,23,14,0,0,11,0,0,0,0
530384,1,1,1995,0,0,0,0,0,0,0,0,0,0
530385,0,1,1995,0,0,0,0,0,0,0,0,0,0
530385,1,1,1995,0,0,0,0,0,0,0,0,0,0
530386,1,1,1995,0,0,0,0,0,0,0,0,0,0
530386,2,1,1995,0,0,0,0,0,0,0,0,0,0
530386,3,1,1995,0,0,0,0,0,0,0,0,0,0
530386,4,1,1995,0,0,0,0,0,0,0,0,0,0
530386,5,1,1995,0,0,0,0,0,0,0,0,0,0
530387,0,1,1995,0,0,0,0,0,0,0,0,0,0
530387,1,1,1995,0,0,0,0,0,0,0,0,0,0
530388,0,1,1995,0,0,0,0,0,0,0,0,0,0
530388,1,1,1995,0,0,0,0,0,0,0,0,0,0
530389,1,1,1995,26,26,26,26,26,26,26,26,26,26
530390,1,1,1995,0,0,0,0,0,0,0,0,0,0
530390,2,1,1995,0,0,0,0,0,0,0,0,0,0
530391,0,1,1995,0,0,0,0,0,0,0,0,0,0
530391,1,1,1995,0,0,0,0,0,0,0,0,0,0
530392,0,1,1995,17,17,17,17,17,17,17,17,17,17
530392,1,1,1995,0,0,0,0,0,0,0,0,0,0
530393,1,1,1995,0,24,17,0,16,17,17,0,18,25
530393,2,1,1995,0,0,0,0,0,0,0,0,0,0
530394,1,1,1995,0,0,0,0,0,0,0,0,0,9
530395,1,1,1995,20,20,20,20,20,20,20,20,20,20
530396,0,2,1995,0,0,0,0,0,0,0,0,0,0
530396,0,3,1995,0,0,0,0,0,0,0,0,0,0
530396,0,4,1995,0,0,0,0,0,0,0,0,0,0
530396,1,1,1995,0,0,0,0,0,0,0,0,0,0
530397,1,1,1995,23,23,23,23,23,23,23,23,23,23
530398,1,1,1995,0,0,0,0,0,0,0,0,0,0
530398,2,1,1995,0,0,0,0,0,0,0,0,0,0
530399,1,1,1995,0,0,0,0,0,0,0,0,0,0
530399,2,1,1995,0,0,0,0,0,0,0,0,0,0
530399,3,1,1995,0,0,0,0,0,0,0,0,0,0
530400,1,1,1995,14,14,14,14,14,14,14,14,14,14
530401,1,1,1995,0,0,0,0,0,0,0,0,0,0
530402,1,1,1995,0,0,0,0,0,0,0,0,0,0
530402,2,1,1995,0,0,0,0,0,0,0,0,0,0
530403,0,1,1995,23,23,23,23,23,23,23,23,23,23
530403,1,1,1995,0,0,0,0,0,0,0,0,0,0
530404,1,1,1995,0,0,0,0,0,0,0,0,0,0
530404,2,1,1995,0,0,0,0,0,0,0,0,0,0
530405,1,1,1995,20,20,20,20,20,20,20,20,20,20
530406,1,1,1995,0,0,0,0,0,0,0,0,0,0
530406,2,1,1995,0,0,0,0,0,0,4,0,0,0
530407,1,1,1995,0,0,0,0,0,19,0,0,0,0
530407,2,1,1995,0,0,0,0,0,0,0,0,0,0
530408,1,1,1995,1,1,1,1,1,1,1,1,1,1
530409,1,1,1995,23,23,23,23,23,23,23,23,23,23
530410,1,1,1995,17,17,17,17,17,17,17,17,17,17
530411,1,1,1995,3,3,3,3,3,3,3,3,3,3
530411,2,1,1995,0,0,0,0,0,0,0,0,0,0
530412,0,1,1995,0,0,0,0,0,0,0,0,0,0
530412,1,1,1995,22,0,0,0,0,0,0,0,0,0
530413,1,1,1995,15,15,15,15,15,15,15,15,15,15
530413,2,1,1995,18,18,18,18,18,18,18,18,18,18
530413,3,1,1995,0,0,0,0,0,0,16,0,0,0
530414,0,1,1995,29,29,29,29,29,29,29,29,29,29
530414,1,1,1995,0,9,0,0,12,0,0,0,0,0
530415,1,1,1995,0,0,0,0,0,0,0,0,0,0
530416,1,1,1995,26,26,26,26,26,26,26,26,26,26
530417,1,1,1995,8,8,8,8,8,8,8,8,8,8
530418,1,1,1995,26,26,26,26,26,26,26,26,26,26
530419,0,1,1995,4,4,4,4,4,4,4,4,4,4
530419,1,1,1995,0,0,0,0,0,0,0,0,0,0
530420,0,1,1995,0,0,0,0,0,0,0,0,0,0
530420,1,1,1995,0,0,0,0,0,0,0,0,0,0
530421,1,1,1995,0,0,0,0,0,0,0,0,0,0
530421,2,1,1995,0,0,0,0,0,0,0,0,0,0
530422,0,1,1995,0,0,0,0,0,0,0,0,0,0
530422,1,1,1995,0,0,0,0,0,0,0,0,0,0
530423,1,1,1995,15,15,15,15,15,15,15,15,15,15
530424,1,1,1995,0,0,0,0,0,0,0,0,0,0
530425,1,1,1995,0,0,0,0,0,0,0,0,16,0
530426,1,1,1995,0,0,0,0,0,0,0,0,0,0
530426,2,1,1995,0,0,0,0,0,0,0,0,0,0
530427,0,1,1995,14,21,0,13,20,16,32,20,22,11
530427,1,1,1995,14,7,21,0,14,19,24,0,0,7
530428,1,1,1995,4,4,4,4,4,4,4,4,4,4
530429,1,1,1995,8,8,8,8,8,8,8,8,8,8
530430,1,1,1995,0,0,0,0,0,0,0,0,0,0
530430,2,1,1995,0,0,0,0,0,0,0,0,0,0
530430,3,1,1995,0,0,0,0,0,0,0,0,0,0
530431,1,1,1995,0,0,0,0,0,0,0,0,0,0
530432,1,1,1995,0,0,0,0,0,0,0,0,0,0
530433,0,1,1995,0,0,0,0,0,0,0,0,0,0
530433,1,1,1995,0,0,0,0,0,0,0,0,0,0
530434,1,1,1995,9,9,9,9,9,9,9,9,9,9
530435,1,1,1995,7,7,7,7,7,7,7,7,7,7
530435,2,1,1995,0,0,0,0,0,0,0,0,0,0
530436,1,1,1995,28,28,28,28,28,28,28,28,28,28
530437,1,1,1995,16,11,23,9,11,25,5,5,27,11
530438,1,1,1995,0,0,0,0,0,0,0,0,0,0
530438,2,1,1995,0,0,0,0,0,0,0,0,0,0
530439,1,1,1995,8,8,8,8,8,8,8,8,8,8
530440,1,1,1995,0,0,0,7,0,0,0,0,0,0
530440,2,1,1995,0,0,0,0,0,0,0,0,0,0
530441,0,1,1995,0,0,0,0,0,0,0,0,0,0
530441,1,1,1995,0,0,0,0,0,0,0,0,0,0
530442,1,1,1995,23,23,23,23,23,23,23,23,23,23
530443,0,1,1995,0,0,0,0,0,0,0,0,0,0
530443,1,1,1995,0,0,0,0,0,0,0,29,0,12
530444,1,1,1995,21,21,21,21,21,21,21,21,21,21
530445,1,1,1995,4,4,4,4,4,4,4,4,4,4
530446,0,1,1995,0,0,0,0,0,0,0,0,0,0
530446,1,1,1995,0,0,0,0,0,0,0,0,0,0
530447,1,1,1995,25,14,21,15,10,5,16,8,0,8
530447,2,1,1995,0,0,0,0,0,0,0,0,0,0
530448,1,1,1995,0,0,0,0,0,0,0,0,0,0
530448,2,1,1995,0,15,0,0,0,0,0,0,0,0
530449,1,1,1995,0,0,0,0,0,0,0,0,0,0
530449,2,1,1995,0,0,0,0,0,0,0,0,0,24
530450,1,1,1995,23,23,23,23,23,23,23,23,23,23
530450,2,1,1995,13,13,13,13,13,13,13,13,13,13
530451,1,1,1995,0,0,0,0,0,0,0,0,0,0
530451,2,1,1995,0,0,0,0,0,0,0,0,0,0
530452,1,1,1995,0,13,0,0,0,0,0,0,0,0
530453,1,1,1995,0,0,0,0,0,0,0,0,0,0
530453,2,1,1995,10,10,10,10,10,10,10,10,10,10
530454,1,1,1995,21,21,21,21,21,21,21,21,21,21
530455,1,1,1995,0,0,0,0,0,0,0,0,0,0
530456,1,1,1995,18,18,18,18,18,18,18,18,18,18
530456,2,1,1995,0,0,0,0,0,0,0,0,0,0
530457,1,1,1995,0,0,0,0,0,0,0,0,0,0
530457,2,1,1995,0,0,0,0,0,0,0,0,0,0
530458,1,1,1995,17,17,17,17,17,17,17,17,17,17
530459,1,1,1995,0,0,0,0,0,0,0,0,0,0
530460,1,1,1995,0,0,0,0,0,0,0,16,0,0
530460,2,1,1995,0,0,0,0,0,0,0,0,0,0
530461,0,1,1995,17,17,17,17,17,17,17,17,17,17
530461,1,1,1995,13,13,13,13,13,13,13,13,13,13
530462,0,1,1995,0,0,0,0,0,0,0,0,0,0
530462,0,2,1995,0,0,0,0,0,0,0,0,0,0
530462,1,1,1995,0,0,0,0,0,0,0,0,0,0
530463,0,1,1995,0,0,0,0,0,0,0,0,0,0
530463,1,1,1995,0,0,0,0,0,0,0,0,0,0
530464,1,1,1995,20,20,20,20,20,20,20,20,20,20
530465,1,1,1995,0,0,0,0,0,0,0,0,0,0
530466,1,1,1995,0,0,0,0,0,9,0,0,0,0
530466,2,1,1995,0,0,0,0,0,11,0,0,0,0
530467,1,1,1995,11,11,11,11,11,11,11,11,11,11
530469,1,1,1995,17,17,17,17,17,17,17,17,17,17
530470,1,1,1995,20,20,20,20,20,20,20,20,20,20
530471,1,1,1995,0,0,0,0,0,0,0,0,0,0
530471,2,1,1995,0,0,0,17,0,0,0,0,0,21
530472,1,1,1995,0,0,0,0,0,0,0,0,0,0
530472,2,1,1995,0,0,0,0,0,0,0,0,0,0
530474,1,1,1995,0,0,0,0,0,0,0,0,0,0
530474,2,1,1995,0,0,0,0,0,0,0,0,0,0
530474,3,1,1995,0,0,0,0,0,0,0,0,0,0
530475,1,1,1995,3,3,3,3,3,3,3,3,3,3
530476,1,1,1995,13,13,13,13,13,13,13,13,13,13
530476,2,1,1995,0,0,0,0,0,0,0,0,0,0
530477,1,1,1995,0,0,0,0,0,0,0,0,0,0
530478,1,1,1995,0,0,0,0,0,0,0,0,0,0
530479,0,1,1995,26,26,26,26,26,26,26,26,26,26
530479,1,1,1995,0,0,0,0,0,0,0,0,0,0
530479,2,1,1995,0,0,0,0,0,0,0,0,0,0
530480,1,1,1995,0,0,0,0,0,0,0,0,0,0
530481,0,1,1995,21,21,21,21,21,21,21,21,21,21
530481,1,1,1995,0,0,0,0,0,0,0,0,0,0
530482,0,1,1995,10,10,10,10,10,10,10,10,10,10
530482,1,1,1995,0,0,0,0,0,0,0,0,0,0
530483,1,1,1995,0,0,0,0,0,0,0,0,0,0
530484,1,1,1995,12,12,12,12,12,12,12,12,12,12
530484,2,1,1995,12,10,11,0,0,0,13,11,19,0
530485,0,1,1995,14,14,14,14,14,14,14,14,14,14
530485,1,1,1995,0,0,0,0,0,0,0,0,0,0
530486,1,1,1995,0,0,0,0,0,0,0,0,0,0
530486,2,1,1995,0,0,0,0,0,0,0,0,0,0
530487,1,1,1995,0,0,0,0,0,0,0,0,0,0
530487,2,1,1995,0,0,0,0,0,0,0,0,0,0
530488,1,1,1995,0,0,0,0,0,0,0,0,0,0
530489,1,1,1995,14,14,14,14,14,14,14,14,14,14
530490,1,1,1995,0,0,0,0,0,0,0,0,0,0
530490,2,1,1995,0,0,0,0,0,0,0,0,0,0
530491,1,1,1995,24,24,24,24,24,24,24,24,24,24
530492,1,1,1995,2,2,2,2,2,2,2,2,2,2
530493,1,1,1995,22,22,22,22,22,22,22,22,22,22
530494,1,1,1995,12,12,12,12,12,12,12,12,12,12
530495,0,1,1995,11,11,11,11,11,11,11,11,11,11
530495,1,1,1995,0,0,0,0,0,0,0,0,0,0
530496,1,1,1995,0,0,0,0,0,0,0,0,0,0
530496,2,1,1995,0,0,0,0,0,0,0,0,0,0
530497,1,1,1995,0,0,0,0,0,0,0,0,0,0
530497,2,1,1995,0,0,0,0,0,0,0,0,0,0
530497,3,1,1995,0,0,0,0,0,0,0,0,0,0
530497,4,1,1995,0,0,0,0,0,0,0,0,0,0
530498,1,1,1995,0,0,0,0,0,0,0,0,0,0
530499,1,1,1995,13,13,13,13,13,13,13,13,13,13
530500,1,1,1995,0,0,0,0,0,0,0,0,14,2
530500,2,1,1995,0,0,0,0,0,0,0,0,0,0
530501,1,1,1995,0,0,24,0,0,0,11,12,23,0
530501,2,1,1995,3,3,3,3,3,3,3,3,3,3
530502,0,1,1995,4,4,4,4,4,4,4,4,4,4
530502,1,1,1995,0,0,0,0,0,0,0,0,0,0
530503,1,1,1995,17,17,17,17,17,17,17,17,17,17
530504,0,1,1995,0,0,0,0,0,0,0,0,0,0
530504,1,1,1995,0,0,0,0,0,0,0,0,0,0
530505,1,1,1995,19,19,19,19,19,19,19,19,19,19
530505,2,1,1995,14,14,14,14,14,14,14,14,14,14
530506,1,1,1995,0,0,0,0,0,0,0,0,0,0
530506,2,1,1995,0,0,0,0,0,0,0,0,32,0
530507,1,1,1995,0,0,0,0,0,0,0,0,0,0
530508,1,1,1995,0,0,0,0,0,0,0,0,0,0
530508,2,1,1995,0,0,0,0,0,0,0,0,0,5
530509,1,1,1995,0,0,0,0,0,0,0,0,0,0
530509,2,1,1995,0,0,0,0,0,0,0,0,0,0
530510,1,1,1995,0,0,0,0,0,0,0,0,0,0
530510,2,1,1995,0,0,0,0,0,0,0,0,0,0
530511,1,1,1995,0,0,0,0,0,0,0,0,0,0
530511,2,1,1995,0,0,0,0,0,0,0,0,11,0
530512,1,1,1995,12,12,12,12,12,12,12,12,12,12
530513,1,1,1995,0,0,0,0,0,0,0,0,0,0
530513,2,1,1995,0,0,0,0,0,0,0,0,0,0
530513,3,1,1995,0,0,0,0,0,0,0,0,0,0
530514,1,1,1995,0,0,0,0,0,0,0,0,0,0
530515,0,1,1995,19,19,19,19,19,19,19,19,19,19
530515,1,1,1995,0,13,0,0,0,0,0,0,0,0
530516,1,1,1995,0,0,0,0,0,0,0,0,0,0
530517,1,1,1995,12,12,12,12,12,12,12,12,12,12
530518,1,1,1995,0,0,0,0,0,0,0,0,0,0
530518,2,1,1995,0,0,0,0,0,0,0,0,0,0
530519,1,1,1995,0,0,0,0,0,0,0,0,0,10
530519,2,1,1995,0,0,0,0,0,18,0,0,0,0
530520,1,1,1995,22,22,22,22,22,22,22,22,22,22
530520,2,1,1995,0,0,0,0,0,0,0,0,0,0
530521,0,1,1995,34,34,34,34,34,34,34,34,34,34
530521,1,1,1995,0,0,0,0,0,0,0,0,0,0
530522,1,1,1995,24,24,24,24,24,24,24,24,24,24
530523,1,1,1995,0,0,0,0,0,0,0,0,0,0
530523,2,1,1995,0,0,0,0,0,0,0,0,0,0
530524,1,1,1995,11,11,11,11,11,11,11,11,11,11
530524,2,1,1995,0,0,18,9,0,0,0,0,0,0
530524,3,1,1995,0,0,0,0,0,0,0,0,27,0
530524,4,1,1995,0,0,0,0,0,0,0,0,0,0
530525,1,1,1995,10,12,6,7,7,2,18,0,19,2
530526,0,1,1995,0,0,0,0,0,0,0,0,0,0
530526,1,1,1995,0,13,9,0,35,0,0,29,26,0
530527,0,1,1995,23,0,0,11,0,13,14,7,0,11
530527,0,2,1995,0,0,0,6,0,0,0,0,0,7
530527,1,1,1995,0,0,0,0,0,0,0,0,0,0
530528,1,1,1995,19,19,19,19,19,19,19,19,19,19
530529,1,1,1995,21,21,21,21,21,21,21,21,21,21
530529,2,1,1995,4,4,4,4,4,4,4,4,4,4
530530,1,1,1995,0,0,0,0,0,0,0,0,0,0
530530,2,1,1995,0,0,0,0,0,0,0,0,0,0
530531,1,1,1995,12,12,12,12,12,12,12,12,12,12
530532,1,1,1995,19,19,19,19,19,19,19,19,19,19
530533,1,1,1995,0,0,0,0,0,0,0,0,0,0
530533,2,1,1995,0,0,0,0,0,0,0,0,0,0
530534,1,1,1995,0,0,0,0,0,0,0,0,0,0
530534,2,1,1995,0,0,0,0,0,0,0,0,0,0
530535,0,1,1995,23,23,23,23,23,23,23,23,23,23
530535,1,1,1995,10,10,10,10,10,10,10,10,10,10
530536,1,1,1995,0,0,0,0,0,0,0,0,0,0
530536,2,1,1995,0,0,0,0,0,0,0,0,0,0
530537,0,1,1995,0,0,0,0,0,0,0,0,0,0
530537,1,1,1995,0,14,9,23,23,0,19,10,11,0
530538,1,1,1995,0,0,0,0,0,0,0,0,0,0
530538,2,1,1995,0,0,0,0,0,0,0,0,0,0
530538,3,1,1995,0,0,0,0,0,0,0,0,0,0
530539,1,1,1995,0,0,0,0,0,0,0,0,0,0
530540,1,1,1995,27,27,27,27,27,27,27,27,27,27
530541,1,1,1995,0,0,0,0,0,0,0,0,0,0
530542,1,1,1995,0,0,0,0,0,0,0,0,0,0
530542,2,1,1995,0,0,0,0,0,0,0,0,0,0
530543,1,1,1995,0,0,0,0,0,0,0,0,0,0
530545,1,1,1995,0,0,0,0,0,0,0,0,0,0
530545,2,1,1995,0,0,9,0,0,0,0,0,0,0
530546,1,1,1995,0,0,0,0,0,0,0,0,0,0
530546,2,1,1995,0,0,0,0,0,0,0,0,0,0
530547,1,1,1995,20,20,20,20,20,20,20,20,20,20
530548,1,1,1995,0,0,0,0,0,0,0,0,0,0
530549,1,1,1995,13,13,13,13,13,13,13,13,13,13
530550,0,1,1995,0,0,0,0,0,0,0,0,0,0
530550,1,1,1995,0,0,0,0,0,0,0,0,0,0
530551,1,1,1995,0,0,0,0,0,0,0,0,0,0
530551,2,1,1995,0,0,20,0,0,0,0,0,0,0
530552,1,1,1995,0,0,0,0,0,0,0,0,0,0
530552,2,1,1995,0,0,0,0,0,0,0,0,0,0
530552,3,1,1995,0,0,0,0,0,0,0,0,0,0
530552,4,1,1995,0,0,0,0,0,0,0,0,0,0
530552,5,1,1995,0,0,0,0,0,0,0,0,0,0
530552,6,1,1995,0,0,0,0,0,0,0,0,0,0
530553,1,1,1995,24,24,24,24,24,24,24,24,24,24
530554,1,1,1995,0,0,0,0,0,0,8,0,0,0
530555,1,1,1995,0,0,0,0,0,0,0,0,0,0
530555,2,1,1995,0,0,0,0,0,0,0,0,0,0
530556,1,1,1995,0,0,0,0,0,0,0,0,0,0
530557,0,1,1995,0,0,0,0,0,0,0,0,0,0
530557,1,1,1995,0,0,0,0,0,0,0,0,0,0
530558,1,1,1995,0,0,0,0,0,0,0,0,0,0
530558,2,1,1995,0,0,0,0,0,0,0,0,0,0
530559,1,1,1995,0,6,0,9,31,0,9,22,0,10
530559,2,1,1995,0,0,0,0,0,0,0,0,0,0
530560,0,1,1995,5,5,5,5,5,5,5,5,5,5
530560,1,1,1995,0,0,0,0,0,0,0,0,0,0
530561,1,1,1995,0,0,0,0,0,0,0,0,0,0
530562,0,1,1995,0,0,0,0,0,0,0,0,0,0
530562,1,1,1995,22,15,0,21,10,19,15,18,5,26
530563,1,1,1995,0,0,12,0,22,0,18,27,11,0
530563,2,1,1995,0,0,0,0,24,0,22,0,18,11
530564,1,1,1995,0,0,0,0,0,0,0,0,0,0
530565,1,1,1995,5,30,0,6,13,5,11,0,20,6
530565,2,1,1995,10,10,10,10,10,10,10,10,10,10
530566,1,1,1995,0,0,0,0,0,0,0,0,0,0
530567,0,1,1995,35,35,35,35,35,35,35,35,35,35
530567,1,1,1995,0,0,0,0,0,0,0,0,0,0
530568,0,1,1995,13,13,13,13,13,13,13,13,13,13
530568,1,1,1995,0,0,13,0,0,11,0,0,14,0
530569,1,1,1995,28,11,13,0,14,21,32,0,16,22
530570,0,1,1995,0,0,0,0,0,0,0,0,0,0
530570,2,1,1995,0,0,0,0,0,0,0,0,0,0
530570,3,1,1995,0,0,0,0,0,0,0,0,0,0
530570,4,1,1995,0,0,0,0,0,0,0,0,0,0
530571,0,1,1995,22,19,22,25,40,23,20,9,40,19
530571,1,1,1995,0,0,0,21,0,0,0,0,0,0
530572,1,1,1995,27,27,27,27,27,27,27,27,27,27
530572,2,1,1995,0,0,0,0,0,0,0,0,0,0
530573,0,1,1995,0,0,0,0,0,0,0,0,0,0
530573,1,1,1995,0,23,0,0,0,0,0,0,0,0
530574,1,1,1995,14,14,18,0,0,0,39,20,31,0
530575,1,1,1995,0,0,0,0,0,0,0,0,0,0
530575,2,1,1995,0,0,10,0,9,0,0,7,0,0
530576,1,1,1995,12,12,12,12,12,12,12,12,12,12
530577,1,1,1995,23,23,23,23,23,23,23,23,23,23
530578,1,1,1995,0,0,0,0,0,0,0,0,0,0
530578,2,1,1995,0,0,0,0,0,0,0,0,0,0
530578,3,1,1995,0,0,0,0,0,0,0,0,0,0
530579,1,1,1995,13,13,13,13,13,13,13,13,13,13
530580,0,1,1995,0,0,0,0,0,0,0,0,0,0
530580,1,1,1995,0,0,0,29,0,0,10,0,0,0
530580,2,1,1995,0,0,0,0,0,0,0,0,0,0