ST_CASE,VEH_NO,PER_NO,YEAR,P1,P2,P3,P4,P5,P6,P7,P8,P9,P10
530581,1,1,1995,15,15,15,15,15,15,15,15,15,15
530582,1,1,1995,0,0,0,0,0,0,0,0,0,0
530582,2,1,1995,0,0,0,0,0,0,0,0,0,0
530584,1,1,1995,9,9,9,9,9,9,9,9,9,9
530585,0,1,1995,33,33,33,33,33,33,33,33,33,33
530585,1,1,1995,0,0,0,0,0,0,0,0,0,6
530586,1,1,1995,13,14,16,18,23,23,30,0,14,13
530586,2,1,1995,0,0,0,0,0,0,0,0,0,0
530587,1,1,1995,0,0,0,0,0,0,0,0,0,0
530587,2,1,1995,0,0,0,0,0,0,0,0,0,0
530588,0,1,1995,26,27,30,16,20,23,25,25,18,19
530588,1,1,1995,0,0,0,0,0,0,0,0,0,0
530589,1,1,1995,0,0,0,0,0,0,0,0,0,0
530589,2,1,1995,0,0,0,17,0,0,0,0,0,0
530590,1,1,1995,0,0,0,0,0,0,0,0,0,0
530590,2,1,1995,0,0,0,0,0,0,0,0,0,0
530590,3,1,1995,0,0,0,0,0,0,0,0,0,0
530591,0,1,1995,0,0,0,0,0,0,0,0,0,0
530591,1,1,1995,0,0,0,0,0,0,0,0,0,0
530592,1,1,1995,0,5,9,0,0,7,10,4,27,0
540001,1,1,1995,12,12,12,12,12,12,12,12,12,12
540002,1,1,1995,18,18,18,18,18,18,18,18,18,18
540003,1,1,1995,0,0,0,0,0,0,0,0,0,0
540003,2,1,1995,0,0,0,0,0,0,0,0,0,0
540004,1,1,1995,0,0,0,0,0,0,0,0,0,0
540005,1,1,1995,0,0,0,0,0,0,0,0,0,0
540005,2,1,1995,0,0,0,0,0,0,0,0,0,0
540005,3,1,1995,0,0,0,0,0,0,0,15,0,0
540006,1,1,1995,0,0,0,0,0,0,0,0,0,0
540006,2,1,1995,0,0,0,0,0,0,0,0,0,0
540007,1,1,1995,0,0,0,0,0,0,0,0,0,0
540008,1,1,1995,0,0,0,0,0,0,0,0,0,0
540008,2,1,1995,0,0,0,0,0,0,0,0,0,0
540009,1,1,1995,0,0,0,0,0,0,0,0,0,0
540010,1,1,1995,0,0,0,0,0,0,0,0,0,0
540010,2,1,1995,0,0,0,0,0,0,0,0,0,0
540011,1,1,1995,0,0,0,0,0,0,0,0,0,0
540011,2,1,1995,26,26,26,26,26,26,26,26,26,26
540012,1,1,1995,23,23,23,23,23,23,23,23,23,23
540013,0,1,1995,0,0,0,0,0,0,0,0,0,0
540013,1,1,1995,0,0,0,0,0,0,0,0,0,11
540014,0,1,1995,0,0,0,0,0,0,0,0,0,0
540014,1,1,1995,19,0,0,0,0,0,0,0,0,0
540015,1,1,1995,8,8,8,8,8,8,8,8,8,8
540016,1,1,1995,0,0,0,0,0,0,0,0,0,0
540017,1,1,1995,0,0,0,0,0,0,0,0,0,0
540017,2,1,1995,0,0,0,0,0,0,0,0,0,0
540018,1,1,1995,0,0,0,0,0,0,0,0,0,0
540018,2,1,1995,0,0,0,0,0,0,0,0,0,0
540019,1,1,1995,0,0,0,0,0,0,0,0,0,0
540019,2,1,1995,0,0,0,0,0,0,0,0,0,0
540020,1,1,1995,0,0,0,0,0,0,0,0,0,0
540020,2,1,1995,0,0,0,0,0,0,0,0,0,0
540021,1,1,1995,16,16,16,16,16,16,16,16,16,16
540022,0,1,1995,14,14,14,14,14,14,14,14,14,14
540022,1,1,1995,0,0,0,0,0,0,0,0,0,0
540023,0,1,1995,0,0,0,0,0,0,0,0,0,0
540023,1,1,1995,0,0,0,0,0,0,0,0,0,0
540024,1,1,1995,22,22,22,22,22,22,22,22,22,22
540024,2,1,1995,0,0,0,0,0,0,0,0,0,0
540025,1,1,1995,0,0,0,0,0,0,0,0,0,0
540026,1,1,1995,0,0,0,0,0,0,0,0,0,0
540027,1,1,1995,0,0,0,0,0,0,0,0,0,0
540027,2,1,1995,0,0,0,0,0,0,27,0,0,0
540028,1,1,1995,0,0,0,0,0,0,0,0,0,0
540028,2,1,1995,0,0,0,0,0,0,0,0,0,0
540028,3,1,1995,0,0,0,0,0,0,0,0,0,0
540028,4,1,1995,0,0,0,0,0,0,0,0,0,0
540029,1,1,1995,7,7,7,7,7,7,7,7,7,7
540030,1,1,1995,0,0,0,0,0,0,2,0,0,0
540030,2,1,1995,0,0,0,0,0,0,0,0,0,0
540031,1,1,1995,0,0,0,0,0,0,0,0,0,0
540031,2,1,1995,23,23,23,23,23,23,23,23,23,23
540032,1,1,1995,0,3,0,0,0,0,0,0,0,0
540033,1,1,1995,17,17,17,17,17,17,17,17,17,17
540034,1,1,1995,0,0,0,0,0,0,0,0,0,0
540035,1,1,1995,0,0,0,0,0,0,0,0,0,0
540036,1,1,1995,0,0,0,0,0,0,0,0,0,0
540037,1,1,1995,28,28,28,28,28,28,28,28,28,28
540038,1,1,1995,10,10,10,10,10,10,10,10,10,10
540039,1,1,1995,15,15,15,15,15,15,15,15,15,15
540040,1,1,1995,6,6,6,6,6,6,6,6,6,6
540041,1,1,1995,0,0,0,0,0,0,0,0,0,0
540041,2,1,1995,0,0,0,0,0,0,0,0,0,0
540042,1,1,1995,16,16,16,16,16,16,16,16,16,16
540043,0,1,1995,0,0,0,0,0,0,0,0,0,0
540043,1,1,1995,0,0,0,0,0,0,0,0,0,0
540044,1,1,1995,0,0,0,0,0,0,0,0,0,0
540044,2,1,1995,0,0,0,0,0,0,0,0,0,0
540045,1,1,1995,13,13,13,13,13,13,13,13,13,13
540045,2,1,1995,0,0,0,0,0,0,0,0,0,0
540045,3,1,1995,0,0,0,0,0,0,0,0,0,0
540046,0,1,1995,0,0,0,0,0,0,0,0,0,0
540046,1,1,1995,0,0,25,12,10,0,0,0,0,13
540047,1,1,1995,0,0,0,0,0,0,0,0,0,0
540047,2,1,1995,0,0,0,0,0,0,0,0,0,0
540048,1,1,1995,16,16,16,16,16,16,16,16,16,16
540049,1,1,1995,27,27,27,27,27,27,27,27,27,27
540049,2,1,1995,0,0,0,0,0,0,0,0,0,0
540050,1,1,1995,20,20,20,20,20,20,20,20,20,20
540051,1,1,1995,0,0,0,0,0,0,0,0,0,0
540051,2,1,1995,0,0,0,0,0,0,0,0,0,0
540052,1,1,1995,0,0,0,8,0,0,0,0,0,0
540052,2,1,1995,20,20,20,20,20,20,20,20,20,20
540053,1,1,1995,0,0,0,0,0,0,0,0,0,0
540053,2,1,1995,0,0,0,0,0,0,0,0,0,0
540054,1,1,1995,11,11,11,11,11,11,11,11,11,11
540055,1,1,1995,7,7,7,7,7,7,7,7,7,7
540056,1,1,1995,0,0,0,0,0,0,0,0,0,0
540056,2,1,1995,0,0,0,0,0,0,0,0,0,0
540057,1,1,1995,21,21,21,21,21,21,21,21,21,21
540058,1,1,1995,0,0,0,0,0,0,0,0,0,0
540059,1,1,1995,15,6,29,11,15,24,16,19,0,32
540060,1,1,1995,0,0,0,0,0,0,0,0,0,0
540060,2,1,1995,0,0,0,0,0,0,0,0,0,0
540061,1,1,1995,0,0,0,0,0,0,19,0,0,19
540061,2,1,1995,0,0,0,0,0,0,0,16,0,0
540062,1,1,1995,21,12,19,20,22,17,17,21,11,10
540063,1,1,1995,0,0,0,0,0,0,0,0,0,0
540064,1,1,1995,0,0,0,0,0,0,0,0,0,0
540064,2,1,1995,18,0,0,0,0,15,0,0,16,0
540065,1,1,1995,0,0,0,0,0,0,0,0,0,0
540065,2,1,1995,0,0,0,0,0,0,0,0,0,0
540065,3,1,1995,0,0,0,0,0,0,0,0,0,0
540066,1,1,1995,18,18,18,18,18,18,18,18,18,18
540067,1,1,1995,0,0,0,0,0,0,0,0,0,0
540067,2,1,1995,0,0,0,0,0,0,0,0,0,0
540068,1,1,1995,0,0,0,0,0,0,0,0,0,0
540068,2,1,1995,21,21,21,21,21,21,21,21,21,21
540069,1,1,1995,0,0,0,0,0,0,0,0,0,0
540069,2,1,1995,0,0,0,0,0,0,0,0,0,0
540070,1,1,1995,23,23,23,23,23,23,23,23,23,23
540071,1,1,1995,0,0,0,0,0,0,0,0,0,0
540071,2,1,1995,31,31,31,31,31,31,31,31,31,31
540071,3,1,1995,0,0,0,0,0,0,0,0,0,0
540072,1,1,1995,0,0,0,0,0,0,0,0,0,0
540073,1,1,1995,0,0,0,0,0,0,0,0,0,0
540074,1,1,1995,28,28,28,28,28,28,28,28,28,28
540075,1,1,1995,16,16,16,16,16,16,16,16,16,16
540076,1,1,1995,0,0,0,0,0,0,0,0,0,0
540076,2,1,1995,0,0,0,0,0,0,0,0,0,0
540077,1,1,1995,17,17,17,17,17,17,17,17,17,17
540078,1,1,1995,0,0,0,0,0,0,0,0,0,0
540079,1,1,1995,0,0,0,0,0,0,0,0,0,0
540080,1,1,1995,19,19,19,19,19,19,19,19,19,19
540081,1,1,1995,0,0,0,0,0,0,0,0,0,0
540081,2,1,1995,34,34,34,34,34,34,34,34,34,34
540082,1,1,1995,0,0,0,0,0,0,0,0,0,0
540082,2,1,1995,0,0,0,0,0,0,0,0,0,0
540082,3,1,1995,0,0,0,0,0,0,0,0,0,0
540083,1,1,1995,0,0,0,0,0,0,0,0,0,0
540083,2,1,1995,0,0,0,0,0,0,0,0,0,0
540084,1,1,1995,9,9,9,9,9,9,9,9,9,9
540085,1,1,1995,0,0,0,0,0,0,0,0,0,0
540086,1,1,1995,21,21,21,21,21,21,21,21,21,21
540087,1,1,1995,0,0,0,0,0,0,0,0,0,0
540088,1,1,1995,0,0,0,0,0,0,0,0,0,0
540089,1,1,1995,16,16,16,16,16,16,16,16,16,16
540090,1,1,1995,25,23,12,0,23,26,33,22,7,25
540091,1,1,1995,4,4,4,4,4,4,4,4,4,4
540092,1,1,1995,10,0,0,0,0,0,0,0,15,0
540093,1,1,1995,22,22,22,22,22,22,22,22,22,22
540093,2,1,1995,0,0,0,0,0,0,0,0,0,0
540094,1,1,1995,0,0,0,0,0,0,0,0,0,0
540094,2,1,1995,0,0,0,0,0,0,0,0,0,0
540095,1,1,1995,26,26,26,26,26,26,26,26,26,26
540096,1,1,1995,0,0,0,0,0,0,17,0,0,0
540097,1,1,1995,0,0,0,0,0,0,0,0,0,0
540098,1,1,1995,22,22,22,22,22,22,22,22,22,22
540099,1,1,1995,26,26,26,26,26,26,26,26,26,26
540100,1,1,1995,0,0,0,0,0,0,0,0,0,0
540100,2,1,1995,0,0,0,0,0,0,0,0,0,0
540101,1,1,1995,16,0,0,0,0,0,0,0,0,0
540101,2,1,1995,0,0,0,0,0,0,0,0,0,0
540102,1,1,1995,0,0,0,0,0,0,0,0,0,0
540103,1,1,1995,0,23,34,0,21,27,0,0,28,28
540104,1,1,1995,0,0,0,0,0,0,0,0,0,0
540104,2,1,1995,0,0,0,0,0,0,0,0,0,6
540105,1,1,1995,0,24,6,0,0,0,0,0,0,13
540106,1,1,1995,0,0,0,0,0,0,0,0,0,0
540106,2,1,1995,0,0,0,0,0,0,0,0,0,0
540107,1,1,1995,0,0,0,0,0,0,0,0,0,0
540108,1,1,1995,21,21,21,21,21,21,21,21,21,21
540109,1,1,1995,0,0,0,0,0,0,0,0,0,0
540109,2,1,1995,0,0,0,0,0,0,0,0,0,0
540110,1,1,1995,15,15,15,15,15,15,15,15,15,15
540111,1,1,1995,0,0,0,0,0,0,0,0,0,0
540112,1,1,1995,0,0,0,0,0,0,0,0,0,0
540112,2,1,1995,11,0,0,0,0,0,0,0,0,0
540113,1,1,1995,0,0,0,0,0,0,0,0,0,0
540114,1,1,1995,0,0,0,0,0,0,0,0,0,0
540114,2,1,1995,0,0,0,0,0,0,0,11,0,0
540115,1,1,1995,0,0,0,0,0,0,0,0,0,0
540115,2,1,1995,0,0,0,0,0,0,0,0,0,0
540116,1,1,1995,0,0,0,0,0,0,0,0,0,0
540116,2,1,1995,0,0,0,0,0,0,0,0,0,0
540117,1,1,1995,0,0,0,0,0,0,0,4,0,0
540117,2,1,1995,24,24,24,24,24,24,24,24,24,24
540117,3,1,1995,0,0,0,0,0,0,0,0,0,0
540118,1,1,1995,0,0,0,0,0,0,0,0,0,0
540119,1,1,1995,12,12,12,12,12,12,12,12,12,12
540120,1,1,1995,0,0,0,0,0,0,0,0,0,0
540120,2,1,1995,13,0,0,0,0,0,0,0,0,0
540121,1,1,1995,10,10,10,10,10,10,10,10,10,10
540122,1,1,1995,10,10,10,10,10,10,10,10,10,10
540123,1,1,1995,18,25,0,3,4,16,19,11,0,6
540124,1,1,1995,0,0,0,0,0,0,0,0,0,0
540125,1,1,1995,14,14,14,14,14,14,14,14,14,14
540126,1,1,1995,0,0,0,0,0,0,0,0,0,0
540126,2,1,1995,0,0,0,0,0,0,0,0,0,0
540127,0,1,1995,0,0,0,0,0,0,0,0,0,0
540127,1,1,1995,0,0,0,0,0,0,0,0,0,0
540128,1,1,1995,0,0,0,0,0,0,0,0,0,0
540128,2,1,1995,15,15,15,15,15,15,15,15,15,15
540129,1,1,1995,0,0,0,0,0,0,0,0,0,0
540129,2,1,1995,0,0,0,0,0,0,0,0,0,0
540130,1,1,1995,0,0,0,0,0,0,0,0,0,0
540131,1,1,1995,0,0,0,0,0,0,0,0,0,0
540132,1,1,1995,0,0,0,0,0,0,0,0,0,0
540132,2,1,1995,0,0,0,0,0,0,0,0,0,0
540133,1,1,1995,34,34,34,34,34,34,34,34,34,34
540134,1,1,1995,0,0,0,0,0,0,0,0,0,0
540135,1,1,1995,0,0,0,0,0,0,0,0,0,0
540135,2,1,1995,0,0,0,0,0,0,0,0,0,0
540136,1,1,1995,18,18,18,18,18,18,18,18,18,18
540137,1,1,1995,14,14,14,14,14,14,14,14,14,14
540137,2,1,1995,0,0,0,0,0,0,0,0,0,0
540138,0,1,1995,30,30,30,30,30,30,30,30,30,30
540138,1,1,1995,0,0,0,0,0,0,0,0,0,0
540139,1,1,1995,0,0,0,0,0,0,0,0,0,0
540140,1,1,1995,6,6,6,6,6,6,6,6,6,6
540141,1,1,1995,0,0,0,0,0,0,0,0,0,0
540141,2,1,1995,0,0,0,0,0,0,0,0,0,0
540142,1,1,1995,0,0,0,0,0,0,0,0,0,0
540143,1,1,1995,0,0,0,0,0,0,0,0,0,0
540144,1,1,1995,0,0,0,0,0,0,0,0,0,0
540145,1,1,1995,7,7,7,7,7,7,7,7,7,7
540146,1,1,1995,9,9,9,9,9,9,9,9,9,9
540147,1,1,1995,0,0,0,0,0,0,0,0,0,0
540147,2,1,1995,0,0,0,0,0,0,0,0,0,0
540148,1,1,1995,11,11,11,11,11,11,11,11,11,11
540149,1,1,1995,29,29,29,29,29,29,29,29,29,29
540150,0,1,1995,15,15,15,15,15,15,15,15,15,15
540150,1,1,1995,0,26,0,0,0,0,0,0,0,0
540151,1,1,1995,0,0,0,0,0,0,0,0,0,0
540152,1,1,1995,6,6,6,6,6,6,6,6,6,6
540153,1,1,1995,17,17,17,17,17,17,17,17,17,17
540154,1,1,1995,0,0,0,0,0,0,0,0,0,13
540155,1,1,1995,0,0,0,0,0,0,0,0,0,0
540155,2,1,1995,0,0,0,0,0,0,0,0,0,0
540156,1,1,1995,13,13,13,13,13,13,13,13,13,13
540156,2,1,1995,16,16,16,16,16,16,16,16,16,16
540157,1,1,1995,0,0,0,0,0,0,0,0,0,0
540157,2,1,1995,0,0,0,0,0,0,0,0,0,0
540158,1,1,1995,0,0,0,0,0,0,0,0,0,0
540158,2,1,1995,0,0,0,0,0,0,0,0,0,0
540159,1,1,1995,0,0,0,0,0,0,0,0,0,0
540159,2,1,1995,0,0,0,0,0,0,0,0,0,0
540160,1,1,1995,1,1,1,1,1,1,1,1,1,1
540161,1,1,1995,0,0,0,0,0,0,0,0,0,0
540161,2,1,1995,0,0,0,0,0,0,0,0,0,0
540162,1,1,1995,0,0,0,0,0,0,0,0,0,0
540163,1,1,1995,0,0,0,0,0,0,0,0,0,0
540163,2,1,1995,0,0,0,0,0,0,0,0,0,0
540164,1,1,1995,25,25,25,25,25,25,25,25,25,25
540165,1,1,1995,5,5,5,5,5,5,5,5,5,5
540166,1,1,1995,0,0,0,0,0,0,0,0,0,0
540167,1,1,1995,0,0,0,0,0,0,0,0,0,0
540168,1,1,1995,0,0,0,0,0,0,0,0,0,0
540169,1,1,1995,0,0,0,0,0,0,0,0,0,0
540170,1,1,1995,13,13,13,13,13,13,13,13,13,13
540171,1,1,1995,16,16,16,16,16,16,16,16,16,16
540172,1,1,1995,21,0,13,0,0,0,0,0,0,0
540172,2,1,1995,0,0,0,0,0,0,0,0,0,0
540173,1,1,1995,23,23,23,23,23,23,23,23,23,23
540173,2,1,1995,0,0,0,0,0,0,0,0,0,0
540174,1,1,1995,23,23,23,23,23,23,23,23,23,23
540175,1,1,1995,23,23,23,23,23,23,23,23,23,23
540176,1,1,1995,14,14,14,14,14,14,14,14,14,14
540177,1,1,1995,11,11,11,11,11,11,11,11,11,11
540178,1,1,1995,42,42,42,42,42,42,42,42,42,42
540179,1,1,1995,0,0,0,0,0,0,0,0,0,0
540180,1,1,1995,0,0,0,0,0,0,0,0,0,0
540181,1,1,1995,0,0,0,0,15,0,0,19,15,0
540182,1,1,1995,0,0,0,0,0,0,0,0,0,0
540182,2,1,1995,0,0,0,0,0,0,0,0,0,0
540183,1,1,1995,27,27,27,27,27,27,27,27,27,27
540184,1,1,1995,0,0,0,0,0,0,0,0,0,0
540184,2,1,1995,0,0,0,0,0,0,0,0,0,0
540185,0,1,1995,0,0,0,0,0,0,0,0,0,0
540185,1,1,1995,0,0,0,0,0,0,0,0,0,0
540186,1,1,1995,23,23,23,23,23,23,23,23,23,23
540187,1,1,1995,25,25,25,25,25,25,25,25,25,25
540187,2,1,1995,11,11,11,11,11,11,11,11,11,11
540188,1,1,1995,0,0,0,0,0,0,0,0,0,0
540188,2,1,1995,0,0,0,0,0,0,0,0,0,0
540188,3,1,1995,0,0,0,0,0,0,0,0,0,0
540189,1,1,1995,0,0,0,0,18,0,0,0,0,0
540189,2,1,1995,0,0,0,0,22,0,0,0,0,0
540189,3,1,1995,0,0,0,0,0,0,0,0,0,0
540190,0,1,1995,0,0,0,0,0,0,0,0,0,0
540190,1,1,1995,0,0,0,0,0,0,0,0,0,0
540191,1,1,1995,0,0,0,0,0,0,0,0,0,0
540191,2,1,1995,0,0,0,0,0,17,0,0,0,35
540192,1,1,1995,29,29,29,29,29,29,29,29,29,29
540193,1,1,1995,24,24,24,24,24,24,24,24,24,24
540194,1,1,1995,17,17,17,17,17,17,17,17,17,17
540195,1,1,1995,1,1,1,1,1,1,1,1,1,1
540195,2,1,1995,0,0,0,0,0,0,18,0,0,0
540196,1,1,1995,13,0,0,0,0,0,0,0,0,0
540197,1,1,1995,0,0,0,0,0,0,0,0,0,0
540197,2,1,1995,0,0,0,0,0,0,0,0,0,0
540198,0,1,1995,20,20,20,20,20,20,20,20,20,20
540198,1,1,1995,14,21,0,10,0,0,9,0,0,0
540199,0,1,1995,31,31,31,31,31,31,31,31,31,31
540199,1,1,1995,0,0,0,0,0,0,0,0,0,0
540200,1,1,1995,0,0,0,0,0,0,0,0,0,0
540200,2,1,1995,0,0,0,0,0,0,0,0,0,0
540201,0,1,1995,0,0,0,0,29,0,0,0,0,0
540201,1,1,1995,0,0,0,0,0,0,0,0,0,0
540201,2,1,1995,0,0,0,0,0,0,0,0,0,0
540202,1,1,1995,22,9,7,10,17,16,21,10,12,0
540203,1,1,1995,8,8,8,8,8,8,8,8,8,8
540204,1,1,1995,9,9,9,9,9,9,9,9,9,9
540205,1,1,1995,0,0,0,0,0,0,0,0,0,0
540205,2,1,1995,0,12,0,0,0,0,0,0,0,0
540206,1,1,1995,0,0,0,0,0,0,0,0,0,0
540206,2,1,1995,0,0,0,0,0,0,0,0,0,0
540207,1,1,1995,0,0,0,0,0,0,0,0,0,0
540207,2,1,1995,0,0,0,0,0,0,0,0,0,0
540208,1,1,1995,0,11,0,0,0,0,0,0,0,0
540209,1,1,1995,0,0,0,0,0,0,0,0,0,0
540210,1,1,1995,0,0,0,0,0,0,0,0,0,0
540211,1,1,1995,0,0,0,0,0,0,0,0,0,0
540211,2,1,1995,21,21,21,21,21,21,21,21,21,21
540212,1,1,1995,21,21,21,21,21,21,21,21,21,21
540213,0,1,1995,20,20,20,20,20,20,20,20,20,20
540213,1,1,1995,0,0,0,0,0,0,0,0,0,0
540214,1,1,1995,0,0,0,0,0,0,0,0,0,0
540214,2,1,1995,23,23,23,23,23,23,23,23,23,23
540215,1,1,1995,0,0,0,0,0,0,0,0,0,0
540216,1,1,1995,17,17,17,17,17,17,17,17,17,17
540217,1,4,1995,22,15,0,28,6,19,11,36,0,0
540218,1,1,1995,0,0,0,0,0,0,0,0,0,0
540218,2,1,1995,0,0,0,0,0,0,0,0,0,0
540219,1,1,1995,0,0,0,0,0,0,0,0,0,0
540219,2,1,1995,0,0,0,0,0,0,0,0,0,0
540219,3,1,1995,0,0,0,0,0,0,0,0,0,0
540220,1,1,1995,0,0,0,0,0,0,0,0,0,0
540221,1,1,1995,0,0,0,0,0,0,0,0,0,0
540222,0,1,1995,18,18,18,18,18,18,18,18,18,18
540222,1,1,1995,0,0,0,0,0,0,0,0,0,0
540223,0,1,1995,18,18,18,18,18,18,18,18,18,18
540223,1,1,1995,0,0,0,0,0,0,0,0,0,0
540223,2,1,1995,2,0,11,5,0,0,0,0,0,0
540224,1,1,1995,0,0,0,0,0,0,0,0,0,0
540224,2,1,1995,0,0,0,0,0,0,0,0,0,0
540225,1,1,1995,0,0,0,0,0,0,0,0,0,0
540226,1,1,1995,0,0,0,0,0,0,0,0,0,0
540226,2,1,1995,0,0,0,0,0,0,0,0,0,0
540227,1,1,1995,0,0,0,0,0,0,0,0,0,0
540228,0,1,1995,0,0,0,0,0,0,0,0,0,0
540228,1,1,1995,7,7,7,7,7,7,7,7,7,7
540229,1,1,1995,0,0,0,0,0,0,0,0,0,0
540230,1,1,1995,15,15,15,15,15,15,15,15,15,15
540231,1,1,1995,0,0,0,0,0,0,0,0,0,0
540231,2,1,1995,23,23,23,23,23,23,23,23,23,23
540232,1,1,1995,0,0,0,0,0,0,0,0,0,0
540233,1,1,1995,0,0,0,0,0,0,0,0,0,0
540234,1,1,1995,0,0,0,0,0,0,0,0,0,0
540235,1,1,1995,0,0,0,0,0,0,0,0,0,0
540235,2,1,1995,0,0,0,0,0,0,0,0,0,0
540236,1,1,1995,0,0,0,0,0,0,0,0,0,0
540236,2,1,1995,0,0,0,0,0,0,0,0,0,0
540237,1,1,1995,23,23,23,23,23,23,23,23,23,23
540238,1,1,1995,12,12,12,12,12,12,12,12,12,12
540239,1,1,1995,19,9,15,17,0,9,11,11,30,26
540240,1,1,1995,0,0,0,0,20,0,0,0,0,0
540240,2,1,1995,0,0,0,0,0,0,0,0,0,0
540241,1,1,1995,0,0,0,0,0,0,0,0,0,0
540241,2,1,1995,0,0,0,0,0,0,0,0,0,0
540242,1,1,1995,0,0,0,0,0,0,0,0,0,0
540242,2,1,1995,0,0,0,0,0,0,0,0,0,0
540243,1,1,1995,0,0,0,0,0,0,0,0,0,0
540243,2,1,1995,0,0,0,0,0,0,0,0,0,0
540244,0,1,1995,24,24,24,24,24,24,24,24,24,24
540244,1,1,1995,0,0,0,0,0,0,0,0,0,0
540245,0,1,1995,5,28,26,24,43,19,21,32,17,12
540245,1,1,1995,0,12,0,0,0,0,0,0,0,25
540246,0,1,1995,0,0,0,0,0,0,0,0,0,0
540246,1,1,1995,0,0,0,0,0,0,0,0,0,0
540247,1,1,1995,0,20,0,0,9,0,6,0,0,0
540248,1,1,1995,54,54,54,54,54,54,54,54,54,54
540249,1,1,1995,21,21,21,21,21,21,21,21,21,21
540250,1,1,1995,12,12,12,12,12,12,12,12,12,12
540250,2,1,1995,1,1,1,1,1,1,1,1,1,1
540251,1,1,1995,0,0,0,0,0,0,0,0,0,0
540252,1,1,1995,0,0,0,0,0,0,0,0,0,0
540252,2,1,1995,2,2,2,2,2,2,2,2,2,2
540253,0,1,1995,24,24,24,24,24,24,24,24,24,24
540253,1,1,1995,0,0,0,0,0,0,0,0,0,0
540254,1,1,1995,0,0,0,0,0,0,0,0,0,0
540254,2,1,1995,0,0,0,0,0,0,0,0,0,0
540254,3,1,1995,0,0,0,0,0,0,0,0,0,0
540255,1,1,1995,9,9,9,9,9,9,9,9,9,9
540256,1,1,1995,58,58,58,58,58,58,58,58,58,58
540256,2,1,1995,0,0,0,0,0,0,0,0,0,0
540257,1,1,1995,0,0,0,0,0,0,0,0,0,0
540257,2,1,1995,0,0,0,0,0,0,0,0,0,0
540258,1,1,1995,0,0,0,0,0,0,0,0,0,0
540259,1,1,1995,25,25,25,25,25,25,25,25,25,25
540260,0,1,1995,17,17,17,17,17,17,17,17,17,17
540260,1,1,1995,6,6,6,6,6,6,6,6,6,6
540261,1,1,1995,4,4,4,4,4,4,4,4,4,4
540261,2,1,1995,0,0,0,0,0,0,0,0,0,0
540262,1,1,1995,0,0,0,0,0,0,0,0,0,0
540262,2,1,1995,22,22,22,22,22,22,22,22,22,22
540263,1,1,1995,0,0,0,0,0,0,0,0,0,0
540263,2,1,1995,0,0,0,0,0,0,0,0,0,0
540264,1,1,1995,12,0,0,0,10,0,0,0,0,0
540265,1,1,1995,9,7,0,0,0,0,0,0,0,0
540265,2,1,1995,0,0,0,0,0,0,0,0,0,0
540266,1,1,1995,38,38,38,38,38,38,38,38,38,38
540267,1,1,1995,0,0,0,0,0,0,0,0,0,0
540267,2,1,1995,0,0,0,0,0,0,0,0,0,0
540268,1,1,1995,0,0,0,0,0,0,0,0,0,0
540268,2,1,1995,0,0,0,0,0,0,0,0,0,0
540269,1,1,1995,21,27,14,42,11,34,25,35,0,20
540270,1,1,1995,0,0,0,0,0,0,17,0,0,0
540270,2,1,1995,0,0,0,0,0,0,0,0,0,0
540271,1,1,1995,0,0,0,0,0,0,20,0,0,0
540272,1,1,1995,0,0,0,0,0,0,0,0,0,0
540272,2,1,1995,0,0,0,0,0,0,0,0,0,0
540273,0,1,1995,0,0,0,0,0,0,0,0,0,0
540273,1,1,1995,0,0,0,0,0,0,0,0,0,0
540274,1,1,1995,0,0,0,0,0,0,0,0,0,0
540274,2,1,1995,13,13,13,13,13,13,13,13,13,13
540275,0,1,1995,12,12,12,12,12,12,12,12,12,12
540275,1,1,1995,0,0,0,0,0,10,4,0,0,25
540276,1,1,1995,0,0,0,0,0,0,0,0,0,0
540276,2,1,1995,0,0,0,0,0,0,0,0,0,0
540277,1,1,1995,0,0,0,0,0,0,0,0,0,0
540277,2,1,1995,0,0,0,0,0,0,0,23,0,0
540278,1,1,1995,15,15,15,15,15,15,15,15,15,15
540278,2,1,1995,0,0,0,0,0,0,0,0,0,0
540279,1,1,1995,0,0,0,0,0,0,0,0,0,0
540280,1,1,1995,10,10,10,10,10,10,10,10,10,10
540281,1,1,1995,0,0,0,0,0,0,0,0,0,0
540281,2,1,1995,0,0,0,0,0,0,0,0,0,0
540282,1,1,1995,30,30,30,30,30,30,30,30,30,30
540282,2,1,1995,3,0,0,0,0,0,0,0,0,27
540283,1,1,1995,0,0,0,0,0,0,0,0,0,0
540284,1,1,1995,0,0,0,0,0,0,0,0,0,0
540285,1,1,1995,25,25,25,25,25,25,25,25,25,25
540285,2,1,1995,0,0,0,0,0,0,0,0,0,0
540286,1,1,1995,0,0,0,0,0,0,0,0,0,0
540286,2,1,1995,0,0,0,0,0,0,0,0,0,0