ST_CASE,VEH_NO,PER_NO,YEAR,P1,P2,P3,P4,P5,P6,P7,P8,P9,P10
550510,2,1,1995,0,0,0,0,0,0,0,0,0,0
550510,3,1,1995,5,5,5,5,5,5,5,5,5,5
550511,1,1,1995,22,22,22,22,22,22,22,22,22,22
550512,1,1,1995,0,0,0,0,0,0,0,0,0,0
550512,2,1,1995,0,0,0,0,0,0,0,0,0,0
550513,1,1,1995,14,14,14,14,14,14,14,14,14,14
550514,1,1,1995,14,14,14,14,14,14,14,14,14,14
550515,1,1,1995,0,0,0,0,0,0,0,0,0,0
550516,1,1,1995,0,0,0,0,0,0,0,0,0,0
550517,1,1,1995,26,26,26,26,26,26,26,26,26,26
550518,0,1,1995,11,11,11,11,11,11,11,11,11,11
550518,1,1,1995,0,0,0,0,0,0,0,0,0,0
550519,1,1,1995,0,0,0,0,0,0,0,0,0,0
550519,2,1,1995,0,0,0,0,0,0,0,0,0,0
550520,1,1,1995,0,0,0,0,0,0,0,0,0,0
550520,2,1,1995,0,0,0,0,0,0,0,0,0,0
550521,1,1,1995,27,27,27,27,27,27,27,27,27,27
550522,1,1,1995,16,16,16,16,16,16,16,16,16,16
550523,1,1,1995,0,0,0,0,0,0,0,0,0,0
550523,2,1,1995,0,0,0,0,0,0,0,0,0,0
550524,1,1,1995,0,0,0,0,0,0,0,0,0,0
550525,1,1,1995,6,6,6,6,6,6,6,6,6,6
550525,2,1,1995,0,0,0,0,0,0,0,0,0,0
550526,1,1,1995,4,0,0,0,0,2,0,0,0,0
550527,1,1,1995,14,14,14,14,14,14,14,14,14,14
550528,0,1,1995,0,0,0,0,0,0,0,0,0,0
550528,1,1,1995,0,0,0,0,0,0,0,0,0,0
550529,1,1,1995,0,0,0,0,0,0,0,0,0,0
550529,2,1,1995,0,0,0,0,0,0,0,0,0,0
550530,1,1,1995,12,15,0,13,0,0,24,6,13,35
550530,2,1,1995,18,0,0,0,0,0,0,0,0,0
550531,0,1,1995,22,22,22,22,22,22,22,22,22,22
550531,1,1,1995,0,0,0,0,0,0,0,0,0,0
550532,1,1,1995,19,19,19,19,19,19,19,19,19,19
550533,0,1,1995,18,18,18,18,18,18,18,18,18,18
550533,1,1,1995,0,0,0,0,0,0,0,0,0,0
550534,1,1,1995,0,0,0,0,0,0,0,0,0,0
550534,2,1,1995,0,0,0,0,0,0,0,0,0,0
550535,1,1,1995,0,0,0,0,0,0,0,0,0,0
550535,2,1,1995,0,0,0,0,12,0,0,0,0,0
550536,1,1,1995,0,0,0,0,0,0,0,0,0,0
550536,2,1,1995,0,0,0,0,0,0,0,0,0,0
550537,1,1,1995,0,0,0,0,0,0,0,0,0,0
550537,2,1,1995,0,0,0,0,0,0,0,0,0,0
550538,0,1,1995,0,0,0,0,0,0,0,0,0,0
550538,1,1,1995,0,0,0,0,0,0,0,0,0,0
550539,1,1,1995,0,0,0,0,0,0,0,0,0,0
550539,2,1,1995,0,0,0,0,0,0,0,0,0,0
550540,1,1,1995,12,12,12,12,12,12,12,12,12,12
550541,1,1,1995,0,0,0,0,0,0,0,0,0,0
550541,2,1,1995,21,21,21,21,21,21,21,21,21,21
550542,1,1,1995,22,22,22,22,22,22,22,22,22,22
550543,1,1,1995,11,0,0,0,0,0,0,0,0,0
550544,1,1,1995,19,19,19,19,19,19,19,19,19,19
550545,1,1,1995,10,10,10,10,10,10,10,10,10,10
550545,2,1,1995,1,1,1,1,1,1,1,1,1,1
550546,1,1,1995,0,0,0,0,0,0,0,0,0,0
550546,2,1,1995,7,7,7,7,7,7,7,7,7,7
550547,1,1,1995,29,29,29,29,29,29,29,29,29,29
550548,1,1,1995,20,20,20,20,20,20,20,20,20,20
550549,0,1,1995,12,12,12,12,12,12,12,12,12,12
550549,1,1,1995,0,0,0,0,0,0,0,0,0,0
550550,1,1,1995,0,0,0,0,0,0,0,0,0,0
550550,2,1,1995,0,0,0,0,0,0,0,0,0,0
550551,1,1,1995,0,0,0,15,0,0,0,11,0,0
550551,2,1,1995,0,0,0,0,0,0,0,0,0,0
550552,1,1,1995,4,4,4,4,4,4,4,4,4,4
550553,1,1,1995,0,0,0,0,0,0,0,0,0,0
550553,2,1,1995,0,0,0,0,0,0,0,0,0,0
550554,0,1,1995,0,0,0,0,31,0,20,0,0,0
550554,1,1,1995,0,0,0,0,0,0,0,0,0,0
550555,0,1,1995,0,0,0,0,0,0,0,0,0,0
550555,0,2,1995,0,0,1,0,0,0,0,0,0,0
550555,1,1,1995,0,0,0,0,0,0,0,0,0,0
550558,0,1,1995,0,0,0,0,0,0,0,0,0,0
550558,1,1,1995,0,0,0,0,0,0,0,0,0,0
550559,1,1,1995,0,0,0,0,0,0,0,0,0,0
550559,2,1,1995,0,0,0,11,0,0,0,0,0,0
550560,1,1,1995,18,18,18,18,18,18,18,18,18,18
550561,1,1,1995,0,0,0,0,0,0,0,0,0,0
550561,2,1,1995,0,0,0,0,0,0,0,0,0,0
550562,1,1,1995,0,0,0,0,0,0,0,0,0,0
550563,1,1,1995,0,0,0,0,0,0,0,0,0,0
550563,2,1,1995,0,0,0,0,0,0,0,0,0,0
550564,1,1,1995,4,4,4,4,4,4,4,4,4,4
550564,2,1,1995,0,0,0,0,0,0,0,0,0,0
550565,1,1,1995,9,9,9,9,9,9,9,9,9,9
550566,1,1,1995,23,23,23,23,23,23,23,23,23,23
550567,1,1,1995,0,0,0,0,0,0,0,0,0,0
550568,1,1,1995,0,0,0,0,0,0,0,0,0,0
550568,2,1,1995,0,0,0,0,0,0,0,0,0,0
550569,1,1,1995,0,0,0,0,0,0,0,0,0,0
550570,1,1,1995,25,25,25,25,25,25,25,25,25,25
550571,1,1,1995,34,34,34,34,34,34,34,34,34,34
550572,1,1,1995,0,0,8,0,0,0,0,0,12,0
550572,2,1,1995,0,0,0,0,0,0,0,0,0,0
550573,1,1,1995,0,0,0,0,0,0,0,0,0,0
550573,2,1,1995,0,0,0,0,0,0,0,0,0,0
550574,1,1,1995,19,19,19,19,19,19,19,19,19,19
550575,0,1,1995,0,0,0,0,0,0,0,0,0,0
550575,1,1,1995,0,0,0,0,0,0,0,0,0,0
550576,1,1,1995,19,0,15,14,24,22,23,0,28,20
550577,1,1,1995,20,20,20,20,20,20,20,20,20,20
550578,1,1,1995,30,30,30,30,30,30,30,30,30,30
550579,1,1,1995,26,26,26,26,26,26,26,26,26,26
550580,1,1,1995,0,13,10,24,0,17,12,9,29,21
550581,1,1,1995,14,14,14,14,14,14,14,14,14,14
550582,1,1,1995,0,0,0,0,0,0,0,0,0,0
550582,2,1,1995,0,0,0,0,0,0,0,0,0,2
550583,1,1,1995,16,16,16,16,16,16,16,16,16,16
550583,2,1,1995,20,20,20,20,20,20,20,20,20,20
550584,0,1,1995,31,31,31,31,31,31,31,31,31,31
550584,1,1,1995,0,0,0,0,0,0,0,0,0,0
550585,0,1,1995,0,0,0,0,0,0,0,0,0,0
550585,1,1,1995,0,0,0,0,0,0,0,0,0,0
550586,1,1,1995,0,0,0,0,0,0,0,0,0,0
550588,1,1,1995,0,0,0,0,0,0,0,0,0,0
550588,2,1,1995,0,0,0,0,0,0,0,0,0,0
550589,1,1,1995,19,19,19,19,19,19,19,19,19,19
550590,1,1,1995,0,0,0,0,0,0,0,0,0,0
550590,2,1,1995,0,0,0,0,0,0,0,0,0,0
550591,1,1,1995,0,0,0,0,0,0,0,0,0,0
550591,2,1,1995,0,0,0,0,0,0,0,0,0,0
550592,1,1,1995,0,0,0,0,0,0,0,0,0,0
550592,2,1,1995,0,0,0,0,0,0,0,0,0,0
550593,1,1,1995,0,0,0,0,0,0,0,0,0,0
550593,2,1,1995,21,21,21,21,21,21,21,21,21,21
550594,1,1,1995,0,0,0,0,0,0,0,0,0,0
550594,2,1,1995,0,0,0,0,0,0,0,0,0,0
550595,1,1,1995,0,0,0,0,0,0,0,0,0,0
550595,2,1,1995,0,0,0,0,0,0,0,0,0,0
550596,0,1,1995,13,13,13,13,13,13,13,13,13,13
550596,1,1,1995,0,0,0,0,0,0,0,0,0,0
550597,1,1,1995,0,0,0,0,0,0,0,0,0,0
550598,1,1,1995,25,25,25,25,25,25,25,25,25,25
550599,1,1,1995,0,0,0,0,0,0,0,0,0,0
550599,2,1,1995,0,0,0,0,0,0,0,0,0,0
550600,1,1,1995,22,22,22,22,22,22,22,22,22,22
550601,1,1,1995,19,0,0,0,0,0,0,0,0,0
550601,2,1,1995,0,0,0,0,0,0,0,0,0,0
550602,1,1,1995,18,18,18,18,18,18,18,18,18,18
550603,1,1,1995,0,0,0,0,0,0,0,0,0,0
550603,2,1,1995,0,0,0,0,0,0,0,0,0,0
550604,1,1,1995,0,0,0,0,0,0,0,0,0,0
550605,1,1,1995,0,0,0,0,0,0,0,0,0,0
550606,1,1,1995,0,0,0,10,0,0,0,0,0,0
550608,1,1,1995,2,2,2,2,2,2,2,2,2,2
550608,2,1,1995,0,0,0,0,0,0,0,0,0,0
550609,1,1,1995,18,18,18,18,18,18,18,18,18,18
550609,2,1,1995,0,0,0,0,0,0,0,0,0,0
550610,0,1,1995,0,0,0,0,0,0,0,0,0,0
550610,1,1,1995,11,11,11,11,11,11,11,11,11,11
550611,0,1,1995,0,0,0,0,0,0,0,0,0,0
550611,1,1,1995,0,0,0,0,0,0,0,0,0,0
550612,1,1,1995,0,0,0,0,0,0,0,0,0,0
550613,1,1,1995,0,0,0,0,0,0,0,0,0,0
550613,2,1,1995,0,0,0,0,0,0,0,0,0,0
550613,3,1,1995,0,0,0,0,0,0,0,0,0,0
550613,4,1,1995,0,0,0,0,0,0,0,0,0,0
550614,1,1,1995,0,0,0,0,0,0,0,0,0,0
550614,2,1,1995,0,0,0,0,0,0,0,0,0,0
550615,1,1,1995,13,13,13,13,13,13,13,13,13,13
550616,1,1,1995,0,0,0,0,0,0,0,0,0,0
550616,2,1,1995,0,0,0,0,0,0,0,0,0,0
550617,1,1,1995,0,0,0,0,0,0,0,0,0,0
550617,2,1,1995,0,0,0,0,0,0,0,0,0,0
550618,0,1,1995,0,0,0,0,0,0,0,0,0,0
550618,1,1,1995,19,23,29,0,0,20,0,0,0,0
550619,1,1,1995,0,0,0,0,0,0,0,0,0,0
550619,2,1,1995,0,0,0,0,0,0,0,0,0,0
550620,1,1,1995,9,9,9,9,9,9,9,9,9,9
550620,2,1,1995,0,0,0,0,0,0,0,0,0,0
550621,1,1,1995,23,23,23,23,23,23,23,23,23,23
550622,1,1,1995,0,0,0,0,0,0,0,0,0,0
550622,2,1,1995,0,0,0,0,0,0,0,0,0,0
550623,0,1,1995,0,0,0,0,0,0,0,0,0,0
550623,1,1,1995,0,0,0,0,0,0,0,0,0,0
550624,1,1,1995,0,0,0,0,0,0,0,0,3,0
550625,1,1,1995,15,15,15,15,15,15,15,15,15,15
550626,1,1,1995,0,0,0,0,0,0,0,0,0,0
550626,2,1,1995,0,0,0,0,0,0,0,0,0,0
550627,1,1,1995,9,15,16,17,20,14,12,18,11,10
550627,2,1,1995,6,6,6,6,6,6,6,6,6,6
550628,1,1,1995,0,0,0,0,0,0,0,0,0,0
550628,2,1,1995,0,0,0,0,0,0,0,0,0,0
550629,0,1,1995,0,0,0,0,0,0,0,0,0,0
550629,1,1,1995,31,21,19,16,14,30,0,9,13,14
550630,1,1,1995,0,0,0,0,0,0,0,0,0,0
550630,2,1,1995,0,0,0,0,0,0,0,0,0,0
550631,1,1,1995,0,0,0,0,0,0,0,0,0,0
550631,2,1,1995,0,0,0,0,0,0,0,0,0,0
550631,3,1,1995,0,0,0,0,0,0,8,0,0,0
550632,1,1,1995,0,0,0,0,0,0,0,0,0,0
550632,2,1,1995,0,0,0,0,0,0,0,0,0,0
550633,1,1,1995,0,0,0,0,0,0,0,0,0,0
550634,1,1,1995,0,0,0,0,0,0,0,0,0,0
550635,1,1,1995,0,0,0,11,0,0,0,0,0,0
550636,1,1,1995,15,15,15,15,15,15,15,15,15,15
550637,0,1,1995,0,0,13,3,0,21,53,16,34,0
550637,0,2,1995,0,0,0,0,0,0,0,0,0,0
550637,1,1,1995,0,0,0,8,0,0,0,0,0,0
550638,1,1,1995,17,17,17,17,17,17,17,17,17,17
550638,2,1,1995,0,0,0,0,0,0,0,0,0,0
550639,1,1,1995,15,15,15,15,15,15,15,15,15,15
550639,2,1,1995,0,0,0,0,0,0,0,0,14,0
550639,3,1,1995,0,0,0,16,0,0,0,0,0,0
550639,4,1,1995,0,0,0,0,0,0,0,0,0,0
550640,1,1,1995,0,0,0,0,0,0,0,0,0,0
550641,1,1,1995,15,15,15,15,15,15,15,15,15,15
550642,1,1,1995,0,0,0,0,0,0,0,0,0,0
550642,2,1,1995,0,0,0,0,0,0,0,0,0,0
550643,1,1,1995,0,0,0,0,0,0,0,0,0,0
550644,1,1,1995,0,0,0,0,0,0,0,0,0,0
550645,1,1,1995,18,18,18,18,18,18,18,18,18,18
550646,1,1,1995,0,0,0,0,0,0,0,0,0,0
550646,2,1,1995,0,0,0,0,0,0,0,0,0,0
550647,1,1,1995,0,0,0,0,0,0,0,0,0,0
550647,2,1,1995,0,0,0,0,0,0,0,0,0,0
550648,1,1,1995,6,6,6,6,6,6,6,6,6,6
550648,2,1,1995,0,0,0,0,0,0,0,0,0,0
550649,0,1,1995,0,0,27,34,0,0,40,27,17,22
550649,1,1,1995,0,0,0,0,0,0,0,0,0,0
550649,2,1,1995,0,0,0,0,0,0,0,0,0,0
550650,0,1,1995,20,20,20,20,20,20,20,20,20,20
550650,1,1,1995,0,0,0,0,0,0,0,0,0,0
550651,1,1,1995,35,35,35,35,35,35,35,35,35,35
550652,1,1,1995,0,0,0,0,0,0,0,0,0,0
550652,2,1,1995,0,0,0,0,0,0,0,0,0,0
550653,1,1,1995,0,0,0,0,0,0,0,0,0,0
550653,2,1,1995,0,0,0,0,0,0,0,0,0,0
550653,3,1,1995,15,0,0,0,0,0,0,0,0,0
550654,1,1,1995,24,24,24,24,24,24,24,24,24,24
550654,2,1,1995,0,14,0,0,0,0,0,0,0,0
550654,3,1,1995,0,0,0,0,0,0,0,0,0,0
550655,0,1,1995,0,0,0,0,0,0,0,0,0,0
550655,1,1,1995,0,0,0,0,0,0,0,0,0,16
550656,1,1,1995,0,0,0,0,0,0,0,0,0,0
550656,2,1,1995,0,0,0,0,0,0,0,0,0,0
550657,1,1,1995,0,0,0,0,0,0,0,0,0,0
550657,2,1,1995,0,0,0,0,0,0,0,0,0,0
550658,1,1,1995,0,0,0,0,0,0,0,0,0,0
550658,2,1,1995,0,0,0,0,0,0,0,0,0,0
550659,1,1,1995,0,0,0,0,0,0,0,0,0,0
550659,2,1,1995,0,0,0,0,0,0,0,0,0,0
550660,1,1,1995,0,0,0,0,0,0,0,0,0,0
550660,2,1,1995,0,0,0,0,0,0,0,0,0,0
550661,1,1,1995,0,0,0,0,0,0,0,0,0,0
550661,2,1,1995,0,7,0,0,0,0,0,0,0,0
550662,1,1,1995,0,0,0,0,0,0,0,0,0,0
550662,2,1,1995,0,0,0,0,0,0,0,0,0,0
550663,0,1,1995,0,0,0,0,0,0,0,0,0,0
550663,1,1,1995,0,0,0,0,0,0,0,0,0,0
550664,1,1,1995,0,0,0,0,0,0,0,0,0,0
550664,2,1,1995,0,0,0,0,0,0,0,0,0,0
550665,1,1,1995,0,0,0,0,0,0,0,0,0,0
550665,2,1,1995,0,0,0,0,0,0,0,0,0,0
550666,0,1,1995,0,0,0,0,0,0,0,0,0,0
550666,1,1,1995,3,3,3,3,3,3,3,3,3,3
550667,1,1,1995,19,16,26,25,7,17,21,14,18,21
550668,1,1,1995,0,0,0,0,0,0,0,0,0,0
550669,1,1,1995,19,19,19,19,19,19,19,19,19,19
550670,1,1,1995,0,0,0,0,0,0,0,0,0,0
550670,2,1,1995,0,0,0,0,0,0,0,0,0,10
550670,3,1,1995,0,0,0,0,0,0,0,0,0,0
550671,1,1,1995,18,18,18,18,18,18,18,18,18,18
550671,2,1,1995,0,0,0,0,0,0,0,0,0,0
550672,0,1,1995,0,0,0,0,0,0,9,0,0,26
550672,1,1,1995,0,0,0,0,0,0,0,0,0,0
550673,1,1,1995,13,12,13,20,17,13,40,0,12,18
550674,1,1,1995,0,0,0,0,0,0,0,0,0,0
550674,2,1,1995,9,9,9,9,9,9,9,9,9,9
550675,1,1,1995,25,25,25,25,25,25,25,25,25,25
550676,1,1,1995,0,0,0,0,0,0,0,0,0,0
550676,2,1,1995,23,23,23,23,23,23,23,23,23,23
550677,1,1,1995,0,0,0,0,0,0,0,0,0,14
560001,1,1,1995,8,8,8,8,8,8,8,8,8,8
560002,1,1,1995,31,31,31,31,31,31,31,31,31,31
560003,1,1,1995,0,0,0,0,0,0,0,0,0,0
560003,2,1,1995,3,3,3,3,3,3,3,3,3,3
560004,1,1,1995,0,0,0,0,0,0,0,0,0,0
560005,1,1,1995,12,0,0,0,0,0,0,0,16,0
560005,2,1,1995,0,0,0,0,0,0,0,0,0,0
560006,1,1,1995,16,16,16,16,16,16,16,16,16,16
560007,1,1,1995,23,23,23,23,23,23,23,23,23,23
560008,1,1,1995,0,0,0,0,0,0,0,0,0,0
560008,2,1,1995,0,0,0,0,0,0,0,0,0,0
560009,1,1,1995,0,0,0,0,0,0,0,0,0,0
560009,2,1,1995,0,0,0,0,0,0,0,0,0,0
560010,1,1,1995,0,0,0,0,0,0,0,0,0,0
560011,1,1,1995,3,3,3,3,3,3,3,3,3,3
560012,1,1,1995,0,0,0,0,0,0,0,0,0,0
560013,1,1,1995,0,0,0,0,0,0,0,0,0,0
560013,2,1,1995,0,0,0,0,0,0,0,0,0,0
560014,1,1,1995,12,12,12,12,12,12,12,12,12,12
560015,1,1,1995,0,12,0,0,0,0,0,11,0,0
560016,1,1,1995,0,0,0,0,0,0,0,0,0,0
560016,2,1,1995,0,0,0,0,0,0,0,0,0,0
560016,3,1,1995,0,0,0,6,0,5,0,0,0,0
560017,1,1,1995,0,0,0,0,8,0,0,0,0,15
560017,2,1,1995,0,0,10,0,12,20,0,0,0,0
560018,1,1,1995,0,0,0,0,0,0,0,0,0,0
560019,1,1,1995,18,18,18,18,18,18,18,18,18,18
560020,1,1,1995,13,13,13,13,13,13,13,13,13,13
560021,1,1,1995,0,0,0,0,0,0,0,0,0,0
560022,1,1,1995,2,2,2,2,2,2,2,2,2,2
560023,1,1,1995,15,15,15,15,15,15,15,15,15,15
560024,1,1,1995,12,12,12,12,12,12,12,12,12,12
560025,1,1,1995,0,0,0,0,0,0,0,0,0,0
560026,1,1,1995,12,12,12,12,12,12,12,12,12,12
560026,2,1,1995,7,7,7,7,7,7,7,7,7,7
560027,1,1,1995,0,16,0,0,0,0,0,10,0,0
560027,2,1,1995,0,0,0,0,0,0,0,0,0,0
560028,1,1,1995,0,0,0,0,0,0,0,0,0,0
560029,1,1,1995,26,26,26,26,26,26,26,26,26,26
560030,1,1,1995,17,17,17,17,17,17,17,17,17,17
560031,1,1,1995,0,0,0,0,0,0,0,0,0,0
560032,1,1,1995,1,1,1,1,1,1,1,1,1,1
560033,1,1,1995,14,0,0,0,0,0,0,0,0,18
560034,1,1,1995,26,26,26,26,26,26,26,26,26,26
560035,1,1,1995,0,0,14,17,0,0,0,0,0,0
560036,1,1,1995,18,18,18,18,18,18,18,18,18,18
560037,1,1,1995,21,21,21,21,21,21,21,21,21,21
560038,1,1,1995,0,0,0,0,0,0,0,0,0,0
560039,1,1,1995,0,0,0,0,0,0,0,0,0,0
560040,1,1,1995,10,10,10,10,10,10,10,10,10,10
560041,0,1,1995,0,0,0,0,0,0,0,0,0,0
560041,1,1,1995,0,0,0,0,0,0,0,0,0,0
560042,0,1,1995,13,13,13,13,13,13,13,13,13,13
560042,1,1,1995,0,0,0,0,0,0,0,0,0,10
560043,1,1,1995,1,1,1,1,1,1,1,1,1,1
560044,1,1,1995,25,25,25,25,25,25,25,25,25,25
560045,1,1,1995,24,24,24,24,24,24,24,24,24,24
560046,1,1,1995,15,15,15,15,15,15,15,15,15,15
560047,1,1,1995,0,0,0,0,0,0,0,0,0,0
560048,1,1,1995,0,0,0,0,0,0,0,0,0,0
560048,2,1,1995,0,0,0,0,0,0,0,0,0,0
560049,1,1,1995,0,0,0,0,0,0,0,0,0,0
560050,1,1,1995,0,0,0,0,0,0,0,0,0,0
560051,1,1,1995,0,0,0,0,0,0,0,0,0,0
560052,1,1,1995,32,32,32,32,32,32,32,32,32,32
560052,2,1,1995,0,0,0,0,0,0,0,0,0,0
560053,1,1,1995,0,0,0,0,0,0,0,0,0,0
560053,2,1,1995,0,0,0,0,0,0,0,0,0,0
560054,1,1,1995,0,0,0,0,0,0,0,0,0,0
560055,1,1,1995,0,0,0,0,0,0,0,0,0,0
560056,1,1,1995,8,8,8,8,8,8,8,8,8,8
560056,2,1,1995,0,0,0,0,0,0,0,0,0,0
560057,1,1,1995,0,0,0,0,0,0,0,0,0,0
560057,2,1,1995,0,0,0,0,0,0,0,0,0,0
560058,1,1,1995,21,21,21,21,21,21,21,21,21,21
560059,1,1,1995,12,0,0,0,0,0,0,16,0,23
560060,0,1,1995,25,25,25,25,25,25,25,25,25,25
560060,1,1,1995,0,9,19,0,0,0,13,0,0,0
560061,1,1,1995,0,25,24,21,52,0,16,0,30,29
560062,1,1,1995,18,18,18,18,18,18,18,18,18,18
560063,1,1,1995,11,11,11,11,11,11,11,11,11,11
560064,1,1,1995,0,0,0,0,0,0,0,0,0,0
560065,1,1,1995,0,0,0,0,0,0,0,0,0,0
560066,1,1,1995,0,0,0,0,0,0,0,0,0,0
560066,2,1,1995,0,0,0,0,0,0,0,0,0,0
560067,1,1,1995,0,0,0,0,0,0,0,0,0,0
560068,0,1,1995,0,0,0,0,0,0,0,0,0,0
560068,1,1,1995,25,25,25,25,25,25,25,25,25,25
560069,1,1,1995,27,27,27,27,27,27,27,27,27,27
560070,1,1,1995,0,0,0,16,0,0,0,0,0,0
560071,1,1,1995,0,0,0,0,0,0,0,0,0,0
560072,1,1,1995,24,24,24,24,24,24,24,24,24,24
560073,1,1,1995,23,14,5,12,13,15,19,11,12,15
560074,1,1,1995,8,8,8,8,8,8,8,8,8,8
560074,2,1,1995,0,0,0,0,0,0,0,0,0,0
560075,1,1,1995,0,30,8,8,0,0,17,23,0,0
560076,1,1,1995,22,22,22,22,22,22,22,22,22,22
560077,1,1,1995,4,4,4,4,4,4,4,4,4,4
560077,2,1,1995,12,3,0,0,0,0,0,0,0,0
560077,3,1,1995,0,0,0,0,0,0,7,11,0,0
560078,1,1,1995,0,0,0,0,0,0,0,0,0,0
560078,2,1,1995,24,24,24,24,24,24,24,24,24,24
560079,1,1,1995,27,27,27,27,27,27,27,27,27,27
560080,1,1,1995,0,0,0,0,0,0,0,0,0,0
560081,0,1,1995,0,0,0,0,0,0,0,0,0,0
560081,1,1,1995,0,0,0,0,0,0,0,0,0,0
560082,0,1,1995,0,0,0,0,0,0,0,0,0,0
560082,1,1,1995,0,0,0,0,0,0,0,0,0,0
560083,1,1,1995,0,0,0,0,0,0,0,0,0,0
560084,1,1,1995,24,24,24,24,24,24,24,24,24,24
560085,1,1,1995,16,16,16,16,16,16,16,16,16,16
560086,1,1,1995,27,27,27,27,27,27,27,27,27,27
560087,1,1,1995,26,26,26,26,26,26,26,26,26,26
560087,2,1,1995,0,0,0,0,0,0,0,0,0,0
560088,1,1,1995,0,0,0,0,0,0,0,0,0,0
560088,2,1,1995,0,0,0,0,7,0,0,0,0,0
560089,1,1,1995,18,18,18,18,18,18,18,18,18,18
560090,1,1,1995,0,0,0,0,0,0,0,0,0,0
560091,1,1,1995,9,0,0,0,0,0,0,0,0,0
560092,1,1,1995,0,11,0,0,13,0,0,0,13,0
560093,1,1,1995,0,0,0,0,0,0,0,0,0,0
560093,2,1,1995,0,0,0,0,0,0,0,0,0,0
560094,1,1,1995,0,0,0,0,0,0,0,0,0,0
560094,2,1,1995,0,3,0,0,0,0,0,0,0,0
560095,1,1,1995,0,0,0,0,0,0,0,0,0,0
560095,2,1,1995,0,0,0,0,0,0,0,0,0,0
560096,0,1,1995,2,2,2,2,2,2,2,2,2,2
560096,1,1,1995,21,21,21,21,21,21,21,21,21,21
560097,1,1,1995,0,0,0,0,0,0,0,0,0,0
560098,1,1,1995,0,0,0,0,0,0,0,0,0,0
560099,1,1,1995,0,0,0,0,0,0,15,0,0,0
560099,2,1,1995,16,16,16,16,16,16,16,16,16,16
560100,1,1,1995,0,0,0,0,0,0,0,0,0,0
560100,2,1,1995,0,0,0,0,0,0,0,0,0,0
560101,1,1,1995,0,0,0,0,0,0,0,0,0,0
560102,1,1,1995,0,0,0,0,0,0,0,0,0,0
560103,1,1,1995,0,0,0,0,0,0,0,0,0,0
560103,2,1,1995,0,0,0,0,0,0,0,0,0,0
560104,1,1,1995,0,0,0,11,30,23,20,0,0,0
560105,1,1,1995,16,16,16,16,16,16,16,16,16,16
560106,1,1,1995,0,0,0,0,0,0,0,0,0,0
560107,1,1,1995,0,0,0,0,0,0,0,0,0,0
560108,1,1,1995,41,41,41,41,41,41,41,41,41,41
560109,1,1,1995,15,15,15,15,15,15,15,15,15,15
560110,1,1,1995,0,0,0,0,0,0,0,0,0,0
560111,1,1,1995,19,19,19,19,19,19,19,19,19,19
560112,1,1,1995,0,0,0,0,0,0,0,0,0,0
560113,1,1,1995,12,12,12,12,12,12,12,12,12,12
560114,1,1,1995,0,0,0,0,0,0,0,0,0,0
560114,2,1,1995,0,0,0,0,0,0,0,0,0,0
560115,0,1,1995,28,28,28,28,28,28,28,28,28,28
560115,1,1,1995,4,4,4,4,4,4,4,4,4,4
560116,1,1,1995,0,0,0,0,0,0,0,0,0,0
560117,1,1,1995,28,15,0,0,0,0,0,0,0,14
560118,1,1,1995,0,0,0,12,0,0,0,0,0,0
560119,1,1,1995,0,0,0,0,0,0,0,0,0,0
560119,2,1,1995,0,0,0,0,0,0,0,0,0,0
560120,1,1,1995,0,0,0,0,0,0,0,0,0,0
560121,1,1,1995,16,16,16,16,16,16,16,16,16,16
560122,0,1,1995,0,0,0,0,0,0,0,0,0,0
560122,1,1,1995,0,0,0,0,0,0,0,0,0,0
560123,1,1,1995,0,0,0,0,0,0,0,0,0,14
560124,1,1,1995,20,20,20,20,20,20,20,20,20,20
560125,1,1,1995,0,0,0,0,0,0,0,0,0,0
560126,1,1,1995,25,25,25,25,25,25,25,25,25,25
560127,1,1,1995,0,0,0,0,0,0,0,0,0,0
560127,2,1,1995,0,0,11,0,0,0,0,0,0,0
560128,1,1,1995,18,0,0,0,0,0,0,0,0,20
560129,1,1,1995,0,0,0,0,0,0,0,0,0,0
560129,2,1,1995,7,0,0,0,0,0,0,0,0,0
560130,1,1,1995,0,0,0,0,0,0,0,0,0,0
560131,1,1,1995,0,0,0,0,0,0,0,0,0,0
560132,1,1,1995,0,0,0,0,0,0,0,0,0,0
560133,1,1,1995,0,0,0,0,0,0,0,0,0,0
560134,1,1,1995,0,0,0,0,0,0,0,0,0,0
560134,2,1,1995,0,0,0,0,0,0,0,0,0,0
560135,1,1,1995,8,8,8,8,8,8,8,8,8,8
560136,1,1,1995,0,0,0,0,0,0,0,0,0,0
560137,1,1,1995,0,0,0,0,0,0,0,0,0,0
560137,2,1,1995,14,14,14,14,14,14,14,14,14,14
560138,1,1,1995,0,0,0,0,0,0,0,0,0,0