ST_CASE,VEH_NO,PER_NO,YEAR,P1,P2,P3,P4,P5,P6,P7,P8,P9,P10
60001,1,1,1995,13,0,9,10,0,17,0,14,14,10
60001,2,1,1995,0,0,0,0,0,0,0,0,0,0
60001,3,1,1995,0,0,0,0,0,0,0,0,0,0
60002,0,1,1995,0,0,0,0,0,0,0,0,0,0
60002,1,1,1995,0,0,0,0,0,0,0,0,0,0
60003,1,1,1995,12,12,12,12,12,12,12,12,12,12
60004,0,1,1995,0,37,0,0,0,0,0,0,0,0
60004,1,1,1995,0,0,0,7,0,0,0,0,0,0
60005,1,1,1995,24,24,24,24,24,24,24,24,24,24
60005,2,1,1995,12,0,0,0,0,0,0,0,0,0
60005,3,1,1995,21,14,10,0,11,17,0,0,18,13
60006,0,1,1995,29,29,29,29,29,29,29,29,29,29
60006,1,1,1995,0,0,0,0,0,0,0,0,0,0
60007,0,1,1995,0,0,0,0,0,0,0,0,0,0
60007,1,1,1995,0,0,0,0,0,0,0,0,0,0
60008,1,1,1995,27,27,27,27,27,27,27,27,27,27
60009,0,1,1995,0,0,0,0,0,0,0,0,0,0
60009,1,1,1995,10,0,13,0,17,0,0,15,0,0
60010,1,1,1995,0,0,0,0,0,0,0,0,0,8
60010,2,1,1995,0,0,0,0,0,0,0,0,0,0
60011,1,1,1995,34,19,0,17,15,9,19,25,11,16
60012,1,1,1995,25,11,18,15,27,18,15,29,7,11
60013,1,1,1995,17,17,17,17,17,17,17,17,17,17
60014,1,1,1995,0,0,0,0,0,0,0,0,0,0
60014,2,1,1995,0,0,0,0,0,0,0,0,0,11
60015,0,1,1995,0,0,0,0,0,0,0,0,0,0
60015,1,1,1995,0,0,0,0,0,0,0,0,0,0
60016,1,1,1995,6,6,6,6,6,6,6,6,6,6
60016,2,1,1995,0,0,0,0,0,0,0,0,0,0
60017,0,1,1995,0,0,0,0,0,0,0,0,0,0
60017,1,1,1995,0,0,0,0,0,0,0,0,0,0
60018,1,1,1995,0,0,0,0,0,0,0,0,0,0
60018,2,1,1995,0,0,0,0,0,0,0,0,0,0
60019,1,1,1995,20,20,20,20,20,20,20,20,20,20
60020,0,1,1995,0,0,0,0,0,0,0,0,0,0
60020,1,1,1995,0,8,0,0,0,0,0,0,14,0
60021,1,1,1995,0,0,0,0,0,0,0,0,0,0
60021,2,1,1995,0,0,0,0,0,0,0,0,0,0
60021,3,1,1995,0,0,0,0,0,0,0,0,0,0
60022,1,1,1995,0,0,0,0,0,0,0,0,0,0
60023,1,1,1995,0,0,0,0,0,0,0,0,0,0
60023,2,1,1995,0,0,0,11,0,0,0,0,0,0
60023,3,1,1995,0,0,0,0,0,0,0,0,0,0
60024,1,1,1995,0,0,0,0,0,0,0,0,0,0
60025,1,1,1995,0,0,0,0,0,0,0,0,0,0
60025,2,1,1995,0,0,0,0,0,0,0,0,0,0
60026,1,1,1995,0,0,0,0,0,0,0,0,0,0
60026,2,1,1995,0,0,0,0,0,0,0,0,0,0
60027,1,1,1995,0,0,0,0,0,0,0,0,0,0
60027,2,1,1995,0,0,0,0,0,0,0,0,0,0
60028,1,1,1995,0,0,0,0,0,0,0,0,0,0
60028,2,1,1995,0,0,0,0,0,0,0,0,0,0
60029,0,1,1995,9,5,49,0,19,0,28,30,0,16
60029,1,1,1995,0,0,0,0,0,0,0,0,0,0
60030,1,1,1995,0,0,0,0,0,0,0,0,0,0
60031,1,1,1995,0,0,0,0,0,0,0,0,0,0
60032,1,1,1995,21,21,21,21,21,21,21,21,21,21
60033,1,1,1995,0,0,0,0,0,0,0,0,0,0
60034,1,1,1995,0,0,0,0,0,0,0,0,0,0
60034,2,1,1995,0,0,0,0,0,0,0,0,0,0
60035,1,1,1995,6,6,6,6,6,6,6,6,6,6
60035,2,1,1995,0,0,0,0,0,0,0,0,0,0
60035,3,1,1995,0,0,0,0,0,0,0,0,0,0
60036,1,1,1995,0,0,0,0,0,0,0,0,0,0
60036,2,1,1995,0,0,0,0,0,0,0,0,0,0
60037,0,1,1995,0,0,0,0,0,0,0,0,0,0
60037,1,1,1995,0,0,0,0,0,0,0,0,0,0
60038,1,1,1995,0,0,0,0,0,0,0,0,0,0
60038,2,1,1995,0,0,0,0,0,0,0,0,0,0
60039,0,1,1995,0,0,0,0,0,0,0,0,0,0
60039,1,1,1995,0,0,0,0,0,0,0,0,0,0
60040,1,1,1995,0,0,0,0,0,0,0,0,0,0
60040,2,1,1995,0,0,0,0,0,0,0,0,0,0
60041,0,1,1995,23,23,23,23,23,23,23,23,23,23
60041,1,1,1995,0,0,0,0,0,0,0,0,0,0
60042,0,1,1995,37,37,37,37,37,37,37,37,37,37
60042,1,1,1995,0,0,0,0,0,0,0,0,0,35
60043,1,1,1995,29,29,29,29,29,29,29,29,29,29
60043,2,1,1995,0,0,0,0,0,0,0,0,0,0
60043,3,1,1995,0,0,0,0,0,0,0,0,0,0
60044,1,1,1995,0,0,0,0,0,0,0,0,0,0
60044,2,1,1995,0,0,0,0,0,0,0,0,0,0
60045,1,1,1995,14,14,14,14,14,14,14,14,14,14
60046,1,1,1995,0,0,0,0,0,0,0,0,0,0
60046,2,1,1995,0,13,0,0,0,11,9,0,28,0
60047,1,1,1995,4,4,4,4,4,4,4,4,4,4
60048,1,1,1995,0,0,0,0,0,0,0,0,0,0
60049,1,1,1995,0,0,0,0,0,0,0,0,0,0
60049,2,1,1995,0,0,0,0,0,0,0,0,16,0
60050,0,1,1995,0,0,0,0,0,0,0,0,0,0
60050,1,1,1995,0,0,0,0,0,0,0,0,0,0
60051,1,1,1995,0,0,0,0,0,0,0,0,0,0
60051,2,1,1995,0,0,0,0,0,0,0,0,0,0
60051,3,1,1995,0,0,0,0,0,0,0,0,0,0
60052,0,1,1995,19,19,19,19,19,19,19,19,19,19
60052,1,1,1995,0,0,0,0,0,0,0,0,0,0
60053,1,1,1995,7,7,7,7,7,7,7,7,7,7
60054,0,1,1995,0,0,0,0,0,0,0,0,0,0
60054,1,1,1995,0,0,0,0,0,0,0,0,0,0
60055,1,1,1995,19,19,19,19,19,19,19,19,19,19
60055,2,1,1995,0,0,0,0,0,0,0,0,0,0
60056,1,1,1995,0,0,0,0,0,0,0,0,0,0
60056,2,1,1995,0,0,0,0,0,0,0,0,0,0
60057,1,1,1995,17,17,17,17,17,17,17,17,17,17
60058,1,1,1995,12,12,12,12,12,12,12,12,12,12
60058,2,1,1995,0,3,23,0,17,0,0,15,20,16
60059,1,1,1995,16,15,12,23,10,25,18,17,10,17
60060,1,1,1995,0,0,0,0,0,0,0,0,0,0
60061,1,1,1995,0,0,0,0,0,0,0,0,0,0
60061,2,1,1995,0,0,0,0,0,0,0,0,0,0
60061,3,1,1995,0,0,0,0,0,0,0,0,0,0
60062,1,1,1995,0,0,0,0,0,0,0,0,0,0
60062,2,1,1995,0,0,0,0,0,0,0,0,0,0
60063,0,1,1995,0,0,0,30,0,0,0,0,0,0
60063,1,1,1995,0,0,0,0,0,0,0,0,0,0
60064,1,1,1995,0,0,0,0,0,0,0,0,0,0
60064,2,1,1995,0,0,0,0,0,0,0,0,0,0
60065,1,1,1995,0,0,0,0,0,0,0,0,0,0
60066,0,1,1995,0,0,0,0,0,0,0,0,0,0
60066,1,1,1995,0,0,0,0,0,0,0,0,0,0
60067,1,1,1995,2,2,2,2,2,2,2,2,2,2
60067,2,1,1995,0,0,0,0,0,0,0,0,0,0
60067,3,1,1995,0,0,0,0,15,0,0,0,21,0
60068,1,1,1995,20,20,20,20,20,20,20,20,20,20
60069,0,1,1995,38,38,38,38,38,38,38,38,38,38
60069,1,1,1995,0,0,11,0,0,0,9,0,0,0
60069,2,1,1995,0,0,0,0,17,0,0,0,0,0
60070,0,1,1995,14,14,14,14,14,14,14,14,14,14
60070,1,1,1995,6,6,6,6,6,6,6,6,6,6
60071,1,1,1995,0,0,0,0,0,0,0,0,0,0
60071,2,1,1995,0,0,0,0,0,0,0,0,0,0
60072,1,1,1995,0,0,0,0,0,0,0,0,0,0
60073,1,1,1995,0,0,0,0,0,0,0,0,0,0
60074,0,1,1995,28,28,28,28,28,28,28,28,28,28
60074,1,1,1995,0,0,0,14,0,0,0,0,0,0
60075,0,1,1995,46,46,46,46,46,46,46,46,46,46
60075,1,1,1995,6,6,6,6,6,6,6,6,6,6
60076,1,1,1995,14,14,14,14,14,14,14,14,14,14
60077,0,1,1995,0,0,0,0,0,0,0,0,0,0
60077,1,1,1995,0,0,0,0,0,0,0,0,0,0
60078,1,1,1995,0,0,24,0,0,0,0,0,0,0
60079,1,1,1995,0,0,0,0,0,0,0,0,0,0
60079,2,1,1995,0,0,0,0,0,0,0,0,0,0
60080,1,1,1995,0,0,0,0,0,0,0,0,0,0
60081,0,1,1995,0,0,0,0,0,0,0,0,0,0
60081,1,1,1995,0,0,0,0,0,0,27,0,28,0
60082,1,1,1995,26,26,26,26,26,26,26,26,26,26
60082,2,1,1995,0,0,0,0,0,0,0,0,0,0
60083,1,1,1995,0,0,0,0,0,0,0,0,0,0
60083,2,1,1995,0,0,14,0,0,0,0,0,0,0
60084,1,1,1995,0,0,0,0,0,0,0,0,0,0
60084,2,1,1995,17,17,17,17,17,17,17,17,17,17
60085,0,1,1995,0,0,0,0,0,0,0,0,0,0
60085,1,1,1995,0,0,0,0,0,0,0,0,0,0
60086,1,1,1995,0,0,0,0,0,0,0,0,0,0
60086,2,1,1995,0,0,0,0,0,0,0,0,0,0
60086,3,1,1995,0,0,0,0,0,0,0,0,0,0
60086,4,1,1995,0,0,0,0,0,0,0,0,0,0
60087,1,1,1995,0,0,0,0,0,0,0,0,0,0
60088,1,1,1995,0,0,0,0,0,0,0,0,0,0
60088,2,1,1995,0,0,0,0,0,0,0,0,0,0
60089,0,1,1995,27,0,0,0,0,0,0,0,0,0
60089,1,1,1995,0,0,0,0,0,0,0,0,0,0
60090,1,1,1995,0,0,0,0,0,0,0,0,0,0
60090,2,1,1995,0,0,0,0,0,0,0,0,0,0
60090,3,1,1995,0,0,0,0,0,0,15,0,0,0
60091,0,1,1995,0,0,0,0,0,0,0,0,0,0
60091,1,1,1995,0,0,0,0,0,0,0,0,0,0
60092,0,1,1995,0,0,25,0,0,0,0,0,0,0
60092,1,1,1995,0,0,26,0,0,0,0,0,0,0
60093,0,1,1995,10,10,10,10,10,10,10,10,10,10
60093,1,1,1995,0,0,0,0,0,0,0,0,0,0
60093,2,1,1995,0,0,0,0,0,0,0,0,0,0
60094,1,1,1995,0,0,0,0,0,0,0,0,0,0
60094,2,1,1995,0,0,0,0,0,0,0,0,0,0
60094,3,1,1995,0,0,27,0,0,13,0,0,0,0
60095,1,1,1995,0,0,0,0,0,0,0,0,0,0
60095,2,1,1995,0,0,0,0,0,0,0,0,0,0
60096,0,1,1995,0,0,0,0,0,0,0,0,0,0
60096,1,1,1995,0,0,0,0,0,0,3,0,0,0
60096,2,1,1995,0,12,0,0,0,0,0,0,0,0
60097,0,1,1995,4,4,4,4,4,4,4,4,4,4
60097,1,1,1995,0,12,15,0,12,21,8,17,13,16
60098,1,1,1995,0,0,0,0,0,3,0,0,0,0
60098,2,1,1995,0,0,0,0,0,0,0,0,0,0
60099,0,1,1995,8,8,8,8,8,8,8,8,8,8
60099,1,1,1995,13,13,13,13,13,13,13,13,13,13
60100,1,1,1995,0,0,0,0,0,0,0,0,0,0
60100,2,1,1995,0,0,0,0,0,0,0,0,0,0
60101,1,1,1995,0,0,0,0,0,0,0,0,0,0
60101,2,1,1995,21,13,0,0,0,0,0,0,0,0
60102,1,1,1995,16,16,16,16,16,16,16,16,16,16
60103,1,1,1995,0,0,0,0,0,0,0,0,0,0
60104,1,1,1995,0,0,0,0,0,0,0,0,0,0
60104,2,1,1995,0,0,0,0,0,0,0,0,0,0
60105,0,1,1995,0,0,0,0,0,0,0,0,0,0
60105,1,1,1995,0,0,0,0,0,0,0,0,0,0
60106,1,1,1995,5,5,5,5,5,5,5,5,5,5
60107,0,1,1995,0,0,0,0,0,0,0,0,0,0
60107,1,1,1995,0,0,0,0,0,0,0,0,0,0
60108,1,1,1995,0,0,0,0,0,0,0,0,0,0
60109,0,1,1995,0,0,0,0,0,0,0,0,0,0
60109,1,1,1995,0,0,0,0,0,0,0,0,0,0
60110,0,1,1995,24,18,35,0,33,0,11,21,17,29
60110,1,1,1995,0,0,0,0,0,0,0,0,0,0
60111,1,1,1995,0,0,0,0,0,0,0,0,0,0
60111,2,1,1995,0,0,0,0,0,0,0,0,0,0
60112,1,1,1995,0,0,0,0,0,0,0,0,0,0
60113,1,1,1995,0,0,0,0,0,0,0,0,0,0
60113,2,1,1995,0,0,0,0,0,0,0,0,0,0
60113,3,1,1995,21,0,0,0,0,0,0,0,0,0
60114,0,1,1995,0,0,0,0,0,0,0,0,0,0
60114,1,1,1995,0,0,0,0,0,0,0,0,0,0
60115,1,1,1995,0,0,0,0,0,0,0,0,0,0
60115,2,1,1995,0,0,0,0,0,0,0,0,0,0
60116,0,1,1995,16,16,16,16,16,16,16,16,16,16
60116,1,1,1995,0,0,0,0,0,0,0,0,0,0
60117,1,1,1995,0,0,0,0,0,0,0,0,0,0
60117,2,1,1995,0,0,0,0,0,0,0,0,0,0
60118,1,1,1995,0,0,0,0,0,0,0,0,0,0
60118,2,1,1995,0,0,0,0,0,0,0,0,0,0
60119,1,1,1995,0,0,0,0,0,0,0,0,0,0
60120,1,1,1995,0,0,0,0,0,0,0,0,0,0
60121,0,1,1995,0,0,0,0,0,0,0,0,0,0
60121,1,1,1995,2,0,0,0,0,0,0,0,0,0
60122,1,1,1995,0,0,0,0,0,0,0,0,0,0
60122,2,1,1995,0,0,0,0,0,0,0,0,0,0
60123,0,1,1995,0,0,0,0,0,0,0,0,0,0
60123,1,1,1995,0,0,0,0,0,0,0,0,0,0
60124,1,1,1995,26,26,26,26,26,26,26,26,26,26
60124,2,1,1995,0,0,0,0,0,0,0,0,0,0
60125,0,1,1995,0,0,0,0,0,0,0,0,0,0
60125,1,1,1995,0,0,0,0,0,0,0,0,0,0
60126,0,1,1995,0,0,0,0,0,0,0,0,0,0
60126,0,2,1995,0,0,8,0,0,0,0,0,21,0
60126,1,1,1995,0,0,0,0,0,19,0,4,0,0
60127,0,1,1995,0,0,0,0,0,0,0,0,0,0
60127,1,1,1995,0,0,0,0,0,0,0,0,0,0
60128,1,1,1995,0,0,0,0,0,0,0,0,0,67
60129,1,1,1995,0,0,15,0,0,0,0,0,0,0
60130,1,1,1995,0,0,0,0,0,0,0,0,0,0
60131,0,1,1995,0,0,0,0,0,0,0,0,0,0
60131,1,1,1995,0,0,0,0,0,0,0,7,0,0
60132,1,1,1995,30,30,30,30,30,30,30,30,30,30
60133,0,1,1995,31,31,31,31,31,31,31,31,31,31
60133,1,1,1995,3,3,3,3,3,3,3,3,3,3
60134,1,1,1995,0,0,0,0,0,0,0,0,0,0
60135,1,1,1995,22,22,22,22,22,22,22,22,22,22
60136,1,1,1995,0,0,0,0,0,0,0,0,0,0
60137,0,1,1995,0,0,0,0,0,0,0,0,0,0
60137,1,1,1995,0,0,0,0,0,0,0,0,0,0
60138,0,1,1995,0,0,0,0,0,0,0,0,0,0
60138,1,1,1995,16,0,13,0,0,0,0,0,0,0
60139,0,1,1995,0,0,0,0,0,0,0,0,0,0
60139,1,1,1995,0,0,0,0,0,0,0,0,0,0
60140,0,1,1995,23,0,0,0,0,12,0,0,15,0
60140,1,1,1995,16,30,0,14,12,2,5,32,13,12
60141,1,1,1995,0,0,0,0,0,0,0,0,0,0
60141,2,1,1995,0,0,0,0,0,0,0,0,0,0
60142,0,1,1995,0,0,0,0,0,0,0,0,0,0
60142,0,2,1995,0,0,16,0,21,0,0,0,0,0
60142,1,1,1995,0,0,0,0,0,0,0,0,0,0
60143,0,1,1995,34,34,34,34,34,34,34,34,34,34
60143,1,1,1995,0,0,0,0,0,0,0,0,0,0
60144,0,1,1995,0,0,0,0,0,0,0,0,0,0
60144,1,1,1995,0,0,0,0,0,0,0,11,10,0
60144,2,1,1995,0,0,0,0,0,0,0,0,0,0
60145,1,1,1995,0,0,0,0,0,0,0,0,0,0
60146,0,1,1995,7,7,7,7,7,7,7,7,7,7
60146,1,1,1995,0,0,0,0,0,0,0,0,0,0
60146,2,1,1995,0,0,0,0,0,0,0,0,0,0
60147,0,1,1995,0,0,0,0,0,0,0,0,0,0
60147,1,1,1995,0,0,0,0,0,0,0,0,0,0
60148,0,1,1995,23,23,23,23,23,23,23,23,23,23
60148,1,1,1995,0,0,0,0,0,0,0,0,0,0
60149,1,1,1995,14,14,14,14,14,14,14,14,14,14
60150,0,1,1995,0,0,0,0,0,0,0,0,0,0
60150,1,1,1995,6,0,0,0,12,6,0,0,8,17
60151,1,1,1995,0,0,0,0,0,0,0,0,0,0
60152,1,1,1995,0,0,0,0,0,0,0,0,0,0
60152,2,1,1995,0,0,0,0,0,0,0,0,0,0
60153,1,1,1995,0,0,0,0,0,0,0,0,0,0
60154,1,1,1995,0,0,0,0,0,0,0,0,0,0
60154,2,1,1995,4,4,4,4,4,4,4,4,4,4
60155,1,1,1995,18,18,18,18,18,18,18,18,18,18
60155,2,1,1995,0,0,0,0,0,0,0,0,0,0
60156,1,1,1995,0,0,0,0,0,0,0,0,0,0
60156,2,1,1995,0,0,0,0,0,0,0,0,0,0
60157,1,1,1995,0,0,0,12,0,0,15,0,0,0
60157,2,1,1995,0,0,0,20,18,17,0,0,0,0
60158,0,1,1995,0,0,0,0,0,0,0,0,0,0
60158,1,1,1995,0,0,15,0,0,0,0,0,0,0
60159,1,1,1995,0,0,0,0,0,0,0,0,0,0
60159,2,1,1995,0,0,0,0,0,0,0,0,0,0
60160,1,1,1995,0,0,0,0,0,0,0,0,3,0
60160,2,1,1995,0,0,0,0,0,0,3,0,0,0
60161,1,1,1995,0,0,0,0,0,0,0,0,0,0
60162,1,1,1995,0,0,0,0,0,0,0,0,0,0
60163,1,1,1995,0,0,0,0,0,0,0,0,0,0
60163,2,1,1995,0,0,0,0,0,0,0,0,0,0
60164,1,1,1995,0,0,0,0,0,0,0,0,0,0
60164,2,1,1995,0,0,0,0,0,0,0,0,0,0
60164,3,1,1995,0,0,0,0,0,0,0,0,0,0
60165,0,1,1995,0,0,0,0,0,0,0,0,0,0
60165,1,1,1995,0,9,0,0,0,0,0,0,0,0
60166,0,1,1995,0,0,0,0,0,0,0,0,0,0
60166,1,1,1995,0,0,0,0,0,0,0,0,0,0
60167,1,1,1995,17,17,17,17,17,17,17,17,17,17
60167,2,1,1995,0,0,0,0,0,0,0,0,0,0
60167,3,1,1995,0,0,0,0,0,0,0,0,0,0
60167,4,1,1995,0,0,0,0,0,0,0,0,0,0
60168,1,1,1995,0,0,0,0,0,0,0,0,0,3
60168,2,1,1995,8,8,8,8,8,8,8,8,8,8
60169,0,1,1995,32,32,32,32,32,32,32,32,32,32
60169,1,1,1995,0,0,0,0,0,0,0,0,0,0
60170,1,1,1995,22,22,22,22,22,22,22,22,22,22
60171,1,1,1995,18,18,18,18,18,18,18,18,18,18
60172,1,1,1995,0,0,0,0,0,0,0,0,0,0
60173,1,1,1995,0,0,0,0,0,0,0,0,0,0
60173,2,1,1995,0,0,0,0,0,0,0,0,0,0
60173,3,1,1995,0,0,0,0,0,0,0,0,0,0
60174,1,1,1995,0,0,0,0,0,0,0,0,0,0
60174,2,1,1995,8,8,8,8,8,8,8,8,8,8
60175,0,1,1995,0,0,0,0,0,0,0,0,0,0
60175,1,1,1995,0,0,0,23,0,0,0,0,0,0
60176,0,1,1995,18,18,18,18,18,18,18,18,18,18
60176,1,1,1995,0,0,0,0,0,0,0,0,0,0
60177,1,1,1995,0,0,0,0,0,0,0,0,0,0
60177,2,1,1995,24,24,24,24,24,24,24,24,24,24
60178,0,1,1995,0,0,0,0,0,0,0,0,0,0
60178,1,1,1995,0,19,0,10,0,0,23,8,0,0
60179,1,1,1995,6,6,6,6,6,6,6,6,6,6
60179,2,1,1995,0,0,0,0,0,0,0,0,0,0
60180,1,1,1995,11,11,11,11,11,11,11,11,11,11
60181,1,1,1995,0,0,19,0,0,0,0,0,0,0
60181,2,1,1995,0,0,0,4,0,0,0,0,0,0
60182,1,1,1995,0,0,0,0,0,0,0,0,0,0
60183,1,1,1995,17,17,17,17,17,17,17,17,17,17
60183,2,1,1995,0,0,0,0,0,0,0,0,0,0
60184,0,1,1995,0,0,0,0,0,0,0,0,0,0
60184,1,1,1995,0,0,0,0,0,0,0,0,0,0
60185,1,1,1995,0,0,0,0,0,0,0,0,0,0
60185,2,1,1995,0,0,0,0,0,0,0,0,0,0
60185,3,1,1995,0,0,0,11,20,0,0,0,0,0
60186,1,1,1995,0,0,0,0,0,0,0,0,0,0
60187,1,1,1995,0,0,0,0,0,0,0,0,0,0
60187,2,1,1995,0,0,0,0,0,0,0,0,0,0
60188,0,1,1995,5,5,5,5,5,5,5,5,5,5
60188,0,2,1995,18,32,14,27,0,0,0,18,18,18
60188,1,1,1995,0,0,0,0,0,0,0,0,0,0
60189,1,1,1995,0,0,0,0,0,0,0,0,0,0
60190,0,1,1995,0,0,0,0,0,0,0,0,0,0
60190,1,1,1995,0,0,0,0,0,0,0,0,0,0
60191,1,1,1995,7,7,7,7,7,7,7,7,7,7
60191,2,1,1995,0,0,0,0,0,0,0,0,0,0
60192,1,1,1995,15,15,15,15,15,15,15,15,15,15
60193,1,1,1995,0,0,0,0,6,0,0,0,25,0
60194,0,1,1995,0,0,0,0,0,0,0,0,0,0
60194,1,1,1995,0,0,0,0,17,0,0,0,0,0
60195,1,1,1995,0,0,0,0,0,0,0,0,0,0
60196,1,1,1995,17,17,17,17,17,17,17,17,17,17
60197,1,1,1995,15,15,15,15,15,15,15,15,15,15
60197,2,1,1995,5,5,5,5,5,5,5,5,5,5
60198,1,1,1995,0,0,0,0,0,0,0,0,24,19
60199,1,1,1995,0,0,0,0,0,0,0,0,0,0
60199,2,1,1995,0,0,0,0,0,0,0,0,0,0
60200,1,1,1995,0,0,0,0,0,0,0,0,0,0
60201,1,1,1995,0,0,0,0,0,0,0,0,0,0
60202,0,1,1995,12,12,12,12,12,12,12,12,12,12
60202,1,1,1995,0,0,0,0,0,0,0,0,0,0
60203,0,1,1995,0,0,0,0,0,0,0,0,0,0
60203,1,1,1995,0,25,0,0,0,0,0,0,0,0
60204,1,1,1995,0,0,0,0,0,0,0,0,0,0
60205,1,1,1995,0,0,0,0,0,0,0,0,0,0
60206,0,1,1995,0,0,39,15,14,0,0,27,22,0
60206,1,1,1995,19,0,24,3,15,0,0,0,13,12
60207,1,1,1995,0,0,0,0,0,0,0,0,0,0
60208,0,1,1995,0,0,0,0,0,0,0,0,0,0
60208,1,1,1995,0,0,0,0,0,0,0,0,0,0
60209,1,1,1995,0,0,0,0,0,0,0,0,0,0
60209,2,1,1995,0,0,0,0,0,0,0,0,7,0
60210,1,1,1995,0,0,0,0,0,0,0,0,0,0
60211,0,1,1995,0,0,0,0,0,0,0,0,0,0
60211,1,1,1995,0,0,0,0,0,0,0,0,0,0
60212,1,1,1995,0,0,0,0,0,12,0,0,0,0
60212,2,1,1995,0,17,0,0,0,0,0,0,0,0
60213,1,1,1995,0,0,0,0,0,0,0,0,0,0
60214,1,1,1995,13,13,13,13,13,13,13,13,13,13
60214,2,1,1995,0,0,0,0,0,0,0,0,0,0
60215,1,1,1995,8,8,8,8,8,8,8,8,8,8
60215,2,1,1995,0,0,0,0,0,0,0,0,0,0
60216,1,1,1995,2,2,2,2,2,2,2,2,2,2
60216,2,1,1995,0,0,0,0,0,0,0,0,0,0
60217,1,1,1995,0,0,0,0,0,0,0,0,0,0
60218,0,1,1995,0,0,0,0,0,0,0,0,0,0
60218,1,1,1995,0,0,0,0,0,0,0,9,15,0
60218,2,1,1995,0,0,0,0,0,0,0,0,0,0
60219,1,1,1995,0,0,0,0,0,0,0,0,0,0
60220,1,1,1995,0,0,0,0,0,0,0,0,0,0
60221,0,1,1995,21,21,21,21,21,21,21,21,21,21
60221,1,1,1995,0,0,0,0,0,0,0,0,0,0
60222,1,1,1995,0,0,0,0,0,0,0,0,0,0
60223,1,1,1995,0,0,0,0,0,0,0,0,0,0
60223,2,1,1995,0,0,0,0,0,0,0,0,0,0
60224,0,1,1995,0,0,7,0,0,0,0,0,0,0
60224,1,1,1995,0,0,0,0,0,0,0,0,0,0
60225,1,1,1995,0,0,0,0,0,0,0,0,0,0
60225,2,1,1995,0,0,0,0,0,0,0,0,0,0
60226,1,1,1995,0,0,0,0,0,0,0,0,0,0
60227,1,1,1995,0,0,0,0,0,0,0,0,0,0
60228,1,1,1995,17,17,17,17,17,17,17,17,17,17
60229,0,1,1995,0,0,0,0,0,0,0,0,0,0
60229,1,1,1995,0,0,0,0,0,9,0,0,0,0
60230,1,1,1995,17,17,17,17,17,17,17,17,17,17
60230,2,1,1995,0,0,0,0,0,0,0,0,0,0
60231,1,1,1995,0,0,0,0,0,0,0,0,0,0
60231,2,1,1995,0,0,0,0,0,0,0,0,0,0
60232,0,1,1995,0,0,0,0,0,0,0,0,0,0
60232,1,1,1995,0,0,0,0,0,0,0,0,0,0
60233,0,1,1995,33,33,33,33,33,33,33,33,33,33
60233,1,1,1995,0,0,0,0,0,0,0,0,0,0
60234,0,1,1995,0,0,0,0,0,0,0,0,0,0
60234,1,1,1995,0,0,0,0,0,0,0,0,0,0
60235,0,1,1995,25,25,25,25,25,25,25,25,25,25
60235,1,1,1995,0,0,0,0,0,0,0,0,0,0
60235,2,1,1995,0,0,0,0,0,0,0,0,0,0
60236,0,1,1995,0,0,0,0,0,0,0,0,0,0
60236,1,1,1995,0,0,0,0,0,0,0,0,0,0
60237,0,1,1995,0,0,0,0,0,0,0,0,0,0
60237,1,1,1995,0,0,0,0,0,0,0,0,0,0
60237,2,1,1995,0,0,0,0,0,0,0,0,0,0
60238,1,1,1995,0,0,0,0,24,0,20,11,0,0
60239,0,1,1995,38,38,38,38,38,38,38,38,38,38
60239,1,1,1995,0,0,0,0,0,0,0,0,0,0
60240,1,1,1995,0,0,0,0,0,0,0,0,0,0
60241,0,1,1995,0,0,0,0,0,0,0,0,0,0
60241,1,1,1995,0,0,0,0,0,0,0,0,0,0
60242,1,1,1995,0,0,0,0,0,0,0,0,0,0
60242,2,1,1995,0,0,0,0,0,0,0,0,0,0
60242,3,1,1995,0,0,0,0,0,0,0,0,0,0
60243,1,1,1995,24,24,24,24,24,24,24,24,24,24
60244,1,1,1995,15,15,15,15,15,15,15,15,15,15
60244,2,1,1995,1,1,1,1,1,1,1,1,1,1
60245,1,1,1995,24,24,24,24,24,24,24,24,24,24
60246,1,1,1995,18,0,0,0,0,0,0,0,0,0
60246,2,1,1995,0,0,0,0,0,0,0,0,0,0
60246,3,1,1995,0,0,0,0,0,0,0,0,0,0
60247,0,1,1995,0,0,0,0,0,0,0,0,0,0
60247,1,1,1995,0,0,0,6,0,0,0,0,0,0
60248,1,1,1995,0,0,0,0,0,0,0,0,0,0
60248,2,1,1995,0,0,0,0,0,0,0,0,0,0
60249,0,1,1995,0,0,0,0,0,0,0,0,0,0
60249,0,2,1995,0,0,0,0,0,0,30,12,0,19
60249,1,1,1995,0,0,0,0,0,0,0,0,0,0
60250,1,1,1995,19,19,19,19,19,19,19,19,19,19
60250,2,1,1995,0,0,8,0,0,0,0,0,0,0
60251,1,1,1995,0,0,0,0,0,0,0,0,0,0
60251,2,1,1995,0,0,0,0,0,0,0,0,0,0
60252,1,1,1995,0,0,0,0,0,0,0,0,0,0
60253,1,1,1995,0,0,0,0,0,0,0,0,0,0
60254,1,1,1995,0,0,0,0,0,0,0,0,0,0
60255,1,1,1995,0,0,0,12,0,7,0,0,20,0
60255,2,1,1995,0,0,0,0,0,0,0,0,0,0
60256,1,1,1995,0,0,0,0,0,0,0,0,0,0
60256,2,1,1995,0,0,0,0,0,0,0,0,0,0
60257,1,1,1995,0,0,0,0,0,0,0,0,0,0
60258,1,1,1995,22,22,22,22,22,22,22,22,22,22
60259,0,1,1995,0,0,0,0,0,0,0,0,0,0
60259,1,1,1995,0,0,0,0,0,0,0,0,0,0
60260,1,1,1995,22,22,22,22,22,22,22,22,22,22