ST_CASE,VEH_NO,PER_NO,YEAR,P1,P2,P3,P4,P5,P6,P7,P8,P9,P10
60260,2,1,1995,0,22,0,0,0,0,0,0,0,0
60261,0,1,1995,0,0,0,0,0,0,0,0,0,0
60261,1,1,1995,0,0,0,0,0,0,0,0,0,9
60262,1,1,1995,20,20,20,20,20,20,20,20,20,20
60263,1,1,1995,11,11,11,11,11,11,11,11,11,11
60264,1,1,1995,0,0,0,0,0,0,0,0,0,0
60264,2,1,1995,0,0,0,0,16,0,0,0,0,0
60265,1,1,1995,0,0,0,0,0,0,0,0,0,0
60266,1,1,1995,0,0,0,0,0,0,0,0,0,0
60267,0,1,1995,0,0,0,0,0,0,0,0,0,0
60267,1,1,1995,0,0,0,0,0,0,0,0,0,0
60268,1,1,1995,12,12,12,12,12,12,12,12,12,12
60268,2,1,1995,0,0,0,0,0,0,0,0,0,0
60269,1,1,1995,13,13,13,13,13,13,13,13,13,13
60270,1,1,1995,0,0,0,0,0,0,0,0,0,0
60270,2,1,1995,0,0,0,0,0,0,0,0,0,0
60272,1,1,1995,0,0,0,0,0,0,0,18,0,0
60272,2,1,1995,0,0,0,0,0,0,0,0,0,0
60273,1,1,1995,22,22,22,22,22,22,22,22,22,22
60274,1,1,1995,36,36,36,36,36,36,36,36,36,36
60275,0,1,1995,0,0,0,0,0,0,0,0,0,0
60275,0,2,1995,0,0,0,0,0,0,0,0,0,0
60275,0,3,1995,0,0,0,13,0,0,13,0,0,0
60275,0,4,1995,0,26,0,23,0,0,0,0,22,7
60275,1,1,1995,0,0,0,0,0,0,0,0,0,0
60276,1,1,1995,0,0,0,0,0,0,0,0,0,0
60276,2,1,1995,0,0,0,0,0,0,0,0,0,0
60277,1,1,1995,0,0,0,0,0,0,0,0,0,0
60277,2,1,1995,0,0,0,0,0,0,0,0,0,0
60278,0,1,1995,0,0,0,0,0,0,0,0,0,0
60278,1,1,1995,0,0,0,0,0,0,0,0,0,0
60279,0,1,1995,0,0,0,0,0,0,0,0,0,0
60279,1,1,1995,0,0,0,0,0,0,0,0,0,0
60280,1,1,1995,35,35,35,35,35,35,35,35,35,35
60280,2,1,1995,0,0,0,0,0,0,0,0,0,0
60281,1,1,1995,0,0,0,0,0,0,0,0,0,0
60281,2,1,1995,0,0,0,0,0,0,0,0,0,0
60282,1,1,1995,0,0,0,0,0,0,0,0,0,0
60283,1,1,1995,30,30,30,30,30,30,30,30,30,30
60284,1,1,1995,0,0,0,0,25,0,0,0,0,0
60285,1,1,1995,0,0,0,0,0,0,0,0,0,0
60286,1,1,1995,0,9,19,0,27,22,13,12,20,16
60287,1,1,1995,0,0,0,0,0,0,0,0,0,0
60287,2,1,1995,0,0,0,0,0,0,0,0,0,0
60288,1,1,1995,27,27,27,27,27,27,27,27,27,27
60288,2,1,1995,6,0,0,0,0,0,0,0,0,0
60289,0,1,1995,12,25,23,12,0,0,24,0,0,20
60289,0,2,1995,0,0,0,0,8,0,0,0,7,0
60289,1,1,1995,0,0,0,0,0,0,0,0,0,0
60290,1,1,1995,14,14,14,14,14,14,14,14,14,14
60290,2,1,1995,0,0,0,0,0,0,0,0,0,0
60290,3,1,1995,0,0,0,0,0,0,0,0,0,0
60291,1,1,1995,0,0,0,0,0,0,0,0,0,13
60291,2,1,1995,0,0,0,0,0,0,0,0,0,0
60292,1,1,1995,0,0,0,0,0,0,0,0,21,0
60293,1,1,1995,15,15,15,15,15,15,15,15,15,15
60294,1,1,1995,22,22,22,22,22,22,22,22,22,22
60294,2,1,1995,0,0,0,0,10,0,7,0,7,0
60295,1,1,1995,0,0,0,0,0,0,0,0,0,0
60296,1,1,1995,9,9,9,9,9,9,9,9,9,9
60297,1,1,1995,0,0,0,0,0,0,0,0,0,0
60297,2,1,1995,0,0,0,0,0,0,0,0,0,0
60298,0,1,1995,0,0,0,0,0,0,0,0,0,0
60298,1,1,1995,0,0,0,0,0,0,0,0,0,0
60299,0,1,1995,0,0,0,0,0,0,0,0,0,0
60300,1,1,1995,0,0,0,0,0,0,0,0,0,0
60300,2,1,1995,0,0,0,0,0,0,0,0,0,0
60301,1,1,1995,0,0,0,0,0,0,0,0,0,0
60301,2,1,1995,0,0,0,0,8,0,0,0,0,0
60301,3,1,1995,0,0,0,0,0,0,0,21,0,0
60302,1,1,1995,22,22,22,22,22,22,22,22,22,22
60303,0,1,1995,0,23,0,0,0,0,0,0,0,41
60303,1,1,1995,0,0,0,0,0,0,0,0,0,0
60304,1,1,1995,0,0,0,0,0,0,0,0,0,0
60305,0,1,1995,0,0,0,0,0,0,0,0,0,0
60305,1,1,1995,18,18,18,18,18,18,18,18,18,18
60306,1,1,1995,0,0,0,0,0,0,0,0,0,0
60306,2,1,1995,0,0,0,0,0,0,0,0,0,0
60307,1,1,1995,0,0,0,0,0,0,0,0,0,0
60307,2,1,1995,0,0,0,0,0,0,0,0,0,0
60307,3,1,1995,0,0,0,0,0,0,0,0,0,0
60308,1,1,1995,0,0,0,0,0,0,0,0,0,0
60308,2,1,1995,0,0,0,0,0,0,0,0,0,0
60309,1,1,1995,1,1,1,1,1,1,1,1,1,1
60310,0,1,1995,0,0,0,0,0,0,0,0,0,0
60310,0,2,1995,0,0,0,0,0,0,0,0,0,0
60310,1,1,1995,0,0,0,0,0,0,0,0,0,0
60311,0,1,1995,24,24,24,24,24,24,24,24,24,24
60311,1,1,1995,12,30,0,31,0,0,0,0,0,0
60312,1,1,1995,25,25,25,25,25,25,25,25,25,25
60312,2,1,1995,0,0,0,0,0,0,0,0,0,0
60313,0,1,1995,0,0,0,0,0,0,0,0,0,0
60313,1,1,1995,0,0,0,0,0,0,0,0,0,0
60314,1,1,1995,0,0,0,0,0,0,0,0,0,0
60314,2,1,1995,0,0,0,0,0,0,0,0,0,0
60314,3,1,1995,0,0,0,0,0,0,0,0,0,0
60314,4,1,1995,0,0,0,0,0,0,0,0,0,0
60315,1,1,1995,8,8,8,8,8,8,8,8,8,8
60316,1,1,1995,0,0,0,0,0,0,0,0,0,0
60316,2,1,1995,0,0,0,0,0,0,0,0,0,0
60317,1,1,1995,0,0,0,0,0,0,0,0,0,0
60317,2,1,1995,0,0,0,0,0,0,0,0,0,0
60318,1,1,1995,28,28,28,28,28,28,28,28,28,28
60319,0,1,1995,35,35,35,35,35,35,35,35,35,35
60319,1,1,1995,1,1,1,1,1,1,1,1,1,1
60319,2,1,1995,20,3,0,0,15,0,0,19,0,0
60320,0,1,1995,23,23,23,23,23,23,23,23,23,23
60320,1,1,1995,9,9,24,0,15,12,17,31,24,0
60321,1,1,1995,18,18,18,18,18,18,18,18,18,18
60322,1,1,1995,0,0,0,0,0,0,0,0,0,0
60323,0,1,1995,0,0,0,0,0,0,0,0,0,0
60323,1,1,1995,0,0,0,0,0,0,0,0,0,0
60324,1,1,1995,20,20,20,20,20,20,20,20,20,20
60325,0,1,1995,0,0,0,0,0,0,0,0,0,0
60325,1,1,1995,0,0,0,0,0,0,0,0,0,0
60326,0,1,1995,0,0,0,0,0,0,0,0,0,0
60326,1,1,1995,0,0,0,0,0,0,0,0,0,0
60327,1,1,1995,34,0,21,14,15,6,0,0,13,0
60328,1,1,1995,20,20,20,20,20,20,20,20,20,20
60329,0,1,1995,5,5,5,5,5,5,5,5,5,5
60329,1,1,1995,6,27,25,17,16,0,9,0,0,0
60330,1,1,1995,0,0,0,0,0,0,0,0,0,0
60331,1,1,1995,0,0,0,0,0,0,0,0,0,0
60331,2,1,1995,0,0,0,0,0,0,0,0,0,0
60332,0,1,1995,0,0,0,0,0,0,0,0,0,0
60332,1,1,1995,0,0,0,0,0,0,0,0,0,11
60333,1,1,1995,0,0,16,0,0,0,0,0,0,0
60334,1,1,1995,0,16,0,0,0,0,0,0,0,0
60335,1,1,1995,22,22,22,22,22,22,22,22,22,22
60336,0,1,1995,0,0,0,0,0,0,0,0,0,0
60336,1,1,1995,0,0,0,0,0,0,0,0,0,0
60337,0,1,1995,19,19,19,19,19,19,19,19,19,19
60337,1,1,1995,4,4,4,4,4,4,4,4,4,4
60338,1,1,1995,0,0,0,0,0,0,0,0,0,0
60339,1,1,1995,0,0,0,6,0,0,0,0,0,0
60340,1,1,1995,0,0,0,0,0,0,0,0,0,0
60340,2,1,1995,0,0,0,0,0,0,0,0,0,0
60341,1,1,1995,0,0,0,0,0,0,0,0,0,0
60341,2,1,1995,0,0,0,0,0,0,0,0,0,0
60342,1,1,1995,5,5,5,5,5,5,5,5,5,5
60342,2,1,1995,0,0,0,0,0,0,0,0,0,0
60343,0,1,1995,0,0,0,0,0,0,0,0,0,0
60343,1,1,1995,0,0,0,0,0,0,0,0,0,0
60344,1,1,1995,13,13,13,13,13,13,13,13,13,13
60344,2,1,1995,0,0,0,0,0,0,0,0,0,0
60345,0,1,1995,0,0,0,0,0,0,0,0,0,0
60345,1,1,1995,0,0,0,0,0,0,0,0,0,0
60346,1,1,1995,0,0,0,0,0,0,0,0,0,0
60347,1,1,1995,7,7,7,7,7,7,7,7,7,7
60347,2,1,1995,0,0,0,0,0,0,0,0,0,0
60348,0,1,1995,0,0,0,0,0,0,0,0,0,0
60348,1,1,1995,0,0,0,0,0,0,0,0,0,0
60348,2,1,1995,10,0,0,0,0,0,0,0,10,0
60349,1,1,1995,0,0,0,0,0,0,0,0,0,0
60349,2,1,1995,0,0,0,0,0,0,0,0,0,0
60350,0,1,1995,0,0,0,0,0,0,0,0,0,0
60350,1,1,1995,0,0,0,0,0,0,0,0,0,0
60351,1,1,1995,5,5,5,5,5,5,5,5,5,5
60352,1,1,1995,0,0,0,0,0,0,0,0,0,0
60352,2,1,1995,0,0,0,0,0,0,0,0,0,0
60352,3,1,1995,0,0,0,0,0,0,0,0,0,0
60353,1,1,1995,6,6,6,6,6,6,6,6,6,6
60354,1,1,1995,0,0,0,0,0,0,0,0,0,0
60354,2,1,1995,0,0,0,0,0,0,30,0,0,0
60355,1,1,1995,0,0,0,0,0,0,0,0,0,0
60355,2,1,1995,0,0,0,0,0,0,0,0,0,0
60355,3,1,1995,0,0,0,0,0,0,0,0,0,0
60355,4,1,1995,0,0,0,0,0,0,0,0,0,0
60356,1,1,1995,0,0,0,0,0,0,0,0,0,0
60356,2,1,1995,3,3,3,3,3,3,3,3,3,3
60357,1,1,1995,0,0,0,0,0,0,0,0,0,0
60357,2,1,1995,0,0,0,0,0,0,0,0,0,0
60358,1,1,1995,0,0,0,0,0,0,0,19,0,0
60358,2,1,1995,0,0,0,0,0,0,0,0,0,20
60358,3,1,1995,0,0,0,0,0,0,0,0,0,0
60359,1,1,1995,0,0,0,0,0,0,0,0,0,0
60359,2,1,1995,21,0,0,0,0,0,0,0,0,0
60360,1,1,1995,0,0,0,0,0,0,0,0,0,0
60360,2,1,1995,0,0,0,0,0,0,0,0,0,0
60360,3,1,1995,0,0,0,0,0,0,0,0,0,0
60360,4,1,1995,0,0,0,0,0,0,0,0,0,0
60362,0,1,1995,0,0,0,0,0,0,0,0,0,0
60362,1,1,1995,0,0,0,0,0,0,0,0,0,0
60363,1,1,1995,0,0,0,0,0,0,0,0,0,0
60363,2,1,1995,13,18,15,3,24,19,14,8,6,0
60364,1,1,1995,0,0,0,0,0,0,0,0,0,0
60364,2,1,1995,0,0,0,0,0,0,0,0,14,0
60365,1,1,1995,0,0,0,0,0,0,0,0,0,0
60365,2,1,1995,0,0,0,0,0,0,0,0,0,0
60366,0,1,1995,0,0,0,0,0,0,0,0,0,0
60366,1,1,1995,0,0,0,0,0,0,0,0,0,0
60367,1,1,1995,0,0,0,0,0,0,0,0,0,0
60368,1,1,1995,0,22,0,0,30,22,0,0,0,0
60368,2,1,1995,0,0,0,0,0,0,0,0,0,0
60369,1,1,1995,0,0,0,0,0,0,0,0,9,0
60370,2,1,1995,0,0,0,0,0,0,0,0,0,0
60371,1,1,1995,13,13,13,13,13,13,13,13,13,13
60372,1,1,1995,0,0,0,0,0,0,0,0,0,0
60372,2,1,1995,0,0,0,0,0,0,0,0,0,0
60373,0,1,1995,0,0,0,0,0,0,0,0,0,0
60373,0,2,1995,0,0,0,0,0,0,0,0,0,0
60373,1,1,1995,0,0,0,0,0,0,0,0,0,0
60373,2,1,1995,0,0,0,0,0,0,0,0,4,0
60374,1,1,1995,0,0,0,0,0,0,0,0,0,0
60374,2,1,1995,0,0,0,0,0,0,0,0,0,0
60375,1,1,1995,0,0,0,0,0,0,0,0,0,0
60375,2,1,1995,0,0,0,0,0,0,0,0,0,0
60376,0,1,1995,0,0,0,0,0,0,0,0,0,0
60376,1,1,1995,0,0,0,0,0,0,0,0,0,0
60377,0,1,1995,0,0,0,0,0,0,0,0,0,0
60377,1,1,1995,0,0,0,0,0,0,0,0,0,0
60378,1,1,1995,0,24,20,17,7,0,0,12,10,0
60379,1,1,1995,0,2,0,0,0,0,0,0,0,0
60379,2,1,1995,0,0,0,0,0,0,0,0,0,0
60380,0,1,1995,0,0,0,0,0,0,0,0,0,0
60380,1,1,1995,13,26,15,24,17,13,0,24,0,37
60381,1,1,1995,7,7,7,7,7,7,7,7,7,7
60382,1,1,1995,0,0,0,0,0,0,0,0,0,0
60382,2,1,1995,17,0,0,0,0,0,0,0,0,0
60382,3,1,1995,0,0,0,0,0,0,0,0,0,0
60382,4,1,1995,0,0,0,0,8,0,0,0,0,0
60382,5,1,1995,0,0,0,0,0,0,0,7,0,0
60382,6,1,1995,3,0,0,0,0,0,0,0,0,0
60382,7,1,1995,0,0,0,0,0,0,0,0,0,0
60383,0,1,1995,0,0,0,0,0,0,0,0,0,0
60383,0,2,1995,0,0,0,0,0,0,0,0,0,0
60383,1,1,1995,0,0,0,0,0,0,0,0,0,0
60384,1,1,1995,21,21,21,21,21,21,21,21,21,21
60384,2,1,1995,0,0,6,0,0,14,0,0,4,0
60385,1,1,1995,31,31,31,31,31,31,31,31,31,31
60385,2,1,1995,17,17,17,17,17,17,17,17,17,17
60386,1,1,1995,15,15,15,15,15,15,15,15,15,15
60387,1,1,1995,7,7,7,7,7,7,7,7,7,7
60388,0,1,1995,0,0,0,0,23,0,0,21,0,0
60388,1,1,1995,0,0,0,0,0,0,0,0,0,0
60389,1,1,1995,0,0,0,0,0,0,0,0,0,0
60390,0,1,1995,0,0,0,0,0,0,0,0,0,0
60390,1,1,1995,0,0,0,0,0,0,0,0,0,0
60391,1,1,1995,0,0,0,0,0,0,0,0,0,0
60391,2,1,1995,3,3,3,3,3,3,3,3,3,3
60392,0,1,1995,35,35,35,35,35,35,35,35,35,35
60392,1,1,1995,0,22,23,0,20,0,0,0,20,0
60393,1,1,1995,19,19,19,19,19,19,19,19,19,19
60393,2,1,1995,0,0,0,0,0,0,0,0,0,0
60394,1,1,1995,10,10,10,10,10,10,10,10,10,10
60395,1,1,1995,0,0,0,0,0,0,0,0,0,0
60395,2,1,1995,0,18,0,0,0,0,0,0,0,0
60396,1,1,1995,0,0,0,0,0,0,0,0,0,0
60396,2,1,1995,0,0,0,0,0,0,0,0,0,0
60396,3,1,1995,0,0,0,0,0,6,0,0,0,21
60396,4,1,1995,0,0,0,0,0,0,0,0,0,0
60396,5,1,1995,0,0,0,0,0,0,0,0,0,0
60397,1,1,1995,0,0,0,0,0,0,0,0,0,0
60398,1,1,1995,0,0,0,0,0,0,0,0,0,0
60399,0,1,1995,4,4,4,4,4,4,4,4,4,4
60399,1,1,1995,0,0,0,0,0,0,0,0,0,0
60400,1,1,1995,0,0,0,0,0,0,0,0,0,0
60401,1,1,1995,0,0,0,0,0,0,0,0,0,0
60401,2,1,1995,21,21,21,21,21,21,21,21,21,21
60402,1,1,1995,0,0,0,0,0,0,0,0,0,0
60403,1,1,1995,36,36,36,36,36,36,36,36,36,36
60404,0,1,1995,11,11,11,11,11,11,11,11,11,11
60404,1,1,1995,0,0,0,0,0,0,0,0,0,9
60405,1,1,1995,11,11,11,11,11,11,11,11,11,11
60405,2,1,1995,0,0,0,0,0,0,0,0,0,0
60406,1,1,1995,0,0,0,0,0,0,0,0,0,0
60407,1,1,1995,13,13,13,13,13,13,13,13,13,13
60408,1,1,1995,18,18,18,18,18,18,18,18,18,18
60409,1,1,1995,0,0,0,0,0,0,0,0,0,0
60410,1,1,1995,0,0,0,0,0,0,0,0,0,0
60411,1,1,1995,15,15,15,15,15,15,15,15,15,15
60412,1,1,1995,0,0,0,0,0,0,0,0,0,0
60413,1,1,1995,28,28,28,28,28,28,28,28,28,28
60414,0,1,1995,0,0,0,0,0,0,0,0,0,0
60414,1,1,1995,0,0,19,0,0,0,0,0,0,0
60415,0,1,1995,11,11,11,11,11,11,11,11,11,11
60415,1,1,1995,14,14,14,14,14,14,14,14,14,14
60416,0,1,1995,0,0,0,0,0,0,0,0,0,0
60416,1,1,1995,0,0,0,0,0,0,10,0,0,0
60417,1,1,1995,0,0,0,0,0,0,0,0,0,0
60418,0,1,1995,0,0,0,0,0,0,0,0,0,0
60418,1,1,1995,0,0,0,0,0,0,0,0,0,0
60420,1,1,1995,13,0,0,0,0,0,0,0,0,0
60421,0,1,1995,0,0,0,0,0,0,0,0,0,0
60421,1,1,1995,0,0,0,0,0,0,0,0,0,0
60422,1,1,1995,0,0,0,0,0,0,0,0,0,0
60423,0,1,1995,0,0,0,0,0,0,0,0,0,0
60423,1,1,1995,0,0,0,0,0,0,0,0,0,0
60424,1,1,1995,23,23,23,23,23,23,23,23,23,23
60425,1,1,1995,10,10,10,10,10,10,10,10,10,10
60425,2,1,1995,0,0,0,0,0,0,0,0,0,0
60426,1,1,1995,0,0,0,0,0,0,0,0,0,0
60426,2,1,1995,2,2,2,2,2,2,2,2,2,2
60427,1,1,1995,15,15,15,15,15,15,15,15,15,15
60428,1,1,1995,24,24,24,24,24,24,24,24,24,24
60428,2,1,1995,0,0,0,0,0,0,0,0,0,0
60429,1,1,1995,0,0,0,0,0,0,0,0,0,0
60430,1,1,1995,0,0,0,0,0,0,0,0,0,0
60430,2,1,1995,11,15,25,20,0,0,9,7,14,23
60431,1,1,1995,0,0,0,0,0,0,0,0,0,0
60432,0,1,1995,0,0,0,0,0,0,0,0,0,0
60432,1,1,1995,0,0,0,0,0,0,0,0,0,0
60433,1,1,1995,0,0,0,0,0,0,0,0,0,0
60433,2,1,1995,0,0,0,0,0,0,0,0,0,0
60434,1,1,1995,26,26,26,26,26,26,26,26,26,26
60435,1,1,1995,0,0,0,0,0,0,0,0,0,0
60435,2,1,1995,11,0,0,0,0,0,0,0,0,0
60436,1,1,1995,4,4,4,4,4,4,4,4,4,4
60437,0,1,1995,0,0,0,0,0,0,0,0,0,0
60437,1,1,1995,0,0,0,0,0,0,0,0,0,0
60438,1,1,1995,0,0,0,0,0,0,0,0,0,0
60438,2,1,1995,0,0,0,0,0,0,0,0,0,0
60439,1,1,1995,0,0,0,0,0,0,0,0,0,0
60439,2,1,1995,0,0,0,0,0,0,0,0,0,0
60440,1,1,1995,20,20,20,20,20,20,20,20,20,20
60441,0,1,1995,0,12,0,0,0,0,0,0,0,0
60441,1,1,1995,30,0,0,0,0,0,0,0,0,2
60442,1,1,1995,0,0,0,0,0,0,0,0,0,0
60443,1,1,1995,31,31,31,31,31,31,31,31,31,31
60444,1,1,1995,0,0,0,0,0,0,0,0,0,0
60444,2,1,1995,0,0,0,0,0,0,0,0,0,0
60445,0,1,1995,0,0,0,0,0,0,0,0,0,0
60445,1,1,1995,0,0,0,0,0,0,0,0,0,0
60446,1,1,1995,24,24,24,24,24,24,24,24,24,24
60447,1,1,1995,0,0,17,0,0,0,14,0,0,0
60448,1,1,1995,0,0,0,0,0,0,0,0,0,0
60448,2,1,1995,0,0,0,0,0,0,0,0,0,0
60449,1,1,1995,0,0,0,0,0,0,0,0,0,0
60450,0,1,1995,0,39,0,28,0,0,0,0,0,0
60450,1,1,1995,0,0,0,0,0,0,0,0,0,0
60451,0,1,1995,11,11,11,11,11,11,11,11,11,11
60451,1,1,1995,0,0,0,0,0,0,0,0,0,0
60452,0,1,1995,0,0,0,0,0,0,0,0,0,0
60452,1,1,1995,0,0,0,0,0,0,0,0,0,0
60453,1,1,1995,3,0,0,0,20,0,0,23,0,17
60454,0,1,1995,14,14,14,14,14,14,14,14,14,14
60454,1,1,1995,12,12,12,12,12,12,12,12,12,12
60455,1,1,1995,12,12,12,12,12,12,12,12,12,12
60455,2,1,1995,0,0,0,0,0,0,0,0,9,0
60456,0,1,1995,0,0,0,0,0,0,0,0,0,0
60456,1,1,1995,12,0,0,3,7,11,9,8,5,20
60457,0,1,1995,0,0,0,0,0,0,0,0,0,0
60457,1,1,1995,0,0,0,0,0,0,0,0,0,0
60458,0,1,1995,0,0,0,0,0,0,0,0,0,0
60458,1,1,1995,23,23,23,23,23,23,23,23,23,23
60459,1,1,1995,16,16,16,16,16,16,16,16,16,16
60460,0,1,1995,33,33,33,33,33,33,33,33,33,33
60460,1,1,1995,0,0,0,0,0,0,0,0,0,0
60461,1,1,1995,19,19,19,19,19,19,19,19,19,19
60462,1,1,1995,20,20,20,20,20,20,20,20,20,20
60462,2,1,1995,0,0,0,0,0,0,0,0,0,0
60462,3,1,1995,0,0,0,0,0,0,0,0,0,0
60463,1,1,1995,0,0,0,0,0,0,0,0,0,8
60464,1,1,1995,0,0,0,0,0,0,0,0,0,0
60465,1,1,1995,0,0,0,0,0,0,0,0,0,0
60465,2,1,1995,2,2,2,2,2,2,2,2,2,2
60465,3,1,1995,0,0,0,0,0,0,0,0,0,0
60466,1,1,1995,19,19,19,19,19,19,19,19,19,19
60466,2,1,1995,0,0,0,0,0,0,0,0,0,0
60467,0,1,1995,2,2,2,2,2,2,2,2,2,2
60467,1,1,1995,0,0,0,0,0,0,0,0,0,0
60467,2,1,1995,0,0,15,39,0,0,0,0,0,18
60468,1,1,1995,21,21,21,21,21,21,21,21,21,21
60469,0,1,1995,0,0,0,0,0,0,0,0,0,0
60469,1,1,1995,0,0,0,0,0,0,0,0,0,14
60470,1,1,1995,28,28,28,28,28,28,28,28,28,28
60471,1,1,1995,14,14,14,14,14,14,14,14,14,14
60471,2,1,1995,0,0,0,0,0,0,0,0,0,0
60472,0,1,1995,1,1,1,1,1,1,1,1,1,1
60472,1,1,1995,0,0,0,0,13,0,0,0,0,0
60473,1,1,1995,26,26,26,26,26,26,26,26,26,26
60474,1,1,1995,8,8,8,8,8,8,8,8,8,8
60474,2,1,1995,10,0,0,0,0,0,0,0,0,0
60475,1,1,1995,0,0,0,0,0,0,0,0,0,0
60475,2,1,1995,0,0,0,0,0,0,0,0,0,0
60476,1,1,1995,0,0,0,0,0,0,0,0,0,0
60476,2,1,1995,0,0,0,0,0,0,0,0,0,0
60476,3,1,1995,0,0,0,0,0,0,0,0,0,0
60477,1,1,1995,0,0,0,0,0,0,0,0,0,0
60477,2,1,1995,0,0,0,0,0,0,0,0,0,0
60478,1,1,1995,0,0,0,0,0,0,0,0,0,0
60478,2,1,1995,0,0,0,0,0,0,0,0,0,0
60479,0,1,1995,0,0,0,0,0,0,0,0,0,0
60479,1,1,1995,0,0,0,0,0,0,0,0,0,0
60480,1,1,1995,0,0,0,0,0,0,0,0,0,0
60480,2,1,1995,0,0,0,0,0,0,0,0,0,0
60480,3,1,1995,0,8,0,0,0,0,0,20,0,0
60481,1,1,1995,0,0,0,0,0,0,0,0,0,0
60482,1,1,1995,16,16,16,16,16,16,16,16,16,16
60483,1,1,1995,24,24,24,24,24,24,24,24,24,24
60484,1,1,1995,0,12,0,0,0,0,0,0,0,0
60484,2,1,1995,0,0,0,0,0,0,0,0,0,0
60485,1,1,1995,0,0,0,0,0,0,0,0,0,0
60485,2,1,1995,0,0,0,0,0,0,0,0,0,0
60486,0,1,1995,0,0,0,0,0,0,0,0,0,0
60486,1,1,1995,0,0,0,0,0,0,0,0,0,0
60487,1,1,1995,0,0,0,0,0,0,0,0,0,0
60488,0,1,1995,0,0,0,0,0,0,0,0,0,0
60488,1,1,1995,20,20,20,20,20,20,20,20,20,20
60489,1,1,1995,0,0,0,0,0,0,0,0,0,0
60489,2,1,1995,0,0,0,0,0,0,0,0,0,0
60490,0,1,1995,0,0,0,0,0,0,0,0,0,0
60490,1,1,1995,0,0,0,0,0,0,0,0,0,0
60491,1,1,1995,13,13,13,13,13,13,13,13,13,13
60491,2,1,1995,0,0,0,0,0,0,0,0,0,0
60492,1,1,1995,16,16,16,16,16,16,16,16,16,16
60493,1,1,1995,30,30,30,30,30,30,30,30,30,30
60494,1,1,1995,24,24,24,24,24,24,24,24,24,24
60495,1,1,1995,16,16,16,16,16,16,16,16,16,16
60495,2,1,1995,0,0,0,0,0,0,0,0,0,0
60496,1,1,1995,0,0,0,0,0,0,0,0,0,0
60497,1,1,1995,0,0,0,0,0,0,0,0,0,0
60497,2,1,1995,0,0,19,0,0,0,0,0,0,0
60498,1,1,1995,0,0,0,0,0,0,0,0,0,0
60498,2,1,1995,0,0,0,15,0,0,0,0,0,0
60499,1,1,1995,0,0,0,0,0,0,0,0,0,0
60499,2,1,1995,0,0,0,0,0,0,0,0,0,0
60500,1,1,1995,0,0,0,0,0,0,0,0,0,0
60500,2,1,1995,0,0,0,0,0,0,0,0,0,0
60501,1,1,1995,0,0,0,0,0,0,0,0,0,0
60501,2,1,1995,0,0,0,0,0,0,0,0,0,0
60502,0,1,1995,0,0,0,0,0,0,0,0,0,0
60502,1,1,1995,0,0,0,0,0,0,0,0,0,0
60503,0,1,1995,0,0,0,0,0,0,0,0,0,0
60503,1,1,1995,0,0,0,0,0,0,0,0,0,0
60504,0,1,1995,24,24,24,24,24,24,24,24,24,24
60504,1,1,1995,0,0,0,0,0,0,0,0,0,0
60505,1,1,1995,0,0,0,0,0,0,0,0,0,0
60506,0,1,1995,0,0,0,0,0,0,0,0,0,0
60506,1,1,1995,0,0,0,0,0,6,0,0,0,0
60507,0,1,1995,0,0,0,0,0,0,0,0,0,0
60507,1,1,1995,0,15,0,0,0,0,0,0,0,14
60508,1,1,1995,0,0,0,0,0,0,0,0,0,0
60508,2,1,1995,0,0,0,0,0,0,0,0,0,0
60508,3,1,1995,0,0,0,0,0,0,0,0,0,0
60508,4,1,1995,0,0,0,0,0,0,0,0,0,0
60509,0,1,1995,0,0,0,0,0,0,0,0,0,0
60509,1,1,1995,0,0,0,0,0,0,0,0,0,0
60510,1,1,1995,0,0,0,0,0,0,0,0,0,0
60510,2,1,1995,0,0,0,0,0,0,0,0,0,0
60510,3,1,1995,0,0,0,0,0,0,0,0,0,0
60511,0,1,1995,0,0,0,0,0,0,0,0,0,0
60511,1,1,1995,0,0,0,0,0,0,0,0,0,0
60512,1,1,1995,0,0,0,0,0,0,0,0,0,11
60513,1,1,1995,0,0,0,0,0,0,0,0,0,0
60513,2,1,1995,0,0,0,0,0,0,0,0,0,0
60514,1,1,1995,0,0,0,0,0,0,0,0,0,0
60515,1,1,1995,0,0,0,0,0,0,0,0,0,0
60515,2,1,1995,0,0,0,0,0,0,0,0,0,0
60515,3,1,1995,0,0,0,0,0,0,0,0,0,0
60516,1,1,1995,0,0,0,0,0,0,0,0,0,0
60517,1,1,1995,34,34,34,34,34,34,34,34,34,34
60517,2,1,1995,0,0,0,0,0,0,0,0,0,0
60517,3,1,1995,0,0,0,0,0,0,0,0,0,0
60518,1,1,1995,0,0,0,0,0,0,0,0,0,0
60518,2,1,1995,0,0,0,0,0,0,0,0,0,0
60519,1,1,1995,0,0,0,0,0,0,0,0,0,0
60519,2,1,1995,0,0,0,0,0,0,0,0,0,0
60520,1,1,1995,0,0,0,0,0,0,0,0,0,0
60521,0,1,1995,0,0,0,0,0,0,0,0,0,0
60521,1,1,1995,0,0,0,0,0,0,15,0,0,0
60522,0,1,1995,10,10,10,10,10,10,10,10,10,10
60522,1,1,1995,14,14,14,14,14,14,14,14,14,14
60523,1,1,1995,0,0,0,0,0,0,0,0,0,0
60523,2,1,1995,0,0,0,0,0,0,0,0,0,0
60523,3,1,1995,0,0,0,0,0,0,0,0,0,0
60524,1,1,1995,0,0,0,0,0,0,0,0,0,0