ST_CASE,VEH_NO,PER_NO,YEAR,P1,P2,P3,P4,P5,P6,P7,P8,P9,P10
61050,1,1,1995,27,27,27,27,27,27,27,27,27,27
61051,1,1,1995,0,0,0,0,0,0,0,0,0,0
61051,2,1,1995,0,0,0,0,0,0,0,0,0,0
61052,1,1,1995,0,0,0,0,0,0,0,0,0,0
61052,2,1,1995,0,0,0,0,0,0,0,0,0,0
61053,0,1,1995,0,0,0,0,0,0,0,0,0,0
61053,1,1,1995,0,0,0,0,0,0,0,0,0,0
61054,1,1,1995,0,0,0,0,0,0,0,0,0,0
61054,2,1,1995,0,0,0,0,0,0,0,0,0,0
61055,1,1,1995,29,29,29,29,29,29,29,29,29,29
61056,1,1,1995,7,7,7,7,7,7,7,7,7,7
61057,1,1,1995,0,0,0,0,0,0,0,0,0,0
61057,2,1,1995,0,0,0,0,0,0,0,0,0,0
61058,1,1,1995,0,12,0,0,0,0,0,0,0,0
61058,2,1,1995,0,0,0,0,0,0,0,0,0,0
61059,1,1,1995,2,2,2,2,2,2,2,2,2,2
61059,2,1,1995,0,0,0,0,0,0,0,0,0,0
61060,1,1,1995,0,0,0,0,0,0,0,0,0,0
61060,2,1,1995,0,0,0,0,0,0,0,0,0,0
61061,1,1,1995,0,0,0,0,0,0,0,0,0,0
61061,2,1,1995,0,0,0,0,0,0,0,0,0,0
61061,3,1,1995,0,0,0,0,0,0,0,0,0,0
61062,1,1,1995,0,0,0,0,0,0,0,0,0,0
61062,2,1,1995,0,0,0,0,0,0,0,0,0,0
61063,0,1,1995,0,27,0,0,0,0,0,0,0,0
61063,1,1,1995,0,0,0,0,0,0,0,0,0,0
61064,1,1,1995,0,0,0,0,0,0,0,0,0,0
61064,2,1,1995,0,0,0,0,0,0,0,0,0,12
61065,1,1,1995,0,0,0,0,0,0,0,0,0,0
61066,1,1,1995,0,0,0,0,0,0,0,0,0,0
61066,2,1,1995,0,0,0,0,0,0,0,0,0,0
61067,1,1,1995,0,0,0,0,0,0,0,0,0,0
61067,2,1,1995,0,0,0,0,0,0,0,0,0,0
61068,0,1,1995,0,0,0,0,0,0,0,0,0,0
61068,1,1,1995,0,0,0,0,0,0,0,0,0,0
61069,1,1,1995,0,0,0,0,0,0,0,0,0,0
61070,1,1,1995,0,0,0,0,0,0,0,0,0,0
61070,2,1,1995,0,0,0,0,0,0,0,0,0,0
61071,1,1,1995,0,0,0,0,0,0,0,0,0,0
61071,2,1,1995,0,0,0,0,0,0,0,0,0,0
61072,1,1,1995,0,0,0,0,0,0,0,0,0,0
61072,2,1,1995,0,0,0,0,0,0,0,0,0,0
61072,3,1,1995,0,0,0,0,0,0,0,0,0,0
61073,1,1,1995,19,19,19,19,19,19,19,19,19,19
61073,2,1,1995,0,0,0,0,0,0,0,0,0,0
61074,1,1,1995,0,0,0,0,0,0,0,0,0,0
61074,2,1,1995,0,0,0,0,0,0,0,0,0,0
61074,3,1,1995,13,0,0,0,0,0,0,0,0,0
61075,0,1,1995,0,0,0,0,0,0,0,0,0,0
61075,1,1,1995,0,0,0,0,0,0,0,0,0,0
61076,1,1,1995,0,0,0,0,0,0,0,0,0,0
61076,2,1,1995,0,0,0,0,0,0,0,0,0,0
61077,1,1,1995,0,0,0,0,0,0,0,0,0,0
61077,2,1,1995,0,0,0,0,0,0,0,0,0,0
61078,1,1,1995,0,0,0,0,16,0,0,0,0,0
61078,2,1,1995,0,0,9,0,0,0,0,0,0,0
61079,1,1,1995,26,26,26,26,26,26,26,26,26,26
61079,2,1,1995,0,0,0,0,0,0,0,0,0,0
61080,1,1,1995,10,10,10,10,10,10,10,10,10,10
61081,1,1,1995,31,31,31,31,31,31,31,31,31,31
61082,0,1,1995,0,0,0,0,0,0,0,0,0,0
61082,1,1,1995,0,0,0,0,0,0,4,0,0,0
61083,1,1,1995,0,0,0,0,0,0,0,0,0,0
61083,2,1,1995,0,0,0,0,0,0,0,0,0,0
61084,1,1,1995,0,0,0,0,0,0,13,0,0,0
61084,2,1,1995,0,0,0,0,0,0,0,0,0,0
61085,0,1,1995,0,0,0,0,0,0,0,0,0,0
61085,1,1,1995,0,0,0,0,0,0,0,0,0,0
61086,0,1,1995,20,26,16,17,19,25,13,24,19,42
61086,1,1,1995,0,0,0,0,0,0,0,0,0,0
61087,0,1,1995,40,40,40,40,40,40,40,40,40,40
61087,1,1,1995,0,0,0,0,0,0,0,0,0,0
61088,1,1,1995,0,0,0,0,0,0,0,0,0,0
61088,2,1,1995,0,0,0,0,0,0,0,0,0,0
61089,1,1,1995,0,0,0,0,0,0,0,0,0,0
61089,2,1,1995,0,0,0,0,0,0,0,0,0,0
61090,0,1,1995,0,0,0,0,0,0,0,0,0,0
61090,1,1,1995,0,0,0,0,0,0,0,0,0,0
61091,1,1,1995,0,0,0,0,0,0,0,0,0,0
61092,0,1,1995,0,0,0,0,0,0,0,0,0,0
61092,1,1,1995,0,0,0,0,0,0,0,0,0,0
61093,1,1,1995,0,0,0,0,0,0,0,0,0,0
61094,1,1,1995,0,0,0,0,0,0,0,0,0,0
61094,2,1,1995,0,0,0,0,0,0,0,0,0,0
61095,1,1,1995,20,20,20,20,20,20,20,20,20,20
61096,1,1,1995,0,0,0,0,0,0,0,0,0,0
61097,1,1,1995,16,16,16,16,16,16,16,16,16,16
61098,1,1,1995,0,0,0,0,0,0,0,0,0,0
61098,2,1,1995,0,0,0,28,13,0,0,0,0,0
61099,1,1,1995,18,18,18,18,18,18,18,18,18,18
61100,1,1,1995,9,9,9,9,9,9,9,9,9,9
61101,1,1,1995,12,12,12,12,12,12,12,12,12,12
61101,2,1,1995,0,0,0,0,0,0,0,0,0,0
61102,0,1,1995,0,0,0,0,0,0,0,0,0,0
61102,1,1,1995,0,0,0,0,0,0,0,7,0,0
61103,0,1,1995,8,8,8,8,8,8,8,8,8,8
61103,0,2,1995,0,0,0,0,0,0,0,0,10,0
61103,1,1,1995,0,0,0,0,0,0,0,0,0,0
61104,1,1,1995,0,0,0,0,0,0,0,0,0,0
61104,2,1,1995,0,0,0,0,0,0,0,0,0,0
61105,1,1,1995,0,0,0,0,0,0,0,0,0,0
61105,2,1,1995,0,0,0,0,0,0,0,0,0,0
61106,0,1,1995,0,0,0,0,0,0,0,0,0,0
61106,1,1,1995,0,0,0,0,0,0,0,0,0,0
61107,0,1,1995,0,0,0,0,0,0,0,0,0,0
61107,1,1,1995,0,0,0,0,0,0,0,0,0,0
61108,1,1,1995,0,0,0,0,12,0,0,0,0,0
61109,1,1,1995,0,0,0,0,0,0,0,0,0,0
61109,2,1,1995,0,0,0,0,0,0,0,0,0,0
61109,3,1,1995,0,0,0,0,0,0,0,0,0,0
61110,1,1,1995,12,12,12,12,12,12,12,12,12,12
61110,2,1,1995,17,17,17,17,17,17,17,17,17,17
61111,0,1,1995,0,0,0,0,0,0,0,0,0,0
61111,1,1,1995,0,0,0,0,0,0,0,0,0,0
61112,1,1,1995,5,5,5,5,5,5,5,5,5,5
61112,2,1,1995,0,0,0,0,0,0,0,0,0,0
61113,1,1,1995,0,0,0,0,0,0,0,0,0,0
61113,2,1,1995,0,0,0,0,0,0,0,0,0,0
61114,1,1,1995,22,22,22,22,22,22,22,22,22,22
61114,2,1,1995,0,0,0,0,0,0,0,0,0,0
61115,1,1,1995,0,0,0,0,0,0,0,0,0,0
61116,1,1,1995,0,0,0,0,12,0,0,0,0,0
61116,2,1,1995,0,0,0,0,0,0,0,0,0,0
61117,1,1,1995,0,0,0,0,0,0,0,0,0,0
61117,2,1,1995,0,0,0,0,0,0,0,0,0,0
61118,1,1,1995,0,0,0,0,0,0,0,0,0,0
61119,1,1,1995,0,0,0,0,0,0,0,0,0,0
61119,2,1,1995,0,0,0,0,0,0,0,0,0,0
61119,3,1,1995,0,0,0,0,0,0,0,0,0,0
61120,1,1,1995,0,0,0,0,0,0,0,0,0,0
61120,2,1,1995,0,0,0,0,0,0,0,0,0,0
61121,1,1,1995,0,0,0,0,0,0,0,0,0,0
61121,2,1,1995,0,0,0,0,0,0,0,0,0,0
61122,0,1,1995,11,11,11,11,11,11,11,11,11,11
61122,1,1,1995,0,0,0,0,0,0,0,0,0,0
61123,1,1,1995,31,31,31,31,31,31,31,31,31,31
61124,0,1,1995,11,11,11,11,11,11,11,11,11,11
61124,1,1,1995,0,0,0,0,0,0,0,0,0,0
61125,1,1,1995,11,11,11,11,11,11,11,11,11,11
61125,2,1,1995,0,0,0,0,0,0,0,0,0,0
61126,1,1,1995,16,18,0,10,6,10,12,0,0,11
61127,1,1,1995,19,19,19,19,19,19,19,19,19,19
61127,2,1,1995,0,0,0,0,0,0,0,0,0,0
61128,1,1,1995,0,0,0,0,0,0,0,0,0,0
61129,1,1,1995,16,16,16,16,16,16,16,16,16,16
61130,1,1,1995,23,23,23,23,23,23,23,23,23,23
61130,2,1,1995,0,0,0,0,0,0,0,0,0,0
61131,1,1,1995,0,0,0,0,0,0,0,0,2,5
61131,2,1,1995,1,1,1,1,1,1,1,1,1,1
61132,1,1,1995,0,28,0,0,0,0,0,0,0,0
61132,2,1,1995,0,0,0,0,0,0,0,0,0,0
61133,1,1,1995,24,24,24,24,24,24,24,24,24,24
61134,1,1,1995,0,0,0,0,0,0,0,0,0,0
61135,0,1,1995,22,22,22,22,22,22,22,22,22,22
61135,1,1,1995,0,0,0,0,0,0,0,0,0,0
61136,1,1,1995,0,12,0,0,0,0,0,0,19,0
61137,1,1,1995,22,22,22,22,22,22,22,22,22,22
61137,2,1,1995,0,0,0,0,0,0,0,0,0,0
61138,1,1,1995,0,0,25,21,0,0,0,0,21,0
61139,1,1,1995,0,0,0,0,0,0,0,0,0,0
61139,2,1,1995,0,0,0,0,0,0,0,0,0,0
61140,1,1,1995,5,5,5,5,5,5,5,5,5,5
61141,1,1,1995,28,28,28,28,28,28,28,28,28,28
61141,2,1,1995,0,0,0,0,0,0,0,0,0,0
61142,1,1,1995,14,14,14,14,14,14,14,14,14,14
61142,2,1,1995,0,0,0,0,0,0,0,0,0,0
61143,1,1,1995,0,0,0,0,0,0,0,0,0,0
61144,1,1,1995,16,16,16,16,16,16,16,16,16,16
61145,1,1,1995,0,0,0,0,8,0,0,0,0,0
61146,0,1,1995,18,28,25,0,19,6,0,14,13,14
61146,0,2,1995,7,19,25,0,38,13,19,16,22,24
61146,3,1,1995,0,0,0,0,0,0,9,0,0,0
61147,0,1,1995,0,0,0,0,0,0,0,0,0,0
61147,1,1,1995,0,0,0,0,0,24,35,0,0,9
61148,0,1,1995,20,20,20,20,20,20,20,20,20,20
61148,1,1,1995,0,0,0,17,0,0,0,0,0,0
61149,1,1,1995,0,0,0,0,0,0,0,0,0,0
61149,2,1,1995,0,0,0,0,0,0,0,0,0,0
61150,1,1,1995,0,0,0,0,0,0,0,0,0,0
61150,2,1,1995,0,0,0,0,0,0,0,0,0,0
61151,1,1,1995,0,0,0,0,0,0,0,0,0,0
61152,1,1,1995,11,11,11,11,11,11,11,11,11,11
61152,2,1,1995,0,0,0,0,0,0,0,0,0,0
61153,1,1,1995,19,19,19,19,19,19,19,19,19,19
61154,1,1,1995,6,6,6,6,6,6,6,6,6,6
61155,1,1,1995,0,0,0,0,0,0,0,0,0,0
61155,2,1,1995,0,0,0,0,0,0,0,0,0,0
61156,1,1,1995,12,12,12,12,12,12,12,12,12,12
61157,1,1,1995,16,16,16,16,16,16,16,16,16,16
61158,1,1,1995,0,0,0,0,0,0,0,0,0,0
61158,2,1,1995,0,0,0,0,0,0,0,0,0,0
61159,0,1,1995,0,0,0,0,0,0,0,0,0,0
61159,1,1,1995,0,0,0,0,0,0,0,0,0,0
61160,0,1,1995,11,11,11,11,11,11,11,11,11,11
61160,1,1,1995,23,0,4,0,0,0,0,0,0,39
61160,2,1,1995,0,0,0,0,0,0,0,0,0,0
61161,1,1,1995,23,23,23,23,23,23,23,23,23,23
61161,2,1,1995,0,0,0,0,2,0,0,0,8,0
61162,1,1,1995,24,24,24,24,24,24,24,24,24,24
61162,2,1,1995,0,0,0,0,12,0,0,0,0,0
61163,1,1,1995,0,0,0,0,0,0,0,0,0,0
61164,1,1,1995,8,8,8,8,8,8,8,8,8,8
61165,1,1,1995,0,0,0,0,0,0,0,0,0,0
61166,0,1,1995,0,0,0,0,0,0,0,0,0,0
61166,1,1,1995,0,0,22,0,0,0,17,10,0,0
61167,1,1,1995,23,23,23,23,23,23,23,23,23,23
61168,1,1,1995,8,8,8,8,8,8,8,8,8,8
61169,1,1,1995,5,5,5,5,5,5,5,5,5,5
61170,1,1,1995,21,21,21,21,21,21,21,21,21,21
61171,0,1,1995,0,0,0,0,0,0,0,0,0,0
61171,1,1,1995,0,0,0,0,0,0,0,0,0,0
61172,1,1,1995,0,0,0,0,0,0,0,0,0,0
61173,1,1,1995,0,0,0,0,0,0,0,0,0,0
61173,2,1,1995,0,0,0,0,0,0,0,0,0,0
61174,1,1,1995,22,22,22,22,22,22,22,22,22,22
61175,1,1,1995,0,0,0,0,0,0,0,0,0,0
61175,2,1,1995,0,0,0,0,0,0,0,0,0,0
61176,1,1,1995,0,0,0,0,0,0,0,0,0,0
61176,2,1,1995,0,0,0,0,0,0,0,0,0,0
61177,0,1,1995,0,0,0,0,0,0,0,0,0,0
61177,1,1,1995,0,0,0,0,0,0,0,0,0,0
61178,1,1,1995,0,0,0,0,0,0,0,0,0,0
61178,2,1,1995,0,0,15,0,0,0,7,0,0,0
61179,1,1,1995,0,0,0,0,0,0,0,0,0,0
61179,2,1,1995,0,0,0,0,0,0,0,0,0,0
61180,0,1,1995,0,0,0,0,0,0,0,0,0,0
61180,1,1,1995,6,0,0,0,0,0,0,0,0,0
61181,1,1,1995,0,21,0,12,0,0,0,0,0,0
61182,1,1,1995,10,10,10,10,10,10,10,10,10,10
61183,0,1,1995,0,0,0,0,0,0,0,0,0,0
61183,1,1,1995,19,19,19,19,19,19,19,19,19,19
61184,1,1,1995,0,0,0,0,0,0,0,0,0,0
61184,2,1,1995,6,0,11,0,0,0,4,0,0,0
61185,1,1,1995,0,0,0,0,0,0,0,0,0,0
61186,1,1,1995,0,0,0,0,0,0,0,0,0,0
61186,2,1,1995,0,0,0,0,0,0,0,0,0,0
61186,3,1,1995,0,0,0,0,0,0,0,0,0,0
61187,1,1,1995,0,0,0,0,0,0,0,0,0,0
61188,1,1,1995,3,3,3,3,3,3,3,3,3,3
61188,2,1,1995,0,0,0,0,0,0,0,0,0,0
61189,1,1,1995,0,0,0,0,0,0,0,0,0,0
61190,1,1,1995,0,0,0,0,0,0,0,0,0,0
61191,0,1,1995,29,29,29,29,29,29,29,29,29,29
61191,1,1,1995,0,17,0,0,0,0,0,39,0,0
61192,0,1,1995,0,0,0,0,0,0,0,0,0,0
61192,1,1,1995,0,0,0,0,0,0,0,0,0,0
61193,1,1,1995,2,2,2,2,2,2,2,2,2,2
61193,2,1,1995,0,0,0,0,0,0,0,0,0,0
61194,1,1,1995,16,16,16,16,16,16,16,16,16,16
61195,1,1,1995,0,0,0,0,0,0,0,0,0,0
61196,1,1,1995,0,0,0,0,0,0,0,0,0,0
61196,2,1,1995,0,0,0,0,0,0,0,0,0,0
61197,0,1,1995,0,0,0,0,0,0,0,0,0,0
61197,0,2,1995,0,0,0,0,20,10,0,27,21,6
61197,2,1,1995,0,0,0,0,0,0,0,0,0,0
61198,1,1,1995,0,0,0,0,0,0,0,0,0,0
61199,1,1,1995,0,0,0,0,0,0,0,0,0,0
61199,2,1,1995,0,0,0,0,0,0,0,0,0,0
61199,3,1,1995,0,0,0,0,0,0,0,0,0,0
61200,1,1,1995,0,0,0,0,0,0,0,0,0,0
61200,2,1,1995,0,0,0,0,0,0,0,0,0,0
61201,1,1,1995,0,0,0,0,0,0,0,0,0,0
61201,2,1,1995,0,0,0,0,0,0,0,0,0,0
61202,1,1,1995,19,19,19,19,19,19,19,19,19,19
61203,0,1,1995,0,0,0,0,0,0,0,0,0,0
61203,1,1,1995,0,0,0,0,0,0,0,0,0,0
61204,1,1,1995,0,0,0,0,0,0,0,0,0,0
61205,1,1,1995,19,19,19,19,19,19,19,19,19,19
61205,2,1,1995,0,0,0,0,0,0,0,0,0,0
61206,0,1,1995,1,1,1,1,1,1,1,1,1,1
61207,1,1,1995,33,10,0,0,15,0,14,11,0,11
61208,1,1,1995,0,0,0,0,0,0,0,0,0,0
61208,2,1,1995,0,0,0,0,0,0,0,0,0,0
61209,1,1,1995,0,0,0,0,0,0,0,0,0,0
61209,2,1,1995,0,0,0,0,0,0,0,0,0,0
61210,1,1,1995,0,0,0,0,0,0,0,0,0,0
61210,2,1,1995,0,0,0,0,0,0,0,0,0,0
61211,1,1,1995,0,0,0,0,0,0,0,0,0,0
61211,2,1,1995,0,0,0,0,0,0,0,0,0,0
61212,1,1,1995,0,0,0,0,0,0,0,0,0,0
61212,2,1,1995,0,0,0,0,0,0,0,0,0,0
61213,0,1,1995,0,0,0,0,0,0,0,0,0,0
61213,1,1,1995,0,0,0,0,0,0,0,0,0,0
61214,0,1,1995,0,0,0,0,0,0,0,0,0,0
61214,1,1,1995,0,0,0,0,0,0,0,0,0,0
61215,1,1,1995,0,0,0,0,0,0,0,0,0,0
61216,1,1,1995,0,0,0,0,0,0,0,0,0,0
61217,1,1,1995,0,0,0,0,0,0,0,0,0,0
61217,2,1,1995,0,0,0,0,0,0,0,0,0,0
61218,0,1,1995,0,0,0,0,0,0,0,0,0,0
61218,1,1,1995,0,0,0,0,0,0,0,0,0,0
61219,1,1,1995,0,0,0,0,0,0,0,0,0,0
61219,2,1,1995,0,0,0,0,0,0,0,0,0,0
61220,1,1,1995,0,0,0,0,0,0,0,0,0,0
61221,1,1,1995,0,0,0,0,0,0,0,16,0,0
61222,1,1,1995,0,0,0,0,0,0,0,0,0,0
61222,2,1,1995,0,0,0,0,0,0,0,0,0,0
61223,1,1,1995,6,6,6,6,6,6,6,6,6,6
61223,2,1,1995,0,0,0,0,0,0,0,0,0,0
61224,0,1,1995,0,0,0,0,0,0,0,0,0,0
61224,1,1,1995,0,0,0,0,0,0,0,0,0,0
61225,1,1,1995,0,0,0,0,0,0,0,0,0,0
61225,2,1,1995,0,0,0,0,0,0,0,0,0,0
61226,1,1,1995,0,0,0,0,0,0,0,0,0,0
61227,0,1,1995,19,19,19,19,19,19,19,19,19,19
61227,1,1,1995,16,16,16,16,16,16,16,16,16,16
61228,1,1,1995,13,13,13,13,13,13,13,13,13,13
61229,1,1,1995,0,0,0,0,0,0,0,0,0,0
61230,1,1,1995,0,0,0,0,0,0,0,0,0,0
61231,1,1,1995,17,17,17,17,17,17,17,17,17,17
61232,0,1,1995,0,0,0,0,0,0,0,0,0,0
61232,1,1,1995,0,0,0,0,0,0,0,0,0,0
61233,1,1,1995,0,0,15,12,0,0,0,10,11,0
61233,2,1,1995,0,0,0,0,0,0,0,0,0,0
61233,3,1,1995,0,0,0,0,0,0,0,0,0,0
61234,0,1,1995,26,34,0,0,8,15,21,33,26,34
61234,1,1,1995,0,0,0,0,0,0,0,0,0,0
61235,0,1,1995,0,0,0,0,0,0,0,0,0,0
61235,1,1,1995,0,0,0,0,0,0,0,0,0,0
61236,1,1,1995,0,0,0,0,0,0,0,0,0,0
61236,2,1,1995,7,7,7,7,7,7,7,7,7,7
61236,3,1,1995,0,0,0,0,0,0,0,0,0,0
61237,1,1,1995,0,0,0,0,0,0,0,0,0,0
61237,2,1,1995,0,0,0,0,13,0,0,0,0,0
61237,3,1,1995,0,0,0,0,0,0,0,0,0,0
61237,4,1,1995,15,0,0,24,0,0,18,0,0,0
61238,1,1,1995,19,19,19,19,19,19,19,19,19,19
61239,1,1,1995,57,18,0,11,16,0,24,17,21,22
61240,1,1,1995,0,0,0,0,0,0,0,0,0,0
61241,1,1,1995,0,0,0,0,0,0,0,0,0,0
61241,2,1,1995,0,0,0,0,0,0,0,0,0,0
61242,1,1,1995,0,0,14,0,0,0,0,0,0,0
61243,1,1,1995,22,22,22,22,22,22,22,22,22,22
61243,2,1,1995,0,0,0,0,0,0,0,0,0,0
61244,1,1,1995,14,0,0,0,0,0,0,0,0,0
61245,1,1,1995,0,0,0,0,0,0,0,0,0,0
61245,2,1,1995,0,0,0,0,0,0,0,16,0,0
61245,3,1,1995,0,0,0,0,0,0,0,0,0,0
61246,0,1,1995,0,0,0,0,0,0,0,0,0,0
61246,0,2,1995,5,0,6,0,11,33,0,0,0,0
61246,1,1,1995,14,0,0,27,23,22,9,15,22,22
61247,1,1,1995,14,14,14,14,14,14,14,14,14,14
61248,1,1,1995,0,0,0,0,0,0,0,0,0,0
61249,1,1,1995,16,16,16,16,16,16,16,16,16,16
61249,2,1,1995,0,0,0,0,0,9,0,0,0,0
61249,3,1,1995,0,0,0,0,0,0,0,0,0,0
61250,1,1,1995,3,3,3,3,3,3,3,3,3,3
61251,1,1,1995,17,17,17,17,17,17,17,17,17,17
61251,2,1,1995,0,0,0,0,0,0,0,0,0,0
61252,1,1,1995,0,0,0,0,0,0,0,0,0,0
61253,1,1,1995,0,0,0,0,0,0,0,0,0,0
61253,2,1,1995,0,0,0,0,0,0,0,0,0,0
61254,1,1,1995,0,0,0,0,0,0,0,0,0,0
61254,2,1,1995,0,0,0,0,0,0,44,0,0,0
61255,1,1,1995,22,22,22,22,22,22,22,22,22,22
61256,1,1,1995,0,0,0,0,0,0,0,0,0,0
61257,1,1,1995,23,23,23,23,23,23,23,23,23,23
61258,1,1,1995,27,27,27,27,27,27,27,27,27,27
61259,0,1,1995,0,0,0,0,0,0,0,0,0,0
61259,1,1,1995,0,0,0,0,0,0,0,0,0,0
61260,1,1,1995,0,0,0,0,0,0,0,0,0,0
61260,2,1,1995,0,0,0,0,0,0,0,0,0,0
61261,0,1,1995,0,0,0,0,0,0,0,0,0,0
61261,1,1,1995,0,0,0,10,0,0,0,0,0,0
61262,1,1,1995,17,17,17,17,17,17,17,17,17,17
61262,2,1,1995,0,0,0,0,0,0,0,0,0,0
61263,0,1,1995,23,34,24,14,16,26,37,33,26,19
61263,1,1,1995,14,15,22,8,22,19,6,18,16,3
61264,1,1,1995,35,0,7,0,9,16,0,15,14,0
61265,1,1,1995,17,17,17,17,17,17,17,17,17,17
61266,1,1,1995,10,10,10,10,10,10,10,10,10,10
61267,1,1,1995,10,10,10,10,10,10,10,10,10,10
61268,1,1,1995,18,16,7,11,31,17,38,30,28,18
61269,1,1,1995,13,13,13,13,13,13,13,13,13,13
61270,0,1,1995,0,0,0,0,0,0,0,0,0,0
61270,1,1,1995,0,0,0,23,11,0,12,0,0,0
61270,2,1,1995,0,0,0,0,0,0,0,0,0,0
61270,3,1,1995,0,0,0,0,0,0,0,0,0,0
61270,4,1,1995,0,0,0,0,0,0,0,0,0,0
61270,5,1,1995,0,0,0,0,0,0,0,0,0,0
61271,1,1,1995,0,0,0,0,0,0,0,0,0,0
61272,0,1,1995,0,0,0,0,0,0,0,0,0,0
61272,0,2,1995,0,0,0,0,0,0,0,0,0,0
61272,0,3,1995,0,0,0,0,0,0,0,0,0,0
61272,1,1,1995,11,11,11,11,11,11,11,11,11,11
61273,1,1,1995,0,0,0,0,0,0,0,0,0,0
61273,2,1,1995,13,13,13,13,13,13,13,13,13,13
61274,1,1,1995,25,25,25,25,25,25,25,25,25,25
61275,1,1,1995,0,0,0,0,0,0,0,0,0,0
61276,1,1,1995,0,0,0,0,0,0,0,0,0,0
61277,0,1,1995,34,0,22,8,28,5,0,20,13,17
61277,1,1,1995,0,0,0,0,0,0,0,0,0,0
61278,1,1,1995,10,10,10,10,10,10,10,10,10,10
61278,2,1,1995,0,0,0,0,0,0,0,0,0,0
61280,1,1,1995,0,0,0,0,0,0,0,0,0,0
61281,1,1,1995,0,0,0,0,0,0,0,0,0,0
61281,2,1,1995,0,0,0,0,0,0,0,0,0,0
61282,1,1,1995,0,0,0,0,0,0,0,0,0,0
61283,1,1,1995,0,0,0,0,0,0,0,0,0,0
61284,1,1,1995,0,0,0,0,0,0,0,0,0,0
61285,1,1,1995,0,0,0,0,0,0,0,0,0,0
61285,2,1,1995,0,0,0,0,0,0,0,0,0,0
61286,1,1,1995,0,0,0,0,0,0,0,0,0,0
61286,2,1,1995,0,0,0,0,0,0,0,0,0,0
61287,1,1,1995,25,25,25,25,25,25,25,25,25,25
61287,2,1,1995,0,0,0,0,0,0,0,0,0,0
61288,0,1,1995,6,6,6,6,6,6,6,6,6,6
61288,1,1,1995,0,6,22,9,27,9,21,18,10,0
61289,1,1,1995,24,24,24,24,24,24,24,24,24,24
61290,1,1,1995,28,28,28,28,28,28,28,28,28,28
61290,2,1,1995,0,0,0,0,0,0,0,0,0,0
61291,0,1,1995,0,0,0,0,0,0,0,0,0,0
61291,1,1,1995,0,0,0,0,0,0,0,0,0,0
61292,1,1,1995,22,9,7,7,9,0,12,19,13,0
61293,0,1,1995,0,0,0,0,0,0,0,0,0,0
61293,0,2,1995,7,0,14,35,13,16,24,21,11,0
61293,1,1,1995,27,0,0,0,0,0,0,24,7,0
61294,1,1,1995,27,27,27,27,27,27,27,27,27,27
61294,2,1,1995,0,0,0,0,0,0,0,18,0,0
61295,1,1,1995,0,0,0,0,0,0,0,0,0,0
61296,1,1,1995,0,0,0,0,0,0,0,0,0,0
61296,2,1,1995,0,0,0,0,0,14,0,0,0,0
61297,0,1,1995,0,0,0,0,0,0,0,0,0,0
61297,1,1,1995,0,0,0,0,0,0,0,0,0,0
61298,1,1,1995,0,0,0,0,0,0,0,0,0,0
61298,2,1,1995,0,0,0,0,0,0,0,0,0,0
61299,1,1,1995,0,0,0,0,0,0,0,0,0,0
61300,0,1,1995,0,0,0,0,0,0,0,0,0,0
61300,1,1,1995,0,0,0,0,0,0,0,0,0,0
61301,1,1,1995,0,0,0,0,0,0,0,0,0,0
61302,1,1,1995,0,6,0,0,0,0,0,0,30,0
61302,2,1,1995,0,0,0,0,0,0,0,0,0,0
61302,3,1,1995,0,0,0,0,0,0,0,0,0,0
61303,1,1,1995,0,0,0,0,0,0,0,0,0,0
61303,2,1,1995,0,0,0,0,0,0,2,4,0,0
61304,1,1,1995,13,13,13,13,13,13,13,13,13,13
61305,1,1,1995,0,0,0,0,0,0,0,0,0,0
61305,2,1,1995,0,0,0,0,0,0,0,0,0,0
61306,0,1,1995,10,14,0,0,0,9,0,0,4,0
61306,1,1,1995,0,0,0,0,0,0,0,0,0,0
61307,1,1,1995,0,0,0,0,0,12,0,0,0,0
61308,0,1,1995,32,32,32,32,32,32,32,32,32,32
61308,1,1,1995,0,0,0,0,0,0,0,0,0,24
61309,1,1,1995,0,16,0,0,0,0,0,0,29,25
61310,1,1,1995,7,7,7,7,7,7,7,7,7,7
61310,2,1,1995,0,0,0,0,0,0,0,43,0,0
61310,3,1,1995,0,0,0,0,0,0,0,0,0,0
61311,0,1,1995,0,0,0,0,0,0,0,0,0,0
61311,1,1,1995,0,0,0,0,0,0,0,0,0,0
61312,1,1,1995,0,0,0,0,0,0,0,0,0,0
61312,2,1,1995,0,0,0,0,0,0,0,0,0,0
61313,1,1,1995,0,0,0,0,0,0,0,0,0,0
61313,2,1,1995,0,0,0,0,0,0,0,0,0,0
61313,3,1,1995,0,0,0,0,0,0,0,0,0,0
61314,1,1,1995,0,0,0,0,0,0,0,0,0,0
61315,1,1,1995,0,0,0,0,0,0,0,0,0,0
61315,2,1,1995,0,0,12,0,0,0,0,0,0,0
61316,1,1,1995,0,0,0,0,0,0,0,0,0,0
61316,2,1,1995,0,0,0,0,0,0,0,0,0,0
61317,1,1,1995,2,2,2,2,2,2,2,2,2,2
61317,2,1,1995,0,11,0,0,0,0,0,0,0,0
61318,1,1,1995,0,0,0,0,0,0,0,0,0,0
61319,1,1,1995,0,0,0,0,0,0,0,0,0,0
61319,2,1,1995,0,0,0,0,0,0,0,0,0,0
61320,1,1,1995,26,26,26,26,26,26,26,26,26,26
61320,2,1,1995,0,0,0,0,17,17,0,0,0,22