ST_CASE,VEH_NO,PER_NO,YEAR,P1,P2,P3,P4,P5,P6,P7,P8,P9,P10
61320,3,1,1995,7,0,0,7,0,10,0,0,0,0
61321,1,1,1995,6,6,6,6,6,6,6,6,6,6
61322,0,1,1995,0,0,0,0,0,0,0,0,0,0
61322,1,1,1995,0,0,0,0,0,0,0,0,0,0
61323,1,1,1995,0,5,0,0,0,0,0,0,0,0
61323,2,1,1995,0,0,0,0,0,0,0,0,0,0
61324,1,1,1995,0,0,0,0,0,0,0,0,0,0
61324,2,1,1995,0,0,0,0,0,0,0,0,0,0
61325,1,1,1995,0,0,0,0,0,0,0,0,0,0
61325,2,1,1995,0,0,0,0,0,0,0,0,0,0
61326,0,1,1995,33,33,33,33,33,33,33,33,33,33
61326,1,1,1995,0,0,0,0,0,0,0,0,0,0
61327,1,1,1995,14,14,14,14,14,14,14,14,14,14
61328,1,1,1995,0,0,0,0,0,0,0,0,0,0
61328,2,1,1995,0,0,0,0,0,0,0,0,0,0
61329,1,1,1995,14,0,11,0,0,0,0,0,17,0
61329,2,1,1995,0,0,0,0,0,0,0,0,0,0
61330,1,1,1995,8,32,10,0,3,9,17,0,0,12
61331,1,1,1995,14,14,14,14,14,14,14,14,14,14
61332,1,1,1995,0,0,0,0,0,0,0,0,0,0
61333,1,1,1995,0,0,0,0,0,0,0,0,0,0
61334,1,1,1995,0,0,0,0,0,0,0,0,0,0
61335,1,1,1995,0,0,0,0,0,0,0,0,0,0
61335,2,1,1995,0,0,0,0,0,0,0,0,0,0
61336,1,1,1995,0,0,0,0,0,0,0,0,0,0
61337,1,1,1995,0,0,0,0,0,0,0,0,0,0
61338,1,1,1995,0,0,0,0,0,0,0,0,0,0
61339,1,1,1995,0,0,0,0,0,0,0,0,0,0
61340,1,1,1995,0,0,0,0,0,0,0,0,0,0
61340,2,1,1995,0,0,0,0,0,0,0,0,0,0
61341,1,1,1995,20,20,20,20,20,20,20,20,20,20
61342,0,1,1995,0,0,0,0,0,0,0,0,0,0
61342,1,1,1995,7,7,7,7,7,7,7,7,7,7
61343,1,1,1995,13,13,13,13,13,13,13,13,13,13
61343,2,1,1995,0,0,0,0,0,0,0,0,0,0
61344,1,1,1995,14,14,14,14,14,14,14,14,14,14
61344,2,1,1995,0,8,0,0,0,22,0,13,0,0
61345,1,1,1995,13,13,13,13,13,13,13,13,13,13
61346,1,1,1995,0,0,0,0,0,0,0,0,0,0
61346,2,1,1995,0,0,0,0,0,0,0,0,0,0
61347,1,1,1995,0,0,0,0,0,0,0,0,0,0
61348,1,1,1995,0,0,0,0,0,0,0,0,0,0
61349,1,1,1995,0,0,0,0,0,0,14,20,0,0
61349,2,1,1995,0,0,0,0,0,0,0,7,0,0
61350,1,1,1995,0,0,0,0,0,0,0,0,0,0
61351,1,1,1995,26,26,26,26,26,26,26,26,26,26
61352,1,1,1995,0,0,0,0,0,0,0,0,0,0
61353,0,1,1995,3,3,3,3,3,3,3,3,3,3
61353,1,1,1995,0,0,0,0,0,0,0,0,0,0
61354,1,1,1995,24,24,24,24,24,24,24,24,24,24
61355,1,1,1995,0,0,0,0,0,0,0,0,0,0
61355,2,1,1995,0,0,0,0,0,0,0,0,0,0
61356,0,1,1995,31,31,31,31,31,31,31,31,31,31
61356,1,1,1995,0,0,0,0,0,0,0,0,0,0
61357,1,2,1995,0,11,0,18,0,0,0,0,14,24
61358,1,1,1995,0,0,0,0,0,0,0,0,0,0
61359,0,1,1995,0,0,0,0,0,0,0,0,0,0
61359,1,1,1995,0,0,0,0,0,0,0,0,0,0
61360,0,1,1995,0,0,0,0,0,0,0,0,0,0
61360,0,2,1995,0,0,0,0,0,0,0,0,0,0
61360,1,1,1995,0,0,0,0,0,0,0,0,0,0
61361,1,1,1995,0,0,0,0,0,0,0,0,0,0
61361,2,1,1995,0,0,0,0,0,0,0,0,0,0
61362,1,1,1995,0,0,0,0,0,0,0,0,0,0
61362,2,1,1995,0,0,0,0,0,0,0,0,0,0
61363,1,1,1995,0,0,0,0,0,0,0,0,0,0
61364,1,1,1995,0,0,0,0,0,0,0,0,0,0
61364,2,1,1995,0,0,0,0,0,0,0,0,0,0
61365,1,1,1995,0,0,0,0,0,0,0,0,0,0
61365,2,1,1995,0,0,0,0,0,0,0,0,0,0
61366,0,1,1995,0,0,0,0,0,0,0,0,0,0
61366,1,1,1995,0,0,0,0,0,0,0,0,0,0
61367,0,1,1995,0,0,0,0,0,0,0,0,0,0
61367,1,1,1995,0,0,0,0,0,0,0,0,0,0
61368,0,1,1995,0,0,0,0,0,0,0,0,0,0
61368,1,1,1995,0,0,0,0,0,0,0,0,0,0
61369,1,1,1995,18,18,18,18,18,18,18,18,18,18
61369,2,1,1995,0,0,0,0,0,0,0,0,0,0
61369,3,1,1995,0,0,0,0,0,0,0,0,0,0
61370,1,1,1995,10,24,0,0,0,26,17,0,0,0
61371,1,1,1995,0,0,0,0,0,0,11,0,0,0
61371,2,1,1995,0,0,0,0,0,0,0,0,0,0
61372,0,1,1995,23,23,23,23,23,23,23,23,23,23
61372,1,1,1995,0,0,0,0,0,0,0,0,0,0
61373,1,1,1995,0,0,0,0,0,0,0,0,0,0
61373,2,1,1995,0,0,0,0,0,0,0,0,0,0
61374,1,1,1995,0,0,0,0,0,0,0,0,0,0
61375,1,1,1995,15,15,15,15,15,15,15,15,15,15
61376,1,1,1995,0,0,0,0,0,0,0,0,0,0
61376,2,1,1995,0,0,0,0,0,0,0,0,0,0
61377,0,1,1995,40,40,40,40,40,40,40,40,40,40
61377,1,1,1995,0,0,0,0,0,0,22,0,0,0
61378,1,1,1995,0,0,0,0,0,0,0,0,0,0
61378,2,1,1995,0,0,0,0,0,0,0,0,0,0
61378,3,1,1995,0,0,0,0,0,0,0,0,0,0
61378,4,1,1995,0,28,0,0,0,0,0,0,26,15
61379,1,1,1995,9,9,9,9,9,9,9,9,9,9
61379,2,1,1995,0,0,0,0,0,0,0,0,0,0
61380,1,1,1995,0,0,0,0,0,0,0,0,0,0
61380,2,1,1995,0,0,0,0,0,0,0,0,0,0
61380,3,1,1995,0,0,0,0,0,0,0,0,0,0
61380,4,1,1995,0,0,0,0,9,0,0,0,0,0
61381,0,1,1995,0,0,0,0,0,0,0,0,0,0
61381,1,1,1995,0,0,0,0,0,0,0,0,0,0
61382,0,1,1995,0,0,0,0,0,0,0,0,0,0
61382,1,1,1995,0,0,0,0,0,0,0,0,0,0
61383,1,1,1995,12,12,12,12,12,12,12,12,12,12
61383,2,1,1995,0,0,0,0,0,0,0,0,0,0
61384,1,1,1995,0,0,0,0,0,0,0,0,0,0
61385,1,1,1995,0,0,0,0,0,0,0,0,0,0
61386,1,1,1995,0,0,0,0,0,0,0,0,0,0
61386,2,1,1995,0,0,0,0,0,0,0,9,0,0
61387,0,1,1995,0,0,0,0,0,0,0,0,0,0
61387,1,1,1995,0,0,0,0,0,0,0,0,0,0
61388,0,1,1995,0,0,0,0,0,0,0,0,0,0
61388,1,1,1995,0,0,0,0,0,0,0,0,0,0
61389,1,1,1995,0,9,17,4,11,13,9,2,7,6
61389,2,1,1995,0,0,0,0,0,0,0,0,0,0
61391,0,1,1995,22,22,22,22,22,22,22,22,22,22
61391,1,1,1995,32,9,5,12,0,0,9,23,7,13
61392,1,1,1995,0,0,0,0,0,0,0,0,0,0
61392,2,1,1995,0,0,0,0,0,0,0,0,0,0
61393,1,1,1995,0,0,0,0,0,0,0,0,0,0
61394,1,1,1995,0,0,0,0,0,0,0,0,0,0
61394,2,1,1995,0,0,0,0,0,0,0,0,0,0
61395,1,1,1995,0,0,0,0,0,0,0,0,0,0
61396,1,1,1995,0,0,0,0,0,0,0,0,0,0
61396,2,1,1995,0,0,0,0,0,0,0,0,0,0
61397,1,1,1995,0,0,0,0,0,0,0,0,0,0
61398,1,1,1995,0,0,0,0,0,0,0,0,0,0
61399,1,1,1995,0,0,0,0,0,0,0,0,0,0
61399,2,1,1995,0,0,0,0,0,0,0,0,0,0
61399,3,1,1995,0,0,0,0,0,0,0,0,0,0
61400,1,1,1995,0,0,0,0,0,0,0,0,0,0
61400,2,1,1995,0,0,0,0,0,0,0,0,0,0
61401,0,1,1995,13,13,13,13,13,13,13,13,13,13
61401,1,1,1995,13,13,13,13,13,13,13,13,13,13
61402,1,1,1995,0,0,0,0,0,0,0,0,0,0
61402,2,1,1995,0,0,0,0,0,0,0,0,0,0
61402,3,1,1995,0,0,0,0,0,0,0,0,0,0
61403,1,1,1995,0,0,0,0,0,0,0,0,0,0
61403,2,1,1995,0,0,0,0,0,0,0,0,0,0
61403,3,1,1995,0,0,0,0,0,0,0,0,0,0
61404,1,1,1995,0,0,0,0,0,0,0,0,0,0
61405,0,1,1995,0,0,0,0,0,0,0,0,0,0
61405,1,1,1995,0,0,0,0,0,0,0,0,0,0
61406,1,1,1995,0,0,0,0,0,0,0,0,0,0
61406,2,1,1995,0,0,0,0,0,0,0,0,0,0
61407,1,1,1995,0,0,0,0,0,0,0,0,0,0
61407,2,1,1995,0,0,0,0,20,0,0,0,12,0
61408,1,1,1995,10,0,0,0,0,0,0,0,0,0
61408,2,1,1995,0,0,0,0,0,0,0,0,0,0
61409,1,1,1995,0,0,0,0,0,0,0,0,0,0
61410,1,1,1995,0,0,0,0,0,0,0,0,0,0
61411,1,1,1995,0,0,0,0,0,0,0,0,0,0
61411,2,1,1995,0,0,0,0,0,0,0,0,0,0
61412,1,1,1995,0,0,0,0,0,0,0,0,0,0
61413,1,1,1995,0,0,0,0,0,0,0,0,0,0
61413,2,1,1995,0,0,0,0,0,0,0,0,0,0
61414,1,1,1995,0,0,0,0,0,0,0,0,0,0
61415,1,1,1995,2,2,2,2,2,2,2,2,2,2
61416,1,1,1995,2,2,2,2,2,2,2,2,2,2
61416,2,1,1995,0,0,0,0,0,0,0,0,0,0
61417,0,1,1995,0,0,0,0,0,0,0,0,0,0
61417,1,1,1995,0,0,0,0,0,0,0,0,0,0
61418,1,1,1995,0,0,0,0,0,0,0,0,0,0
61418,2,1,1995,0,0,0,0,0,0,0,0,0,0
61419,1,1,1995,0,0,0,0,0,0,0,0,0,0
61420,1,1,1995,11,11,11,11,11,11,11,11,11,11
61421,0,1,1995,26,26,26,26,26,26,26,26,26,26
61421,1,1,1995,0,0,0,12,0,0,0,0,0,0
61422,1,1,1995,0,0,0,0,0,0,0,0,0,0
61422,2,1,1995,10,10,10,10,10,10,10,10,10,10
61423,1,1,1995,24,24,24,24,24,24,24,24,24,24
61423,2,1,1995,0,0,0,2,0,0,0,0,0,0
61424,0,1,1995,0,17,0,0,0,0,0,11,0,13
61424,1,1,1995,0,0,0,0,0,0,0,0,0,0
61425,1,1,1995,4,4,4,4,4,4,4,4,4,4
61426,0,1,1995,8,8,8,8,8,8,8,8,8,8
61426,1,1,1995,9,9,9,9,9,9,9,9,9,9
61427,1,1,1995,18,18,18,18,18,18,18,18,18,18
61428,1,1,1995,0,0,0,0,0,0,0,0,0,0
61429,1,1,1995,0,0,0,0,0,0,0,0,0,0
61429,2,1,1995,0,0,0,0,0,0,0,0,0,0
61430,1,1,1995,4,4,4,4,4,4,4,4,4,4
61430,2,1,1995,0,0,0,0,0,0,0,0,0,0
61431,1,1,1995,0,0,0,0,0,0,0,0,0,0
61431,2,1,1995,0,0,0,0,0,0,0,0,0,0
61432,1,1,1995,0,0,0,0,0,0,0,0,0,0
61433,1,1,1995,0,0,0,0,0,0,0,0,0,0
61434,0,1,1995,43,13,0,36,0,0,15,0,0,26
61434,1,1,1995,0,0,0,0,0,0,0,0,0,0
61434,2,1,1995,0,0,0,0,0,0,0,0,0,0
61434,3,1,1995,0,0,0,0,0,0,0,0,0,0
61435,1,1,1995,0,0,0,0,0,0,0,0,0,0
61436,1,1,1995,0,0,0,0,0,0,0,0,0,0
61436,2,1,1995,0,0,0,0,0,0,0,0,0,0
61437,1,1,1995,0,0,0,0,0,0,0,0,0,0
61438,1,1,1995,0,0,0,0,0,0,0,0,0,0
61438,2,1,1995,0,0,0,0,0,0,0,0,0,24
61439,1,1,1995,0,0,0,0,0,0,0,0,0,0
61440,1,1,1995,0,0,0,0,0,0,0,0,0,0
61440,2,1,1995,0,0,0,0,0,0,0,0,0,0
61440,3,1,1995,0,0,0,0,0,0,0,0,0,0
61441,0,1,1995,0,0,0,0,0,0,0,0,0,0
61441,1,1,1995,19,19,19,19,19,19,19,19,19,19
61442,0,1,1995,0,0,0,0,0,0,0,0,0,0
61442,1,1,1995,0,4,0,0,0,0,0,0,0,0
61443,1,1,1995,0,0,0,0,0,0,0,0,0,0
61444,1,1,1995,21,21,21,21,21,21,21,21,21,21
61445,0,1,1995,0,0,0,0,0,0,0,0,0,0
61445,1,1,1995,0,0,0,0,0,0,0,0,0,0
61446,1,1,1995,0,0,0,0,0,0,0,0,0,0
61447,1,1,1995,33,33,33,33,33,33,33,33,33,33
61448,1,1,1995,27,27,27,27,27,27,27,27,27,27
61449,1,1,1995,13,13,13,13,13,13,13,13,13,13
61450,1,1,1995,0,0,0,0,0,0,0,0,0,0
61450,2,1,1995,19,10,13,5,45,15,17,20,10,11
61450,3,1,1995,0,0,0,0,0,0,0,0,0,0
61450,4,1,1995,16,18,15,6,18,16,23,17,20,16
61450,5,1,1995,0,0,0,0,0,0,9,0,0,0
61450,6,1,1995,16,0,0,30,0,0,0,0,0,14
61450,7,1,1995,0,0,0,0,0,0,0,0,0,0
61451,0,1,1995,0,0,0,0,0,0,0,0,0,0
61451,1,1,1995,0,0,0,0,0,0,0,0,0,0
61452,1,1,1995,18,18,18,18,18,18,18,18,18,18
61452,2,1,1995,0,0,0,0,0,0,0,0,0,0
61452,3,1,1995,0,0,0,0,0,0,0,0,0,0
61453,1,1,1995,0,9,0,0,0,0,0,0,19,0
61454,1,1,1995,0,0,0,0,0,0,0,0,0,0
61454,2,1,1995,0,0,0,0,0,0,0,0,0,0
61455,1,1,1995,0,0,0,0,0,0,0,0,0,0
61455,2,1,1995,0,0,0,0,0,0,0,0,0,0
61456,1,1,1995,0,0,0,0,0,0,0,0,0,0
61457,1,1,1995,13,13,13,13,13,13,13,13,13,13
61458,1,1,1995,0,0,0,0,0,0,0,0,0,0
61458,2,1,1995,0,0,0,0,0,0,0,0,0,0
61459,1,1,1995,3,3,3,3,3,3,3,3,3,3
61459,2,1,1995,0,0,0,0,0,0,0,0,0,0
61460,1,1,1995,0,0,0,0,0,0,0,0,0,0
61461,1,1,1995,15,15,15,15,15,15,15,15,15,15
61461,2,1,1995,0,0,0,0,0,16,0,0,0,0
61462,1,1,1995,0,0,0,0,0,0,0,0,0,0
61463,1,1,1995,21,21,21,21,21,21,21,21,21,21
61463,2,1,1995,0,0,0,0,0,0,0,0,0,0
61463,3,1,1995,0,20,0,0,0,0,0,0,0,0
61464,1,1,1995,18,18,18,18,18,18,18,18,18,18
61465,0,1,1995,24,24,24,24,24,24,24,24,24,24
61465,1,1,1995,10,10,10,10,10,10,10,10,10,10
61466,1,1,1995,20,20,20,20,20,20,20,20,20,20
61466,2,1,1995,0,0,0,0,0,0,0,0,0,0
61467,0,1,1995,0,0,0,0,0,0,0,0,0,0
61467,1,1,1995,0,0,0,0,0,0,0,0,0,0
61468,0,1,1995,0,0,0,0,0,0,0,0,0,0
61468,1,1,1995,0,0,0,0,0,0,0,0,0,0
61469,1,1,1995,0,0,0,0,0,0,0,0,0,0
61470,1,1,1995,0,0,0,0,0,0,0,0,0,0
61471,1,1,1995,8,8,8,8,8,8,8,8,8,8
61471,2,1,1995,0,0,0,0,0,0,0,0,0,0
61472,1,1,1995,0,0,0,0,0,0,0,0,0,0
61473,1,1,1995,3,3,3,3,3,3,3,3,3,3
61473,2,1,1995,0,0,0,0,0,0,0,0,0,0
61474,1,1,1995,0,0,0,0,0,0,0,0,0,0
61474,2,1,1995,4,4,4,4,4,4,4,4,4,4
61475,1,1,1995,0,0,0,0,0,0,0,0,0,0
61475,2,1,1995,0,0,0,0,0,0,0,0,0,0
61475,3,1,1995,0,0,0,0,0,0,0,0,0,0
61476,1,1,1995,27,27,27,27,27,27,27,27,27,27
61476,2,1,1995,0,0,0,0,0,0,0,0,0,0
61477,1,1,1995,9,9,9,9,9,9,9,9,9,9
61478,0,1,1995,0,0,0,0,0,0,0,0,0,0
61478,1,1,1995,0,0,0,0,0,0,0,0,0,0
61479,1,1,1995,7,7,7,7,7,7,7,7,7,7
61479,2,1,1995,19,19,19,19,19,19,19,19,19,19
61480,1,1,1995,1,1,1,1,1,1,1,1,1,1
61481,0,1,1995,0,0,0,0,0,0,0,0,0,0
61481,1,1,1995,0,0,0,0,0,0,0,0,24,0
61482,1,1,1995,0,13,2,12,0,0,0,11,0,0
61482,2,1,1995,0,0,0,0,0,0,0,0,0,0
61483,1,1,1995,0,0,0,0,0,0,0,0,0,0
61483,2,1,1995,0,0,0,0,0,0,0,0,0,0
61484,1,1,1995,0,0,0,0,0,0,0,0,0,0
61484,2,1,1995,0,0,0,0,0,0,0,0,0,0
61484,3,1,1995,0,0,0,0,0,0,0,0,0,0
61485,1,1,1995,0,0,0,0,0,0,0,0,0,0
61485,2,1,1995,0,0,0,0,0,0,0,0,0,0
61486,1,1,1995,0,0,0,0,0,0,0,0,0,0
61487,0,1,1995,0,0,0,0,0,0,0,0,0,0
61487,1,1,1995,0,0,0,0,0,0,0,0,0,0
61488,1,1,1995,0,0,0,0,0,0,0,0,0,0
61489,1,1,1995,0,0,0,0,0,0,0,0,0,0
61489,2,1,1995,0,0,0,0,0,0,0,0,0,0
61489,3,1,1995,0,0,0,0,0,0,0,0,0,0
61490,1,1,1995,0,0,0,0,0,0,0,0,0,0
61490,2,1,1995,0,0,0,0,0,0,0,0,0,0
61491,0,1,1995,0,0,0,12,0,0,0,17,0,19
61491,1,1,1995,0,0,0,0,0,0,0,0,0,0
61491,2,1,1995,0,0,0,18,0,0,0,0,0,0
61492,1,1,1995,0,0,0,0,0,0,0,0,0,0
61493,0,1,1995,0,0,0,0,0,0,0,0,0,0
61493,1,1,1995,0,0,0,0,0,0,0,0,0,0
61494,0,1,1995,0,0,0,0,0,0,0,0,0,0
61494,1,1,1995,0,0,0,0,0,0,0,0,0,0
61495,0,1,1995,0,0,0,0,0,0,0,0,0,0
61495,1,1,1995,0,0,0,0,0,0,0,0,0,0
61496,1,1,1995,0,0,0,0,0,0,0,0,0,0
61497,1,1,1995,0,0,0,0,0,0,0,0,0,0
61497,2,1,1995,0,0,0,0,0,0,0,0,0,0
61498,1,1,1995,0,0,0,0,0,0,0,0,0,0
61498,2,1,1995,0,0,0,0,0,0,0,0,0,0
61499,1,1,1995,0,0,0,0,0,0,0,0,0,0
61499,2,1,1995,0,0,0,0,15,0,0,0,0,0
61499,3,1,1995,0,0,0,20,17,0,0,0,0,0
61500,1,1,1995,0,0,0,0,0,0,0,0,0,0
61500,2,1,1995,0,0,0,0,0,0,0,0,0,0
61500,3,1,1995,0,0,0,0,0,0,0,0,0,0
61501,1,1,1995,0,0,0,0,0,0,0,0,0,0
61501,2,1,1995,0,0,0,0,0,0,0,0,0,0
61501,3,1,1995,0,0,0,0,0,0,0,0,0,0
61502,1,1,1995,0,0,0,0,0,0,0,0,0,0
61502,2,1,1995,0,0,0,0,0,0,0,0,0,0
61503,1,1,1995,26,26,26,26,26,26,26,26,26,26
61504,0,1,1995,0,0,0,0,0,0,0,0,0,0
61504,1,1,1995,0,0,21,0,0,0,0,0,0,0
61505,0,1,1995,29,29,29,29,29,29,29,29,29,29
61505,1,1,1995,20,0,16,24,0,0,0,17,0,0
61506,1,1,1995,16,16,16,16,16,16,16,16,16,16
61506,2,1,1995,0,0,0,0,0,0,0,0,0,0
61507,1,1,1995,21,11,0,7,13,22,9,0,5,16
61508,1,1,1995,0,0,0,0,0,0,0,0,0,0
61509,0,1,1995,25,25,25,25,25,25,25,25,25,25
61509,1,1,1995,0,0,0,0,0,0,0,0,0,0
61509,2,1,1995,0,0,0,0,0,0,0,0,0,0
61510,0,1,1995,42,42,42,42,42,42,42,42,42,42
61510,1,1,1995,0,0,10,11,11,0,18,0,0,12
61510,2,1,1995,0,11,0,15,0,0,0,0,0,0
61511,1,1,1995,12,18,0,0,0,0,5,0,0,23
61511,2,1,1995,20,20,20,20,20,20,20,20,20,20
61512,1,1,1995,0,0,0,0,0,0,0,0,0,0
61512,2,1,1995,0,0,0,0,0,0,0,0,0,0
61513,1,1,1995,0,0,0,0,0,0,0,0,0,0
61514,0,1,1995,0,0,0,0,0,0,0,0,0,0
61514,1,1,1995,0,0,0,0,0,0,0,0,0,0
61515,1,1,1995,0,0,0,0,0,0,0,0,0,0
61516,0,1,1995,0,0,0,0,0,0,0,0,0,0
61516,0,2,1995,0,0,0,0,0,23,0,0,20,0
61516,0,3,1995,0,0,0,0,0,0,0,0,18,23
61516,1,1,1995,0,0,0,0,0,0,0,0,0,0
61516,3,1,1995,3,0,0,0,0,0,7,0,0,0
61516,4,1,1995,0,0,0,0,0,0,0,0,0,0
61517,1,1,1995,10,10,10,10,10,10,10,10,10,10
61517,2,1,1995,2,2,2,2,2,2,2,2,2,2
61518,1,1,1995,0,0,0,0,0,0,0,0,0,0
61518,2,1,1995,0,0,0,0,0,0,0,0,0,0
61519,1,1,1995,0,0,0,0,0,0,0,0,0,0
61519,2,1,1995,0,0,0,0,0,0,0,0,16,0
61520,1,1,1995,0,0,0,0,0,0,0,0,0,0
61520,2,1,1995,7,12,11,8,7,2,15,7,13,13
61521,1,1,1995,0,0,0,0,7,0,0,12,6,24
61521,2,1,1995,33,33,33,33,33,33,33,33,33,33
61522,1,1,1995,24,24,24,24,24,24,24,24,24,24
61522,2,1,1995,0,0,0,0,0,0,0,0,0,0
61523,0,1,1995,10,10,10,10,10,10,10,10,10,10
61523,0,2,1995,28,30,9,22,13,14,18,24,13,21
61523,1,1,1995,0,0,0,10,0,0,0,0,0,0
61524,1,1,1995,11,11,11,11,11,11,11,11,11,11
61524,2,1,1995,0,0,0,0,0,0,0,13,0,0
61525,1,1,1995,12,12,12,12,12,12,12,12,12,12
61526,1,1,1995,21,21,21,21,21,21,21,21,21,21
61527,1,1,1995,0,0,0,0,0,0,0,0,0,0
61528,1,1,1995,0,0,0,0,0,0,0,0,0,0
61529,0,1,1995,0,0,0,0,0,0,0,0,0,0
61529,1,1,1995,0,0,0,0,0,0,0,0,0,0
61530,1,1,1995,10,10,10,10,10,10,10,10,10,10
61530,2,1,1995,0,0,0,0,0,0,0,0,0,0
61531,1,1,1995,6,6,6,6,6,6,6,6,6,6
61531,2,1,1995,0,0,0,0,0,0,0,0,0,0
61531,3,1,1995,0,0,0,0,0,0,0,0,0,0
61531,4,1,1995,0,0,0,0,0,0,0,0,0,0
61532,1,1,1995,17,17,17,17,17,17,17,17,17,17
61533,1,1,1995,14,14,14,14,14,14,14,14,14,14
61534,1,1,1995,0,0,0,0,0,0,0,0,0,0
61534,2,1,1995,0,0,0,0,0,0,0,0,0,0
61535,1,1,1995,0,0,0,0,0,0,22,0,0,0
61536,1,1,1995,0,0,0,0,0,13,34,0,0,0
61537,1,1,1995,0,0,0,0,0,0,0,0,0,0
61537,2,1,1995,0,0,0,0,0,0,0,0,0,0
61538,1,1,1995,0,0,0,0,0,0,0,0,0,0
61538,2,1,1995,0,0,0,0,0,0,0,0,0,0
61539,1,1,1995,19,19,19,19,19,19,19,19,19,19
61540,1,1,1995,3,3,3,3,3,3,3,3,3,3
61540,2,1,1995,0,0,0,0,0,0,0,0,0,0
61541,1,1,1995,19,19,19,19,19,19,19,19,19,19
61542,0,1,1995,0,0,0,0,0,0,0,0,0,0
61542,1,1,1995,0,0,0,0,0,0,0,0,0,0
61543,0,1,1995,42,0,0,0,0,0,0,0,0,0
61543,1,1,1995,0,0,0,0,0,0,0,0,0,0
61544,1,1,1995,21,21,21,21,21,21,21,21,21,21
61545,1,1,1995,18,15,7,32,12,13,0,18,4,14
61545,2,1,1995,0,0,0,0,0,0,0,0,0,0
61546,0,1,1995,28,28,28,28,28,28,28,28,28,28
61546,1,1,1995,0,0,14,0,0,0,0,0,0,0
61547,1,1,1995,0,0,0,0,0,0,0,0,0,0
61548,1,1,1995,0,0,0,0,0,0,0,0,0,0
61549,1,1,1995,12,12,12,12,12,12,12,12,12,12
61549,2,1,1995,8,8,8,8,8,8,8,8,8,8
61549,3,1,1995,0,0,0,0,0,0,0,0,0,7
61550,1,1,1995,10,10,10,10,10,10,10,10,10,10
61551,1,1,1995,0,0,0,0,0,0,0,0,0,0
61551,2,1,1995,0,0,0,0,0,0,0,0,0,0
61552,1,1,1995,0,0,0,0,0,0,0,0,0,0
61553,1,1,1995,0,0,0,0,0,0,0,0,0,0
61553,2,1,1995,0,0,0,0,0,0,8,0,9,0
61554,1,1,1995,22,22,22,22,22,22,22,22,22,22
61555,0,1,1995,8,8,8,8,8,8,8,8,8,8
61555,1,1,1995,0,0,0,39,32,0,0,4,3,9
61556,1,1,1995,0,0,0,0,0,0,0,0,0,0
61556,2,1,1995,0,0,0,0,0,0,0,0,0,0
61556,3,1,1995,0,14,0,0,31,0,17,0,1,19
61557,0,1,1995,22,22,22,22,22,22,22,22,22,22
61557,1,1,1995,3,3,3,3,3,3,3,3,3,3
61558,1,1,1995,16,16,16,16,16,16,16,16,16,16
61559,1,1,1995,8,0,0,0,0,0,0,0,0,0
61559,2,1,1995,0,0,0,0,0,0,0,0,0,0
61560,1,1,1995,0,0,0,0,0,0,0,0,0,0
61560,2,1,1995,0,0,0,0,0,0,0,0,0,0
61561,1,1,1995,9,9,9,9,9,9,9,9,9,9
61561,2,1,1995,0,0,0,0,0,0,0,0,0,0
61562,1,1,1995,0,0,0,0,0,0,0,0,0,0
61563,0,1,1995,0,0,0,0,0,0,0,0,0,0
61563,1,1,1995,0,0,0,0,0,0,0,0,0,0
61563,2,1,1995,0,0,0,0,0,0,0,0,0,0
61564,1,1,1995,0,0,0,0,0,0,0,0,0,0
61565,0,1,1995,24,24,24,24,24,24,24,24,24,24
61565,1,1,1995,0,0,0,0,0,0,0,0,0,0
61566,1,1,1995,0,0,0,0,0,0,0,0,0,0
61567,1,1,1995,0,0,0,0,0,0,0,0,0,0
61567,2,1,1995,0,0,0,0,0,0,0,0,0,0
61568,1,1,1995,0,0,0,0,0,0,0,0,0,0
61568,2,1,1995,0,0,0,0,0,0,0,0,0,0
61569,1,1,1995,0,0,0,0,0,0,0,0,0,0
61569,2,1,1995,0,0,0,0,0,0,0,0,0,0
61570,1,1,1995,0,0,0,0,0,0,0,0,16,0
61570,2,1,1995,0,0,0,0,0,0,0,0,0,0
61571,1,1,1995,2,2,2,2,2,2,2,2,2,2
61572,1,1,1995,0,0,0,0,0,0,0,0,0,0
61573,1,1,1995,0,0,0,0,0,0,0,0,0,0
61573,2,1,1995,0,0,0,0,0,0,0,0,0,0
61574,1,1,1995,0,0,0,0,0,0,0,0,0,0
61574,2,1,1995,0,0,0,0,0,0,0,0,0,0
61575,1,1,1995,0,0,0,0,0,0,0,0,0,0
61575,2,1,1995,0,0,0,0,0,0,0,0,0,0
61576,1,1,1995,0,0,0,0,0,0,0,0,0,0
61577,1,1,1995,0,0,0,0,0,0,0,0,0,0
61578,1,1,1995,0,0,0,0,0,0,0,0,0,0
61578,2,1,1995,0,0,0,0,0,0,0,0,0,0
61579,0,1,1995,0,0,0,0,0,0,0,0,0,0
61579,1,1,1995,0,0,0,0,0,0,0,0,0,0
61580,0,1,1995,0,0,0,0,0,0,0,0,0,0
61580,1,1,1995,0,0,0,0,0,0,0,0,0,0
61581,1,1,1995,0,0,0,0,0,0,0,0,0,0
61581,2,1,1995,0,0,0,0,0,0,0,0,0,0
61582,1,1,1995,22,22,22,22,22,22,22,22,22,22
61583,0,1,1995,27,27,27,27,27,27,27,27,27,27
61583,1,1,1995,0,0,0,0,0,0,0,0,0,0
61584,1,1,1995,21,21,21,21,21,21,21,21,21,21
61585,0,1,1995,21,21,21,21,21,21,21,21,21,21
61585,1,1,1995,26,0,0,0,0,0,28,10,0,11
61586,1,1,1995,11,0,0,0,0,0,0,0,5,0