ST_CASE,VEH_NO,PER_NO,YEAR,P1,P2,P3,P4,P5,P6,P7,P8,P9,P10
61587,0,1,1995,27,27,27,27,27,27,27,27,27,27
61587,1,1,1995,19,13,21,0,25,12,18,8,22,0
61588,1,1,1995,0,0,0,0,0,0,0,0,0,0
61588,2,1,1995,0,0,0,0,0,0,0,0,0,0
61589,1,1,1995,0,0,0,0,0,0,0,0,0,0
61590,1,1,1995,0,0,0,0,0,0,0,0,0,0
61590,2,1,1995,0,0,0,0,0,0,0,0,0,0
61591,1,1,1995,20,20,20,20,20,20,20,20,20,20
61591,2,1,1995,0,0,0,0,0,0,0,0,0,0
61592,1,1,1995,14,14,14,14,14,14,14,14,14,14
61594,1,1,1995,0,18,11,15,24,13,7,26,21,9
61595,0,1,1995,35,35,35,35,35,35,35,35,35,35
61595,1,1,1995,0,0,0,18,0,0,0,0,0,0
61595,2,1,1995,0,0,0,0,0,0,8,11,11,0
61596,1,1,1995,31,31,31,31,31,31,31,31,31,31
61597,1,1,1995,0,0,0,0,0,0,0,0,0,0
61597,2,1,1995,0,0,0,0,0,0,11,0,29,12
61598,0,1,1995,0,0,0,0,0,0,0,0,0,0
61598,0,2,1995,0,0,0,0,0,0,0,0,0,0
61598,0,3,1995,14,14,0,4,0,0,16,13,0,0
61598,1,1,1995,0,0,0,0,0,0,0,0,0,0
61599,1,1,1995,0,0,0,0,0,0,0,0,0,0
61600,1,1,1995,17,17,17,17,17,17,17,17,17,17
61600,2,1,1995,0,0,0,0,0,0,0,0,0,0
61601,1,1,1995,0,0,0,0,0,0,0,31,0,17
61602,0,1,1995,0,0,0,0,0,0,0,0,0,0
61602,1,1,1995,0,0,0,0,0,0,0,0,0,0
61603,1,1,1995,0,0,0,0,0,0,0,0,0,0
61604,1,1,1995,11,11,11,11,11,11,11,11,11,11
61605,1,1,1995,4,4,4,4,4,4,4,4,4,4
61606,1,1,1995,19,19,19,19,19,19,19,19,19,19
61607,1,1,1995,0,0,0,0,0,0,0,0,0,0
61608,0,1,1995,0,0,0,0,0,0,0,0,0,0
61608,1,1,1995,0,0,0,0,0,0,0,0,0,0
61608,2,1,1995,4,0,0,0,15,0,0,9,0,0
61609,0,1,1995,0,0,0,0,0,0,0,0,0,0
61609,1,1,1995,0,0,0,0,0,0,0,0,0,0
61610,1,1,1995,4,4,4,4,4,4,4,4,4,4
61611,1,1,1995,0,0,0,0,0,0,0,0,0,0
61611,2,1,1995,0,0,0,0,0,14,0,0,0,0
61612,1,1,1995,0,0,0,0,0,0,0,0,0,0
61612,2,1,1995,0,0,0,0,0,0,0,0,0,0
61613,1,1,1995,0,0,0,0,0,0,0,0,0,0
61613,2,1,1995,0,0,0,0,0,0,0,0,0,0
61614,1,1,1995,0,0,0,0,0,0,0,0,0,0
61614,2,1,1995,0,0,0,0,0,0,0,0,0,0
61615,1,1,1995,21,21,21,21,21,21,21,21,21,21
61616,1,1,1995,0,0,0,0,0,0,0,0,0,0
61617,1,1,1995,23,23,23,23,23,23,23,23,23,23
61618,1,1,1995,0,0,0,0,0,0,0,0,0,0
61618,2,1,1995,0,0,0,0,0,0,0,0,0,0
61619,0,1,1995,0,0,0,0,0,0,0,0,0,0
61619,1,1,1995,0,0,0,0,0,0,0,0,0,0
61620,0,1,1995,8,8,8,8,8,8,8,8,8,8
61620,1,1,1995,0,0,0,0,0,0,0,0,0,0
61621,1,1,1995,18,3,0,0,0,0,0,10,0,0
61621,2,1,1995,0,0,0,0,0,0,0,0,0,0
61622,1,1,1995,24,24,24,24,24,24,24,24,24,24
61623,0,1,1995,17,17,17,17,17,17,17,17,17,17
61623,1,1,1995,0,0,0,0,0,0,0,0,0,0
61624,1,1,1995,0,0,0,0,0,0,0,0,0,0
61624,2,1,1995,0,0,0,0,0,0,0,0,0,0
61625,0,1,1995,0,0,0,0,0,0,0,0,0,0
61625,1,1,1995,0,11,18,0,40,0,0,0,0,0
61626,1,1,1995,12,12,12,12,12,12,12,12,12,12
61626,2,1,1995,0,0,0,0,0,0,0,0,0,0
61627,1,1,1995,0,0,0,0,0,0,0,0,0,0
61628,0,1,1995,0,0,0,0,0,0,0,0,0,0
61628,1,1,1995,8,18,13,15,14,0,0,3,17,34
61629,1,1,1995,0,0,0,0,0,0,0,0,0,0
61629,2,1,1995,0,0,0,0,0,0,0,0,0,0
61630,1,1,1995,0,15,0,27,0,0,10,13,0,19
61631,1,1,1995,0,0,0,0,0,0,0,0,0,0
61632,1,1,1995,0,0,0,0,0,0,0,0,0,0
61633,1,1,1995,0,0,0,0,0,0,0,0,0,0
61634,1,1,1995,2,2,2,2,2,2,2,2,2,2
61634,2,1,1995,0,0,0,0,0,0,0,0,0,0
61635,0,1,1995,0,0,0,0,0,0,0,0,0,0
61635,1,1,1995,0,0,0,0,0,0,0,0,0,0
61635,2,1,1995,0,0,0,0,0,0,0,0,0,0
61636,1,1,1995,0,0,0,0,0,0,0,0,0,0
61636,2,1,1995,0,0,0,0,0,0,0,0,0,0
61637,1,1,1995,14,14,14,14,14,14,14,14,14,14
61638,1,1,1995,0,18,0,0,0,0,0,0,0,0
61639,1,1,1995,0,0,0,0,0,0,0,0,0,0
61639,2,1,1995,0,0,0,0,0,0,0,0,0,0
61640,1,1,1995,10,10,10,10,10,10,10,10,10,10
61640,2,1,1995,0,0,0,0,0,0,0,0,0,0
61641,1,1,1995,12,12,12,12,12,12,12,12,12,12
61642,1,1,1995,16,16,16,16,16,16,16,16,16,16
61643,1,1,1995,0,0,0,0,0,0,0,0,0,0
61643,2,1,1995,0,0,0,0,0,0,0,0,0,0
61644,1,1,1995,0,0,0,0,0,0,0,0,0,0
61645,1,1,1995,0,0,0,0,0,0,0,0,0,0
61646,1,1,1995,8,8,8,8,8,8,8,8,8,8
61647,1,1,1995,0,0,0,0,0,0,0,0,0,0
61647,2,1,1995,0,0,0,0,0,0,0,0,0,0
61648,1,1,1995,0,0,0,0,0,0,0,0,0,0
61648,2,1,1995,0,0,0,0,7,0,0,0,0,0
61648,3,1,1995,0,0,0,0,0,0,0,0,0,0
61648,4,1,1995,0,0,0,0,0,0,0,0,12,0
61649,1,1,1995,0,0,0,0,0,0,0,0,0,0
61650,1,1,1995,0,0,0,0,0,0,0,0,0,11
61650,2,1,1995,0,0,0,0,0,0,0,0,0,0
61651,1,1,1995,0,0,0,0,0,3,0,0,0,0
61652,1,1,1995,0,0,0,0,0,0,0,0,0,0
61653,1,1,1995,0,0,0,0,0,0,0,0,0,0
61654,0,1,1995,0,0,0,0,0,0,0,0,0,0
61654,1,1,1995,0,0,0,0,0,0,0,0,0,0
61655,0,1,1995,0,0,0,0,0,0,0,0,0,0
61655,1,1,1995,17,0,0,0,0,0,0,0,0,0
61656,1,1,1995,16,0,0,0,0,0,0,0,0,0
61656,2,1,1995,0,0,0,0,0,23,0,0,0,2
61656,3,1,1995,0,0,0,0,0,6,0,0,0,0
61656,4,1,1995,0,0,0,0,0,0,0,0,0,0
61656,5,1,1995,0,0,0,16,0,0,0,0,0,0
61656,6,1,1995,0,0,0,0,0,0,0,0,0,12
61656,7,1,1995,0,0,0,0,0,0,0,0,0,0
61657,0,1,1995,29,29,29,29,29,29,29,29,29,29
61657,1,1,1995,18,0,0,0,0,0,0,0,0,0
61658,0,1,1995,13,13,13,13,13,13,13,13,13,13
61658,1,1,1995,0,0,32,0,0,0,0,0,0,0
61659,1,1,1995,0,0,0,0,0,0,0,0,0,0
61660,1,1,1995,0,19,0,18,0,0,0,0,0,0
61661,0,1,1995,0,0,0,0,0,0,0,0,0,0
61661,1,1,1995,0,0,0,0,0,0,0,0,0,0
61662,1,1,1995,8,8,8,8,8,8,8,8,8,8
61663,1,1,1995,0,0,0,0,0,0,0,0,0,0
61663,2,1,1995,0,0,0,26,0,0,0,0,21,0
61664,1,1,1995,24,0,21,0,0,0,11,0,0,0
61665,1,1,1995,29,29,29,29,29,29,29,29,29,29
61666,0,1,1995,0,0,0,0,0,0,0,0,0,0
61666,1,1,1995,0,0,0,0,0,0,0,0,0,0
61667,0,1,1995,0,0,0,0,0,0,0,0,0,0
61667,1,1,1995,0,0,0,0,0,0,0,0,0,0
61668,1,1,1995,0,0,0,0,0,0,0,0,0,0
61669,1,1,1995,0,0,0,0,0,0,0,0,0,0
61670,0,1,1995,0,0,0,0,0,0,0,0,0,0
61670,1,1,1995,0,0,0,0,0,0,0,0,0,0
61671,1,1,1995,0,0,0,0,0,0,0,0,0,0
61672,1,1,1995,0,0,0,0,0,0,0,0,0,0
61673,1,1,1995,0,0,0,0,0,0,0,0,0,0
61674,1,1,1995,8,8,8,8,8,8,8,8,8,8
61675,0,1,1995,0,0,0,0,0,0,0,0,0,0
61675,1,1,1995,0,0,0,0,8,0,0,0,14,10
61676,0,1,1995,0,0,0,0,0,0,0,0,0,0
61676,1,1,1995,0,0,0,0,0,0,0,0,0,0
61677,0,1,1995,3,3,3,3,3,3,3,3,3,3
61677,1,1,1995,4,4,4,4,4,4,4,4,4,4
61678,1,1,1995,0,0,0,0,0,0,0,0,0,0
61678,2,1,1995,0,0,0,0,0,0,0,0,0,0
61679,1,1,1995,0,0,0,0,0,0,0,0,0,0
61679,2,1,1995,13,23,25,12,7,38,20,25,21,15
61680,1,1,1995,0,0,0,0,0,0,0,0,0,0
61680,2,1,1995,0,0,0,0,0,0,0,0,0,0
61681,1,1,1995,28,28,28,28,28,28,28,28,28,28
61682,0,1,1995,6,6,6,6,6,6,6,6,6,6
61682,1,1,1995,0,0,0,0,0,0,0,0,0,0
61683,1,1,1995,16,0,0,0,0,0,0,0,0,0
61684,1,1,1995,0,0,0,0,0,0,0,0,0,0
61684,2,1,1995,0,0,0,0,0,0,0,0,0,0
61685,1,1,1995,0,0,0,0,0,0,0,0,0,0
61685,2,1,1995,0,0,0,0,0,0,0,0,0,0
61686,1,1,1995,0,0,0,0,0,0,0,0,0,0
61686,2,1,1995,0,0,0,0,0,0,0,0,0,0
61687,1,1,1995,0,0,0,0,0,0,0,0,0,0
61687,2,1,1995,0,0,0,0,0,0,0,0,0,0
61688,1,1,1995,0,0,0,0,0,0,0,0,0,0
61688,2,1,1995,7,0,0,0,0,0,0,0,0,0
61689,1,1,1995,0,0,0,0,0,0,0,0,0,0
61689,2,1,1995,0,0,0,0,0,0,0,0,0,0
61689,3,1,1995,0,0,0,0,0,0,0,0,0,0
61689,4,1,1995,0,0,0,0,0,0,0,0,0,0
61689,5,1,1995,0,0,0,0,0,0,0,0,0,0
61689,6,1,1995,0,0,0,0,0,0,0,0,0,0
61689,7,1,1995,0,0,0,0,0,0,0,0,0,0
61690,1,1,1995,24,24,24,24,24,24,24,24,24,24
61690,2,1,1995,0,0,0,0,0,0,0,0,0,0
61691,1,1,1995,7,7,7,7,7,7,7,7,7,7
61692,1,1,1995,2,2,2,2,2,2,2,2,2,2
61692,2,1,1995,0,0,0,0,0,0,0,0,0,0
61693,1,1,1995,0,0,0,0,0,0,0,0,0,0
61693,2,1,1995,0,0,0,0,0,0,0,0,0,0
61693,3,1,1995,0,0,0,0,0,0,0,0,0,0
61693,4,1,1995,0,0,0,0,0,0,0,0,0,0
61694,1,1,1995,0,0,0,0,0,0,0,0,0,0
61695,1,1,1995,16,16,16,16,16,16,16,16,16,16
61696,1,1,1995,0,0,16,0,7,0,0,0,0,0
61696,2,1,1995,0,0,0,0,0,0,0,0,0,0
61697,1,1,1995,0,0,0,0,0,0,0,0,0,0
61697,2,1,1995,0,9,0,0,0,0,0,0,0,0
61698,1,1,1995,31,31,31,31,31,31,31,31,31,31
61699,1,1,1995,0,0,0,0,0,0,0,0,0,0
61700,1,1,1995,0,0,0,0,0,0,0,0,0,0
61700,2,1,1995,10,10,10,10,10,10,10,10,10,10
61701,1,1,1995,13,13,13,13,13,13,13,13,13,13
61702,0,1,1995,0,0,0,0,0,0,0,0,0,0
61702,1,1,1995,0,0,0,0,0,0,0,0,0,0
61703,1,1,1995,0,0,0,0,6,0,0,0,0,0
61703,2,1,1995,0,0,0,0,0,15,0,0,16,0
61704,0,1,1995,0,0,0,0,0,0,0,0,0,0
61704,1,1,1995,5,13,10,24,19,35,21,12,17,12
61705,1,1,1995,0,0,0,0,0,0,0,0,0,0
61706,0,1,1995,4,4,4,4,4,4,4,4,4,4
61706,1,1,1995,24,24,24,24,24,24,24,24,24,24
61707,1,1,1995,16,16,16,16,16,16,16,16,16,16
61708,1,1,1995,20,20,20,20,20,20,20,20,20,20
61708,2,1,1995,0,0,0,0,0,0,0,0,0,0
61708,3,1,1995,0,0,4,0,0,0,0,0,0,0
61709,0,1,1995,0,0,0,0,0,0,0,0,0,0
61709,1,1,1995,0,0,0,0,0,0,0,0,0,0
61710,1,1,1995,18,18,18,18,18,18,18,18,18,18
61711,1,1,1995,17,17,17,17,17,17,17,17,17,17
61711,2,1,1995,0,0,0,0,0,0,0,0,0,0
61712,1,1,1995,0,0,0,0,0,0,0,0,0,0
61713,0,1,1995,0,0,0,0,0,0,0,0,0,0
61713,1,1,1995,0,0,0,0,0,0,0,0,0,0
61714,1,1,1995,0,0,0,0,0,0,0,0,0,0
61715,1,1,1995,13,13,13,13,13,13,13,13,13,13
61716,1,1,1995,13,0,0,0,0,0,0,0,5,7
61716,2,1,1995,0,0,0,0,0,0,0,0,8,0
61716,3,1,1995,0,0,0,0,0,0,0,0,0,0
61717,1,1,1995,0,0,0,0,0,0,0,0,0,0
61717,2,1,1995,0,0,0,0,0,25,0,0,0,0
61718,0,1,1995,34,31,14,36,31,36,29,0,0,19
61718,1,1,1995,13,13,13,13,13,13,13,13,13,13
61719,1,1,1995,0,0,0,0,0,0,0,0,0,0
61719,2,1,1995,0,0,0,0,0,0,0,0,0,0
61719,3,1,1995,0,0,0,0,0,0,0,0,0,0
61720,1,1,1995,0,0,0,0,0,0,0,0,0,0
61721,1,1,1995,0,0,0,0,0,0,0,0,0,0
61721,2,1,1995,0,0,0,0,0,0,0,0,0,0
61722,1,1,1995,0,0,0,0,0,0,0,0,0,0
61722,2,1,1995,0,0,0,0,0,0,0,0,16,0
61723,0,1,1995,0,0,0,0,0,0,0,0,0,0
61723,1,1,1995,0,0,0,0,0,0,0,0,0,0
61723,2,1,1995,0,0,0,0,0,0,0,0,0,0
61724,1,1,1995,0,7,13,0,0,0,15,0,21,14
61725,1,1,1995,0,0,0,0,0,0,0,0,0,0
61725,2,1,1995,0,0,0,0,0,0,0,0,0,0
61726,0,1,1995,0,0,0,0,0,0,0,0,0,0
61726,1,1,1995,0,0,0,0,0,0,0,0,0,0
61728,1,1,1995,23,23,23,23,23,23,23,23,23,23
61729,1,1,1995,11,11,11,11,11,11,11,11,11,11
61730,0,1,1995,18,18,18,18,18,18,18,18,18,18
61730,1,1,1995,0,4,31,0,0,0,8,20,9,13
61731,1,1,1995,0,0,0,0,0,0,0,0,0,0
61731,2,1,1995,0,0,0,0,0,0,0,0,0,12
61732,1,1,1995,13,13,13,13,13,13,13,13,13,13
61733,1,1,1995,0,0,0,0,0,0,0,0,0,0
61733,2,1,1995,0,0,0,0,0,0,0,0,0,0
61734,1,1,1995,0,0,0,0,0,0,0,0,0,0
61734,2,1,1995,0,0,0,0,0,0,0,0,0,0
61735,1,1,1995,9,9,9,9,9,9,9,9,9,9
61735,2,1,1995,0,0,0,8,0,0,0,18,0,0
61736,1,1,1995,15,0,0,0,0,0,0,0,0,0
61737,1,1,1995,0,0,0,0,0,0,0,0,0,0
61738,1,1,1995,0,0,0,0,0,0,0,0,0,0
61739,1,1,1995,0,0,0,0,0,0,0,0,0,0
61740,1,1,1995,0,0,0,0,0,0,0,0,0,0
61741,1,2,1995,6,0,0,0,0,0,0,0,0,0
61742,1,1,1995,0,0,0,0,0,0,0,0,0,0
61743,1,1,1995,19,19,19,19,19,19,19,19,19,19
61744,1,1,1995,0,0,0,0,0,0,0,0,0,0
61745,1,1,1995,19,19,19,19,19,19,19,19,19,19
61745,2,1,1995,0,0,0,0,0,0,0,0,0,0
61746,0,1,1995,0,0,0,0,0,0,0,0,0,0
61746,1,1,1995,0,0,0,0,0,0,0,0,12,0
61747,1,1,1995,0,0,0,0,0,0,0,0,0,0
61748,0,1,1995,0,0,0,0,0,0,0,0,0,0
61748,1,1,1995,0,0,0,0,0,0,0,0,0,0
61749,0,1,1995,0,0,0,0,0,0,0,0,0,0
61749,1,1,1995,0,0,0,0,0,0,0,0,0,0
61750,1,1,1995,0,0,0,0,0,0,0,0,0,0
61751,1,1,1995,0,0,0,0,0,0,0,11,0,0
61751,2,1,1995,0,0,0,0,0,0,0,0,0,0
61752,0,1,1995,0,0,0,0,0,0,0,0,0,0
61752,1,1,1995,0,0,0,0,0,0,0,0,0,0
61753,1,1,1995,0,0,0,0,0,0,0,0,0,0
61754,0,1,1995,0,0,0,0,0,0,0,0,0,0
61754,1,1,1995,0,0,0,0,0,0,0,0,0,0
61755,1,1,1995,0,0,0,0,20,16,0,0,0,0
61755,2,1,1995,6,6,6,6,6,6,6,6,6,6
61756,0,1,1995,0,0,0,0,0,0,0,0,0,0
61756,0,2,1995,0,0,0,0,0,0,0,0,0,0
61756,0,3,1995,0,0,0,0,0,0,0,0,0,0
61756,1,1,1995,16,16,16,16,16,16,16,16,16,16
61757,1,1,1995,26,26,26,26,26,26,26,26,26,26
61758,1,1,1995,14,14,14,14,14,14,14,14,14,14
61758,2,1,1995,0,0,0,0,0,0,0,0,0,0
61759,1,1,1995,11,11,11,11,11,11,11,11,11,11
61760,1,1,1995,0,0,0,0,0,0,0,0,0,0
61761,1,1,1995,0,0,0,0,0,0,0,0,0,0
61761,2,1,1995,0,0,0,0,0,0,0,0,0,0
61762,0,1,1995,0,26,22,0,11,0,4,0,0,0
61762,0,2,1995,0,0,0,0,0,0,0,0,0,0
61762,1,1,1995,0,0,0,0,0,0,0,0,0,0
61764,1,1,1995,20,20,20,20,20,20,20,20,20,20
61765,1,1,1995,14,18,20,13,7,22,18,0,29,0
61766,1,1,1995,0,0,0,0,0,0,0,0,0,0
61766,2,1,1995,0,0,0,0,0,0,0,0,6,0
61766,3,1,1995,0,0,0,0,0,0,0,0,0,0
61767,1,1,1995,0,0,0,0,0,0,0,0,0,0
61768,1,1,1995,0,0,0,0,0,0,0,0,0,0
61768,2,1,1995,0,0,0,0,0,0,0,0,0,0
61769,1,1,1995,0,0,0,0,0,0,0,0,0,0
61769,2,1,1995,0,0,0,0,0,0,0,0,0,0
61770,1,1,1995,0,0,0,0,0,0,0,0,0,0
61770,2,1,1995,0,0,0,0,0,0,0,0,0,0
61770,3,1,1995,0,0,0,0,0,0,0,0,0,0
61770,4,1,1995,0,0,0,0,0,0,0,0,0,0
61770,5,1,1995,0,0,0,0,0,0,0,0,0,0
61770,6,1,1995,11,0,0,0,0,0,0,0,0,0
61770,7,1,1995,0,0,0,0,0,0,0,0,0,0
61771,0,1,1995,13,13,13,13,13,13,13,13,13,13
61771,1,1,1995,0,0,0,0,0,17,5,0,0,0
61772,1,1,1995,0,19,17,11,0,0,15,19,0,8
61773,1,1,1995,0,14,0,0,0,0,21,0,21,0
61774,1,1,1995,0,0,0,0,0,0,0,0,0,0
61774,2,1,1995,0,0,0,0,0,0,0,0,0,0
61775,1,1,1995,0,0,0,0,0,0,0,0,0,0
61775,2,1,1995,0,0,0,0,0,0,0,0,0,0
61776,0,1,1995,0,0,0,0,0,0,0,0,0,0
61776,1,1,1995,0,0,0,0,0,0,0,0,0,0
61777,0,1,1995,0,0,0,0,0,0,0,0,0,0
61777,1,1,1995,19,0,0,0,0,0,0,0,0,0
61778,0,1,1995,0,0,0,0,0,0,37,0,0,0
61778,1,1,1995,18,0,0,0,0,0,0,0,0,0
61779,0,1,1995,0,28,0,3,0,0,16,0,29,0
61779,0,2,1995,22,0,61,0,27,0,0,0,33,36
61779,0,3,1995,40,35,27,0,0,8,20,35,0,15
61779,1,1,1995,16,0,8,17,0,6,13,0,7,0
61780,1,1,1995,0,0,0,0,0,0,0,0,0,0
61780,2,1,1995,0,0,0,0,0,0,0,0,0,0
61781,1,1,1995,11,21,23,13,0,24,0,21,0,31
61782,1,1,1995,0,0,0,0,0,0,0,0,0,0
61782,2,1,1995,0,0,0,0,0,0,0,0,0,0
61783,1,1,1995,0,0,0,0,0,0,0,0,0,0
61783,2,1,1995,0,0,0,0,0,0,0,0,0,0
61783,3,1,1995,0,0,0,0,0,0,0,0,8,0
61784,1,1,1995,0,0,0,0,0,0,0,0,0,0
61784,2,1,1995,0,0,0,0,0,0,0,0,0,0
61785,1,1,1995,0,0,0,0,0,0,0,0,0,0
61785,2,1,1995,0,0,0,0,0,0,0,0,0,0
61785,3,1,1995,0,0,0,0,0,0,0,0,0,0
61785,4,1,1995,0,0,0,0,0,0,0,0,0,0
61786,1,1,1995,8,8,8,8,8,8,8,8,8,8
61787,1,1,1995,14,0,0,14,0,0,0,0,18,16
61788,1,1,1995,0,0,0,0,0,0,0,0,0,0
61788,2,1,1995,0,0,0,0,0,0,0,0,0,0
61789,1,1,1995,0,0,0,0,0,0,0,0,0,0
61789,2,1,1995,0,0,0,0,0,0,0,0,0,0
61790,1,1,1995,12,12,12,12,12,12,12,12,12,12
61791,1,1,1995,5,5,5,5,5,5,5,5,5,5
61791,2,1,1995,0,0,0,0,0,0,22,0,0,0
61792,0,1,1995,0,0,0,0,0,0,0,0,0,0
61792,1,1,1995,0,0,0,0,0,0,0,0,0,0
61793,0,1,1995,29,29,29,29,29,29,29,29,29,29
61793,1,1,1995,0,0,0,0,0,0,0,0,0,0
61794,0,1,1995,0,0,0,0,0,0,0,0,0,0
61794,1,1,1995,0,0,0,0,0,0,0,0,0,8
61795,0,1,1995,25,25,25,25,25,25,25,25,25,25
61795,1,1,1995,0,17,0,0,0,13,0,0,0,0
61796,1,1,1995,0,0,0,0,0,0,0,0,0,0
61796,2,1,1995,15,15,15,15,15,15,15,15,15,15
61797,1,1,1995,2,2,2,2,2,2,2,2,2,2
61797,2,1,1995,18,0,0,0,0,0,0,0,0,0
61798,1,1,1995,0,0,0,0,0,0,0,0,0,0
61798,2,1,1995,0,0,0,0,0,0,0,0,0,0
61799,1,1,1995,0,0,0,0,0,0,0,0,0,0
61799,2,1,1995,0,0,0,0,0,0,0,0,0,0
61800,1,1,1995,21,21,21,21,21,21,21,21,21,21
61801,1,1,1995,0,0,0,0,0,0,0,0,0,0
61802,0,1,1995,0,0,0,0,0,0,0,0,0,0
61802,1,1,1995,0,19,7,17,13,22,22,10,0,0
61803,1,1,1995,11,14,6,10,10,0,17,19,6,0
61803,2,1,1995,0,0,0,0,0,0,0,0,0,0
61804,1,1,1995,1,1,1,1,1,1,1,1,1,1
61805,0,1,1995,12,12,12,12,12,12,12,12,12,12
61805,1,1,1995,0,0,0,0,0,0,0,0,0,0
61806,0,1,1995,16,16,16,16,16,16,16,16,16,16
61806,1,1,1995,14,29,19,18,0,0,24,0,24,9
61807,1,1,1995,18,18,18,18,18,18,18,18,18,18
61808,1,1,1995,11,11,11,11,11,11,11,11,11,11
61809,1,1,1995,0,0,0,0,0,0,0,0,0,0
61809,2,1,1995,0,0,0,0,0,0,0,0,0,0
61810,1,1,1995,0,0,0,0,0,0,0,0,0,0
61811,1,1,1995,0,0,0,0,0,0,0,0,0,0
61811,2,1,1995,21,21,21,21,21,21,21,21,21,21
61812,0,1,1995,0,0,0,0,0,0,0,0,0,0
61812,1,1,1995,0,0,0,0,0,0,0,0,0,0
61813,1,1,1995,0,0,0,0,0,0,0,0,0,0
61813,2,1,1995,0,0,0,0,0,0,0,0,0,0
61814,1,1,1995,0,0,0,0,0,0,0,0,0,0
61814,2,1,1995,0,0,0,0,0,0,0,0,0,0
61814,3,1,1995,0,0,0,0,0,0,0,0,0,0
61815,0,1,1995,0,0,0,0,0,0,0,0,0,0
61815,1,1,1995,0,0,0,0,0,0,0,0,0,0
61816,1,1,1995,28,28,28,28,28,28,28,28,28,28
61816,2,1,1995,0,0,0,0,0,0,0,0,0,0
61817,0,1,1995,0,0,0,0,0,0,0,0,0,0
61817,1,1,1995,0,0,0,0,0,0,0,0,0,0
61818,0,1,1995,0,0,0,0,0,0,0,0,0,0
61818,1,1,1995,0,0,0,0,0,0,0,0,0,0
61819,1,1,1995,5,5,5,5,5,5,5,5,5,5
61820,1,1,1995,0,0,0,0,0,0,0,0,0,0
61821,1,1,1995,0,0,0,0,0,0,0,0,0,0
61822,1,1,1995,0,0,0,0,0,0,0,0,0,0
61823,1,1,1995,0,0,0,0,0,0,0,0,0,0
61823,2,1,1995,0,0,0,0,0,0,0,0,0,0
61824,1,1,1995,0,0,0,0,0,0,0,0,0,0
61825,1,1,1995,0,0,0,0,0,0,0,0,0,0
61825,2,1,1995,18,18,18,18,18,18,18,18,18,18
61825,3,1,1995,0,0,0,0,0,0,0,0,0,0
61826,1,1,1995,4,4,4,4,4,4,4,4,4,4
61827,1,1,1995,23,23,23,23,23,23,23,23,23,23
61828,1,1,1995,0,10,0,0,0,0,0,0,0,0
61828,2,1,1995,0,0,0,18,0,14,0,0,0,0
61828,3,1,1995,2,2,2,2,2,2,2,2,2,2
61829,1,1,1995,9,0,0,0,0,0,0,0,0,0
61829,2,1,1995,17,17,17,17,17,17,17,17,17,17
61830,1,1,1995,0,0,0,0,0,0,0,0,0,0
61830,2,1,1995,0,0,0,0,0,0,0,0,0,0
61831,1,1,1995,0,0,0,0,0,0,0,0,0,0
61831,2,1,1995,0,0,0,0,0,0,0,0,0,0
61831,3,1,1995,0,0,0,0,0,0,0,0,0,0
61831,4,1,1995,0,0,0,0,0,0,0,0,0,0
61832,1,1,1995,1,1,1,1,1,1,1,1,1,1
61832,2,1,1995,5,0,22,27,2,4,0,7,27,15
61833,1,1,1995,0,11,24,0,0,0,0,0,0,20
61833,2,1,1995,0,0,0,0,0,0,0,0,0,0
61834,1,1,1995,0,0,0,0,0,0,0,0,0,0
61834,2,1,1995,0,0,0,0,0,0,0,0,0,0
61834,3,1,1995,0,0,0,0,0,0,0,0,0,0
61835,0,1,1995,0,0,0,0,0,0,0,0,0,0
61835,0,2,1995,0,0,0,0,0,0,0,0,0,0
61835,1,1,1995,0,0,0,0,0,0,0,0,0,15
61836,1,1,1995,24,0,17,3,13,6,2,7,0,9
61836,2,1,1995,10,0,0,11,0,0,0,0,0,0
61837,1,1,1995,0,0,0,0,0,0,0,0,0,0
61837,2,1,1995,0,0,0,0,0,0,0,0,0,0
61838,1,1,1995,0,0,0,0,0,0,0,0,0,0
61838,2,1,1995,0,0,0,0,0,0,0,0,0,0
61839,0,1,1995,0,0,0,0,0,0,0,0,0,0
61839,1,1,1995,0,0,0,0,0,0,0,0,0,0
61839,2,1,1995,0,0,0,0,0,0,0,0,0,0
61840,1,1,1995,0,0,0,0,0,0,0,0,0,0
61841,1,1,1995,21,21,21,21,21,21,21,21,21,21
61842,0,1,1995,16,16,16,16,16,16,16,16,16,16
61842,1,1,1995,0,0,0,0,0,0,0,0,0,0
61842,2,1,1995,0,0,0,0,0,0,0,0,0,0
61842,3,1,1995,0,0,0,0,0,0,0,0,0,0
61843,0,1,1995,0,0,0,0,0,0,0,0,0,0
61843,1,1,1995,11,0,0,0,0,0,5,14,0,0
61844,0,1,1995,0,0,0,0,0,0,0,0,0,0
61844,1,1,1995,0,0,0,0,0,0,0,0,0,0
61845,1,1,1995,0,0,0,0,0,0,0,0,0,0
61845,2,1,1995,0,0,0,0,0,0,0,21,0,0
61846,0,1,1995,0,0,20,0,39,0,0,0,0,0
61846,1,1,1995,0,0,0,0,0,0,0,0,0,0
61847,1,1,1995,0,0,0,0,0,0,0,0,0,0
61848,1,1,1995,16,16,16,16,16,16,16,16,16,16
61849,0,1,1995,0,0,0,0,0,40,0,0,0,23
61849,1,1,1995,0,0,0,0,0,0,0,0,0,0
61850,1,1,1995,0,0,0,0,0,0,0,0,0,0
61850,2,1,1995,0,0,0,0,0,0,0,0,0,0
61851,0,1,1995,0,0,0,0,0,0,0,0,0,0
61851,0,2,1995,0,0,15,0,0,0,0,0,0,0
61851,1,1,1995,0,0,0,0,0,0,0,0,0,0