ST_CASE,VEH_NO,PER_NO,YEAR,P1,P2,P3,P4,P5,P6,P7,P8,P9,P10
61852,1,1,1995,17,17,17,17,17,17,17,17,17,17
61853,0,1,1995,0,0,0,0,0,0,0,0,0,0
61853,1,1,1995,17,17,17,17,17,17,17,17,17,17
61854,1,1,1995,0,0,0,0,0,0,0,0,0,0
61854,2,1,1995,0,0,0,11,0,0,0,0,0,0
61855,1,1,1995,0,0,0,0,0,0,0,0,0,0
61855,2,1,1995,0,0,0,0,0,0,0,0,0,0
61855,3,1,1995,0,0,0,0,0,0,0,0,0,0
61856,1,1,1995,0,0,0,0,0,0,0,0,0,0
61856,2,1,1995,0,0,0,0,0,0,0,0,0,0
61857,1,1,1995,0,0,0,0,0,0,0,0,0,0
61857,2,1,1995,0,0,0,0,0,0,0,0,0,0
61858,1,1,1995,0,0,0,0,0,0,0,0,0,0
61859,0,1,1995,0,0,0,0,0,0,0,0,0,0
61859,1,1,1995,0,0,0,0,0,0,0,0,0,0
61860,0,1,1995,0,0,0,0,0,0,0,0,0,0
61860,1,1,1995,0,0,0,0,0,0,0,0,0,0
61861,1,1,1995,0,0,0,0,0,0,0,0,0,0
61862,0,1,1995,18,18,18,18,18,18,18,18,18,18
61862,1,1,1995,0,0,0,0,0,0,0,0,0,0
61862,2,1,1995,0,0,0,0,0,0,0,0,0,0
61862,3,1,1995,0,0,0,0,0,0,0,0,0,0
61862,4,1,1995,0,0,0,0,0,0,0,0,0,0
61863,1,1,1995,19,19,19,19,19,19,19,19,19,19
61864,1,1,1995,0,0,0,31,31,0,0,0,0,0
61865,1,1,1995,0,0,0,0,0,0,0,0,0,0
61865,2,1,1995,0,0,0,0,0,0,0,0,0,0
61866,1,1,1995,2,2,2,2,2,2,2,2,2,2
61866,2,1,1995,0,0,0,0,0,0,0,0,0,0
61867,1,1,1995,0,0,0,0,0,0,0,0,0,0
61868,0,1,1995,0,0,0,0,0,0,0,0,0,0
61868,1,1,1995,0,0,0,0,0,0,0,0,0,0
61869,1,1,1995,22,22,22,22,22,22,22,22,22,22
61870,1,1,1995,0,0,0,0,0,0,0,0,0,0
61870,2,1,1995,0,0,0,0,0,0,0,0,0,0
61870,3,1,1995,0,0,0,0,0,0,0,0,0,0
61871,1,1,1995,0,0,0,0,0,0,0,0,0,0
61871,2,1,1995,6,6,6,6,6,6,6,6,6,6
61872,1,1,1995,35,35,35,35,35,35,35,35,35,35
61872,2,1,1995,0,0,0,0,0,0,0,0,0,0
61873,1,1,1995,8,8,8,8,8,8,8,8,8,8
61874,0,1,1995,30,0,0,0,0,17,0,24,0,0
61874,1,1,1995,0,0,0,0,0,0,0,0,0,0
61875,1,1,1995,0,0,0,0,0,0,0,0,0,0
61875,2,1,1995,1,1,1,1,1,1,1,1,1,1
61876,1,1,1995,0,0,0,0,0,0,0,0,0,0
61876,2,1,1995,0,0,0,0,0,0,0,0,0,0
61877,1,1,1995,0,0,0,0,0,0,0,0,0,0
61878,0,1,1995,0,0,0,0,0,0,0,0,0,0
61878,1,1,1995,3,0,0,0,0,0,0,14,11,0
61879,1,1,1995,30,30,30,30,30,30,30,30,30,30
61879,2,1,1995,0,0,0,0,0,0,0,0,0,0
61880,0,1,1995,10,10,10,10,10,10,10,10,10,10
61880,1,1,1995,15,15,15,15,15,15,15,15,15,15
61881,1,1,1995,0,0,0,0,0,0,0,0,0,0
61882,1,1,1995,7,7,7,7,7,7,7,7,7,7
61883,1,1,1995,0,0,16,0,0,0,0,0,5,0
61883,2,1,1995,0,0,0,0,0,0,0,0,0,0
61884,0,1,1995,12,12,12,12,12,12,12,12,12,12
61884,1,1,1995,0,0,0,0,0,0,0,0,0,0
61885,0,1,1995,0,0,0,0,0,0,0,0,0,0
61885,1,1,1995,0,0,0,0,0,15,0,0,0,0
61886,1,1,1995,22,22,22,22,22,22,22,22,22,22
61887,1,1,1995,0,0,0,0,0,0,0,0,0,0
61888,1,1,1995,31,31,31,31,31,31,31,31,31,31
61889,1,1,1995,0,0,0,0,0,0,0,0,0,0
61891,1,1,1995,13,13,13,13,13,13,13,13,13,13
61892,1,1,1995,0,0,0,0,0,0,0,0,0,0
61893,1,1,1995,0,0,0,0,0,0,0,0,0,0
61894,1,1,1995,0,0,0,0,0,0,0,0,0,0
61894,2,1,1995,0,0,0,0,0,0,0,0,0,0
61895,1,1,1995,0,0,0,0,0,0,0,0,0,0
61895,2,1,1995,0,0,0,0,0,0,0,0,0,0
61896,1,1,1995,0,0,0,0,0,0,0,0,0,0
61897,0,1,1995,0,0,0,0,0,0,0,0,0,0
61897,1,1,1995,18,18,18,18,18,18,18,18,18,18
61898,0,1,1995,0,0,0,0,0,0,0,0,0,0
61898,1,1,1995,0,0,0,0,0,0,0,0,0,0
61898,2,1,1995,0,0,0,0,0,0,0,0,0,0
61899,0,1,1995,0,0,0,0,0,0,0,0,0,0
61899,1,1,1995,0,0,0,0,0,0,0,0,0,0
61900,1,1,1995,0,0,0,0,0,0,0,0,0,0
61900,2,1,1995,0,0,0,0,0,0,0,0,0,0
61901,1,1,1995,0,0,0,0,0,0,0,14,0,0
61902,1,1,1995,0,0,0,0,0,0,0,0,0,0
61902,2,1,1995,0,0,0,0,0,0,0,0,0,0
61903,1,1,1995,0,0,0,0,0,0,0,0,0,0
61903,2,1,1995,0,0,0,0,0,0,0,0,0,0
61904,1,1,1995,0,0,0,0,0,0,0,0,0,0
61904,2,1,1995,0,0,0,0,0,0,0,0,0,0
61905,1,1,1995,14,14,14,14,14,14,14,14,14,14
61906,1,1,1995,0,4,0,3,0,0,0,0,0,32
61906,2,1,1995,0,0,0,0,0,0,0,0,0,0
61907,1,1,1995,6,6,6,6,6,6,6,6,6,6
61908,1,1,1995,0,0,0,0,0,0,0,18,12,0
61909,1,1,1995,0,0,0,0,0,0,0,0,0,0
61909,2,1,1995,0,0,0,0,0,0,0,0,0,0
61910,1,1,1995,0,0,0,0,0,0,0,0,0,0
61910,2,1,1995,0,0,0,0,0,0,0,0,0,0
61911,1,1,1995,0,0,0,0,0,0,0,0,0,0
61912,1,1,1995,0,0,0,0,0,0,0,0,0,0
61913,1,1,1995,0,0,0,0,0,0,0,0,0,0
61913,2,1,1995,0,0,0,0,0,0,0,0,0,0
61914,1,1,1995,0,0,0,0,0,0,0,0,0,0
61915,1,1,1995,37,37,37,37,37,37,37,37,37,37
61915,2,1,1995,0,0,0,0,0,0,0,0,0,0
61916,1,1,1995,13,13,13,13,13,13,13,13,13,13
61917,0,1,1995,40,40,40,40,40,40,40,40,40,40
61917,1,1,1995,0,0,0,0,0,0,0,0,0,0
61918,0,1,1995,6,6,6,6,6,6,6,6,6,6
61918,1,1,1995,0,0,0,0,0,0,0,0,0,0
61919,0,1,1995,19,19,19,19,19,19,19,19,19,19
61919,1,1,1995,0,0,0,0,0,15,0,0,22,15
61920,1,1,1995,0,0,0,0,0,0,0,0,0,0
61920,2,1,1995,16,16,16,16,16,16,16,16,16,16
61921,0,1,1995,0,0,0,0,0,0,0,0,0,0
61921,1,1,1995,0,0,0,0,0,0,0,0,0,0
61922,1,1,1995,0,0,0,0,0,0,0,0,0,0
61922,2,1,1995,0,0,0,0,0,0,0,0,0,0
61923,1,1,1995,10,10,10,10,10,10,10,10,10,10
61923,2,1,1995,0,17,0,0,0,0,0,5,0,0
61923,3,1,1995,0,0,0,0,0,0,0,0,0,0
61924,1,1,1995,0,0,0,0,0,0,0,0,0,0
61924,2,1,1995,0,0,0,19,0,0,0,0,12,0
61925,1,1,1995,8,8,8,8,8,8,8,8,8,8
61926,1,1,1995,23,23,23,23,23,23,23,23,23,23
61927,1,1,1995,0,0,0,0,0,0,0,0,0,0
61927,2,1,1995,0,0,0,0,0,0,0,0,0,0
61928,1,1,1995,0,0,0,0,0,0,0,0,0,0
61928,2,1,1995,0,0,0,0,0,0,0,0,0,0
61929,0,1,1995,0,0,0,0,0,0,0,0,0,0
61929,1,1,1995,0,0,0,0,0,0,0,0,0,0
61930,1,1,1995,24,23,0,0,14,7,12,10,0,0
61930,2,1,1995,0,0,0,0,0,0,0,0,0,0
61931,1,1,1995,10,10,10,10,10,10,10,10,10,10
61932,0,1,1995,0,0,0,0,0,0,0,0,0,0
61932,1,1,1995,0,0,0,0,0,0,0,0,0,0
61933,1,1,1995,0,0,0,0,0,0,0,0,0,0
61934,1,1,1995,34,34,34,34,34,34,34,34,34,34
61934,2,1,1995,0,0,0,6,0,0,0,0,0,27
61935,0,1,1995,0,0,0,0,0,0,0,0,0,0
61935,1,1,1995,0,0,0,0,0,0,0,0,0,0
61936,0,1,1995,0,0,0,0,0,0,0,0,0,0
61936,1,1,1995,0,0,0,0,0,0,0,0,0,0
61937,1,1,1995,13,13,13,13,13,13,13,13,13,13
61938,0,1,1995,0,0,14,0,20,0,0,0,18,7
61938,0,2,1995,0,0,0,0,0,0,0,0,0,0
61938,0,3,1995,0,0,0,0,0,0,0,0,0,0
61938,1,1,1995,0,0,0,0,0,0,0,0,0,0
61939,1,1,1995,0,0,0,0,0,0,0,0,0,0
61939,2,1,1995,0,0,0,0,0,0,0,0,0,0
61939,3,1,1995,0,0,0,0,0,0,0,0,0,0
61940,1,1,1995,0,0,0,0,0,0,0,0,0,0
61941,1,1,1995,0,0,11,0,0,0,0,0,5,0
61942,0,1,1995,7,7,7,7,7,7,7,7,7,7
61942,1,1,1995,0,0,0,0,0,0,0,0,0,0
61942,2,1,1995,0,0,0,0,0,0,0,0,0,0
61943,1,1,1995,18,18,18,18,18,18,18,18,18,18
61943,2,1,1995,0,0,0,0,0,0,0,0,0,0
61944,0,1,1995,0,0,0,0,0,0,0,0,0,0
61944,1,1,1995,0,0,0,0,0,0,0,0,0,0
61944,2,1,1995,0,0,0,0,0,0,0,0,0,0
61945,1,1,1995,3,3,3,3,3,3,3,3,3,3
61946,0,1,1995,2,2,2,2,2,2,2,2,2,2
61946,1,1,1995,0,0,0,0,0,0,0,0,0,0
61947,1,1,1995,9,9,9,9,9,9,9,9,9,9
61948,1,1,1995,2,2,2,2,2,2,2,2,2,2
61948,2,1,1995,0,0,0,0,0,0,0,0,0,0
61948,3,1,1995,0,0,0,0,0,0,0,0,0,0
61949,1,1,1995,0,0,0,0,0,0,0,0,0,31
61949,2,1,1995,0,0,0,0,0,0,0,0,0,0
61950,1,1,1995,5,5,5,5,5,5,5,5,5,5
61951,1,1,1995,0,0,0,0,0,0,0,0,0,0
61952,1,1,1995,7,7,7,7,7,7,7,7,7,7
61952,2,1,1995,7,7,7,7,7,7,7,7,7,7
61953,1,1,1995,14,14,14,14,14,14,14,14,14,14
61954,1,1,1995,0,0,0,0,0,0,0,0,0,20
61954,2,1,1995,0,0,0,0,0,0,0,0,0,9
61955,0,1,1995,0,0,0,0,0,0,0,0,0,0
61955,1,1,1995,0,0,0,0,0,0,0,0,0,0
61956,1,1,1995,0,0,0,0,0,0,0,0,0,0
61956,2,1,1995,0,0,0,0,0,0,0,0,0,0
61957,1,1,1995,0,0,0,0,0,0,0,0,0,0
61957,2,1,1995,0,0,0,0,0,0,0,0,0,0
61958,0,1,1995,0,0,0,0,0,0,0,0,0,0
61958,1,1,1995,0,0,0,0,0,0,0,0,0,0
61959,1,1,1995,28,28,28,28,28,28,28,28,28,28
61959,2,1,1995,0,0,0,0,0,0,0,0,0,0
61960,1,1,1995,0,0,0,0,9,0,0,0,0,0
61960,2,1,1995,0,0,0,0,14,0,0,0,0,0
61961,1,1,1995,2,2,2,2,2,2,2,2,2,2
61961,2,1,1995,0,0,0,0,0,0,0,0,0,0
61962,1,1,1995,0,0,0,0,0,0,0,0,0,0
61962,2,1,1995,0,0,0,0,0,0,0,0,0,0
61963,1,1,1995,0,0,0,0,0,0,0,0,0,0
61963,2,1,1995,0,0,0,0,0,0,0,0,0,0
61963,3,1,1995,0,0,0,0,0,0,0,0,0,0
61964,1,1,1995,0,0,0,0,0,0,0,0,0,0
61964,2,1,1995,1,1,1,1,1,1,1,1,1,1
61965,1,1,1995,0,0,0,0,0,0,0,0,0,0
61965,2,1,1995,0,0,0,0,0,0,0,0,0,0
61966,1,1,1995,12,12,12,12,12,12,12,12,12,12
61967,1,1,1995,16,16,16,16,16,16,16,16,16,16
61968,1,1,1995,0,0,0,16,0,0,0,0,0,0
61968,2,1,1995,0,0,0,0,0,0,0,13,0,0
61969,1,1,1995,0,0,0,0,0,0,0,0,0,0
61969,2,1,1995,0,0,0,0,0,0,0,0,0,0
61970,1,1,1995,0,0,0,0,0,0,0,0,0,0
61971,1,1,1995,0,0,0,0,0,0,0,0,0,0
61971,2,1,1995,0,0,0,0,0,0,0,0,0,0
61972,1,1,1995,0,0,0,0,0,0,0,0,0,0
61972,2,1,1995,0,0,0,0,0,0,0,0,0,0
61973,1,1,1995,0,0,0,0,0,0,0,0,0,0
61974,1,1,1995,0,0,0,0,0,0,0,0,0,0
61975,1,1,1995,0,0,0,0,0,0,0,0,0,0
61976,1,1,1995,2,2,2,2,2,2,2,2,2,2
61976,2,1,1995,0,0,0,0,0,0,0,0,0,0
61977,1,1,1995,0,0,0,0,0,10,0,0,0,0
61979,0,1,1995,0,0,0,0,0,0,0,0,0,0
61979,1,1,1995,22,0,0,11,9,0,0,23,0,0
61980,1,1,1995,0,0,0,0,0,0,0,0,0,0
61980,2,1,1995,0,0,0,0,0,0,12,0,0,0
61981,0,1,1995,22,22,22,22,22,22,22,22,22,22
61981,1,1,1995,0,0,0,0,0,0,0,0,0,0
61982,0,1,1995,0,0,0,0,0,0,0,0,0,0
61982,1,1,1995,9,19,21,20,33,19,19,18,28,5
61983,1,1,1995,0,0,0,0,0,0,0,0,0,0
61984,1,1,1995,0,0,0,0,0,0,0,0,0,0
61985,1,1,1995,7,7,7,7,7,7,7,7,7,7
61985,2,1,1995,0,0,0,0,0,0,0,0,0,0
61985,3,1,1995,0,0,0,0,0,0,0,0,0,0
61986,1,1,1995,0,0,0,0,0,0,0,0,0,0
61986,2,1,1995,0,0,0,0,0,0,0,0,0,0
61988,0,1,1995,0,0,0,0,0,0,0,0,0,0
61988,1,1,1995,0,0,0,0,0,0,0,0,0,0
61989,1,1,1995,0,0,0,0,0,0,0,0,0,0
61989,2,1,1995,0,0,0,0,0,0,0,0,0,0
61990,1,1,1995,0,0,0,0,0,0,0,0,0,0
61990,2,1,1995,0,0,0,0,0,0,0,0,0,0
61990,3,1,1995,0,0,0,0,0,0,0,4,0,0
61991,0,1,1995,0,0,0,0,0,0,0,0,0,0
61991,1,1,1995,15,15,15,15,15,15,15,15,15,15
61992,1,1,1995,0,0,0,0,0,0,0,0,0,0
61992,2,1,1995,0,0,0,0,0,0,0,0,0,0
61993,1,1,1995,12,12,12,12,12,12,12,12,12,12
61993,2,1,1995,0,0,0,0,0,0,0,0,0,0
61994,1,1,1995,1,1,1,1,1,1,1,1,1,1
61994,2,1,1995,0,0,0,0,0,0,0,0,0,0
61995,1,1,1995,2,2,2,2,2,2,2,2,2,2
61996,0,1,1995,0,0,0,0,0,0,0,0,0,0
61996,1,1,1995,0,0,0,0,0,0,12,0,0,0
61997,1,1,1995,0,0,0,0,0,0,0,0,0,0
61998,1,1,1995,11,11,11,11,11,11,11,11,11,11
61999,0,1,1995,0,0,0,0,0,0,0,0,0,0
61999,1,1,1995,0,0,0,0,0,0,0,0,0,0
62000,1,1,1995,0,0,13,0,0,0,0,0,0,0
62000,2,1,1995,0,0,0,0,0,0,0,0,0,0
62001,0,1,1995,5,5,5,5,5,5,5,5,5,5
62001,1,1,1995,0,0,0,0,0,0,0,0,0,0
62002,1,1,1995,0,0,0,0,7,0,0,0,0,0
62002,2,1,1995,0,0,0,0,0,0,0,0,0,0
62003,1,1,1995,0,0,0,0,0,0,0,0,0,0
62003,2,1,1995,0,0,0,0,0,0,0,0,0,0
62004,1,1,1995,8,8,8,8,8,8,8,8,8,8
62005,1,1,1995,5,5,5,5,5,5,5,5,5,5
62006,1,1,1995,0,22,5,0,0,0,0,0,0,0
62007,0,1,1995,0,0,0,0,0,0,0,0,0,0
62007,1,1,1995,0,0,0,0,0,0,0,0,0,0
62008,1,1,1995,0,0,0,0,0,0,0,0,0,0
62009,1,1,1995,0,0,0,0,0,0,0,0,0,0
62009,2,1,1995,0,0,0,0,0,0,0,0,0,0
62010,1,1,1995,0,0,0,0,0,0,0,0,0,0
62010,2,1,1995,0,14,0,0,0,10,0,0,0,0
62011,0,1,1995,0,0,0,0,0,0,0,0,0,0
62011,1,1,1995,0,0,0,0,0,0,0,0,0,0
62012,0,1,1995,0,0,0,0,0,0,0,0,0,0
62012,1,1,1995,0,0,0,0,32,0,0,22,0,0
62013,0,1,1995,13,13,13,13,13,13,13,13,13,13
62013,1,1,1995,0,0,0,0,0,0,0,0,0,0
62014,0,1,1995,11,11,11,11,11,11,11,11,11,11
62014,1,1,1995,0,0,0,0,0,0,0,0,0,0
62015,0,1,1995,12,12,12,12,12,12,12,12,12,12
62015,1,1,1995,19,11,3,11,0,18,14,0,15,3
62016,1,1,1995,0,0,0,0,0,0,0,0,0,0
62017,1,1,1995,0,0,0,0,0,0,0,0,0,0
62017,2,1,1995,5,0,11,0,0,0,0,0,0,0
62018,1,1,1995,0,0,0,0,0,0,0,0,0,0
62019,1,1,1995,17,17,17,17,17,17,17,17,17,17
62020,1,1,1995,24,24,24,24,24,24,24,24,24,24
62021,1,1,1995,14,14,14,14,14,14,14,14,14,14
62022,1,1,1995,22,0,7,0,0,18,21,15,28,0
62022,2,1,1995,0,0,0,0,0,0,24,0,0,0
62023,1,1,1995,0,0,0,0,0,0,0,0,0,0
62024,0,1,1995,22,22,22,22,22,22,22,22,22,22
62024,0,2,1995,0,0,11,25,16,21,19,7,8,12
62024,0,3,1995,0,15,0,13,27,0,0,0,6,4
62024,1,1,1995,0,11,22,0,47,2,0,0,12,0
62025,1,1,1995,19,19,19,19,19,19,19,19,19,19
62026,1,1,1995,0,0,0,0,0,0,0,0,0,0
62027,0,1,1995,0,0,0,0,0,0,0,0,0,0
62027,1,1,1995,0,0,0,0,0,0,0,0,0,0
62028,0,1,1995,0,0,0,0,0,0,0,0,0,0
62028,1,1,1995,9,9,9,9,9,9,9,9,9,9
62029,1,1,1995,0,0,0,0,0,0,0,0,0,0
62030,1,1,1995,0,0,0,0,0,0,0,0,0,0
62031,1,1,1995,0,0,0,0,0,0,0,0,0,0
62031,2,1,1995,0,0,0,0,0,0,0,0,0,0
62031,3,1,1995,27,0,0,0,0,0,0,0,0,0
62031,4,1,1995,0,0,0,0,0,0,0,0,0,0
62032,1,1,1995,0,0,0,0,0,19,0,0,0,0
62033,1,1,1995,32,32,32,32,32,32,32,32,32,32
62034,0,1,1995,0,0,0,0,0,0,0,0,0,0
62034,1,1,1995,0,0,0,0,0,0,0,0,0,0
62035,1,1,1995,33,33,33,33,33,33,33,33,33,33
62036,1,1,1995,0,0,0,0,0,0,0,0,0,0
62037,1,1,1995,23,23,23,23,23,23,23,23,23,23
62037,2,1,1995,0,0,0,0,0,0,0,0,0,0
62038,1,1,1995,0,0,0,0,0,0,0,0,0,0
62039,0,1,1995,0,0,0,0,0,0,0,0,0,0
62039,1,1,1995,0,0,0,0,0,0,0,0,0,0
62039,2,1,1995,0,0,0,0,0,0,0,0,0,0
62040,0,1,1995,0,0,0,0,0,0,0,0,0,0
62040,1,1,1995,0,0,0,0,0,0,22,0,0,0
62041,1,1,1995,21,21,21,21,21,21,21,21,21,21
62042,0,1,1995,23,23,23,23,23,23,23,23,23,23
62042,1,1,1995,0,0,0,0,0,0,0,0,0,0
62043,1,1,1995,8,8,8,8,8,8,8,8,8,8
62044,0,1,1995,9,10,15,0,28,14,33,12,9,11
62044,0,2,1995,0,0,0,0,0,0,0,0,0,0
62044,1,1,1995,0,0,0,0,0,0,0,0,0,0
62045,0,1,1995,0,0,0,0,0,0,0,0,0,0
62045,1,1,1995,0,0,0,0,0,0,0,0,0,0
62046,0,1,1995,22,22,22,22,22,22,22,22,22,22
62046,1,1,1995,0,0,0,0,0,0,0,0,0,0
62047,1,1,1995,6,6,6,6,6,6,6,6,6,6
62047,2,1,1995,0,0,0,0,0,0,0,0,0,0
62048,0,1,1995,0,0,0,0,0,0,0,0,0,0
62048,1,1,1995,0,0,0,0,0,0,0,0,0,0
62049,1,1,1995,0,0,0,0,0,0,0,0,0,0
62049,2,1,1995,0,0,0,0,0,0,0,0,0,0
62050,1,1,1995,0,0,0,0,0,0,0,0,0,0
62050,2,1,1995,0,0,0,0,0,0,0,0,0,0
62051,1,1,1995,0,0,0,0,0,0,0,0,0,0
62052,1,1,1995,0,0,0,0,0,0,0,0,0,0
62053,1,1,1995,1,1,1,1,1,1,1,1,1,1
62053,2,1,1995,0,0,0,0,0,0,0,0,0,0
62053,3,1,1995,3,13,0,0,0,0,0,12,0,0
62054,1,1,1995,0,0,0,0,0,0,0,0,0,0
62055,1,1,1995,24,24,24,24,24,24,24,24,24,24
62055,2,1,1995,0,0,0,0,0,0,0,0,0,0
62056,1,1,1995,0,0,0,0,0,0,0,0,0,0
62056,2,1,1995,0,0,0,0,0,0,0,0,0,0
62057,1,1,1995,18,18,18,18,18,18,18,18,18,18
62057,2,1,1995,0,0,0,0,0,0,0,0,0,0
62058,1,1,1995,18,18,18,18,18,18,18,18,18,18
62059,1,1,1995,0,0,0,0,0,0,0,0,0,0
62060,1,1,1995,1,1,1,1,1,1,1,1,1,1
62060,2,1,1995,24,1,11,5,10,12,2,12,0,12
62061,1,1,1995,0,0,0,0,0,0,0,0,0,0
62062,0,1,1995,0,9,0,0,23,0,0,0,0,0
62062,1,1,1995,23,0,0,0,0,0,0,0,0,0
62063,1,1,1995,0,0,0,0,0,0,0,0,0,0
62063,2,1,1995,0,0,0,0,0,0,0,0,0,0
62064,1,1,1995,28,28,28,28,28,28,28,28,28,28
62064,2,1,1995,0,0,0,0,0,0,0,0,0,0
62064,3,1,1995,13,0,0,0,0,0,0,0,0,0
62064,4,1,1995,0,0,0,0,0,0,0,0,0,0
62064,5,1,1995,0,0,0,0,0,0,0,0,0,0
62065,1,1,1995,0,0,0,0,0,0,0,0,0,0
62065,2,1,1995,0,0,0,0,8,0,0,0,0,0
62066,1,1,1995,21,21,21,21,21,21,21,21,21,21
62067,1,1,1995,0,0,0,0,0,0,0,0,0,0
62067,2,1,1995,0,0,0,0,0,0,0,0,0,0
62068,0,1,1995,0,0,0,0,0,0,0,0,0,0
62068,1,1,1995,0,15,0,0,13,0,0,0,0,0
62069,1,1,1995,0,0,0,0,0,10,0,0,0,0
62069,2,1,1995,0,0,0,0,0,0,0,0,0,0
62069,3,1,1995,0,0,0,0,0,0,0,0,0,0
62069,4,1,1995,0,0,0,0,0,0,0,0,0,0
62070,1,1,1995,27,27,27,27,27,27,27,27,27,27
62071,1,1,1995,11,11,11,11,11,11,11,11,11,11
62072,1,1,1995,0,0,0,0,0,0,0,0,0,0
62072,2,1,1995,0,0,0,0,0,0,0,0,0,0
62073,1,1,1995,30,30,30,30,30,30,30,30,30,30
62073,2,1,1995,0,0,0,0,0,0,0,0,0,0
62074,1,1,1995,25,20,9,20,19,38,30,0,22,16
62074,2,1,1995,0,0,0,0,0,0,0,0,0,0
62075,1,1,1995,0,0,0,0,0,0,0,0,0,21
62075,2,1,1995,0,0,0,0,0,0,0,0,0,0
62076,0,1,1995,16,16,16,16,16,16,16,16,16,16
62076,1,1,1995,0,0,0,0,0,0,14,0,14,0
62077,1,1,1995,0,0,0,0,0,0,0,0,0,0
62078,1,1,1995,19,19,19,19,19,19,19,19,19,19
62079,1,1,1995,20,20,20,20,20,20,20,20,20,20
62080,0,1,1995,0,0,0,0,0,0,0,0,0,33
62080,1,1,1995,7,7,7,7,7,7,7,7,7,7
62081,0,1,1995,29,29,29,29,29,29,29,29,29,29
62081,1,1,1995,24,6,0,0,0,0,0,0,23,0
62082,0,1,1995,0,0,0,0,0,0,0,0,0,0
62082,1,1,1995,0,0,0,0,0,0,0,0,0,0
62083,1,1,1995,13,13,13,13,13,13,13,13,13,13
62084,1,1,1995,25,25,25,25,25,25,25,25,25,25
62085,1,1,1995,5,5,5,5,5,5,5,5,5,5
62085,2,1,1995,0,0,0,0,0,0,0,0,0,0
62086,0,1,1995,0,0,0,0,0,0,0,0,0,0
62086,1,1,1995,0,0,0,0,0,0,0,0,0,0
62087,1,1,1995,0,0,0,0,0,0,0,0,0,0
62087,2,1,1995,0,0,0,0,0,0,0,0,0,0
62088,1,1,1995,0,0,0,0,0,0,0,0,0,0
62089,1,1,1995,14,14,14,14,14,14,14,14,14,14
62089,2,1,1995,0,0,0,0,0,0,0,0,0,0
62090,1,1,1995,8,8,8,8,8,8,8,8,8,8
62090,2,1,1995,0,0,0,0,0,0,0,0,0,0
62090,3,1,1995,0,0,20,0,0,0,0,0,0,13
62090,4,1,1995,0,0,0,0,0,0,0,0,27,0
62090,5,1,1995,0,0,0,0,0,0,0,0,0,0
62091,0,1,1995,22,22,22,22,22,22,22,22,22,22
62091,1,1,1995,6,18,0,14,18,0,20,20,0,0
62092,1,1,1995,22,22,22,22,22,22,22,22,22,22
62093,1,1,1995,14,14,14,14,14,14,14,14,14,14
62094,1,1,1995,14,14,14,14,14,14,14,14,14,14
62094,2,1,1995,0,0,11,0,0,0,0,0,0,0
62095,1,1,1995,0,0,0,0,0,0,0,0,0,0
62095,2,1,1995,0,0,0,0,0,0,0,0,0,0
62096,0,1,1995,0,0,0,0,0,0,0,0,0,0
62096,1,1,1995,12,12,12,12,12,12,12,12,12,12
62097,0,1,1995,12,12,12,12,12,12,12,12,12,12
62097,1,1,1995,0,0,0,0,0,0,0,0,0,0
62097,2,1,1995,0,0,0,0,0,0,0,0,0,0
62098,1,1,1995,0,0,0,0,0,0,0,0,0,0
62098,2,1,1995,0,0,0,0,0,0,0,0,0,0
62098,3,1,1995,0,0,0,0,0,0,0,0,0,0
62099,1,1,1995,0,0,0,0,0,0,0,0,0,0
62099,2,1,1995,0,0,0,0,0,0,0,0,0,0
62100,1,1,1995,15,15,15,15,15,15,15,15,15,15
62100,2,1,1995,0,0,0,0,0,0,0,0,0,0
62100,3,1,1995,0,0,0,0,0,0,0,0,0,0
62101,1,1,1995,10,10,10,10,10,10,10,10,10,10
62101,2,1,1995,0,0,0,0,0,0,0,0,0,0
62102,1,1,1995,11,11,11,11,11,11,11,11,11,11
62102,2,1,1995,13,13,13,13,13,13,13,13,13,13
62103,0,1,1995,0,0,0,0,0,0,0,0,0,0
62103,1,1,1995,0,0,0,0,0,0,0,0,0,0
62104,1,1,1995,16,16,16,16,16,16,16,16,16,16
62105,1,1,1995,1,1,1,1,1,1,1,1,1,1
62105,2,1,1995,0,0,0,0,0,0,0,0,0,0
62106,0,1,1995,22,43,25,8,15,15,25,23,15,16
62106,1,1,1995,0,0,0,0,0,0,0,0,0,0
62107,0,1,1995,0,0,0,0,0,0,0,0,0,0
62107,1,1,1995,0,0,0,0,0,0,0,0,0,0
62108,0,1,1995,0,0,0,0,0,0,0,0,0,0
62108,1,1,1995,0,0,0,0,0,0,0,0,0,0
62109,1,1,1995,9,9,9,9,9,9,9,9,9,9
62110,0,1,1995,0,0,0,0,0,0,0,0,0,0
62110,1,1,1995,0,0,0,0,0,0,0,0,0,0
62111,0,1,1995,0,0,0,0,0,0,0,0,0,0
62111,1,1,1995,0,0,0,0,0,0,0,0,0,0
62112,1,1,1995,0,0,0,0,0,0,0,0,0,0
62113,0,1,1995,0,0,0,0,0,0,0,0,0,0
62113,1,1,1995,0,0,0,0,0,0,0,0,0,0
62114,0,1,1995,0,0,0,0,0,0,0,0,0,0
62114,1,1,1995,0,0,0,0,0,0,0,0,0,0
62115,0,1,1995,0,0,0,0,0,0,0,0,0,0
62115,1,1,1995,0,0,0,0,0,0,0,0,0,0
62116,1,1,1995,0,0,0,0,0,0,0,0,0,0
62116,2,1,1995,0,0,0,0,0,0,0,0,0,0
62116,3,1,1995,0,0,0,0,0,0,0,0,0,0