ST_CASE,VEH_NO,PER_NO,YEAR,P1,P2,P3,P4,P5,P6,P7,P8,P9,P10
62116,4,1,1995,0,0,0,0,0,0,0,0,0,0
62116,5,1,1995,0,0,0,0,0,0,0,0,0,0
62116,6,1,1995,0,0,0,0,0,0,0,0,0,0
62117,1,1,1995,0,0,0,0,0,0,0,0,0,0
62117,2,1,1995,0,0,0,0,0,0,0,0,0,0
62118,1,1,1995,0,0,0,0,0,0,0,0,0,0
62118,2,1,1995,5,0,0,0,0,0,0,0,0,0
62119,1,1,1995,0,0,0,0,0,0,0,0,0,0
62119,2,1,1995,0,0,0,0,0,0,0,0,0,0
62119,3,1,1995,0,0,0,0,0,0,0,0,0,0
62120,1,1,1995,7,7,7,7,7,7,7,7,7,7
62121,1,1,1995,0,0,0,0,0,0,0,0,0,0
62122,1,1,1995,0,0,0,0,0,0,0,0,0,0
62122,2,1,1995,0,0,0,0,0,0,0,0,0,0
62122,3,1,1995,0,0,0,0,0,0,0,0,0,0
62122,4,1,1995,0,0,0,0,0,0,0,0,0,0
62122,5,1,1995,0,0,0,0,0,0,0,0,0,0
62123,1,1,1995,13,13,13,13,13,13,13,13,13,13
62124,1,1,1995,11,11,11,11,11,11,11,11,11,11
62125,1,1,1995,0,0,0,0,0,0,0,0,0,0
62126,0,1,1995,42,42,42,42,42,42,42,42,42,42
62126,1,1,1995,0,0,14,12,5,0,19,0,27,4
62127,0,1,1995,39,39,39,39,39,39,39,39,39,39
62127,1,1,1995,0,0,0,0,0,19,16,0,0,0
62128,1,1,1995,17,17,17,17,17,17,17,17,17,17
62129,1,1,1995,0,0,0,0,0,0,0,0,0,0
62130,1,1,1995,0,0,0,0,0,0,0,0,0,0
62130,2,1,1995,0,0,0,0,0,0,0,0,0,0
62130,3,1,1995,0,0,0,0,0,0,0,0,0,0
62130,4,1,1995,0,0,0,0,0,0,0,0,0,0
62131,1,1,1995,0,0,0,0,0,0,0,0,0,0
62131,2,1,1995,0,0,0,0,0,0,0,0,0,0
62131,3,1,1995,0,0,0,0,0,0,0,0,0,0
62132,1,1,1995,0,0,0,0,0,0,0,0,0,0
62133,1,1,1995,0,0,0,0,0,0,0,0,0,0
62133,2,1,1995,0,0,0,0,0,0,0,0,0,0
62133,3,1,1995,0,0,0,0,0,0,0,0,0,0
62133,4,1,1995,0,0,0,0,0,0,0,0,0,0
62134,1,1,1995,11,0,17,0,0,12,0,18,0,0
62135,1,1,1995,0,0,0,0,0,0,0,0,0,0
62136,1,1,1995,16,16,16,16,16,16,16,16,16,16
62137,1,1,1995,0,0,0,0,0,0,0,21,0,0
62138,0,1,1995,0,0,0,0,0,0,0,0,0,0
62138,0,2,1995,0,0,0,0,0,0,0,0,0,0
62138,0,3,1995,0,14,0,0,7,14,7,0,0,0
62138,1,1,1995,0,0,0,0,0,0,0,0,0,0
62139,1,1,1995,0,0,0,0,0,0,0,0,0,0
62139,2,1,1995,0,0,0,0,0,0,0,0,0,0
62139,3,1,1995,0,0,0,0,0,0,0,0,0,0
62139,4,1,1995,0,0,0,0,0,0,0,0,0,0
62140,1,1,1995,0,0,0,0,19,8,0,8,0,0
62141,0,1,1995,10,0,23,8,0,0,7,0,19,35
62141,1,1,1995,0,29,21,0,8,9,5,0,22,18
62142,1,1,1995,0,0,0,0,0,7,0,0,0,0
62142,2,1,1995,0,0,0,0,0,0,0,0,0,0
62143,1,1,1995,24,24,24,24,24,24,24,24,24,24
62143,2,1,1995,0,0,0,0,0,0,0,0,0,0
62144,1,1,1995,0,0,0,0,0,0,0,0,0,0
62145,1,1,1995,0,0,0,0,0,0,0,0,0,0
62145,2,1,1995,0,0,0,0,0,0,0,0,0,0
62145,3,1,1995,0,0,0,0,0,11,0,0,0,0
62146,0,1,1995,0,0,0,0,0,0,0,0,0,0
62146,1,1,1995,0,0,0,0,0,0,0,0,0,0
62147,0,1,1995,0,0,0,8,0,31,0,27,19,0
62147,1,1,1995,0,0,0,0,0,0,0,0,0,0
62148,1,1,1995,14,14,14,14,14,14,14,14,14,14
62150,0,1,1995,0,0,0,0,0,0,0,0,0,0
62150,1,1,1995,0,0,0,0,0,0,0,0,0,0
62150,2,1,1995,0,0,0,0,0,0,0,0,0,0
62151,1,1,1995,11,11,11,11,11,11,11,11,11,11
62152,1,1,1995,13,13,13,13,13,13,13,13,13,13
62152,2,1,1995,0,0,0,0,0,0,0,0,0,0
62153,1,1,1995,13,0,0,0,32,0,0,33,0,0
62153,2,1,1995,0,0,0,0,0,0,0,0,13,0
62154,1,1,1995,0,0,0,0,0,0,0,0,0,0
62155,0,1,1995,0,0,0,0,0,0,0,0,0,0
62155,1,1,1995,0,0,5,0,0,16,8,0,0,0
62156,1,1,1995,0,0,0,0,0,0,0,0,0,0
62156,2,1,1995,0,0,0,0,0,0,0,0,0,0
62157,0,1,1995,0,0,0,0,0,0,0,0,0,0
62157,1,1,1995,0,0,0,0,0,0,0,0,0,0
62158,1,1,1995,17,17,17,17,17,17,17,17,17,17
62159,1,1,1995,0,0,0,0,0,0,0,0,0,0
62159,2,1,1995,0,0,0,0,0,0,0,0,0,0
62160,0,1,1995,27,27,27,27,27,27,27,27,27,27
62160,1,1,1995,0,0,18,0,0,0,0,0,0,0
62161,1,1,1995,0,0,11,0,0,14,0,3,0,26
62161,2,1,1995,0,0,0,0,0,0,0,0,0,0
62162,1,1,1995,0,0,0,0,0,0,0,0,0,0
62162,2,1,1995,0,0,0,0,0,0,0,0,0,0
62162,3,1,1995,0,0,0,0,0,0,0,0,0,0
62162,4,1,1995,0,0,0,0,0,0,0,0,0,0
62162,5,1,1995,0,0,0,0,0,0,0,0,0,0
62162,6,1,1995,0,0,0,0,0,0,0,0,0,0
62163,1,1,1995,7,27,27,20,19,30,19,0,0,12
62163,2,1,1995,0,0,0,0,0,0,0,0,0,0
62164,1,1,1995,0,0,0,0,0,0,0,0,0,0
62164,2,1,1995,0,0,0,0,0,0,0,0,0,0
62165,1,1,1995,0,0,0,0,0,21,0,0,0,15
62165,2,1,1995,18,0,0,0,0,0,0,0,0,0
62166,1,1,1995,0,0,0,0,0,0,0,0,0,0
62166,2,1,1995,0,0,0,0,0,0,0,0,0,0
62167,0,1,1995,0,0,0,0,0,0,0,0,0,0
62167,1,1,1995,0,0,0,0,0,0,0,0,16,13
62168,1,1,1995,0,0,0,0,0,0,0,0,0,0
62168,2,1,1995,0,0,0,0,0,0,0,0,0,0
62169,1,1,1995,9,9,9,9,9,9,9,9,9,9
62169,2,1,1995,0,0,0,0,0,0,0,0,0,0
62170,0,1,1995,0,0,0,0,0,0,0,0,0,0
62170,1,1,1995,0,0,0,0,0,0,0,0,0,0
62171,1,1,1995,0,0,0,0,0,0,0,0,0,0
62171,2,1,1995,0,0,0,0,0,0,0,0,0,0
62172,1,1,1995,31,31,31,31,31,31,31,31,31,31
62172,2,1,1995,0,0,0,0,0,0,0,0,0,0
62173,1,1,1995,0,0,0,0,0,0,0,0,0,0
62174,1,1,1995,0,0,0,2,0,8,0,0,0,0
62174,2,1,1995,13,13,13,13,13,13,13,13,13,13
62175,1,1,1995,0,0,0,0,0,0,0,0,0,0
62175,2,1,1995,0,0,0,0,0,0,0,0,0,0
62176,1,1,1995,0,0,0,0,0,0,0,0,0,0
62176,2,1,1995,0,0,0,0,0,0,0,0,0,0
62177,1,1,1995,0,0,0,0,0,0,0,0,0,0
62177,2,1,1995,2,2,2,2,2,2,2,2,2,2
62178,1,1,1995,7,7,7,7,7,7,7,7,7,7
62178,2,1,1995,0,0,0,0,0,0,0,0,0,0
62179,1,1,1995,0,0,0,0,0,0,0,0,0,0
62180,1,1,1995,12,12,12,12,12,12,12,12,12,12
62181,1,1,1995,7,7,7,7,7,7,7,7,7,7
62181,2,1,1995,0,0,0,0,0,0,0,0,0,0
62182,1,1,1995,14,15,25,16,14,21,24,10,9,27
62182,2,1,1995,0,0,0,0,0,0,0,0,0,0
62183,1,1,1995,0,0,0,0,0,0,0,0,0,0
62183,2,1,1995,15,15,0,0,0,0,0,0,0,6
62184,1,1,1995,0,0,0,0,0,0,0,0,0,0
62184,2,1,1995,0,0,0,0,0,0,0,0,0,0
62185,1,1,1995,0,0,0,0,0,0,0,0,0,0
62185,2,1,1995,0,0,0,0,0,0,0,0,0,0
62186,1,1,1995,0,0,0,0,0,0,0,0,0,0
62186,2,1,1995,0,0,0,0,0,0,0,0,0,0
62187,1,1,1995,0,0,0,0,0,0,0,0,0,0
62187,2,1,1995,0,0,0,0,0,0,0,0,0,0
62188,1,1,1995,18,18,18,18,18,18,18,18,18,18
62188,2,1,1995,0,0,0,0,0,0,0,0,0,0
62189,1,1,1995,0,0,0,0,0,0,0,0,0,0
62190,1,1,1995,14,0,4,0,0,0,0,0,8,0
62190,2,1,1995,0,0,0,0,0,0,0,0,0,0
62191,1,1,1995,23,23,23,23,23,23,23,23,23,23
62192,1,1,1995,13,13,13,13,13,13,13,13,13,13
62193,1,1,1995,0,0,0,0,0,0,0,0,0,0
62194,1,1,1995,0,0,0,0,0,0,0,0,0,0
62194,2,1,1995,0,0,0,0,0,0,0,0,0,0
62194,3,1,1995,0,0,0,0,0,0,4,0,0,0
62195,1,1,1995,7,7,7,7,7,7,7,7,7,7
62195,2,1,1995,0,0,0,0,0,0,0,0,0,0
62196,1,1,1995,0,0,0,0,0,0,0,0,0,0
62197,1,1,1995,16,16,16,16,16,16,16,16,16,16
62198,0,1,1995,24,24,24,24,24,24,24,24,24,24
62198,1,1,1995,0,0,0,0,18,5,0,19,9,11
62199,1,1,1995,10,10,10,10,10,10,10,10,10,10
62200,1,1,1995,0,0,0,0,0,0,0,0,0,0
62200,2,1,1995,0,0,0,0,0,0,0,0,0,0
62200,3,1,1995,0,0,0,0,0,0,0,0,0,0
62201,0,1,1995,0,0,0,0,0,0,0,0,0,0
62201,1,1,1995,0,0,0,0,0,0,0,0,0,0
62202,0,1,1995,0,0,0,0,0,0,0,0,0,0
62202,0,2,1995,0,0,0,0,0,0,0,0,0,0
62202,0,3,1995,0,0,0,0,0,0,0,0,0,0
62202,0,4,1995,0,0,0,0,0,0,0,0,0,0
62202,0,5,1995,0,0,13,0,0,0,22,0,0,0
62202,1,1,1995,0,0,0,0,0,0,0,0,0,0
62203,1,1,1995,0,0,0,0,0,0,0,0,0,0
62204,0,1,1995,0,0,0,0,0,0,0,0,0,0
62204,0,2,1995,0,0,0,0,0,14,0,0,39,0
62204,1,1,1995,0,0,0,0,0,14,0,0,0,0
62205,1,1,1995,18,18,18,18,18,18,18,18,18,18
62206,1,1,1995,10,10,10,10,10,10,10,10,10,10
62206,2,1,1995,0,0,0,0,0,0,0,0,0,0
62207,1,1,1995,19,19,19,19,19,19,19,19,19,19
62207,2,1,1995,26,7,10,3,6,44,16,15,22,15
62208,1,1,1995,13,13,13,13,13,13,13,13,13,13
62208,2,1,1995,0,0,0,0,0,0,0,0,0,0
62209,1,1,1995,1,1,1,1,1,1,1,1,1,1
62210,1,1,1995,15,15,15,15,15,15,15,15,15,15
62210,2,1,1995,0,0,0,0,0,0,0,0,0,0
62210,3,1,1995,0,0,0,0,0,0,0,0,0,0
62211,1,1,1995,0,0,0,0,0,0,0,0,0,0
62211,2,1,1995,0,12,0,0,0,0,0,0,0,0
62212,1,1,1995,0,0,0,0,0,20,0,0,0,0
62213,1,1,1995,13,13,13,13,13,13,13,13,13,13
62214,1,1,1995,0,0,0,0,0,0,0,0,0,0
62214,2,1,1995,0,0,0,0,0,0,0,0,0,0
62215,0,1,1995,0,9,0,0,0,19,0,0,0,0
62215,1,1,1995,0,0,0,0,0,0,0,0,0,0
62216,1,1,1995,0,0,0,0,0,0,0,0,0,0
62216,2,1,1995,0,0,0,0,0,0,0,0,0,0
62217,0,1,1995,0,0,0,0,0,0,0,0,0,0
62217,1,1,1995,0,0,0,0,0,0,0,0,0,0
62218,0,1,1995,0,0,0,0,0,0,0,0,0,0
62218,1,1,1995,0,0,0,0,0,0,0,0,0,0
62219,1,1,1995,2,2,2,2,2,2,2,2,2,2
62219,2,1,1995,0,0,0,0,0,0,0,0,0,0
62220,1,1,1995,0,0,0,0,0,0,0,0,0,0
62221,0,1,1995,0,0,0,0,0,0,0,0,0,0
62221,1,1,1995,19,0,0,0,0,0,0,0,23,0
62222,1,1,1995,0,0,0,0,0,0,0,0,0,0
62223,0,1,1995,20,20,20,20,20,20,20,20,20,20
62223,1,1,1995,0,0,8,27,0,0,0,24,17,0
62224,0,1,1995,0,0,0,0,0,0,0,0,0,0
62224,1,1,1995,0,0,0,0,0,0,0,0,0,0
62225,0,1,1995,0,0,0,0,0,0,0,0,0,0
62225,0,2,1995,31,0,0,0,31,0,11,0,0,0
62225,1,1,1995,15,9,0,10,13,0,2,17,0,0
62225,2,1,1995,0,0,0,0,0,0,0,0,0,0
62226,1,1,1995,9,28,12,15,5,18,19,13,5,18
62226,2,1,1995,0,0,0,0,0,0,0,0,0,0
62227,1,1,1995,23,23,23,23,23,23,23,23,23,23
62228,1,1,1995,0,0,0,0,0,0,0,0,0,0
62229,1,1,1995,21,3,0,2,14,0,12,0,2,0
62229,2,1,1995,19,18,14,23,0,34,23,37,0,15
62230,1,1,1995,0,0,0,0,0,0,0,0,0,0
62231,0,1,1995,0,0,0,0,0,0,0,0,0,0
62231,1,1,1995,0,0,0,0,0,0,0,0,0,0
62232,0,1,1995,20,20,20,20,20,20,20,20,20,20
62232,1,1,1995,0,0,0,0,0,0,0,0,0,0
62233,1,1,1995,0,0,0,0,0,0,0,0,0,0
62234,1,1,1995,0,0,0,0,0,0,0,0,0,0
62234,2,1,1995,0,0,0,0,0,0,0,0,0,0
62235,0,1,1995,0,0,0,0,0,0,0,0,0,0
62235,1,1,1995,0,0,0,0,0,0,0,0,0,0
62236,1,1,1995,0,0,0,0,0,0,0,0,0,0
62236,2,1,1995,0,21,0,17,0,0,0,0,0,0
62236,3,1,1995,0,0,0,15,17,0,0,0,10,0
62237,1,1,1995,0,0,0,0,0,0,0,0,0,0
62238,1,1,1995,12,12,12,12,12,12,12,12,12,12
62239,1,1,1995,0,0,0,0,0,0,0,0,0,0
62239,2,1,1995,12,9,7,7,0,9,2,0,0,0
62240,0,1,1995,0,0,0,0,0,0,0,0,0,0
62240,1,1,1995,0,9,0,0,0,0,0,0,0,0
62241,0,1,1995,0,0,0,0,0,0,0,0,0,42
62241,1,1,1995,0,0,0,0,0,0,0,0,0,0
62242,1,1,1995,0,0,0,17,0,0,0,0,0,0
62242,2,1,1995,0,0,0,0,0,0,0,0,0,0
62243,1,1,1995,21,21,21,21,21,21,21,21,21,21
62243,2,1,1995,0,0,0,0,0,0,0,0,0,0
62244,1,1,1995,20,20,20,20,20,20,20,20,20,20
62245,1,1,1995,22,22,22,22,22,22,22,22,22,22
62245,2,1,1995,0,0,0,0,0,0,0,0,0,0
62246,1,1,1995,0,0,0,0,0,0,0,0,0,0
62246,2,1,1995,0,0,0,0,0,0,0,0,0,0
62247,1,1,1995,0,0,0,0,0,0,0,0,0,10
62247,2,1,1995,0,0,0,0,0,0,0,0,0,0
62248,1,1,1995,0,0,0,0,0,0,0,0,0,0
62249,1,1,1995,0,0,0,0,0,0,0,0,0,0
62249,2,1,1995,0,0,0,0,0,0,0,0,0,0
62250,1,1,1995,0,0,0,0,0,0,0,0,0,0
62250,2,1,1995,0,0,0,0,0,0,0,0,0,0
62250,3,1,1995,0,0,0,0,0,0,0,0,0,0
62251,1,1,1995,0,0,0,0,0,0,0,0,0,0
62252,1,1,1995,0,0,0,0,0,0,0,0,0,0
62252,2,1,1995,0,0,0,0,0,0,0,0,0,0
62253,1,1,1995,0,0,0,0,0,0,0,0,0,0
62254,1,1,1995,0,0,0,0,0,0,0,0,0,0
62254,2,1,1995,0,0,0,0,0,0,0,0,0,0
62255,1,1,1995,0,0,0,0,0,0,0,0,0,0
62256,1,1,1995,13,13,13,13,13,13,13,13,13,13
62257,1,1,1995,0,0,0,0,0,0,0,0,0,0
62258,1,1,1995,20,20,20,20,20,20,20,20,20,20
62258,2,1,1995,0,0,0,0,0,0,0,0,0,0
62259,1,1,1995,0,0,0,0,0,0,0,0,0,0
62260,0,1,1995,0,0,0,0,0,0,0,0,0,0
62260,1,1,1995,0,0,0,0,0,0,0,0,0,0
62261,1,1,1995,0,0,0,0,0,0,0,0,0,0
62261,2,1,1995,0,0,0,0,0,0,0,0,0,17
62262,1,1,1995,0,0,0,0,12,0,0,0,0,0
62262,2,1,1995,0,0,0,0,0,0,0,0,0,0
62263,0,1,1995,0,0,0,0,0,0,0,0,0,0
62263,1,1,1995,18,18,18,18,18,18,18,18,18,18
62264,0,1,1995,0,0,0,0,0,0,0,0,0,0
62264,1,1,1995,0,0,0,0,0,0,0,0,0,0
62265,1,1,1995,4,0,0,38,0,10,5,0,20,0
62266,0,1,1995,0,0,0,0,0,0,0,0,0,0
62266,1,1,1995,0,0,0,0,0,0,0,0,0,0
62267,1,1,1995,12,12,12,12,12,12,12,12,12,12
62267,2,1,1995,0,0,0,0,0,0,0,0,0,0
62268,1,1,1995,0,0,0,0,0,0,0,0,0,0
62268,2,1,1995,1,1,1,1,1,1,1,1,1,1
62268,3,1,1995,0,0,0,0,0,0,0,0,0,0
62269,1,1,1995,0,0,0,0,0,0,0,0,0,0
62270,1,1,1995,0,0,0,0,0,0,0,0,0,0
62270,2,1,1995,0,0,0,0,0,0,0,0,0,0
62271,0,1,1995,30,30,30,30,30,30,30,30,30,30
62271,1,1,1995,0,0,0,0,0,0,0,16,0,0
62271,2,1,1995,0,0,0,0,0,0,0,0,0,0
62272,0,1,1995,0,0,0,0,0,0,0,0,0,0
62272,1,1,1995,0,0,0,0,0,0,0,0,0,0
62273,1,1,1995,0,0,0,0,0,0,0,0,0,0
62274,1,1,1995,0,0,0,0,0,0,0,0,0,0
62275,1,1,1995,12,12,12,12,12,12,12,12,12,12
62275,2,1,1995,0,0,0,0,0,0,0,0,0,0
62276,0,1,1995,0,0,0,0,0,0,0,0,0,0
62276,1,1,1995,0,0,0,0,0,0,0,0,0,0
62277,1,1,1995,0,0,0,0,0,0,0,0,0,0
62277,2,1,1995,0,0,0,0,0,0,0,0,0,0
62278,1,1,1995,0,0,0,0,0,0,0,0,0,0
62279,1,1,1995,0,0,0,0,0,0,0,0,0,0
62280,1,1,1995,0,0,0,0,0,0,0,0,0,0
62280,2,1,1995,0,0,8,0,0,0,0,0,0,0
62281,0,1,1995,0,0,0,0,0,0,0,0,0,0
62281,1,1,1995,0,0,0,0,0,0,0,0,0,0
62282,1,1,1995,20,20,20,20,20,20,20,20,20,20
62282,2,1,1995,0,0,0,0,0,0,0,0,0,0
62283,1,1,1995,15,0,0,0,11,5,0,15,0,0
62284,1,1,1995,20,20,20,20,20,20,20,20,20,20
62284,2,1,1995,0,0,0,0,0,0,0,0,0,7
62285,0,1,1995,35,35,35,35,35,35,35,35,35,35
62285,1,1,1995,0,0,0,0,0,0,0,0,0,0
62286,1,1,1995,0,0,0,0,0,0,0,0,0,0
62286,2,1,1995,26,26,26,26,26,26,26,26,26,26
62287,1,1,1995,0,0,0,0,0,0,0,0,0,0
62288,1,1,1995,12,12,12,12,12,12,12,12,12,12
62288,2,1,1995,0,0,0,0,0,0,0,0,0,0
62289,1,1,1995,0,0,0,0,0,0,0,0,0,0
62290,1,1,1995,7,7,7,7,7,7,7,7,7,7
62291,1,1,1995,0,0,0,0,0,0,0,0,0,0
62292,1,1,1995,0,0,0,0,0,0,0,0,0,0
62292,2,1,1995,0,0,0,0,0,0,0,0,21,23
62293,1,1,1995,15,15,15,15,15,15,15,15,15,15
62294,1,1,1995,0,0,0,0,0,0,0,22,0,0
62295,1,1,1995,0,0,0,0,0,0,0,0,0,0
62295,2,1,1995,0,0,5,0,0,0,0,0,0,0
62296,1,1,1995,0,0,0,0,0,0,0,0,0,0
62297,1,1,1995,0,0,0,0,0,0,0,0,0,0
62298,1,1,1995,30,30,30,30,30,30,30,30,30,30
62298,2,1,1995,0,0,0,0,0,0,0,0,0,0
62299,1,1,1995,0,0,0,0,0,0,0,0,0,0
62299,2,1,1995,0,0,0,0,0,0,0,0,0,0
62299,3,1,1995,0,0,0,0,0,0,0,0,0,0
62299,4,1,1995,0,0,0,0,0,0,0,0,0,0
62300,1,1,1995,0,0,0,0,0,0,0,0,0,0
62301,0,1,1995,0,0,0,0,0,0,0,0,0,0
62301,1,1,1995,0,0,0,0,0,0,0,0,0,0
62302,1,1,1995,0,0,0,0,0,26,0,0,0,0
62303,1,1,1995,4,12,15,12,11,18,11,35,17,2
62303,2,1,1995,14,14,14,14,14,14,14,14,14,14
62304,1,1,1995,12,12,12,12,12,12,12,12,12,12
62305,1,1,1995,29,29,29,29,29,29,29,29,29,29
62306,1,1,1995,18,18,18,18,18,18,18,18,18,18
62306,2,1,1995,0,0,0,0,0,0,0,0,0,0
62307,1,1,1995,0,0,0,0,0,0,0,0,0,0
62308,1,1,1995,0,0,0,0,0,5,18,0,8,0
62309,1,1,1995,15,15,15,15,15,15,15,15,15,15
62310,1,1,1995,0,0,0,0,19,20,20,0,0,0
62311,1,1,1995,0,0,0,0,0,0,0,0,0,0
62311,2,1,1995,0,0,0,0,0,0,0,0,0,0
62312,0,1,1995,17,17,17,17,17,17,17,17,17,17
62312,1,1,1995,0,0,0,0,0,0,0,0,0,0
62313,1,5,1995,13,14,30,27,13,12,3,11,20,13
62314,0,1,1995,10,14,21,15,11,11,25,23,9,11
62314,1,1,1995,0,0,0,0,0,0,0,0,0,0
62315,1,1,1995,12,12,12,12,12,12,12,12,12,12
62316,0,1,1995,0,0,0,0,0,0,0,0,0,0
62316,0,2,1995,30,0,0,0,0,0,0,0,0,0
62316,0,3,1995,0,0,0,14,16,0,0,18,5,26
62316,1,1,1995,0,0,0,0,0,0,0,0,0,0
62317,1,1,1995,0,0,0,0,0,0,0,0,0,0
62318,1,1,1995,0,0,0,0,0,0,0,0,0,0
62318,2,1,1995,0,0,0,0,0,0,0,0,0,0
62319,1,1,1995,0,0,0,0,0,0,0,0,0,0
62320,1,1,1995,0,0,0,0,0,0,0,0,0,0
62321,0,1,1995,0,0,0,0,0,0,0,0,0,0
62321,1,1,1995,0,0,0,0,0,0,0,0,0,0
62322,1,1,1995,0,0,0,0,0,0,0,0,0,0
62322,2,1,1995,0,0,0,0,0,0,39,0,0,0
62322,3,1,1995,0,0,0,0,0,0,0,0,0,0
62323,0,1,1995,0,0,0,0,0,0,0,0,0,0
62323,1,1,1995,0,0,0,0,0,0,0,0,0,0
62323,2,1,1995,0,0,0,0,0,0,0,0,0,0
62323,3,1,1995,0,0,0,0,0,0,0,0,0,0
62324,0,1,1995,7,7,7,7,7,7,7,7,7,7
62324,1,1,1995,0,0,0,0,0,0,0,0,0,0
62325,1,1,1995,0,0,0,0,0,28,0,10,0,2
62325,2,1,1995,0,0,0,0,0,0,0,0,0,0
62326,0,1,1995,0,0,0,0,0,0,0,0,0,0
62326,1,1,1995,0,0,0,0,0,0,0,0,0,0
62327,1,1,1995,0,0,0,0,0,0,0,0,0,0
62327,2,1,1995,0,0,0,0,0,0,0,0,0,0
62328,1,1,1995,0,0,21,0,0,0,0,0,0,0
62328,2,1,1995,0,0,0,0,0,0,0,0,0,0
62329,1,1,1995,0,0,0,0,0,0,0,0,0,0
62329,2,1,1995,0,0,0,0,0,0,0,0,0,0
62330,1,1,1995,13,13,13,13,13,13,13,13,13,13
62330,2,1,1995,0,0,0,0,0,0,0,0,0,0
62331,1,1,1995,9,9,9,9,9,9,9,9,9,9
62332,1,1,1995,0,0,0,0,0,0,0,0,0,0
62332,2,1,1995,0,0,0,0,0,0,2,0,0,0
62333,1,1,1995,29,29,29,29,29,29,29,29,29,29
62334,1,1,1995,19,19,19,19,19,19,19,19,19,19
62335,1,1,1995,7,7,7,7,7,7,7,7,7,7
62335,2,1,1995,0,0,0,0,0,0,0,0,0,0
62335,3,1,1995,0,0,0,0,0,0,0,0,0,0
62336,0,1,1995,0,0,0,0,0,0,0,0,0,0
62336,1,1,1995,0,0,0,0,0,0,0,0,0,0
62337,1,1,1995,19,19,19,19,19,19,19,19,19,19
62338,1,1,1995,0,0,0,0,0,0,0,0,0,0
62339,0,1,1995,0,0,0,0,0,0,0,0,0,0
62339,1,1,1995,0,0,0,0,0,0,0,0,0,0
62340,0,1,1995,29,29,29,29,29,29,29,29,29,29
62340,1,1,1995,0,0,0,0,0,0,0,0,0,0
62341,1,1,1995,0,0,0,0,0,0,0,0,0,0
62342,0,1,1995,22,22,22,22,22,22,22,22,22,22
62342,1,1,1995,0,0,0,0,0,0,0,0,0,0
62343,1,1,1995,0,0,0,0,0,0,0,0,0,0
62343,2,1,1995,0,0,0,0,0,0,0,0,0,0
62344,1,1,1995,0,0,0,0,0,0,0,0,0,0
62344,2,1,1995,0,0,0,0,0,0,0,0,0,0
62345,0,1,1995,0,0,0,0,0,0,0,0,0,0
62345,1,1,1995,0,0,0,0,0,0,0,0,0,0
62346,1,1,1995,0,0,0,0,0,0,0,0,0,0
62347,1,1,1995,12,12,12,12,12,12,12,12,12,12
62348,0,1,1995,0,0,0,0,0,0,0,0,0,0
62348,0,2,1995,0,0,0,0,0,0,0,0,0,0
62348,1,1,1995,0,0,0,0,0,0,4,13,11,0
62349,0,1,1995,12,20,0,0,28,26,13,0,20,10
62349,1,1,1995,0,0,0,0,0,0,0,0,0,0
62350,1,1,1995,0,0,0,0,0,0,0,0,0,0
62350,2,1,1995,0,0,0,0,0,0,0,0,0,0
62351,0,1,1995,22,22,22,22,22,22,22,22,22,22
62351,1,1,1995,0,0,0,0,0,0,0,0,0,0
62352,1,1,1995,16,0,0,0,0,0,0,0,0,0
62353,1,1,1995,20,20,20,20,20,20,20,20,20,20
62354,1,1,1995,0,0,0,0,0,0,0,0,0,0
62355,1,1,1995,3,3,3,3,3,3,3,3,3,3
62356,1,1,1995,18,18,18,18,18,18,18,18,18,18
62357,1,1,1995,12,12,12,12,12,12,12,12,12,12
62358,1,1,1995,13,13,13,13,13,13,13,13,13,13
62359,1,1,1995,10,10,10,10,10,10,10,10,10,10
62360,1,1,1995,0,0,0,0,0,0,0,0,16,0
62360,2,1,1995,0,0,0,0,0,0,0,0,0,0
62361,1,1,1995,0,0,0,0,0,0,0,0,0,0
62361,2,1,1995,0,0,0,0,0,0,0,0,0,0
62362,1,1,1995,18,18,18,18,18,18,18,18,18,18
62363,1,1,1995,0,0,0,0,0,0,0,0,0,0
62363,2,1,1995,1,1,1,1,1,1,1,1,1,1
62363,3,1,1995,0,13,0,15,0,0,0,0,0,0
62364,1,1,1995,11,11,11,11,11,11,11,11,11,11
62365,1,1,1995,10,17,15,8,4,0,14,10,6,4
62365,2,1,1995,0,18,0,0,0,0,0,0,0,0
62366,1,1,1995,26,26,26,26,26,26,26,26,26,26
62366,2,1,1995,0,0,0,0,0,0,0,0,0,0
62367,1,1,1995,0,0,0,0,0,0,0,0,0,0
62367,2,1,1995,0,0,0,0,0,0,0,0,0,0
62368,0,1,1995,0,0,0,0,0,0,0,0,0,0
62368,1,1,1995,0,0,0,0,0,0,0,0,0,0
62369,1,1,1995,0,0,0,0,0,0,0,0,0,0
62369,2,1,1995,0,0,0,0,0,0,0,0,0,0
62370,0,1,1995,0,0,0,0,0,0,0,0,0,0
62370,1,1,1995,0,0,0,0,0,0,0,5,19,0
62371,1,1,1995,24,24,24,24,24,24,24,24,24,24
62372,1,1,1995,14,0,0,0,0,0,0,0,16,0
62372,2,1,1995,0,0,0,0,0,0,0,0,0,0
62373,1,1,1995,0,0,0,0,0,0,0,0,0,0
62373,2,1,1995,0,0,0,0,0,0,0,0,0,0
62374,1,1,1995,0,0,0,0,0,0,0,0,0,0
62375,1,1,1995,17,17,17,17,17,17,17,17,17,17
62376,1,1,1995,0,0,0,0,0,0,0,0,0,0
62377,0,1,1995,0,0,0,0,0,0,0,0,0,0
62377,1,1,1995,0,0,0,0,0,0,0,0,0,0