ST_CASE,VEH_NO,PER_NO,YEAR,P1,P2,P3,P4,P5,P6,P7,P8,P9,P10
62377,2,1,1995,0,0,0,0,0,0,0,0,0,0
62378,1,1,1995,14,17,26,8,30,17,20,21,13,16
62378,2,1,1995,0,0,0,0,0,0,0,0,0,0
62378,3,1,1995,0,0,0,0,0,0,0,0,0,0
62379,1,1,1995,0,0,0,0,0,0,0,0,0,0
62379,2,1,1995,0,0,0,0,0,0,0,19,4,9
62379,3,1,1995,13,0,0,0,0,0,24,0,0,11
62380,1,1,1995,0,0,25,44,0,20,0,0,0,23
62381,1,1,1995,5,0,0,0,0,0,0,0,0,0
62382,1,1,1995,29,29,29,29,29,29,29,29,29,29
62383,1,1,1995,0,0,0,0,0,0,0,0,0,0
62383,2,1,1995,0,0,0,0,0,29,0,0,0,0
62384,1,1,1995,0,0,0,0,0,0,0,0,0,0
62384,2,1,1995,0,0,0,0,0,0,0,0,0,0
62385,1,1,1995,0,0,0,0,0,0,0,0,0,0
62385,2,1,1995,0,0,0,0,0,0,0,0,0,0
62385,3,1,1995,0,0,0,0,0,0,0,0,0,0
62386,1,1,1995,16,16,16,16,16,16,16,16,16,16
62387,0,1,1995,36,36,36,36,36,36,36,36,36,36
62387,1,1,1995,0,0,0,0,0,0,0,0,0,0
62388,1,1,1995,0,0,0,0,15,0,0,0,0,0
62388,2,1,1995,3,21,15,22,8,12,13,16,8,23
62389,1,1,1995,0,0,0,0,0,0,0,0,0,0
62390,1,1,1995,0,0,0,0,0,0,0,0,0,0
62391,1,1,1995,29,29,29,29,29,29,29,29,29,29
62392,0,1,1995,0,0,0,0,0,0,0,0,0,0
62392,1,1,1995,1,1,1,1,1,1,1,1,1,1
62393,0,1,1995,0,0,0,0,0,0,0,0,0,0
62393,1,1,1995,0,0,0,0,0,0,0,0,0,0
62394,1,1,1995,0,0,0,0,0,0,0,0,0,0
62394,2,1,1995,0,0,0,0,0,0,0,0,0,0
62395,1,1,1995,0,0,0,0,0,0,0,0,0,0
62395,2,1,1995,0,0,0,0,0,0,0,0,0,0
62396,0,1,1995,0,0,0,0,0,0,0,0,0,0
62396,1,1,1995,0,0,0,0,0,0,0,0,0,0
62397,0,1,1995,6,0,0,0,0,0,0,0,0,0
62397,1,1,1995,0,0,0,0,0,0,0,0,0,0
62398,1,1,1995,0,0,0,0,0,0,0,0,0,0
62398,2,1,1995,2,2,2,2,2,2,2,2,2,2
62398,3,1,1995,0,0,0,0,0,0,0,0,0,0
62399,1,1,1995,0,0,0,0,0,0,0,0,0,0
62400,1,1,1995,14,14,14,14,14,14,14,14,14,14
62401,1,1,1995,20,20,20,20,20,20,20,20,20,20
62402,1,1,1995,0,0,0,0,0,0,0,0,0,0
62403,1,1,1995,29,29,29,29,29,29,29,29,29,29
62404,0,1,1995,0,0,0,0,0,0,0,0,0,0
62404,1,1,1995,7,7,7,7,7,7,7,7,7,7
62405,1,1,1995,0,0,0,0,0,0,0,0,0,0
62405,2,1,1995,0,0,0,0,0,0,0,0,0,0
62406,0,1,1995,17,17,17,17,17,17,17,17,17,17
62406,1,1,1995,35,18,33,20,0,18,0,0,0,11
62407,1,1,1995,10,10,10,10,10,10,10,10,10,10
62407,2,1,1995,0,0,0,0,0,17,0,0,0,12
62407,3,1,1995,0,13,0,13,0,0,0,0,0,0
62408,1,1,1995,0,0,0,0,0,0,0,0,0,0
62409,0,1,1995,11,21,20,15,26,13,15,10,2,34
62409,1,1,1995,0,0,0,0,0,0,0,0,0,0
62410,0,1,1995,21,21,21,21,21,21,21,21,21,21
62410,1,1,1995,23,0,0,14,22,0,0,0,0,9
62411,1,1,1995,0,0,0,0,0,0,0,0,0,0
62412,0,1,1995,16,16,16,16,16,16,16,16,16,16
62412,1,1,1995,20,12,0,18,22,17,25,0,0,0
62413,1,1,1995,17,17,17,17,17,17,17,17,17,17
62414,1,1,1995,1,1,1,1,1,1,1,1,1,1
62415,1,1,1995,21,21,21,21,21,21,21,21,21,21
62416,0,1,1995,12,12,12,12,12,12,12,12,12,12
62416,1,1,1995,0,0,0,0,0,0,0,0,0,0
62417,1,1,1995,13,13,13,13,13,13,13,13,13,13
62418,1,1,1995,17,17,17,17,17,17,17,17,17,17
62418,2,1,1995,0,0,0,0,0,0,0,0,0,0
62419,1,1,1995,20,20,20,20,20,20,20,20,20,20
62420,1,1,1995,0,0,0,0,0,0,0,0,0,0
62420,2,1,1995,0,0,0,0,0,0,0,0,0,0
62421,1,1,1995,12,12,12,12,12,12,12,12,12,12
62422,1,1,1995,0,0,17,0,0,0,0,0,0,0
62422,2,1,1995,0,0,0,0,0,0,0,0,0,0
62422,3,1,1995,0,0,0,0,0,0,0,0,0,0
62422,4,1,1995,0,0,0,0,0,0,0,0,0,0
62422,5,1,1995,0,0,0,0,0,0,0,0,0,0
62423,0,1,1995,0,0,0,0,0,0,0,0,0,0
62423,1,1,1995,0,0,0,0,0,0,0,0,0,0
62424,1,1,1995,16,16,16,16,16,16,16,16,16,16
62425,1,1,1995,8,8,8,8,8,8,8,8,8,8
62426,1,1,1995,0,0,0,0,0,0,0,0,0,0
62426,2,1,1995,17,17,17,17,17,17,17,17,17,17
62427,0,1,1995,0,0,0,0,0,0,0,0,0,0
62427,0,2,1995,0,0,0,0,0,0,45,0,15,0
62427,1,1,1995,0,0,0,0,0,0,0,0,0,0
62428,1,1,1995,0,0,0,0,0,0,0,0,0,0
62429,1,1,1995,19,19,19,19,19,19,19,19,19,19
62430,1,1,1995,27,27,27,27,27,27,27,27,27,27
62430,2,1,1995,0,0,0,0,0,0,0,0,0,0
62431,0,1,1995,0,0,0,0,0,0,0,0,0,0
62431,1,1,1995,0,0,0,0,0,0,0,0,0,0
62432,0,1,1995,0,0,0,32,38,0,0,7,0,0
62432,1,1,1995,0,0,0,0,0,0,0,0,0,0
62433,1,1,1995,14,0,0,0,0,0,0,0,0,0
62433,2,1,1995,0,0,0,0,0,0,0,0,0,0
62434,1,1,1995,0,0,0,0,0,14,0,0,0,0
62435,1,1,1995,0,0,0,0,0,0,0,0,0,0
62435,2,1,1995,0,0,0,0,0,0,0,0,0,0
62436,1,1,1995,0,0,0,0,0,0,0,0,0,0
62436,2,1,1995,0,0,0,0,0,0,0,6,0,0
62437,0,1,1995,0,0,0,0,0,0,0,0,0,0
62437,1,1,1995,0,0,9,0,0,0,0,0,0,0
62438,1,1,1995,0,0,0,0,0,0,0,0,0,0
62439,0,1,1995,0,0,0,0,0,0,0,0,0,0
62439,1,1,1995,0,0,0,0,0,0,0,0,0,0
62440,1,1,1995,19,19,19,19,19,19,19,19,19,19
62441,1,1,1995,0,0,0,0,0,0,0,0,0,0
62442,1,1,1995,13,13,13,13,13,13,13,13,13,13
62442,2,1,1995,0,0,0,0,0,0,0,0,0,0
62443,1,1,1995,26,26,26,26,26,26,26,26,26,26
62444,1,1,1995,17,17,17,17,17,17,17,17,17,17
62445,1,1,1995,0,0,0,0,0,0,0,0,0,0
62445,2,1,1995,0,0,0,0,0,0,0,0,0,0
62446,1,1,1995,17,17,17,17,17,17,17,17,17,17
62447,0,1,1995,0,0,0,0,0,0,0,0,0,0
62447,1,1,1995,0,0,0,0,0,0,0,0,0,11
62448,0,1,1995,0,0,0,0,0,0,0,0,0,0
62448,1,1,1995,0,0,0,0,0,0,0,0,0,0
62449,0,1,1995,0,0,0,0,0,0,0,0,0,0
62449,1,1,1995,0,0,0,17,0,0,0,0,0,0
62449,2,1,1995,0,0,0,0,0,0,0,0,0,0
62450,1,1,1995,0,0,0,0,0,0,0,0,0,0
62450,2,1,1995,4,4,4,4,4,4,4,4,4,4
62451,1,1,1995,0,0,0,0,0,0,0,0,0,0
62452,1,1,1995,21,21,21,21,21,21,21,21,21,21
62453,1,1,1995,20,20,20,20,20,20,20,20,20,20
62454,1,1,1995,22,22,22,22,22,22,22,22,22,22
62455,1,1,1995,0,0,0,0,0,0,0,0,0,0
62456,1,1,1995,0,0,0,0,0,0,0,0,0,0
62456,2,1,1995,0,0,0,0,0,0,0,0,0,0
62457,1,1,1995,0,0,0,0,0,0,0,0,0,0
62458,1,1,1995,21,21,21,21,21,21,21,21,21,21
62459,1,1,1995,0,0,0,0,0,0,0,0,0,0
62459,2,1,1995,0,0,0,0,0,0,0,0,0,0
62460,0,1,1995,37,37,37,37,37,37,37,37,37,37
62460,1,1,1995,0,0,0,0,0,0,0,0,0,0
62461,0,1,1995,0,0,0,0,0,0,0,0,0,0
62461,1,1,1995,0,0,0,0,0,0,0,0,0,0
62462,1,1,1995,0,0,0,0,0,0,0,0,0,0
62462,2,1,1995,0,0,0,0,0,0,0,0,0,0
62463,1,1,1995,19,19,19,19,19,19,19,19,19,19
62464,1,1,1995,0,0,0,0,0,0,0,0,0,0
62464,2,1,1995,0,0,0,0,0,0,0,0,0,0
62465,1,1,1995,0,0,0,0,0,0,0,0,0,0
62466,1,1,1995,0,0,0,0,0,0,0,0,0,0
62467,1,1,1995,0,0,0,0,0,0,0,0,0,0
62467,2,1,1995,0,0,0,0,0,0,0,0,0,0
62467,3,1,1995,0,0,0,0,0,0,0,0,0,0
62468,0,1,1995,0,0,23,0,29,11,0,0,0,0
62468,1,1,1995,0,9,0,0,0,0,0,0,0,0
62469,1,1,1995,0,0,0,11,0,0,0,0,0,0
62469,2,1,1995,23,23,23,23,23,23,23,23,23,23
62470,0,1,1995,27,27,27,27,27,27,27,27,27,27
62470,1,1,1995,0,0,0,0,0,0,0,0,0,0
62471,1,1,1995,0,0,0,0,0,0,0,0,0,0
62472,1,1,1995,20,20,20,20,20,20,20,20,20,20
62472,2,1,1995,25,5,2,15,0,11,11,21,24,15
62472,3,1,1995,16,18,0,0,0,20,27,40,19,7
62473,1,1,1995,3,3,3,3,3,3,3,3,3,3
62474,1,1,1995,0,0,0,0,0,0,0,0,0,0
62474,2,1,1995,0,0,0,0,0,0,0,0,0,0
62475,1,1,1995,0,0,0,0,0,0,0,0,0,0
62476,1,1,1995,0,0,0,0,0,0,0,0,0,0
62476,2,1,1995,0,0,0,0,0,0,0,0,0,0
62477,0,1,1995,0,0,0,0,0,0,0,0,0,0
62477,1,1,1995,0,0,0,0,0,0,0,0,0,0
62478,0,1,1995,0,0,0,0,0,0,0,0,0,0
62478,1,1,1995,0,0,0,0,0,0,0,0,0,0
62479,1,1,1995,17,17,17,17,17,17,17,17,17,17
62479,2,1,1995,0,0,0,0,0,0,0,6,0,0
62480,1,1,1995,9,9,9,9,9,9,9,9,9,9
62481,0,1,1995,0,0,0,0,0,0,0,0,0,0
62481,1,1,1995,0,0,0,0,0,0,0,0,0,0
62482,0,1,1995,23,23,23,23,23,23,23,23,23,23
62482,1,1,1995,0,0,0,0,0,0,0,20,0,0
62483,0,1,1995,0,0,0,0,0,0,0,0,0,0
62483,0,2,1995,0,0,8,0,0,22,0,17,0,13
62483,1,1,1995,18,18,18,18,18,18,18,18,18,18
62484,1,1,1995,30,30,30,30,30,30,30,30,30,30
62485,0,1,1995,0,0,0,0,0,0,0,0,0,0
62485,0,2,1995,15,0,16,28,0,0,15,0,0,0
62485,1,1,1995,0,0,0,0,0,0,0,48,0,0
62485,2,1,1995,0,0,0,0,0,0,0,0,0,0
62486,1,1,1995,0,0,0,0,0,0,0,0,0,0
62487,1,1,1995,2,2,2,2,2,2,2,2,2,2
62488,1,1,1995,0,0,0,12,0,0,11,0,0,0
62488,2,1,1995,0,0,0,0,28,15,11,0,0,0
62489,1,1,1995,3,3,3,3,3,3,3,3,3,3
62490,0,1,1995,0,0,0,0,0,0,0,0,0,0
62490,1,1,1995,0,0,0,0,0,0,0,0,0,0
62491,0,1,1995,14,14,14,14,14,14,14,14,14,14
62491,1,1,1995,0,0,0,0,0,0,0,0,0,0
62492,1,1,1995,12,12,12,12,12,12,12,12,12,12
62492,2,1,1995,0,0,0,0,0,0,0,0,0,0
62493,1,1,1995,0,0,0,0,0,0,0,0,0,0
62494,1,1,1995,0,0,0,0,0,0,0,0,0,0
62495,0,1,1995,0,0,0,0,0,0,0,0,0,0
62495,1,1,1995,0,0,0,0,0,0,0,0,0,0
62496,1,1,1995,2,2,2,2,2,2,2,2,2,2
62497,0,1,1995,9,9,9,9,9,9,9,9,9,9
62497,1,1,1995,9,9,9,9,9,9,9,9,9,9
62498,1,1,1995,14,14,14,14,14,14,14,14,14,14
62499,1,1,1995,0,8,0,0,0,13,0,0,0,0
62499,2,1,1995,0,0,0,0,0,0,0,0,0,0
62500,1,1,1995,0,0,0,0,0,0,0,0,0,0
62500,2,1,1995,0,0,0,0,0,0,0,0,0,0
62501,1,1,1995,0,0,0,0,0,0,0,0,0,0
62501,2,1,1995,0,0,0,0,0,0,0,0,0,0
62502,0,1,1995,0,0,0,0,0,0,0,0,0,0
62502,1,1,1995,0,4,0,0,0,0,0,0,0,0
62503,1,1,1995,11,11,11,11,11,11,11,11,11,11
62504,1,1,1995,0,0,0,7,0,0,0,0,0,0
62505,1,1,1995,21,21,21,21,21,21,21,21,21,21
62505,2,1,1995,0,0,14,0,0,0,0,0,8,0
62505,3,1,1995,0,0,0,0,0,0,0,0,0,0
62505,4,1,1995,0,0,0,0,0,0,0,0,0,0
62506,1,1,1995,37,37,37,37,37,37,37,37,37,37
62507,1,1,1995,0,0,0,0,0,0,0,0,0,0
62508,1,1,1995,0,0,0,0,9,14,0,0,0,0
62508,2,1,1995,0,12,0,0,0,0,0,0,0,0
62508,3,1,1995,14,0,0,0,0,0,0,0,0,0
62509,0,1,1995,11,19,7,32,17,0,6,36,0,0
62509,1,1,1995,9,9,9,9,9,9,9,9,9,9
62510,1,1,1995,0,0,0,0,0,0,0,0,0,0
62510,2,1,1995,0,0,0,0,0,0,0,0,0,0
62511,0,1,1995,0,0,0,0,0,0,0,0,0,0
62511,1,1,1995,0,0,0,0,0,0,20,14,0,0
62512,0,1,1995,0,0,0,0,0,0,0,0,0,0
62512,1,1,1995,0,0,0,0,0,0,0,0,0,0
62513,0,1,1995,9,9,9,9,9,9,9,9,9,9
62513,1,1,1995,0,0,0,0,0,0,0,0,0,0
62514,1,1,1995,0,0,0,0,0,0,0,0,0,0
62514,2,1,1995,0,0,0,0,0,0,0,0,0,0
62515,1,1,1995,0,0,0,0,0,0,0,0,0,0
62515,2,1,1995,0,0,0,0,0,0,0,0,0,0
62515,3,1,1995,0,0,0,0,0,0,0,0,0,0
62515,4,1,1995,0,0,0,0,0,0,0,0,0,0
62516,1,1,1995,0,0,0,0,0,0,0,0,0,0
62516,2,1,1995,30,30,30,30,30,30,30,30,30,30
62517,0,1,1995,0,0,0,0,0,0,0,0,0,0
62517,1,1,1995,0,0,0,0,0,0,0,0,0,0
62518,1,1,1995,0,0,0,0,0,0,0,0,0,0
62519,1,1,1995,17,17,17,17,17,17,17,17,17,17
62520,0,1,1995,30,0,0,0,0,0,0,0,0,0
62520,1,1,1995,0,0,0,0,0,0,0,0,0,0
62521,0,1,1995,0,0,0,0,0,0,0,0,0,0
62521,0,2,1995,0,0,0,0,0,0,0,0,0,0
62521,0,3,1995,0,0,0,0,0,0,0,0,0,0
62521,1,1,1995,0,0,0,0,0,0,0,0,0,0
62522,1,1,1995,0,0,0,0,0,0,0,0,0,0
62522,2,1,1995,0,0,0,0,0,0,0,0,0,0
62523,0,1,1995,0,0,0,0,0,0,0,0,0,0
62523,1,1,1995,0,0,0,0,0,0,0,0,0,0
62524,1,1,1995,0,0,0,0,0,0,0,0,0,0
62524,2,1,1995,0,0,0,0,0,0,0,0,0,0
62525,1,1,1995,12,12,12,12,12,12,12,12,12,12
62525,2,1,1995,0,0,0,0,0,0,0,0,0,0
62526,0,1,1995,0,0,0,0,0,0,0,0,0,0
62526,1,1,1995,0,0,0,0,0,0,0,0,0,0
62527,1,1,1995,0,0,0,0,0,0,0,0,0,0
62528,1,1,1995,20,18,21,14,0,8,22,16,11,9
62529,1,1,1995,5,5,5,5,5,5,5,5,5,5
62530,1,1,1995,16,16,16,16,16,16,16,16,16,16
62531,1,1,1995,0,0,0,0,0,0,0,0,0,0
62532,1,1,1995,0,0,0,0,0,0,0,0,0,0
62532,2,1,1995,0,0,0,0,0,0,0,0,0,0
62533,0,1,1995,0,0,0,0,0,0,0,0,0,0
62533,1,1,1995,0,0,0,0,0,0,0,0,0,0
62534,1,1,1995,0,0,13,0,0,0,0,0,0,0
62534,2,1,1995,0,0,0,0,0,0,0,0,0,0
62535,1,1,1995,0,5,0,0,0,0,0,0,0,0
62535,2,1,1995,0,0,0,0,0,0,0,0,0,0
62536,1,1,1995,0,0,0,0,7,0,0,0,0,0
62537,1,1,1995,9,9,9,9,9,9,9,9,9,9
62537,2,1,1995,9,9,9,9,9,9,9,9,9,9
62538,1,1,1995,0,0,0,0,0,0,0,0,0,0
62538,2,1,1995,0,0,0,0,0,0,0,0,0,0
62539,1,1,1995,0,0,0,0,0,0,0,0,0,0
62539,2,1,1995,0,0,0,0,0,14,0,0,0,0
62540,1,1,1995,0,0,0,0,0,0,0,0,0,0
62541,1,1,1995,0,0,0,0,0,0,0,0,0,0
62542,0,1,1995,0,0,0,0,0,0,0,0,0,0
62542,1,1,1995,0,0,0,0,0,0,0,0,7,0
62543,1,1,1995,0,0,0,0,0,0,0,0,0,0
62543,2,1,1995,0,0,0,0,0,0,0,0,0,7
62543,3,1,1995,0,0,0,0,0,2,0,0,0,0
62544,1,1,1995,17,17,17,17,17,17,17,17,17,17
62545,1,1,1995,7,7,7,7,7,7,7,7,7,7
62546,1,1,1995,18,18,18,18,18,18,18,18,18,18
62547,1,1,1995,20,20,20,20,20,20,20,20,20,20
62547,2,1,1995,0,12,0,0,0,15,0,10,0,0
62547,3,1,1995,0,0,0,0,0,0,0,0,0,0
62548,0,1,1995,0,0,0,0,0,0,0,0,0,0
62548,0,2,1995,0,0,0,9,0,0,0,0,17,26
62548,1,1,1995,0,17,0,0,0,0,0,0,0,0
62549,1,1,1995,0,0,0,0,0,0,0,0,0,0
62549,2,1,1995,0,0,0,0,0,0,0,0,0,0
62550,1,1,1995,0,0,0,0,0,0,0,0,0,0
62551,1,1,1995,0,0,0,0,0,0,0,0,0,0
62551,2,1,1995,0,0,0,0,0,0,0,0,0,0
62552,1,1,1995,0,0,0,0,0,0,0,0,0,0
62552,2,1,1995,0,0,0,0,0,0,0,0,0,0
62553,1,1,1995,0,0,0,0,0,0,0,0,0,0
62553,2,1,1995,0,0,0,0,0,0,0,0,0,0
62554,0,1,1995,16,16,16,16,16,16,16,16,16,16
62554,1,1,1995,0,0,0,0,0,0,0,0,0,0
62555,1,1,1995,0,0,0,0,0,0,0,0,0,0
62555,2,1,1995,0,0,0,0,0,0,4,0,0,0
62556,1,1,1995,28,28,28,28,28,28,28,28,28,28
62557,1,1,1995,14,14,14,14,14,14,14,14,14,14
62557,2,1,1995,0,0,0,0,0,0,0,0,0,0
62558,1,1,1995,0,0,0,0,0,0,0,0,0,0
62558,2,1,1995,0,0,0,0,0,0,0,0,0,0
62559,1,1,1995,20,0,0,11,0,0,29,0,0,0
62560,1,1,1995,12,12,12,12,12,12,12,12,12,12
62561,1,1,1995,0,0,0,0,0,0,0,0,0,0
62561,2,1,1995,8,8,8,8,8,8,8,8,8,8
62562,1,1,1995,14,0,25,0,19,10,16,4,18,0
62562,2,1,1995,0,0,0,0,0,0,0,0,0,0
62562,3,1,1995,0,0,0,0,0,0,0,0,0,0
62563,1,1,1995,0,0,0,0,0,0,0,0,0,0
62564,1,1,1995,0,0,0,0,0,0,0,0,0,0
62565,1,1,1995,0,0,0,0,0,0,0,0,0,0
62566,1,1,1995,0,0,0,0,0,0,0,0,0,0
62567,1,1,1995,0,0,0,0,0,0,0,0,0,0
62568,0,1,1995,0,0,0,0,0,0,0,0,0,0
62568,1,1,1995,0,0,0,0,0,0,0,0,0,0
62569,1,1,1995,0,0,0,0,0,0,0,0,0,0
62569,2,1,1995,0,0,0,0,0,0,0,0,0,0
62570,1,1,1995,27,27,27,27,27,27,27,27,27,27
62571,1,1,1995,16,16,16,16,16,16,16,16,16,16
62572,1,1,1995,9,20,19,20,9,5,10,7,12,5
62572,2,1,1995,0,0,0,0,0,0,0,0,0,0
62573,1,1,1995,28,28,28,28,28,28,28,28,28,28
62573,2,1,1995,0,0,0,0,0,0,0,0,0,0
62574,2,1,1995,0,0,0,0,0,0,0,0,8,0
62574,3,1,1995,0,0,0,0,0,0,0,0,0,0
62574,4,1,1995,0,0,0,0,0,0,0,0,0,0
62575,0,1,1995,20,20,20,20,20,20,20,20,20,20
62575,1,1,1995,0,0,0,0,0,0,0,0,0,0
62576,1,1,1995,22,22,22,22,22,22,22,22,22,22
62577,1,1,1995,0,0,0,0,0,0,0,0,0,0
62578,1,1,1995,0,0,0,0,0,0,0,0,0,0
62579,1,1,1995,0,0,0,0,0,0,0,0,0,0
62579,2,1,1995,0,9,14,0,0,0,0,0,0,0
62579,3,1,1995,18,0,0,0,0,0,0,0,0,0
62579,4,1,1995,0,0,0,0,0,0,18,0,0,0
62580,0,1,1995,0,0,0,0,0,0,0,0,0,0
62580,1,1,1995,0,0,0,0,0,0,0,0,0,0
62581,0,1,1995,28,28,28,28,28,28,28,28,28,28
62581,1,1,1995,0,0,0,0,0,0,0,0,0,0
62582,1,1,1995,3,3,3,3,3,3,3,3,3,3
62583,1,1,1995,16,16,16,16,16,16,16,16,16,16
62584,1,1,1995,0,0,0,0,0,0,0,0,0,0
62585,1,1,1995,6,6,6,6,6,6,6,6,6,6
62586,0,1,1995,19,19,19,19,19,19,19,19,19,19
62586,1,1,1995,0,0,0,0,0,0,0,0,0,0
62587,0,1,1995,6,6,6,6,6,6,6,6,6,6
62587,1,1,1995,0,0,0,0,0,0,0,0,0,0
62588,1,1,1995,0,0,0,0,0,0,9,0,17,0
62589,1,1,1995,11,16,14,0,22,26,2,18,18,0
62590,1,1,1995,0,0,0,0,0,0,0,0,0,0
62591,1,1,1995,0,0,0,0,0,0,0,0,0,0
62591,2,1,1995,0,0,0,0,0,0,0,0,0,0
62592,0,1,1995,37,9,0,21,15,29,24,14,19,20
62592,1,1,1995,0,0,0,0,0,0,0,0,0,58
62593,1,1,1995,15,15,15,15,15,15,15,15,15,15
62593,2,1,1995,0,0,0,0,12,0,0,0,0,0
62594,1,1,1995,0,0,8,0,55,0,25,0,0,0
62594,2,1,1995,16,0,27,0,0,27,13,0,0,0
62595,0,1,1995,0,0,0,0,0,0,0,0,0,0
62595,0,2,1995,0,0,0,0,0,0,0,0,0,0
62595,1,1,1995,0,0,0,0,0,0,0,0,0,0
62596,1,1,1995,0,0,0,0,0,0,0,0,0,0
62596,2,1,1995,0,0,0,0,0,0,0,0,0,0
62597,1,1,1995,0,0,0,0,0,0,0,0,0,0
62597,2,1,1995,0,0,0,0,0,0,0,0,0,0
62597,3,1,1995,0,0,0,0,0,0,0,0,0,0
62598,1,1,1995,0,0,0,0,0,0,0,0,0,0
62599,0,1,1995,0,0,0,0,0,0,0,0,0,0
62599,1,1,1995,0,0,0,0,0,0,0,0,0,0
62600,1,1,1995,35,35,35,35,35,35,35,35,35,35
62601,1,1,1995,11,0,0,0,0,0,0,0,0,0
62601,2,1,1995,0,0,0,0,0,0,0,0,0,0
62602,1,1,1995,16,16,16,16,16,16,16,16,16,16
62603,1,1,1995,0,0,0,0,0,0,0,0,0,0
62603,2,1,1995,0,0,0,0,0,16,0,0,0,0
62604,1,1,1995,0,0,0,0,0,0,0,0,0,0
62605,0,1,1995,36,36,36,36,36,36,36,36,36,36
62605,1,1,1995,0,0,0,0,0,0,0,0,0,0
62606,1,1,1995,0,0,0,0,0,0,0,0,0,0
62607,0,1,1995,24,33,41,0,0,13,9,20,5,0
62607,0,2,1995,5,5,5,5,5,5,5,5,5,5
62607,1,1,1995,19,12,0,12,0,0,0,26,40,0
62608,1,1,1995,0,0,0,0,0,0,0,0,0,0
62609,1,1,1995,17,17,17,17,17,17,17,17,17,17
62610,1,1,1995,13,13,13,13,13,13,13,13,13,13
62611,1,1,1995,0,0,0,0,0,0,0,0,0,0
62611,2,1,1995,0,0,0,0,0,0,0,0,0,0
62612,0,1,1995,0,44,0,0,18,0,0,19,0,0
62612,1,1,1995,0,0,0,0,0,0,0,0,0,0
62613,1,1,1995,0,0,0,0,0,0,0,0,0,0
62613,2,1,1995,0,0,0,0,0,0,0,0,0,0
62613,3,1,1995,0,0,0,0,0,0,0,0,0,0
62614,1,1,1995,20,20,20,20,20,20,20,20,20,20
62614,2,1,1995,0,0,0,0,0,0,0,0,0,0
62615,1,1,1995,19,19,19,19,19,19,19,19,19,19
62615,2,1,1995,3,3,3,3,3,3,3,3,3,3
62616,1,1,1995,46,46,46,46,46,46,46,46,46,46
62617,1,1,1995,0,0,0,0,0,8,0,0,0,0
62618,1,1,1995,0,0,0,0,0,0,0,0,0,0
62618,2,1,1995,0,0,0,0,0,0,0,0,0,0
62618,3,1,1995,0,0,0,0,0,0,0,0,0,0
62619,1,1,1995,6,0,0,0,0,0,0,0,0,0
62620,1,1,1995,0,0,0,0,0,0,0,0,0,0
62621,1,1,1995,7,7,7,7,7,7,7,7,7,7
62621,2,1,1995,0,0,0,0,0,0,0,0,0,0
62622,1,1,1995,0,0,0,0,0,0,0,0,0,0
62622,2,1,1995,0,0,0,0,0,0,0,0,0,0
62623,1,1,1995,0,0,0,0,0,0,0,0,0,0
62623,2,1,1995,0,0,0,0,0,0,0,0,0,0
62624,1,1,1995,0,0,0,0,0,0,0,0,0,0
62624,2,1,1995,0,0,0,0,0,0,0,0,0,0
62625,1,1,1995,0,0,0,0,0,0,0,0,0,0
62626,0,1,1995,0,0,0,0,0,0,0,0,0,0
62626,0,2,1995,0,0,0,0,0,0,0,0,0,0
62626,0,3,1995,0,0,0,0,0,0,0,0,0,0
62626,0,4,1995,0,0,0,0,0,0,0,0,0,0
62626,0,5,1995,0,0,0,0,0,0,0,0,0,0
62626,0,6,1995,0,0,0,0,0,0,0,0,0,0
62626,0,7,1995,0,0,0,0,0,0,0,0,0,0
62626,0,8,1995,0,0,0,0,0,0,0,0,0,0
62626,0,9,1995,0,0,0,0,0,0,0,0,0,0
62626,0,10,1995,0,0,0,0,0,0,0,0,0,0
62626,1,1,1995,0,0,0,0,0,0,0,0,0,0
62627,1,1,1995,0,0,0,0,0,0,0,0,0,0
62627,2,1,1995,0,0,0,0,0,0,0,0,0,0
62627,3,1,1995,0,0,0,0,0,0,0,0,0,0
62628,1,1,1995,0,0,0,0,0,0,0,0,0,20
62629,1,1,1995,4,4,4,4,4,4,4,4,4,4
62629,2,1,1995,0,0,0,0,0,0,0,0,0,0
62630,1,1,1995,0,0,0,0,0,0,0,0,0,0
62631,0,1,1995,0,0,0,0,0,0,0,0,0,0
62631,1,1,1995,0,0,17,0,0,0,0,0,0,0
62632,1,1,1995,8,8,8,8,8,8,8,8,8,8
62632,2,1,1995,0,0,0,0,0,0,0,0,0,0
62633,0,1,1995,15,15,15,15,15,15,15,15,15,15
62633,1,1,1995,0,0,0,0,0,0,22,0,0,0
62634,1,1,1995,10,10,10,10,10,10,10,10,10,10
62634,2,1,1995,4,4,4,4,4,4,4,4,4,4
62634,3,1,1995,12,0,0,0,0,0,0,0,0,0
62635,1,1,1995,0,0,0,0,0,0,0,0,0,0
62635,2,1,1995,16,16,16,16,16,16,16,16,16,16
62636,1,1,1995,18,18,18,18,18,18,18,18,18,18
62637,1,1,1995,36,0,0,0,0,0,0,9,0,0
62637,2,1,1995,0,0,0,0,0,0,0,3,0,0
62638,1,1,1995,8,8,8,8,8,8,8,8,8,8
62638,2,1,1995,0,0,0,0,0,0,0,0,0,0
62639,1,1,1995,13,13,13,13,13,13,13,13,13,13
62639,2,1,1995,0,0,0,0,0,0,0,0,0,0
62640,1,1,1995,22,22,22,22,22,22,22,22,22,22