ST_CASE,VEH_NO,PER_NO,YEAR,P1,P2,P3,P4,P5,P6,P7,P8,P9,P10
62640,2,1,1995,0,0,5,0,0,0,0,0,0,0
62641,0,1,1995,20,20,20,20,20,20,20,20,20,20
62641,1,1,1995,0,0,0,0,0,0,0,0,0,0
62642,1,1,1995,21,21,21,21,21,21,21,21,21,21
62643,1,1,1995,0,0,0,0,0,0,0,0,0,0
62644,0,1,1995,0,0,0,0,0,0,0,0,0,0
62644,1,1,1995,0,0,0,0,0,0,0,0,0,0
62645,1,1,1995,13,13,13,13,13,13,13,13,13,13
62646,0,1,1995,0,0,0,0,0,0,0,0,0,0
62646,1,1,1995,0,0,0,0,0,0,0,13,14,0
62647,0,1,1995,0,0,0,0,0,0,0,0,0,0
62647,1,1,1995,0,0,0,0,0,0,0,0,0,0
62648,1,1,1995,0,0,0,0,0,0,0,0,0,0
62648,2,1,1995,0,0,0,18,27,0,0,0,0,21
62649,1,1,1995,0,0,0,0,0,0,0,0,0,0
62649,2,1,1995,0,0,0,0,0,0,0,0,0,0
62650,1,1,1995,20,20,20,20,20,20,20,20,20,20
62651,1,1,1995,0,0,0,26,0,7,0,0,0,0
62651,2,1,1995,14,14,14,14,14,14,14,14,14,14
62652,0,1,1995,0,0,0,0,0,0,0,0,0,0
62652,1,1,1995,0,19,0,0,0,0,0,0,0,0
62653,0,1,1995,6,6,6,6,6,6,6,6,6,6
62653,1,1,1995,0,0,0,0,0,0,0,0,0,0
62654,1,1,1995,0,0,0,0,0,0,0,0,0,0
62655,1,1,1995,0,0,0,0,0,0,0,0,0,11
62655,2,1,1995,0,0,0,0,0,0,0,0,0,0
62656,1,1,1995,0,0,0,11,0,0,0,0,0,0
62656,2,1,1995,0,0,0,0,0,0,0,0,0,0
62657,1,1,1995,0,0,0,0,0,0,0,0,0,0
62658,0,1,1995,0,0,0,0,0,0,0,0,0,0
62658,1,1,1995,0,0,0,0,0,0,0,0,0,0
62659,1,1,1995,0,0,0,0,0,0,0,0,0,0
62659,2,1,1995,0,0,0,0,0,0,0,0,14,0
62660,0,1,1995,2,2,2,2,2,2,2,2,2,2
62660,1,1,1995,0,0,0,0,0,0,0,0,0,0
62661,0,1,1995,17,17,17,17,17,17,17,17,17,17
62661,1,1,1995,20,20,20,20,20,20,20,20,20,20
62662,1,1,1995,10,11,20,13,9,22,11,20,19,15
62663,1,1,1995,0,0,0,0,0,0,0,0,0,0
62663,2,1,1995,0,36,17,22,0,18,0,21,0,0
62664,1,1,1995,0,0,0,0,0,0,0,0,0,0
62665,0,1,1995,0,0,0,0,0,0,0,0,0,0
62665,1,1,1995,0,0,0,0,0,0,0,0,0,0
62666,0,1,1995,0,0,0,0,0,0,0,0,0,0
62666,1,1,1995,0,0,0,0,0,0,0,0,0,0
62667,0,1,1995,0,0,0,0,0,0,0,0,0,0
62667,1,1,1995,0,0,0,0,0,0,0,0,0,0
62668,1,1,1995,0,0,0,0,0,0,0,0,0,0
62669,1,1,1995,0,0,0,0,0,0,0,0,0,0
62669,2,1,1995,0,0,0,0,0,0,0,0,0,0
62670,1,1,1995,0,0,0,0,0,0,0,0,0,0
62670,2,1,1995,0,0,0,0,0,0,0,0,0,0
62671,1,1,1995,0,0,0,0,0,0,0,0,0,0
62671,2,1,1995,0,0,0,0,0,0,0,0,0,0
62672,0,1,1995,16,16,16,16,16,16,16,16,16,16
62672,1,1,1995,0,0,0,0,11,0,0,0,0,0
62673,0,1,1995,0,0,0,0,0,0,0,0,0,0
62673,1,1,1995,0,0,0,0,0,0,0,0,0,0
62674,1,1,1995,0,0,0,0,0,0,0,0,0,0
62675,0,1,1995,0,0,0,0,0,0,0,0,0,0
62675,1,1,1995,0,0,0,0,0,0,0,0,0,0
62676,1,1,1995,27,27,27,27,27,27,27,27,27,27
62677,1,1,1995,35,35,35,35,35,35,35,35,35,35
62678,1,1,1995,0,11,0,0,0,11,0,0,0,0
62678,2,1,1995,0,0,0,0,0,0,0,0,0,0
62679,0,1,1995,0,0,0,0,0,0,0,0,0,0
62679,1,1,1995,0,0,0,0,0,0,0,0,0,0
62679,2,1,1995,0,0,0,0,0,0,0,0,0,0
62680,1,1,1995,16,16,16,16,16,16,16,16,16,16
62681,1,1,1995,0,0,0,0,0,0,0,0,0,0
62681,2,1,1995,9,9,9,9,9,9,9,9,9,9
62682,1,1,1995,0,0,0,0,0,0,0,0,0,0
62682,2,1,1995,0,0,0,0,0,0,0,0,0,0
62683,1,1,1995,0,0,0,0,0,0,0,0,0,0
62683,2,1,1995,0,0,0,0,0,0,0,0,0,0
62684,1,1,1995,0,0,0,0,0,0,0,0,0,0
62684,2,1,1995,0,0,0,0,0,0,0,0,0,0
62685,0,1,1995,0,0,0,0,0,0,0,0,0,0
62685,1,1,1995,0,0,0,0,0,0,0,0,0,0
62686,0,1,1995,25,25,25,25,25,25,25,25,25,25
62686,1,1,1995,0,0,0,0,0,0,0,0,0,0
62687,1,1,1995,0,0,0,0,0,0,0,0,0,0
62688,1,1,1995,0,0,0,0,0,0,0,0,0,0
62688,2,1,1995,0,0,0,0,0,0,0,0,0,0
62688,3,1,1995,0,0,0,0,0,0,0,0,0,0
62689,1,1,1995,0,0,0,0,0,0,0,0,0,0
62689,2,1,1995,0,0,0,0,0,0,0,0,0,0
62690,1,1,1995,0,0,0,0,0,0,0,0,0,0
62690,2,1,1995,0,0,0,0,0,0,0,0,0,17
62691,1,1,1995,16,16,16,16,16,16,16,16,16,16
62691,2,1,1995,0,0,0,0,0,0,0,0,0,0
62691,3,1,1995,0,0,0,0,0,0,0,0,0,0
62691,4,1,1995,4,4,4,4,4,4,4,4,4,4
62692,1,1,1995,14,14,14,14,14,14,14,14,14,14
62693,0,1,1995,0,0,0,0,0,0,0,0,0,0
62693,1,1,1995,0,0,0,0,0,0,0,0,0,0
62694,1,1,1995,0,0,0,0,0,0,0,0,0,0
62694,2,1,1995,0,0,0,0,0,0,0,0,0,0
62694,3,1,1995,0,0,0,0,0,0,0,0,0,0
62695,0,1,1995,0,0,0,0,0,0,0,0,0,0
62695,1,1,1995,0,0,0,0,0,0,0,0,0,0
62695,2,1,1995,0,0,0,0,0,0,0,0,0,0
62696,1,1,1995,0,0,0,0,0,0,0,0,0,0
62696,2,1,1995,0,0,0,0,0,0,0,0,0,0
62697,1,1,1995,0,0,0,0,0,0,0,0,0,0
62698,1,1,1995,0,0,0,0,0,0,0,0,0,0
62699,1,1,1995,9,9,9,9,9,9,9,9,9,9
62700,0,1,1995,0,0,0,0,0,0,0,0,0,0
62700,1,1,1995,0,0,0,0,0,0,0,0,0,0
62701,0,1,1995,0,0,0,0,0,0,0,0,0,0
62701,1,1,1995,0,0,0,0,0,0,0,0,0,0
62702,1,1,1995,23,23,23,23,23,23,23,23,23,23
62702,2,1,1995,0,0,0,0,0,0,0,0,0,0
62703,1,1,1995,12,12,12,12,12,12,12,12,12,12
62704,0,1,1995,0,0,0,0,0,0,0,0,0,0
62704,1,1,1995,30,18,9,31,0,23,9,0,23,0
62705,1,1,1995,0,0,0,0,0,0,0,0,0,0
62706,1,1,1995,0,0,0,10,0,0,0,0,0,0
62707,1,1,1995,4,4,4,4,4,4,4,4,4,4
62708,0,1,1995,0,0,0,0,0,0,0,0,0,0
62708,1,1,1995,0,0,0,0,0,0,0,0,0,0
62709,1,1,1995,0,0,0,0,0,0,0,0,0,0
62710,1,1,1995,0,0,0,0,0,0,0,0,0,0
62711,0,1,1995,0,0,0,0,0,0,0,0,0,0
62711,1,1,1995,0,0,0,0,0,0,0,0,0,0
62712,1,1,1995,0,0,0,0,0,0,0,0,0,0
62712,2,1,1995,0,0,13,0,0,0,0,0,0,0
62713,1,1,1995,0,0,0,0,0,0,0,0,0,0
62714,0,1,1995,0,0,0,0,0,0,0,8,0,0
62714,1,1,1995,0,0,0,0,0,0,0,0,0,0
62715,1,1,1995,0,0,0,0,0,0,0,0,0,0
62715,2,1,1995,0,0,0,0,0,0,0,0,0,0
62716,1,1,1995,0,0,0,0,0,0,0,0,0,0
62716,2,1,1995,0,0,0,0,0,24,0,0,0,0
62717,0,1,1995,0,0,0,0,0,0,0,0,0,0
62717,1,1,1995,0,0,0,0,0,0,0,0,0,0
62718,1,1,1995,0,0,0,0,0,0,0,0,0,0
62718,2,1,1995,0,0,0,0,0,0,0,0,0,0
62718,3,1,1995,0,0,0,0,0,0,0,0,0,0
62718,4,1,1995,0,0,0,0,0,0,0,0,0,17
62718,5,1,1995,0,0,0,0,0,0,0,0,0,0
62719,1,1,1995,0,0,0,0,0,0,0,0,0,0
62720,1,1,1995,0,8,0,0,0,0,0,0,0,0
62720,2,1,1995,0,0,0,0,0,0,0,0,0,0
62721,0,1,1995,0,0,0,0,0,0,0,0,0,0
62721,1,1,1995,0,0,0,0,0,0,0,0,17,0
62722,0,1,1995,0,0,0,0,0,0,0,0,0,0
62722,1,1,1995,0,0,0,0,0,0,0,0,0,0
62723,1,1,1995,6,6,6,6,6,6,6,6,6,6
62724,1,1,1995,13,13,13,13,13,13,13,13,13,13
62725,0,1,1995,0,0,0,0,0,0,0,0,0,0
62725,0,2,1995,12,18,0,19,18,0,10,28,0,0
62725,2,1,1995,0,0,0,0,0,0,0,0,0,0
62726,0,1,1995,0,0,0,0,0,0,0,0,0,0
62726,1,1,1995,0,0,0,0,0,0,0,0,0,0
62727,1,1,1995,0,0,0,0,0,0,0,0,0,0
62727,2,1,1995,0,0,0,0,0,0,0,0,0,0
62728,1,1,1995,0,0,0,0,0,0,0,0,0,0
62729,1,1,1995,0,0,0,0,0,0,0,0,0,0
62730,1,1,1995,8,8,8,8,8,8,8,8,8,8
62731,1,1,1995,0,0,0,0,0,0,0,0,0,0
62732,1,1,1995,0,0,0,0,0,0,0,0,0,0
62732,2,1,1995,0,0,0,0,0,0,0,0,16,0
62733,1,1,1995,0,0,0,0,0,0,0,0,0,0
62733,2,1,1995,0,0,0,0,0,0,0,0,0,0
62734,1,1,1995,29,29,29,29,29,29,29,29,29,29
62735,1,1,1995,24,23,0,18,13,19,0,25,24,15
62736,1,1,1995,0,0,0,0,0,0,0,0,0,0
62736,2,1,1995,0,0,0,0,0,0,0,0,0,0
62737,0,1,1995,0,0,0,0,0,0,0,0,0,0
62737,1,1,1995,0,0,0,0,0,0,0,0,0,0
62738,0,1,1995,22,22,22,22,22,22,22,22,22,22
62738,1,1,1995,0,15,0,0,24,0,0,0,11,0
62739,1,1,1995,3,3,3,3,3,3,3,3,3,3
62740,1,1,1995,5,18,19,8,0,16,16,24,14,16
62741,0,1,1995,0,0,0,0,0,0,0,0,0,0
62741,1,1,1995,0,0,0,0,0,0,0,0,0,0
62742,1,1,1995,0,0,12,0,0,0,0,0,0,0
62743,1,1,1995,0,0,0,0,0,0,0,0,0,0
62744,1,1,1995,22,22,22,22,22,22,22,22,22,22
62745,1,1,1995,0,21,0,4,9,14,19,9,17,13
62746,0,1,1995,0,0,0,0,0,0,0,0,0,0
62746,1,1,1995,0,0,0,0,0,0,0,0,0,0
62747,1,1,1995,0,0,0,0,0,0,0,0,0,0
62747,2,1,1995,0,0,0,0,0,0,0,0,0,0
62748,1,1,1995,20,20,20,20,20,20,20,20,20,20
62748,2,1,1995,0,0,0,0,0,0,0,0,0,0
62749,0,1,1995,0,0,0,0,0,0,0,0,0,0
62749,1,1,1995,0,0,0,0,0,0,0,0,0,0
62750,1,1,1995,0,13,0,0,0,0,0,0,9,0
62751,1,1,1995,0,0,0,0,0,0,0,0,0,0
62751,2,1,1995,0,0,0,0,0,0,0,0,0,0
62752,1,1,1995,17,17,17,17,17,17,17,17,17,17
62753,1,1,1995,20,20,20,20,20,20,20,20,20,20
62753,2,1,1995,0,0,0,0,0,0,0,0,0,0
62754,1,1,1995,19,19,19,19,19,19,19,19,19,19
62754,2,1,1995,0,0,0,0,0,0,0,0,0,0
62755,1,1,1995,0,0,0,0,0,0,0,0,0,0
62755,2,1,1995,0,0,0,0,0,0,0,0,0,0
62756,1,1,1995,0,0,0,0,0,0,0,0,0,0
62756,2,1,1995,0,0,0,0,0,0,0,0,0,0
62757,1,1,1995,0,0,0,0,0,0,0,0,0,0
62758,1,1,1995,5,5,5,5,5,5,5,5,5,5
62758,2,1,1995,0,0,0,0,0,0,0,0,0,0
62759,1,1,1995,29,29,29,29,29,29,29,29,29,29
62760,1,1,1995,0,0,0,0,0,0,0,15,0,0
62760,2,1,1995,0,0,0,0,0,0,0,0,0,0
62761,0,1,1995,19,19,19,19,19,19,19,19,19,19
62761,1,1,1995,0,0,0,0,0,0,0,0,0,0
62762,1,1,1995,0,0,0,0,0,0,0,0,0,0
62762,2,1,1995,0,0,0,20,0,0,0,0,0,0
62763,1,1,1995,0,0,0,0,0,0,0,0,0,0
62763,2,1,1995,0,0,0,0,0,0,0,0,0,0
62764,0,1,1995,13,13,13,13,13,13,13,13,13,13
62764,1,1,1995,0,0,0,0,10,0,0,0,0,0
62765,0,1,1995,10,34,24,28,24,16,18,13,0,20
62765,1,1,1995,0,35,11,0,10,0,0,19,0,0
62766,1,1,1995,2,2,2,2,2,2,2,2,2,2
62766,2,1,1995,0,0,0,0,0,0,0,0,0,0
62767,1,1,1995,0,0,0,0,0,0,0,0,0,0
62768,1,1,1995,0,0,0,0,0,0,0,0,0,0
62769,1,1,1995,17,17,17,17,17,17,17,17,17,17
62769,2,1,1995,0,0,0,0,0,0,0,0,0,0
62770,1,1,1995,22,22,22,22,22,22,22,22,22,22
62771,1,1,1995,17,17,17,17,17,17,17,17,17,17
62772,1,1,1995,0,0,0,0,0,0,0,0,0,0
62772,2,1,1995,0,0,0,0,0,0,0,0,0,0
62773,1,1,1995,0,0,0,0,0,0,0,0,0,0
62774,0,1,1995,0,0,0,0,0,0,0,0,0,0
62774,1,1,1995,0,0,0,0,0,0,0,0,0,0
62775,1,1,1995,11,11,11,11,11,11,11,11,11,11
62775,2,1,1995,0,0,0,0,0,0,0,0,0,0
62775,3,1,1995,0,0,0,0,0,0,0,0,0,0
62776,1,1,1995,0,0,0,0,0,0,0,0,0,0
62776,2,1,1995,0,0,0,0,0,0,0,0,0,0
62777,1,1,1995,3,3,3,3,3,3,3,3,3,3
62777,2,1,1995,0,0,0,0,0,0,0,0,0,0
62778,0,1,1995,0,0,0,0,0,0,0,0,0,0
62778,1,1,1995,0,0,0,0,0,0,0,0,0,0
62779,1,1,1995,28,28,28,28,28,28,28,28,28,28
62779,2,1,1995,0,0,0,0,0,12,0,0,0,0
62780,1,1,1995,16,0,15,11,16,12,12,0,6,11
62780,2,1,1995,7,7,7,7,7,7,7,7,7,7
62781,1,1,1995,14,14,14,14,14,14,14,14,14,14
62782,1,1,1995,17,16,14,13,37,15,16,0,17,15
62782,2,1,1995,0,0,11,0,0,0,0,0,0,0
62782,3,1,1995,75,75,75,75,75,75,75,75,75,75
62783,0,1,1995,25,25,25,25,25,25,25,25,25,25
62783,1,1,1995,16,0,14,8,0,15,0,0,12,9
62784,1,1,1995,2,2,2,2,2,2,2,2,2,2
62786,1,1,1995,6,6,6,6,6,6,6,6,6,6
62787,1,1,1995,0,0,0,0,0,0,0,0,0,0
62787,2,1,1995,0,0,28,9,0,0,0,0,0,0
62788,1,1,1995,0,0,0,0,0,0,0,0,0,0
62788,2,1,1995,0,0,0,0,0,0,0,0,0,0
62789,1,1,1995,16,0,0,7,0,0,0,0,0,0
62790,1,1,1995,9,9,9,9,9,9,9,9,9,9
62790,2,1,1995,0,0,0,0,0,0,0,0,0,0
62791,1,1,1995,33,33,33,33,33,33,33,33,33,33
62792,1,1,1995,12,12,12,12,12,12,12,12,12,12
62792,2,1,1995,0,0,0,0,0,0,0,0,0,0
62793,0,1,1995,13,13,13,13,13,13,13,13,13,13
62793,0,2,1995,15,0,6,14,0,0,0,15,0,12
62794,1,1,1995,19,19,19,19,19,19,19,19,19,19
62795,0,1,1995,9,9,9,9,9,9,9,9,9,9
62795,1,1,1995,0,27,0,0,0,0,17,0,20,0
62796,0,1,1995,0,0,0,0,0,0,0,0,0,0
62796,1,1,1995,0,0,0,0,0,0,15,0,0,0
62797,1,1,1995,15,15,15,15,15,15,15,15,15,15
62798,1,1,1995,10,10,10,10,10,10,10,10,10,10
62799,1,1,1995,12,12,12,12,12,12,12,12,12,12
62800,1,1,1995,22,22,22,22,22,22,22,22,22,22
62801,1,1,1995,0,0,0,0,0,0,0,0,0,0
62802,1,1,1995,0,0,0,0,0,0,0,0,0,0
62802,2,1,1995,0,0,0,0,0,0,0,0,0,0
62803,1,1,1995,24,24,24,24,24,24,24,24,24,24
62804,1,1,1995,0,0,0,0,0,0,0,0,0,0
62804,2,1,1995,0,0,0,0,0,0,0,0,0,0
62805,1,1,1995,0,0,0,0,0,0,0,0,0,0
62805,2,1,1995,0,0,0,0,0,0,0,0,0,0
62805,3,1,1995,0,0,0,0,0,0,0,0,0,0
62805,4,1,1995,0,0,0,0,0,0,0,0,0,0
62805,5,1,1995,0,0,0,0,0,0,0,0,0,0
62806,1,1,1995,4,4,4,4,4,4,4,4,4,4
62807,0,1,1995,0,0,0,0,0,0,0,0,0,0
62807,1,1,1995,0,0,0,0,0,0,0,0,0,0
62808,1,1,1995,0,0,0,0,0,0,0,0,0,0
62808,2,1,1995,6,6,6,6,6,6,6,6,6,6
62809,1,1,1995,0,0,0,0,0,0,0,0,0,0
62810,1,1,1995,16,16,16,16,16,16,16,16,16,16
62811,1,1,1995,0,0,0,0,0,0,0,0,0,0
62811,2,1,1995,0,0,0,0,0,0,0,0,0,0
62812,1,1,1995,0,0,0,0,0,0,0,0,0,0
62813,0,1,1995,0,0,0,0,0,0,0,0,0,0
62813,1,1,1995,0,0,0,0,0,0,0,0,0,0
62814,1,1,1995,0,0,0,0,0,0,0,0,0,0
62814,2,1,1995,0,0,0,0,0,0,0,0,0,2
62815,1,1,1995,0,0,0,0,0,0,0,0,0,0
62815,2,1,1995,0,0,0,0,0,0,0,0,0,0
62816,1,1,1995,29,29,29,29,29,29,29,29,29,29
62817,1,1,1995,0,0,0,0,0,0,0,0,0,0
62817,2,1,1995,0,0,0,0,0,0,0,0,0,0
62818,1,1,1995,0,0,0,0,0,0,0,0,0,0
62818,2,1,1995,0,0,0,0,0,0,0,0,0,0
62819,0,1,1995,0,0,0,0,0,0,0,0,0,0
62819,1,1,1995,0,0,0,0,0,0,0,0,0,0
62820,1,1,1995,0,0,0,0,0,0,0,24,0,0
62820,2,1,1995,0,0,0,0,0,0,0,0,0,0
62821,0,1,1995,0,0,0,0,0,0,0,0,0,0
62821,1,1,1995,0,0,0,0,0,0,0,0,0,0
62822,1,1,1995,19,0,0,0,0,0,0,0,0,0
62822,2,1,1995,0,0,0,0,14,17,0,0,0,0
62823,1,1,1995,13,13,13,13,13,13,13,13,13,13
62824,1,1,1995,9,9,9,9,9,9,9,9,9,9
62825,1,1,1995,29,29,29,29,29,29,29,29,29,29
62826,1,1,1995,23,23,23,23,23,23,23,23,23,23
62827,1,1,1995,18,18,18,18,18,18,18,18,18,18
62828,0,1,1995,0,0,0,0,0,0,0,0,0,0
62828,1,1,1995,0,0,0,0,0,0,10,31,0,0
62829,1,1,1995,0,0,0,0,0,0,0,0,0,0
62829,2,1,1995,0,0,15,0,0,0,0,0,0,0
62830,1,1,1995,0,0,0,0,0,0,0,0,0,22
62831,0,1,1995,0,0,0,0,0,0,0,0,0,0
62831,0,2,1995,0,0,0,0,0,0,0,0,0,0
62831,1,1,1995,23,23,23,23,23,23,23,23,23,23
62832,1,1,1995,10,10,10,10,10,10,10,10,10,10
62833,1,1,1995,12,12,12,12,12,12,12,12,12,12
62833,2,1,1995,0,0,0,0,0,0,0,0,13,0
62834,1,1,1995,13,13,13,13,13,13,13,13,13,13
62834,2,1,1995,17,0,0,0,0,0,0,0,0,0
62835,1,1,1995,18,18,18,18,18,18,18,18,18,18
62835,2,1,1995,0,0,0,0,0,3,0,0,0,0
62836,1,1,1995,6,6,6,6,6,6,6,6,6,6
62837,1,1,1995,19,19,19,19,19,19,19,19,19,19
62838,1,1,1995,4,4,4,4,4,4,4,4,4,4
62839,1,1,1995,20,20,20,20,20,20,20,20,20,20
62839,2,1,1995,0,0,0,0,0,0,0,0,0,0
62840,1,1,1995,0,0,0,0,0,0,0,0,0,0
62840,2,1,1995,11,4,14,3,14,15,5,23,11,1
62840,3,1,1995,0,0,0,0,0,0,0,0,0,0
62840,4,1,1995,0,0,0,0,0,0,0,0,0,0
62840,5,1,1995,12,19,22,0,0,0,25,27,11,0
62841,0,1,1995,26,26,26,26,26,26,26,26,26,26
62841,1,1,1995,0,0,0,0,0,0,0,0,0,0
62842,1,1,1995,11,27,10,16,10,16,19,35,0,8
62843,1,1,1995,0,0,0,0,0,0,0,0,0,0
62843,2,1,1995,0,0,0,0,0,0,0,0,0,0
62843,3,1,1995,0,0,0,0,0,0,0,0,0,0
62844,0,1,1995,0,0,0,0,0,0,0,0,0,0
62844,1,1,1995,0,0,0,0,0,0,0,0,0,0
62845,1,1,1995,0,0,0,0,0,0,0,0,0,0
62845,2,1,1995,0,0,0,0,0,0,0,0,0,0
62845,3,1,1995,0,0,0,0,0,0,0,0,0,0
62845,4,1,1995,0,0,0,0,0,0,0,0,0,0
62846,1,1,1995,6,6,6,6,6,6,6,6,6,6
62847,0,1,1995,0,0,0,0,0,0,0,0,0,0
62847,1,1,1995,0,0,0,0,0,0,0,0,0,0
62847,2,1,1995,0,0,0,0,0,0,0,0,0,0
62847,3,1,1995,0,0,0,0,0,0,0,0,0,0
62847,4,1,1995,0,0,0,0,0,0,0,0,0,0
62848,0,1,1995,0,0,0,0,0,0,0,0,0,0
62848,1,1,1995,0,0,0,0,0,0,0,0,0,0
62848,2,1,1995,0,0,0,0,0,0,0,0,0,0
62849,1,1,1995,0,0,0,0,0,0,0,0,0,0
62849,2,1,1995,0,0,0,0,0,0,0,0,0,0
62850,1,1,1995,40,40,40,40,40,40,40,40,40,40
62850,2,1,1995,0,0,0,0,0,0,0,0,0,0
62851,1,1,1995,0,0,0,0,0,0,0,0,0,0
62851,2,1,1995,0,0,0,0,0,0,0,0,0,0
62851,3,1,1995,0,0,0,0,0,0,0,0,0,0
62852,1,1,1995,21,18,15,5,17,9,12,7,18,0
62852,2,1,1995,0,0,0,0,0,0,0,0,0,0
62853,1,1,1995,0,0,0,0,0,0,0,0,0,0
62853,2,1,1995,0,0,0,0,0,0,0,0,0,0
62854,0,1,1995,0,0,0,0,0,0,0,0,0,0
62854,1,1,1995,16,16,16,16,16,16,16,16,16,16
62855,1,1,1995,13,13,13,13,13,13,13,13,13,13
62856,0,1,1995,0,0,0,0,0,0,0,0,0,0
62856,1,1,1995,0,6,0,0,26,0,0,0,23,0
62857,0,1,1995,7,7,7,7,7,7,7,7,7,7
62857,1,1,1995,0,0,0,0,0,0,6,0,0,0
62857,2,1,1995,0,0,12,0,0,0,0,0,0,0
62857,3,1,1995,0,0,0,0,15,0,0,0,0,0
62858,1,1,1995,3,14,12,9,20,23,11,25,11,6
62858,2,1,1995,0,0,0,0,0,0,0,0,0,0
62859,1,1,1995,26,26,26,26,26,26,26,26,26,26
62860,0,1,1995,5,5,5,5,5,5,5,5,5,5
62860,1,1,1995,0,0,0,0,0,0,0,0,0,0
62861,1,1,1995,4,4,4,4,4,4,4,4,4,4
62862,1,1,1995,0,0,0,0,0,9,0,0,0,0
62863,0,1,1995,0,0,0,0,0,0,0,0,0,0
62863,1,1,1995,0,0,0,0,0,0,0,0,0,0
62864,1,1,1995,0,0,0,0,0,0,0,0,0,0
62864,2,1,1995,0,0,0,0,0,0,0,0,0,0
62864,3,1,1995,0,0,0,0,0,0,0,0,0,0
62864,4,1,1995,0,0,0,0,0,0,0,0,0,0
62865,0,1,1995,0,0,0,0,0,0,0,0,0,0
62865,1,1,1995,0,0,0,0,0,0,0,0,0,0
62866,1,1,1995,18,18,18,18,18,18,18,18,18,18
62866,2,1,1995,0,0,0,0,0,0,0,0,0,0
62866,3,1,1995,0,0,0,0,0,0,0,0,0,0
62867,1,1,1995,0,0,0,0,0,0,0,0,0,0
62867,2,1,1995,0,0,0,0,0,0,0,0,0,0
62868,1,1,1995,0,0,0,0,0,0,0,0,0,0
62868,2,1,1995,0,0,0,0,0,0,0,0,0,0
62869,1,1,1995,0,29,13,0,10,31,33,0,21,0
62870,1,1,1995,0,0,0,0,0,0,0,0,0,0
62871,1,1,1995,0,0,0,0,0,0,0,0,0,0
62872,1,1,1995,22,22,22,22,22,22,22,22,22,22
62873,1,1,1995,0,0,0,0,0,0,0,0,0,0
62874,1,1,1995,0,0,0,0,0,0,0,0,0,0
62874,2,1,1995,0,0,0,0,0,0,0,0,0,0
62875,1,1,1995,21,21,21,21,21,21,21,21,21,21
62876,1,1,1995,33,33,33,33,33,33,33,33,33,33
62877,0,1,1995,21,21,21,21,21,21,21,21,21,21
62877,1,1,1995,0,0,0,0,0,19,0,0,0,0
62878,1,1,1995,13,13,13,13,13,13,13,13,13,13
62879,1,1,1995,8,8,8,8,8,8,8,8,8,8
62879,2,1,1995,0,0,0,0,0,0,0,0,0,0
62880,1,1,1995,0,24,25,12,13,6,19,0,0,12
62881,1,1,1995,0,0,0,0,0,0,0,0,0,0
62882,1,1,1995,0,0,0,0,0,0,0,0,0,0
62883,1,1,1995,0,8,0,0,0,0,0,0,0,0
62883,2,1,1995,0,0,0,0,0,0,0,0,0,0
62884,0,1,1995,0,0,0,8,0,0,0,0,0,22
62884,1,1,1995,0,0,0,0,0,0,0,0,0,0
62885,0,1,1995,0,32,0,5,0,0,11,0,0,0
62885,1,1,1995,7,11,0,0,0,11,0,0,15,13
62886,1,1,1995,0,0,0,0,0,0,0,0,0,0
62886,2,1,1995,0,0,0,0,0,0,0,0,0,0
62887,1,1,1995,0,0,0,0,0,0,0,0,0,0
62888,0,1,1995,0,0,0,0,0,0,0,0,0,0
62888,1,1,1995,19,31,0,0,0,0,0,0,0,0
62889,0,1,1995,0,0,0,0,0,0,0,0,0,0
62889,1,1,1995,0,0,0,0,0,0,0,0,0,0
62890,0,1,1995,0,0,0,0,0,0,0,0,0,0
62890,1,1,1995,0,0,0,0,0,0,0,0,0,0
62891,1,3,1995,0,0,13,0,0,0,0,0,4,0
62892,1,1,1995,9,9,9,9,9,9,9,9,9,9
62892,2,1,1995,0,0,0,0,0,0,0,0,0,0
62892,3,1,1995,0,0,0,0,0,0,0,0,0,0
62893,1,1,1995,0,0,0,0,0,0,0,0,0,0
62893,2,1,1995,0,0,0,0,0,0,0,0,0,0
62894,0,1,1995,0,0,0,0,0,0,0,0,0,0
62894,1,1,1995,0,0,0,0,0,0,0,0,0,0
62895,0,1,1995,0,0,0,0,0,0,0,0,0,0
62895,1,1,1995,0,0,0,0,0,0,0,0,0,0
62896,1,1,1995,0,0,0,0,0,0,0,0,0,0
62896,2,1,1995,0,0,0,0,0,0,0,0,0,15
62897,0,1,1995,0,0,0,0,0,0,0,0,0,0
62897,1,1,1995,0,0,0,0,0,0,0,0,0,0
62898,1,1,1995,23,23,23,23,23,23,23,23,23,23
62898,2,1,1995,0,0,0,0,0,0,0,0,0,0
62899,1,1,1995,0,0,0,0,0,0,0,0,0,0
62899,2,1,1995,0,0,0,0,0,0,0,0,0,0
62900,0,1,1995,32,32,32,32,32,32,32,32,32,32
62900,1,1,1995,0,20,0,0,0,0,0,0,0,0
62901,0,1,1995,0,0,0,0,0,0,0,0,0,0
62901,1,1,1995,0,0,0,0,0,0,0,0,0,0
62902,1,1,1995,0,0,0,0,0,0,0,0,0,0
62903,0,1,1995,0,0,0,0,0,0,0,0,0,0
62903,0,2,1995,0,0,0,0,0,0,0,0,0,0
62903,1,1,1995,0,0,0,0,0,0,0,0,0,0
62904,1,1,1995,0,0,0,0,0,0,0,0,0,0
62905,1,1,1995,0,0,0,0,0,0,0,0,0,0
62905,2,1,1995,0,0,22,0,0,0,0,0,0,0
62906,0,1,1995,19,19,19,19,19,19,19,19,19,19