ST_CASE,VEH_NO,PER_NO,YEAR,P1,P2,P3,P4,P5,P6,P7,P8,P9,P10
62906,1,1,1995,18,18,16,23,7,20,16,19,0,27
62907,1,1,1995,19,19,19,19,19,19,19,19,19,19
62908,0,1,1995,0,0,0,0,0,0,0,0,0,0
62908,1,1,1995,0,0,0,0,0,0,0,0,0,0
62909,1,1,1995,0,0,0,0,0,0,0,0,0,0
62909,2,1,1995,0,0,0,0,0,0,0,0,0,0
62909,3,1,1995,0,0,0,0,0,10,0,0,0,0
62910,1,1,1995,24,24,24,24,24,24,24,24,24,24
62910,2,1,1995,0,0,0,0,10,0,21,0,8,10
62911,0,1,1995,0,0,0,0,0,0,0,0,0,0
62911,1,1,1995,0,0,0,0,17,0,0,0,0,0
62912,0,1,1995,0,0,0,0,0,0,0,0,0,0
62912,1,1,1995,0,0,0,0,0,0,0,0,0,0
62913,1,1,1995,22,22,22,22,22,22,22,22,22,22
62914,1,1,1995,0,0,0,0,0,0,0,0,0,0
62914,2,1,1995,0,0,0,0,0,0,0,0,0,0
62915,1,1,1995,0,0,0,0,0,0,0,0,0,0
62915,2,1,1995,0,0,0,0,0,0,0,0,0,0
62916,1,1,1995,4,4,4,4,4,4,4,4,4,4
62917,0,1,1995,14,14,14,14,14,14,14,14,14,14
62917,1,1,1995,0,0,0,0,0,0,0,0,0,0
62918,1,1,1995,0,0,0,0,0,0,0,0,0,0
62918,2,1,1995,0,0,0,0,0,0,0,0,0,0
62919,0,1,1995,39,8,0,0,0,0,0,0,0,10
62919,1,1,1995,0,0,0,0,0,0,0,0,0,0
62920,1,1,1995,30,30,30,30,30,30,30,30,30,30
62920,2,1,1995,0,0,0,0,0,0,0,0,0,0
62921,1,1,1995,0,0,0,0,0,0,0,0,0,0
62921,2,1,1995,0,0,0,0,0,0,0,0,0,0
62922,1,1,1995,5,5,5,5,5,5,5,5,5,5
62923,1,1,1995,14,14,14,14,14,14,14,14,14,14
62924,1,1,1995,22,22,22,22,22,22,22,22,22,22
62924,2,1,1995,0,0,0,0,0,0,0,0,0,13
62924,3,1,1995,0,0,0,0,0,0,0,0,0,0
62925,1,1,1995,14,14,14,14,14,14,14,14,14,14
62926,1,1,1995,0,0,0,29,0,0,0,0,0,0
62926,2,1,1995,0,0,0,0,0,0,0,0,0,0
62927,1,1,1995,0,0,0,0,0,0,0,0,0,0
62927,2,1,1995,0,0,0,0,0,0,0,0,0,0
62927,3,1,1995,0,0,0,0,0,0,0,0,0,0
62928,0,1,1995,0,0,0,0,0,0,0,0,0,0
62928,1,1,1995,0,0,0,0,0,0,0,0,0,0
62929,1,1,1995,31,31,31,31,31,31,31,31,31,31
62929,2,1,1995,0,0,0,0,0,0,0,0,0,0
62930,0,1,1995,0,0,0,0,0,0,0,0,0,0
62930,1,1,1995,0,0,0,0,0,0,0,0,0,0
62931,1,1,1995,0,0,0,0,0,0,0,0,0,0
62931,2,1,1995,0,0,0,0,0,0,0,0,0,0
62932,0,1,1995,0,0,0,0,0,0,0,0,0,0
62932,1,1,1995,0,0,0,0,0,0,0,0,0,0
62933,0,1,1995,0,0,0,0,0,0,0,0,0,0
62933,1,1,1995,2,2,2,2,2,2,2,2,2,2
62934,1,1,1995,18,18,18,18,18,18,18,18,18,18
62934,2,1,1995,0,0,0,0,0,0,0,0,0,0
62935,1,1,1995,7,7,7,7,7,7,7,7,7,7
62936,1,1,1995,0,0,0,0,0,0,0,0,0,0
62936,2,1,1995,0,0,0,0,0,0,0,0,0,0
62936,3,1,1995,0,0,0,0,0,0,0,0,0,0
62937,1,1,1995,0,0,0,0,0,0,0,0,0,0
62937,2,1,1995,0,0,0,0,0,0,0,0,0,0
62938,1,1,1995,0,0,0,0,0,0,0,0,0,0
62939,0,1,1995,0,0,0,0,0,0,0,0,0,0
62939,1,1,1995,0,0,0,0,0,0,0,0,0,0
62940,0,1,1995,0,0,0,0,0,0,0,0,0,0
62940,1,1,1995,0,0,0,0,0,0,0,0,0,0
62941,1,1,1995,0,0,0,0,0,0,0,0,0,0
62941,2,1,1995,0,0,0,0,0,0,0,0,0,0
62942,1,1,1995,0,0,0,0,0,0,0,0,0,0
62943,1,1,1995,0,0,6,14,11,0,1,0,19,4
62944,1,1,1995,21,21,21,21,21,21,21,21,21,21
62945,0,1,1995,30,30,30,30,30,30,30,30,30,30
62945,1,1,1995,0,0,0,0,0,0,0,15,18,0
62946,0,1,1995,0,0,0,0,0,0,0,0,0,0
62946,1,1,1995,0,0,0,0,0,0,0,0,0,0
62947,0,1,1995,18,18,18,18,18,18,18,18,18,18
62947,1,1,1995,29,0,0,27,14,11,14,0,15,12
62947,2,1,1995,0,0,19,0,6,15,28,0,34,20
62948,1,1,1995,25,25,25,25,25,25,25,25,25,25
62948,2,1,1995,0,0,0,0,0,0,0,0,0,0
62949,1,1,1995,25,25,25,25,25,25,25,25,25,25
62950,0,1,1995,12,12,12,12,12,12,12,12,12,12
62950,1,1,1995,0,0,0,0,0,0,0,0,0,0
62951,0,1,1995,0,0,0,0,0,0,0,0,0,0
62951,1,1,1995,0,0,0,0,0,0,0,0,0,0
62952,1,1,1995,20,20,20,20,20,20,20,20,20,20
62952,2,1,1995,0,0,0,0,0,0,0,0,0,0
62952,3,1,1995,0,0,0,0,0,0,0,0,20,0
62953,1,1,1995,0,0,0,0,0,0,0,0,0,0
62954,1,1,1995,0,0,0,0,0,0,0,0,0,0
62955,0,1,1995,11,11,11,11,11,11,11,11,11,11
62955,1,1,1995,0,0,0,0,0,0,0,0,0,0
62956,0,1,1995,16,16,16,16,16,16,16,16,16,16
62956,1,1,1995,0,0,0,0,0,0,0,0,0,0
62957,1,1,1995,0,0,0,0,0,0,0,0,0,0
62957,2,1,1995,0,13,0,0,0,0,0,0,0,0
62958,1,1,1995,37,37,37,37,37,37,37,37,37,37
62959,1,1,1995,0,0,0,0,0,0,0,0,0,0
62959,2,1,1995,0,0,0,0,0,0,0,0,0,0
62960,1,1,1995,20,20,20,20,20,20,20,20,20,20
62961,1,1,1995,0,0,0,0,0,0,0,0,0,0
62962,1,1,1995,11,11,11,11,11,11,11,11,11,11
62962,2,1,1995,0,0,0,0,0,0,0,0,0,0
62963,1,1,1995,10,20,10,10,0,0,15,17,0,0
62964,1,1,1995,13,13,13,13,13,13,13,13,13,13
62965,1,1,1995,0,0,0,0,0,0,0,0,0,0
62965,2,1,1995,0,0,0,0,0,0,0,0,0,0
62966,1,1,1995,0,0,0,0,0,0,0,0,0,0
62966,2,1,1995,0,0,0,0,0,0,0,0,0,0
62967,1,1,1995,50,50,50,50,50,50,50,50,50,50
62968,0,1,1995,0,0,0,0,0,0,0,0,0,0
62968,1,1,1995,0,0,0,0,0,0,0,0,0,0
62969,1,1,1995,0,0,0,0,0,0,0,0,0,0
62970,0,1,1995,0,0,12,0,26,22,0,0,0,0
62970,1,1,1995,38,38,38,38,38,38,38,38,38,38
62971,1,1,1995,14,14,14,14,14,14,14,14,14,14
62971,2,1,1995,0,0,0,0,0,0,0,0,0,0
62972,1,1,1995,6,6,6,6,6,6,6,6,6,6
62973,0,1,1995,0,0,0,0,0,0,0,0,0,0
62973,1,1,1995,0,0,0,0,0,0,0,0,0,0
62974,0,1,1995,0,0,0,0,0,0,0,0,0,0
62974,1,1,1995,0,0,0,0,0,0,0,0,0,0
62975,1,1,1995,0,0,0,0,0,0,0,0,0,0
62975,2,1,1995,0,0,0,0,0,0,0,0,0,0
62976,1,1,1995,0,0,11,0,0,0,0,0,0,0
62976,2,1,1995,0,0,0,0,0,0,0,0,0,0
62976,3,1,1995,0,0,0,0,0,0,0,0,0,0
62976,4,1,1995,0,0,0,0,0,0,0,0,0,0
62977,1,1,1995,0,0,0,0,0,0,0,0,0,0
62977,2,1,1995,0,0,0,0,0,0,0,0,0,0
62978,1,1,1995,11,11,11,11,11,11,11,11,11,11
62978,2,1,1995,0,0,0,0,0,0,0,0,0,0
62979,0,1,1995,0,0,0,0,0,0,0,0,0,0
62979,1,1,1995,0,0,0,0,0,0,0,0,0,0
62980,1,1,1995,0,0,0,0,0,0,0,0,0,0
62981,1,1,1995,0,0,0,0,0,0,0,0,0,0
62981,2,1,1995,0,0,0,0,0,0,0,0,0,0
62982,1,1,1995,0,0,0,0,0,0,0,0,0,0
62983,1,1,1995,0,0,0,0,0,0,0,0,0,0
62983,2,1,1995,0,0,0,0,0,0,0,0,0,0
62984,1,1,1995,0,0,0,0,0,0,0,0,0,0
62984,2,1,1995,0,0,0,0,0,0,0,0,0,0
62984,3,1,1995,0,0,0,0,0,0,0,0,0,0
62985,0,1,1995,0,0,0,0,0,0,0,0,0,0
62985,1,1,1995,0,0,0,0,0,0,0,0,0,0
62986,0,1,1995,0,0,0,0,0,0,0,0,0,0
62986,1,1,1995,0,0,0,0,12,0,0,0,0,0
62987,0,1,1995,0,0,0,0,0,0,0,0,0,0
62987,1,1,1995,0,0,0,0,0,0,0,0,0,0
62988,1,1,1995,0,0,0,0,0,0,0,0,0,0
62989,1,1,1995,0,0,0,0,0,0,19,0,0,0
62989,2,1,1995,0,0,0,0,0,0,0,0,0,0
62990,1,1,1995,23,23,23,23,23,23,23,23,23,23
62990,2,1,1995,0,0,0,0,0,0,0,0,0,0
62990,3,1,1995,0,0,0,0,0,0,0,0,0,0
62991,1,1,1995,0,0,0,0,0,0,0,0,0,0
62991,2,1,1995,0,0,0,0,0,0,0,0,0,0
62992,1,1,1995,0,0,0,0,0,0,0,0,0,0
62993,1,1,1995,0,0,0,0,0,0,0,0,0,0
62994,1,1,1995,0,0,0,0,0,0,0,0,0,0
62995,1,1,1995,0,0,0,0,0,0,0,0,0,0
62996,1,1,1995,0,0,0,0,0,0,0,0,0,0
62996,2,1,1995,0,0,0,0,0,0,0,0,0,0
62997,1,1,1995,0,0,0,0,0,0,0,0,0,0
62998,0,1,1995,0,0,0,0,0,0,0,0,0,0
62998,1,1,1995,0,0,0,0,0,0,0,0,0,16
62999,0,1,1995,0,0,0,0,0,0,0,0,0,0
62999,1,1,1995,0,0,0,0,0,0,0,0,0,0
63000,0,1,1995,0,0,0,0,0,0,0,0,0,0
63000,1,1,1995,0,0,0,0,0,0,0,0,0,0
63001,1,1,1995,0,0,0,0,0,0,0,0,0,0
63001,2,1,1995,0,0,0,0,0,0,0,0,0,0
63002,1,1,1995,3,3,3,3,3,3,3,3,3,3
63002,2,1,1995,0,0,0,0,0,0,0,0,0,0
63003,0,1,1995,24,24,24,24,24,24,24,24,24,24
63003,1,1,1995,0,0,0,0,0,0,0,0,0,0
63004,1,1,1995,14,14,14,14,14,14,14,14,14,14
63005,1,1,1995,2,2,2,2,2,2,2,2,2,2
63006,1,1,1995,22,22,22,22,22,22,22,22,22,22
63007,1,1,1995,0,0,0,0,0,0,0,0,0,0
63007,2,1,1995,0,0,0,0,0,0,0,0,0,0
63008,0,1,1995,0,0,0,0,0,0,0,0,0,0
63008,1,1,1995,0,0,0,0,0,0,0,0,0,0
63009,0,1,1995,0,0,0,0,0,0,0,0,0,0
63009,1,1,1995,0,0,0,0,0,0,0,0,0,0
63010,1,1,1995,0,0,0,0,0,0,0,0,0,0
63010,2,1,1995,0,0,0,0,0,0,0,0,0,0
63011,1,1,1995,0,0,0,0,0,0,0,0,0,0
63011,2,1,1995,13,13,13,13,13,13,13,13,13,13
63012,0,1,1995,0,0,0,0,0,0,0,0,0,0
63012,1,1,1995,0,0,0,0,0,0,0,0,0,0
63013,1,1,1995,0,0,0,0,0,0,0,0,0,0
63013,2,1,1995,0,0,0,0,0,0,0,0,0,0
63014,0,1,1995,0,0,0,0,0,0,0,0,0,0
63014,1,1,1995,0,0,0,0,0,0,0,0,0,0
63015,1,1,1995,0,0,0,0,0,0,0,0,0,0
63016,1,1,1995,25,25,25,25,25,25,25,25,25,25
63016,2,1,1995,0,0,0,0,0,0,0,0,0,0
63017,1,1,1995,11,11,11,11,11,11,11,11,11,11
63018,0,1,1995,0,0,0,0,0,0,0,0,0,0
63018,1,1,1995,0,0,0,0,0,0,0,0,0,0
63019,0,1,1995,18,18,18,18,18,18,18,18,18,18
63019,1,1,1995,0,0,0,0,0,0,0,0,14,0
63020,1,1,1995,5,5,5,5,5,5,5,5,5,5
63021,1,1,1995,13,13,13,13,13,13,13,13,13,13
63022,1,1,1995,0,0,0,0,0,0,0,0,0,0
63022,2,1,1995,0,0,0,0,0,0,0,0,0,0
63023,1,1,1995,0,0,0,0,0,0,0,0,0,0
63023,2,1,1995,0,0,0,0,0,0,0,0,0,0
63024,1,1,1995,0,0,0,0,0,0,0,0,0,0
63024,2,1,1995,0,0,0,18,0,0,0,0,0,0
63024,3,1,1995,0,0,0,0,0,0,0,0,0,0
63024,4,1,1995,0,0,0,0,0,0,0,0,0,0
63025,1,1,1995,0,0,0,0,0,0,0,0,0,0
63025,2,1,1995,0,0,0,0,0,0,0,0,0,0
63026,1,1,1995,0,0,0,0,0,0,0,0,0,0
63026,2,1,1995,0,0,0,0,0,0,0,0,0,0
63026,3,1,1995,0,0,0,0,0,0,0,0,0,0
63026,4,1,1995,0,0,0,0,0,0,0,0,0,0
63026,5,1,1995,0,0,0,0,0,0,0,0,0,0
63027,1,1,1995,0,0,0,0,0,0,0,0,0,0
63027,2,1,1995,11,6,10,17,19,16,8,10,18,12
63027,3,1,1995,0,0,0,0,0,0,0,0,0,0
63028,0,1,1995,27,27,27,27,27,27,27,27,27,27
63028,1,1,1995,0,0,0,0,0,0,0,0,16,0
63029,1,1,1995,36,36,36,36,36,36,36,36,36,36
63030,0,1,1995,0,0,0,0,0,0,0,0,0,0
63030,1,1,1995,0,0,0,0,0,0,0,0,0,0
63031,1,1,1995,0,0,0,0,0,0,0,0,0,0
63031,2,1,1995,0,0,0,0,0,0,0,0,0,0
63032,0,1,1995,0,0,0,0,0,0,0,0,0,0
63032,1,1,1995,0,0,7,0,15,0,13,0,0,0
63033,1,1,1995,0,0,0,0,0,0,0,0,0,0
63033,2,1,1995,0,0,0,0,0,0,0,0,0,0
63033,3,1,1995,0,0,0,0,0,0,0,0,0,0
63033,4,1,1995,0,0,0,0,0,0,0,0,0,0
63033,5,1,1995,0,0,0,0,0,0,0,0,0,0
63033,6,1,1995,0,0,0,0,0,0,0,0,0,0
63033,7,1,1995,0,0,0,0,0,0,0,0,0,0
63033,8,1,1995,0,0,0,0,0,0,0,0,0,0
63034,1,1,1995,24,24,24,24,24,24,24,24,24,24
63034,2,1,1995,4,4,4,4,4,4,4,4,4,4
63035,1,1,1995,7,7,7,7,7,7,7,7,7,7
63036,1,1,1995,0,0,0,0,0,0,0,0,0,0
63036,2,1,1995,0,0,14,0,0,0,0,0,0,0
63037,0,1,1995,0,0,0,0,0,0,0,0,0,0
63037,1,1,1995,0,0,0,0,0,0,0,0,0,0
63038,1,1,1995,0,0,14,0,0,0,0,0,0,0
63039,1,1,1995,0,0,0,0,0,0,0,0,0,0
63039,2,1,1995,0,0,0,0,0,0,0,0,0,0
63040,1,1,1995,1,1,1,1,1,1,1,1,1,1
63040,2,1,1995,0,0,0,0,0,0,0,0,0,0
63041,1,1,1995,19,0,14,0,9,0,13,0,0,0
63041,2,1,1995,0,0,0,0,0,0,0,0,0,0
63042,1,1,1995,2,2,2,2,2,2,2,2,2,2
63042,2,1,1995,0,0,0,0,0,0,0,0,0,0
63043,1,1,1995,0,0,0,0,0,0,0,0,0,0
63043,2,1,1995,0,0,0,0,0,0,0,0,0,0
63044,1,1,1995,0,0,0,0,0,0,0,0,0,0
63045,1,1,1995,0,0,0,0,0,0,0,0,0,0
63045,2,1,1995,0,0,0,3,0,0,0,0,0,0
63046,1,1,1995,0,0,0,0,0,0,0,0,0,0
63047,1,1,1995,0,0,0,0,0,0,0,0,0,0
63048,1,1,1995,0,0,0,0,0,0,0,0,0,0
63049,1,1,1995,0,0,0,0,0,0,0,0,0,0
63049,2,1,1995,0,0,0,0,0,0,0,0,0,0
63050,0,1,1995,0,0,0,0,0,0,0,0,0,0
63050,1,1,1995,0,0,0,0,0,0,0,0,0,0
63051,1,1,1995,22,22,22,22,22,22,22,22,22,22
63052,1,1,1995,0,0,0,0,0,0,0,0,0,0
63053,1,1,1995,15,15,15,15,15,15,15,15,15,15
63054,1,1,1995,0,0,0,0,0,0,0,0,0,0
63054,2,1,1995,0,0,0,0,0,0,0,0,0,0
63055,0,1,1995,0,0,0,0,0,0,0,0,0,0
63055,1,1,1995,13,13,13,13,13,13,13,13,13,13
63056,0,1,1995,0,0,0,0,0,0,0,0,0,0
63056,1,1,1995,18,18,18,18,18,18,18,18,18,18
63057,1,1,1995,21,21,21,21,21,21,21,21,21,21
63057,2,1,1995,0,0,0,0,0,0,0,0,0,0
63057,3,1,1995,0,0,0,0,0,0,0,0,0,0
63058,1,1,1995,0,0,0,0,0,0,0,0,0,0
63058,2,1,1995,0,0,0,0,0,0,0,0,0,0
63059,1,1,1995,0,0,0,0,0,0,12,0,0,0
63059,2,1,1995,0,0,0,0,0,0,0,0,0,0
63060,1,1,1995,1,1,1,1,1,1,1,1,1,1
63060,2,1,1995,0,0,0,0,0,0,0,0,0,0
63060,3,1,1995,0,0,0,0,0,0,0,0,0,0
63061,0,1,1995,0,0,0,0,0,0,0,0,0,0
63061,0,2,1995,0,0,0,0,0,0,0,0,0,0
63061,0,3,1995,0,0,0,0,0,0,0,0,0,0
63061,1,1,1995,0,0,0,0,0,0,0,0,0,0
63062,0,1,1995,0,0,0,0,0,0,0,0,0,0
63062,1,1,1995,0,0,0,0,0,0,0,0,0,0
63063,2,1,1995,0,0,0,0,0,0,0,0,0,0
63063,3,1,1995,0,0,0,0,0,0,0,0,0,0
63064,1,1,1995,8,8,8,8,8,8,8,8,8,8
63065,1,1,1995,0,0,0,0,0,0,0,0,0,0
63065,2,1,1995,0,0,0,0,0,0,0,0,0,0
63066,1,1,1995,0,0,0,0,0,0,0,0,0,0
63066,2,1,1995,0,0,0,0,0,0,0,0,0,0
63067,1,1,1995,0,0,0,0,0,0,0,0,0,0
63067,2,1,1995,0,0,0,0,0,0,0,0,0,0
63068,1,1,1995,8,8,8,8,8,8,8,8,8,8
63068,2,1,1995,0,0,0,0,0,0,0,0,0,0
63069,1,1,1995,0,0,0,0,0,0,0,0,0,0
63070,1,1,1995,2,2,2,2,2,2,2,2,2,2
63070,2,1,1995,0,0,0,0,0,0,0,0,0,0
63071,1,1,1995,0,0,0,0,0,0,0,0,0,0
63072,0,1,1995,19,19,19,19,19,19,19,19,19,19
63072,1,1,1995,8,0,0,0,0,0,0,19,0,15
63073,1,1,1995,0,0,0,0,0,0,0,0,0,0
63073,2,1,1995,0,0,0,0,0,0,0,0,0,0
63074,1,1,1995,13,13,13,13,13,13,13,13,13,13
63074,2,1,1995,0,0,0,0,0,0,0,0,0,0
63075,1,1,1995,27,27,27,27,27,27,27,27,27,27
63076,1,1,1995,22,22,22,22,22,22,22,22,22,22
63077,1,1,1995,0,0,0,0,0,0,0,0,0,0
63077,2,1,1995,0,0,0,0,0,0,0,0,0,0
63078,1,1,1995,0,0,0,0,0,0,0,0,0,0
63079,1,1,1995,0,0,0,0,0,0,0,0,0,0
63079,2,1,1995,0,0,0,0,0,0,0,0,0,0
63080,0,1,1995,28,28,28,28,28,28,28,28,28,28
63080,1,1,1995,0,0,0,0,0,0,0,0,0,0
63081,1,1,1995,21,21,21,21,21,21,21,21,21,21
63082,1,1,1995,0,0,20,13,19,0,21,0,14,18
63082,2,1,1995,0,0,0,24,0,0,0,10,0,0
63083,1,1,1995,0,0,0,0,0,0,0,0,0,0
63083,2,1,1995,5,5,5,5,5,5,5,5,5,5
63084,1,1,1995,5,5,5,5,5,5,5,5,5,5
63084,2,1,1995,8,8,8,8,8,8,8,8,8,8
63085,1,1,1995,0,0,0,0,0,0,0,0,0,0
63086,0,1,1995,36,36,36,36,36,36,36,36,36,36
63086,1,1,1995,0,0,0,0,0,0,0,0,0,0
63087,0,1,1995,16,16,16,16,16,16,16,16,16,16
63087,1,1,1995,0,0,0,0,0,0,0,3,0,0
63088,0,1,1995,13,13,13,13,13,13,13,13,13,13
63088,1,1,1995,0,0,0,0,0,0,0,2,0,0
63088,2,1,1995,0,0,0,0,0,0,0,0,0,8
63089,1,1,1995,14,14,14,14,14,14,14,14,14,14
63091,1,1,1995,0,0,0,0,0,0,0,0,0,0
63091,2,1,1995,0,0,0,0,0,0,0,0,0,0
63092,1,1,1995,18,18,18,18,18,18,18,18,18,18
63092,2,1,1995,0,0,0,0,0,0,0,0,0,0
63093,1,1,1995,0,0,0,0,0,0,0,0,0,0
63093,2,1,1995,0,0,0,0,0,0,15,0,0,0
63094,0,1,1995,0,0,0,0,0,0,0,0,0,0
63094,1,1,1995,0,0,0,0,0,0,0,0,0,0
63095,0,1,1995,19,19,19,19,19,19,19,19,19,19
63095,1,1,1995,0,0,0,0,0,0,0,0,0,8
63096,0,1,1995,0,0,0,0,0,0,0,0,0,0
63096,1,1,1995,0,0,0,0,0,0,0,0,0,0
63097,1,1,1995,0,0,0,0,0,0,0,0,0,0
63098,0,1,1995,28,28,28,28,28,28,28,28,28,28
63098,1,1,1995,0,0,0,0,0,14,25,0,0,0
63099,1,1,1995,25,25,25,25,25,25,25,25,25,25
63099,2,1,1995,0,0,0,0,0,0,0,0,0,0
63100,1,1,1995,12,12,12,12,12,12,12,12,12,12
63101,1,1,1995,16,16,16,16,16,16,16,16,16,16
63102,1,1,1995,7,7,7,7,7,7,7,7,7,7
63103,1,1,1995,9,9,9,9,9,9,9,9,9,9
63104,1,1,1995,11,11,11,11,11,11,11,11,11,11
63105,1,1,1995,11,11,11,11,11,11,11,11,11,11
63106,1,1,1995,16,16,16,16,16,16,16,16,16,16
63107,0,1,1995,9,9,9,9,9,9,9,9,9,9
63107,1,1,1995,10,10,10,10,10,10,10,10,10,10
63108,0,1,1995,19,19,19,19,19,19,19,19,19,19
63108,1,1,1995,15,15,15,15,15,15,15,15,15,15
63109,1,1,1995,15,15,15,15,15,15,15,15,15,15
63110,1,1,1995,8,8,8,8,8,8,8,8,8,8
63111,1,1,1995,0,0,0,0,0,0,0,0,0,0
63112,0,1,1995,0,0,0,0,0,0,0,0,0,0
63112,1,1,1995,0,0,0,0,10,0,37,0,30,9
63113,1,1,1995,0,0,0,0,0,0,0,0,0,0
63113,2,1,1995,1,1,1,1,1,1,1,1,1,1
63114,1,1,1995,0,0,0,0,0,0,0,0,0,0
63114,2,1,1995,12,12,12,12,12,12,12,12,12,12
63115,1,1,1995,0,0,0,0,11,0,0,0,0,0
63115,2,1,1995,0,0,0,0,0,0,0,0,0,0
63116,0,1,1995,0,0,0,0,0,0,0,0,0,0
63116,1,1,1995,0,0,0,0,0,0,0,0,0,0
63117,0,1,1995,0,0,0,0,0,0,0,0,0,0
63117,1,1,1995,0,0,0,0,0,0,0,0,0,0
63118,0,1,1995,0,0,15,19,0,0,0,0,0,0
63118,1,1,1995,3,3,3,3,3,3,3,3,3,3
63119,1,1,1995,0,0,0,0,0,0,0,0,0,0
63120,1,1,1995,0,0,0,0,0,0,0,0,0,0
63120,2,1,1995,0,0,0,0,0,0,0,0,0,0
63120,3,1,1995,0,0,0,0,0,0,0,0,0,0
63120,4,1,1995,0,0,0,0,0,0,0,0,0,0
63120,5,1,1995,0,0,0,0,0,0,0,0,0,0
63120,6,1,1995,0,0,0,0,0,0,0,0,0,0
63120,7,1,1995,0,0,0,0,0,0,0,0,0,0
63120,8,1,1995,0,0,0,0,0,0,0,0,0,0
63120,9,1,1995,0,0,0,0,0,0,0,0,0,0
63120,10,1,1995,0,0,0,0,0,0,0,0,0,0
63121,1,1,1995,18,18,18,18,18,18,18,18,18,18
63121,2,1,1995,0,0,0,11,0,0,0,0,0,0
63122,1,1,1995,9,9,9,9,9,9,9,9,9,9
63123,0,1,1995,33,0,7,21,22,0,22,43,32,0
63123,0,2,1995,0,0,0,0,0,0,0,18,0,14
63123,0,3,1995,21,0,0,17,0,0,0,0,0,0
63123,1,1,1995,0,0,0,0,0,0,0,0,0,0
63124,1,1,1995,14,14,14,14,14,14,14,14,14,14
63125,1,1,1995,4,4,4,4,4,4,4,4,4,4
63125,2,1,1995,0,0,0,0,0,0,0,0,0,0
63126,1,1,1995,0,0,0,0,0,0,0,9,0,0
63127,1,1,1995,0,0,0,0,0,0,0,0,0,0
63128,1,1,1995,0,0,0,0,0,0,0,0,0,0
63129,0,1,1995,0,0,0,0,0,0,0,0,0,0
63129,0,2,1995,0,0,0,0,0,0,0,0,0,0
63129,1,1,1995,0,0,0,0,0,0,0,0,0,0
63130,1,1,1995,6,6,6,6,6,6,6,6,6,6
63131,1,1,1995,14,14,14,14,14,14,14,14,14,14
63131,2,1,1995,0,0,0,0,0,0,3,0,0,0
63132,1,1,1995,0,0,0,0,0,0,0,0,0,0
63133,1,1,1995,0,0,0,0,0,0,0,0,0,0
63133,2,1,1995,0,0,0,0,0,0,0,0,0,0
63134,1,1,1995,0,0,0,0,0,0,0,0,0,0
63135,1,1,1995,16,16,16,16,16,16,16,16,16,16
63136,1,1,1995,0,0,0,0,0,0,0,0,0,0
63137,1,1,1995,0,0,0,0,0,0,0,0,0,0
63137,2,1,1995,0,0,0,0,0,0,0,0,0,0
63137,3,1,1995,0,0,0,0,0,0,0,0,0,0
63138,1,1,1995,0,0,0,0,0,0,0,0,0,0
63138,2,1,1995,15,15,15,15,15,15,15,15,15,15
63139,1,1,1995,0,0,0,0,0,0,0,0,0,0
63140,1,1,1995,0,0,0,0,0,14,0,0,0,0
63141,0,1,1995,0,0,0,0,0,0,0,0,0,0
63141,1,1,1995,0,0,0,0,0,0,0,0,0,0
63143,1,1,1995,0,0,0,0,0,0,0,0,0,21
63144,0,1,1995,0,0,0,0,0,0,0,0,0,0
63144,1,1,1995,23,23,23,23,23,23,23,23,23,23
63145,1,1,1995,3,3,3,3,3,3,3,3,3,3
63146,0,1,1995,25,25,25,25,25,25,25,25,25,25
63146,0,2,1995,0,0,0,26,0,0,38,0,0,6
63146,1,1,1995,0,0,0,0,0,0,0,0,0,0
63147,1,1,1995,17,17,17,17,17,17,17,17,17,17
63148,1,1,1995,17,17,17,17,17,17,17,17,17,17
63149,1,1,1995,7,7,7,7,7,7,7,7,7,7
63150,1,1,1995,0,0,0,0,0,0,0,0,0,0
63151,1,1,1995,0,25,30,30,19,34,7,12,20,7
63151,2,1,1995,0,0,0,0,0,0,0,0,0,0
63152,0,1,1995,0,0,0,0,0,0,0,0,0,0
63153,1,1,1995,10,10,10,10,10,10,10,10,10,10
63153,2,1,1995,0,0,0,0,0,0,0,0,0,0
63154,0,1,1995,0,0,0,0,0,0,0,0,0,0
63154,1,1,1995,0,0,0,0,0,0,0,0,0,0
63155,0,1,1995,0,0,0,0,0,0,0,0,0,0
63155,1,1,1995,0,0,0,0,0,0,0,0,0,0
63156,1,1,1995,0,0,0,0,0,0,0,0,0,0
63156,2,1,1995,0,0,0,0,0,0,0,0,0,0
63157,1,1,1995,0,0,0,0,0,0,0,0,0,0
63157,2,1,1995,0,0,0,0,0,0,0,0,0,0
63157,3,1,1995,0,0,0,0,0,0,0,8,0,0
63157,4,1,1995,0,0,0,0,0,0,0,0,0,0
63158,1,1,1995,0,0,0,0,0,0,0,0,0,0
63158,2,1,1995,0,0,0,0,0,0,0,0,0,0
63158,3,1,1995,0,0,0,0,0,0,0,0,19,0
63158,4,1,1995,0,0,0,0,0,0,0,0,0,0
63158,5,1,1995,0,0,0,0,0,25,0,0,0,0
63158,6,1,1995,0,0,0,0,0,0,0,0,0,0
63158,7,1,1995,0,0,0,0,0,0,0,0,0,0
63158,8,1,1995,0,0,0,0,0,0,0,0,0,0
63159,1,1,1995,0,0,0,0,0,0,0,0,0,0
63159,2,1,1995,0,0,0,0,0,0,0,0,0,0
63160,1,1,1995,14,14,14,14,14,14,14,14,14,14
63161,1,1,1995,5,5,5,5,5,5,5,5,5,5