ST_CASE,VEH_NO,PER_NO,YEAR,P1,P2,P3,P4,P5,P6,P7,P8,P9,P10
63162,0,1,1995,0,20,0,5,0,0,0,22,0,15
63162,1,1,1995,0,0,0,0,0,0,0,0,0,0
63163,1,1,1995,12,12,12,12,12,12,12,12,12,12
63164,0,1,1995,0,16,32,6,0,0,0,0,11,0
63164,0,2,1995,25,0,30,0,7,12,14,20,23,20
63164,1,1,1995,0,0,0,0,0,0,0,0,0,0
63164,2,1,1995,0,0,0,0,0,0,0,0,0,0
63165,1,1,1995,0,0,0,0,14,0,0,9,0,0
63166,0,1,1995,0,0,0,0,0,0,0,0,0,0
63166,1,1,1995,11,11,11,11,11,11,11,11,11,11
63166,2,1,1995,0,0,0,0,0,0,10,0,0,0
63167,1,1,1995,0,0,0,0,0,0,0,0,0,0
63167,2,1,1995,0,0,0,0,0,0,0,0,0,0
63168,1,1,1995,28,28,28,28,28,28,28,28,28,28
63169,1,1,1995,25,25,25,25,25,25,25,25,25,25
63170,1,1,1995,0,0,0,0,0,0,0,0,0,0
63170,2,1,1995,0,0,0,0,0,0,0,0,0,0
63171,1,1,1995,0,0,0,0,0,6,0,0,0,0
63172,1,1,1995,15,15,15,15,15,15,15,15,15,15
63173,1,1,1995,14,14,14,14,14,14,14,14,14,14
63174,1,1,1995,3,3,3,3,3,3,3,3,3,3
63174,2,1,1995,19,19,19,19,19,19,19,19,19,19
63175,0,1,1995,43,43,43,43,43,43,43,43,43,43
63175,1,1,1995,0,0,0,0,0,0,0,0,0,0
63176,1,1,1995,0,13,0,0,0,0,0,5,0,0
63177,1,1,1995,4,4,4,4,4,4,4,4,4,4
63178,1,1,1995,0,0,0,0,0,0,0,0,0,0
63179,1,1,1995,21,17,14,13,17,26,13,20,15,7
63180,1,1,1995,4,4,4,4,4,4,4,4,4,4
63181,0,1,1995,0,0,0,0,0,0,0,0,0,0
63181,1,1,1995,0,0,0,0,0,0,0,0,0,0
63182,1,1,1995,0,0,0,0,0,0,0,0,0,0
63182,2,1,1995,0,0,0,0,0,0,0,0,0,0
63183,1,1,1995,21,21,21,21,21,21,21,21,21,21
63184,1,1,1995,18,18,18,18,18,18,18,18,18,18
63185,1,1,1995,18,18,18,18,18,18,18,18,18,18
63186,1,1,1995,20,20,20,20,20,20,20,20,20,20
63187,1,1,1995,23,23,23,23,23,23,23,23,23,23
63188,1,1,1995,21,21,21,21,21,21,21,21,21,21
63188,2,1,1995,4,4,4,4,4,4,4,4,4,4
63188,3,1,1995,11,11,11,11,11,11,11,11,11,11
63189,0,1,1995,0,0,0,0,0,0,0,0,0,0
63189,0,2,1995,4,0,0,0,19,0,10,0,11,0
63189,0,3,1995,0,0,0,21,0,7,14,19,0,0
63189,1,1,1995,6,8,0,5,0,0,13,0,0,20
63190,1,1,1995,0,0,0,0,0,0,0,0,0,0
63191,1,1,1995,0,0,0,0,0,0,0,0,0,0
63192,1,1,1995,0,0,0,0,0,0,0,0,0,0
63193,1,1,1995,0,0,0,0,0,0,0,0,0,0
63194,0,1,1995,0,0,0,0,0,0,0,0,0,0
63194,0,2,1995,0,0,0,0,0,0,0,0,0,0
63194,0,3,1995,19,0,0,0,10,12,15,0,0,27
63194,0,4,1995,0,0,0,0,0,0,0,0,0,0
63194,1,1,1995,0,0,0,0,0,12,0,0,0,0
63195,1,1,1995,0,0,0,0,0,0,0,0,0,0
63196,0,1,1995,24,24,24,24,24,24,24,24,24,24
63197,1,1,1995,17,17,17,17,17,17,17,17,17,17
63198,1,1,1995,2,2,2,2,2,2,2,2,2,2
63199,1,1,1995,0,0,0,0,0,0,0,0,0,0
63199,2,1,1995,0,0,0,0,0,0,0,5,0,0
63200,0,1,1995,0,0,0,0,0,0,0,0,0,0
63200,1,1,1995,0,0,0,0,0,0,0,0,0,0
63201,1,1,1995,0,0,0,0,0,0,0,0,0,0
63202,1,1,1995,0,0,0,0,0,0,0,0,0,0
63203,1,1,1995,22,22,22,22,22,22,22,22,22,22
63203,2,1,1995,0,0,0,0,0,0,0,0,0,0
63204,0,1,1995,0,0,0,0,0,0,0,0,0,0
63204,1,1,1995,0,0,0,0,0,0,0,0,0,0
63204,2,1,1995,0,0,0,0,0,0,0,0,0,0
63204,3,1,1995,0,0,0,0,0,0,0,0,0,0
63205,1,1,1995,0,0,0,0,0,0,0,0,0,0
63206,1,1,1995,0,0,0,0,0,0,0,0,0,0
63206,2,1,1995,0,0,0,0,0,0,0,0,0,0
63206,3,1,1995,0,0,0,0,0,0,0,0,0,0
63207,1,1,1995,0,0,0,0,0,0,0,0,0,0
63207,2,1,1995,0,0,0,0,0,0,0,0,0,0
63208,1,1,1995,10,10,10,10,10,10,10,10,10,10
63208,2,1,1995,0,0,0,0,6,0,0,0,0,0
63209,1,1,1995,7,7,7,7,7,7,7,7,7,7
63210,1,1,1995,16,16,16,16,16,16,16,16,16,16
63211,1,1,1995,6,6,6,6,6,6,6,6,6,6
63212,1,1,1995,32,32,32,32,32,32,32,32,32,32
63213,1,1,1995,0,0,0,0,0,0,0,0,0,0
63214,1,1,1995,0,0,0,0,0,0,0,0,0,0
63214,2,1,1995,0,0,0,0,0,0,0,0,0,0
63214,3,1,1995,0,0,0,0,0,0,0,0,0,0
63214,4,1,1995,0,0,0,0,0,0,0,0,0,0
63215,1,1,1995,0,0,0,0,0,0,0,0,0,0
63216,1,1,1995,23,23,23,23,23,23,23,23,23,23
63216,2,1,1995,0,0,0,0,0,0,0,0,0,0
63217,1,1,1995,13,13,13,13,13,13,13,13,13,13
63218,1,1,1995,0,0,0,0,0,0,0,0,0,0
63219,0,1,1995,2,2,2,2,2,2,2,2,2,2
63219,1,1,1995,0,0,0,0,0,0,0,0,0,0
63220,1,1,1995,0,0,0,0,0,0,0,0,0,0
63220,2,1,1995,0,0,0,0,0,0,0,0,17,0
63220,3,1,1995,0,0,0,12,0,16,0,0,0,0
63221,1,1,1995,0,0,0,0,0,0,0,0,0,0
63221,2,1,1995,0,0,0,0,0,0,0,0,0,0
63222,1,1,1995,0,0,0,0,0,0,0,0,0,0
63223,1,1,1995,0,0,0,0,0,0,0,0,0,0
63224,1,1,1995,0,0,0,0,0,0,0,0,0,0
63225,1,1,1995,0,0,0,0,0,0,0,0,0,0
63225,2,1,1995,2,2,2,2,2,2,2,2,2,2
63226,1,1,1995,0,0,0,0,0,0,0,0,0,0
63226,2,1,1995,0,0,0,0,0,0,0,0,0,0
63226,3,1,1995,0,0,0,0,0,0,0,0,0,0
63227,1,1,1995,7,7,7,7,7,7,7,7,7,7
63227,2,1,1995,0,0,0,0,0,0,0,0,0,0
63228,1,1,1995,19,19,19,19,19,19,19,19,19,19
63229,1,1,1995,25,25,25,25,25,25,25,25,25,25
63230,1,1,1995,0,0,0,0,0,0,0,0,0,0
63231,1,1,1995,0,0,0,0,0,0,0,0,0,0
63232,1,1,1995,0,0,0,0,0,0,0,0,0,0
63233,1,1,1995,0,0,0,0,0,0,0,0,0,0
63234,0,1,1995,0,0,0,0,0,0,0,0,0,0
63234,0,2,1995,0,0,0,0,0,0,0,0,0,0
63234,0,3,1995,0,0,0,0,0,0,0,0,0,0
63234,1,1,1995,0,0,0,0,0,0,0,0,0,0
63235,0,1,1995,0,0,0,0,0,0,0,0,0,0
63235,1,1,1995,0,0,0,0,0,0,0,0,0,0
63236,1,1,1995,0,0,0,0,0,0,0,0,0,0
63236,2,1,1995,0,0,0,0,0,0,0,0,0,0
63237,1,1,1995,0,0,0,0,0,0,0,0,0,0
63238,0,1,1995,27,27,27,27,27,27,27,27,27,27
63238,1,1,1995,0,0,0,22,0,0,0,0,0,0
63238,2,1,1995,0,0,0,0,0,0,0,0,0,0
63239,0,1,1995,0,0,0,0,0,0,0,0,0,0
63239,1,1,1995,0,0,0,0,0,0,0,0,17,0
63240,0,1,1995,0,0,0,0,0,0,0,13,0,0
63240,1,1,1995,14,0,0,0,0,0,0,0,0,0
63241,0,1,1995,0,0,0,0,0,0,0,0,0,0
63241,1,1,1995,0,0,0,0,10,0,15,0,0,21
63242,0,1,1995,0,0,0,0,0,0,0,0,0,0
63242,1,1,1995,0,0,0,0,0,0,0,18,0,0
63243,1,1,1995,22,22,22,22,22,22,22,22,22,22
63244,1,1,1995,0,0,0,0,0,0,0,0,0,0
63245,1,1,1995,0,0,0,0,0,0,0,0,0,0
63245,2,1,1995,0,0,0,0,0,0,0,0,0,0
63245,3,1,1995,0,0,0,0,0,0,0,0,0,0
63246,0,1,1995,0,0,0,16,19,38,0,0,0,18
63246,1,1,1995,0,0,0,0,0,0,0,0,0,0
63247,1,1,1995,0,0,0,0,0,0,20,0,0,0
63247,2,1,1995,18,0,0,0,0,0,0,0,0,0
63248,1,1,1995,0,0,0,0,0,0,0,0,0,0
63248,2,1,1995,0,0,0,0,0,0,0,0,0,0
63249,1,1,1995,0,0,0,0,0,0,0,0,0,0
63250,1,1,1995,0,0,0,0,0,0,0,0,0,0
63250,2,1,1995,29,0,0,0,0,0,0,0,0,0
63250,3,1,1995,0,0,0,0,0,0,0,0,0,0
63250,4,1,1995,0,0,0,0,0,0,0,0,0,0
63250,5,1,1995,0,0,0,0,0,0,0,0,0,0
63251,1,1,1995,0,0,0,0,0,0,0,0,0,0
63251,2,1,1995,0,0,0,0,0,0,0,0,0,0
63252,0,1,1995,8,8,8,8,8,8,8,8,8,8
63252,1,1,1995,14,16,13,0,6,27,6,9,17,26
63253,0,1,1995,9,9,9,9,9,9,9,9,9,9
63253,1,1,1995,0,0,0,16,0,0,0,0,0,28
63254,1,1,1995,0,0,0,0,0,0,0,0,0,0
63255,0,1,1995,0,0,0,0,0,0,0,0,0,0
63255,1,1,1995,0,0,0,0,0,0,0,0,0,0
63256,1,1,1995,0,0,0,0,0,0,0,0,0,0
63256,2,1,1995,9,0,0,0,0,0,0,0,0,0
63256,3,1,1995,0,0,0,0,0,0,0,0,0,0
63257,1,1,1995,0,10,0,0,0,0,0,0,12,0
63258,1,1,1995,19,11,0,0,0,30,0,0,0,0
63259,0,1,1995,2,2,2,2,2,2,2,2,2,2
63259,1,1,1995,0,0,0,0,0,0,0,0,0,0
63260,1,1,1995,9,9,9,9,9,9,9,9,9,9
63261,1,1,1995,0,0,0,0,0,0,0,0,0,0
63261,2,1,1995,20,20,20,20,20,20,20,20,20,20
63262,0,1,1995,14,14,14,14,14,14,14,14,14,14
63262,1,1,1995,0,0,0,0,0,0,0,9,0,0
63263,0,1,1995,0,0,0,0,0,0,0,0,0,0
63263,1,1,1995,7,7,7,7,7,7,7,7,7,7
63264,0,1,1995,0,0,0,0,0,0,0,0,0,0
63264,1,1,1995,11,11,11,11,11,11,11,11,11,11
63265,1,1,1995,13,13,13,13,13,13,13,13,13,13
63265,2,1,1995,0,0,0,0,0,0,0,0,0,0
63266,0,1,1995,0,0,0,0,0,0,0,0,0,0
63266,1,1,1995,18,0,0,0,0,0,0,0,0,0
63266,2,1,1995,3,14,7,0,0,0,0,0,0,3
63267,1,1,1995,19,15,8,8,13,10,16,15,18,13
63267,2,1,1995,0,0,0,0,0,0,0,10,0,0
63268,1,1,1995,5,5,5,5,5,5,5,5,5,5
63268,2,1,1995,5,5,5,5,5,5,5,5,5,5
63269,0,1,1995,5,5,5,5,5,5,5,5,5,5
63269,1,1,1995,0,0,0,0,0,0,0,0,0,0
63270,1,1,1995,0,0,0,0,0,0,0,0,0,0
63270,2,1,1995,0,0,0,0,0,0,0,20,0,0
63271,1,1,1995,0,0,0,0,0,0,0,0,0,0
63271,2,1,1995,0,0,0,0,0,0,0,0,0,0
63272,0,1,1995,0,0,0,0,0,0,0,0,6,0
63272,1,1,1995,0,0,0,0,0,0,0,0,0,0
63273,1,1,1995,0,0,0,0,0,0,0,0,0,0
63274,0,1,1995,0,0,0,0,0,0,0,0,0,0
63274,1,1,1995,0,0,0,0,0,0,0,0,0,0
63275,0,1,1995,0,0,0,0,0,0,0,0,0,0
63275,1,1,1995,0,0,0,0,0,0,0,0,0,0
63276,1,1,1995,22,22,22,22,22,22,22,22,22,22
63276,2,1,1995,0,0,8,0,0,0,0,0,0,0
63277,1,1,1995,11,11,11,11,11,11,11,11,11,11
63277,2,1,1995,0,0,0,0,0,0,0,0,0,0
63278,1,1,1995,8,8,8,8,8,8,8,8,8,8
63279,1,1,1995,0,0,0,0,0,0,0,0,0,0
63280,1,1,1995,11,11,11,11,11,11,11,11,11,11
63281,1,1,1995,0,0,0,0,0,0,0,0,0,0
63282,1,1,1995,3,3,3,3,3,3,3,3,3,3
63283,1,1,1995,21,21,21,21,21,21,21,21,21,21
63284,1,1,1995,15,15,15,15,15,15,15,15,15,15
63285,0,1,1995,0,0,0,0,0,0,0,0,0,0
63285,1,1,1995,0,0,0,0,0,0,0,0,0,0
63286,0,1,1995,1,1,1,1,1,1,1,1,1,1
63286,1,1,1995,1,1,1,1,1,1,1,1,1,1
63287,1,1,1995,11,11,11,11,11,11,11,11,11,11
63288,0,1,1995,29,29,29,29,29,29,29,29,29,29
63288,1,1,1995,11,0,0,0,0,0,0,0,0,0
63289,0,1,1995,0,0,0,0,0,0,0,0,0,0
63289,1,1,1995,28,0,28,0,0,0,18,0,0,14
63290,0,1,1995,15,15,15,15,15,15,15,15,15,15
63290,1,1,1995,0,0,0,0,0,0,0,0,0,0
63291,1,1,1995,0,0,0,0,0,0,0,0,0,0
63291,2,1,1995,0,0,0,0,0,0,0,0,0,0
63291,3,1,1995,0,0,0,0,0,0,0,0,0,0
63292,1,1,1995,0,0,0,0,0,0,0,0,0,0
63292,2,1,1995,0,0,0,0,0,0,0,0,0,0
63293,1,1,1995,11,11,11,11,11,11,11,11,11,11
63293,2,1,1995,0,0,0,0,0,0,0,0,0,0
63294,0,1,1995,0,0,0,0,0,0,0,0,0,0
63294,1,1,1995,20,20,20,20,20,20,20,20,20,20
63295,0,1,1995,0,0,0,0,0,0,0,0,0,0
63295,0,2,1995,0,0,0,0,0,0,0,0,0,0
63295,0,3,1995,0,0,0,0,0,0,0,0,0,0
63295,0,4,1995,0,0,0,0,0,0,0,0,0,0
63295,1,1,1995,0,0,0,0,0,0,0,0,0,0
63296,0,1,1995,0,0,0,0,0,0,0,0,0,0
63296,1,1,1995,0,0,0,0,0,0,0,0,0,0
63297,1,1,1995,0,0,0,0,0,0,0,0,0,0
63298,0,1,1995,24,24,24,24,24,24,24,24,24,24
63298,1,1,1995,0,0,0,0,0,0,0,0,0,0
63299,0,1,1995,0,0,0,0,0,0,0,0,0,0
63299,1,1,1995,0,0,0,0,0,0,0,0,0,0
63300,0,1,1995,25,25,25,25,25,25,25,25,25,25
63300,1,1,1995,0,0,0,0,0,0,0,0,0,0
63301,1,1,1995,13,0,0,0,0,0,0,0,0,0
63301,2,1,1995,19,19,19,19,19,19,19,19,19,19
63302,1,1,1995,0,0,0,0,0,0,0,0,0,0
63302,2,1,1995,6,0,0,0,0,0,0,0,0,0
63302,3,1,1995,0,0,0,0,0,0,0,0,0,0
63302,4,1,1995,0,0,0,0,0,0,0,0,0,0
63303,0,1,1995,0,0,0,0,0,0,0,0,0,0
63303,1,1,1995,3,3,3,3,3,3,3,3,3,3
63304,1,1,1995,0,0,0,0,0,0,0,0,0,0
63305,0,1,1995,0,0,0,0,0,0,0,0,0,0
63305,1,1,1995,3,3,3,3,3,3,3,3,3,3
63306,1,1,1995,15,15,15,15,15,15,15,15,15,15
63306,2,1,1995,0,0,0,0,0,0,0,0,0,0
63307,1,1,1995,5,0,0,0,0,20,0,0,8,26
63307,2,1,1995,0,0,0,0,0,0,0,0,0,0
63308,0,1,1995,0,0,0,0,0,0,0,0,0,0
63308,1,1,1995,0,0,0,0,0,0,0,0,0,0
63309,1,1,1995,0,0,0,0,0,0,0,0,0,0
63309,2,1,1995,0,0,0,0,0,0,0,0,0,0
63310,1,1,1995,0,0,0,0,0,0,0,0,0,0
63310,2,1,1995,0,0,0,0,0,0,0,0,0,0
63310,3,1,1995,0,0,0,0,0,0,0,0,0,0
63311,0,1,1995,0,0,0,0,0,23,0,0,0,0
63311,1,1,1995,0,0,0,0,0,0,0,0,0,0
63312,1,1,1995,4,4,4,4,4,4,4,4,4,4
63312,2,1,1995,26,26,26,26,26,26,26,26,26,26
63313,0,1,1995,0,0,0,0,0,0,0,0,0,0
63313,1,1,1995,0,0,0,0,0,0,0,0,0,0
63314,1,1,1995,0,0,0,0,0,12,0,0,0,0
63314,2,1,1995,0,0,0,0,0,0,0,0,0,0
63315,1,1,1995,0,0,0,0,0,0,0,0,0,0
63315,2,1,1995,0,0,0,0,0,0,0,0,0,0
63316,1,1,1995,0,0,0,0,0,0,0,0,0,0
63317,1,1,1995,28,28,28,28,28,28,28,28,28,28
63317,2,1,1995,0,0,0,0,0,0,0,0,0,0
63318,0,1,1995,0,0,0,0,0,0,0,0,0,0
63318,1,1,1995,0,0,0,0,0,0,0,0,0,0
63319,0,1,1995,0,0,0,0,0,0,0,0,0,0
63319,1,1,1995,0,0,0,0,0,0,14,0,0,11
63320,1,1,1995,0,0,0,0,0,0,0,0,0,0
63320,2,1,1995,0,0,0,0,0,0,9,0,0,0
63321,1,1,1995,17,17,17,17,17,17,17,17,17,17
63321,2,1,1995,0,0,0,0,0,0,0,0,0,0
63322,0,1,1995,11,11,11,11,11,11,11,11,11,11
63322,0,2,1995,23,0,21,0,27,19,0,15,13,21
63322,1,1,1995,0,0,0,0,0,0,0,0,0,0
63323,0,1,1995,0,0,0,0,0,0,0,0,0,0
63323,1,1,1995,0,0,0,0,19,15,0,0,0,0
63324,1,1,1995,0,0,0,0,0,0,0,0,0,0
63324,2,1,1995,0,0,0,0,0,7,0,0,13,0
63325,1,1,1995,17,12,13,12,0,0,0,4,0,0
63326,1,1,1995,12,12,12,12,12,12,12,12,12,12
63327,1,1,1995,0,0,0,0,0,0,0,0,0,0
63327,2,1,1995,0,0,0,0,0,0,0,0,0,0
63328,0,1,1995,0,0,0,0,0,0,0,0,0,0
63328,1,1,1995,0,0,0,0,0,0,0,0,0,0
63329,1,1,1995,0,0,0,0,0,0,0,0,0,0
63329,2,1,1995,0,0,0,0,0,0,0,0,0,0
63330,0,1,1995,15,15,15,15,15,15,15,15,15,15
63330,1,1,1995,0,0,0,0,0,0,0,0,0,0
63331,1,1,1995,0,0,0,0,0,0,0,0,0,0
63332,1,1,1995,0,0,0,0,0,0,0,0,0,0
63332,2,1,1995,0,0,0,0,0,0,0,0,0,0
63332,3,1,1995,0,0,0,0,0,0,0,0,0,0
63333,0,1,1995,11,11,11,11,11,11,11,11,11,11
63333,1,1,1995,0,0,0,0,0,0,0,0,0,0
63334,0,1,1995,0,0,0,0,0,0,0,0,0,0
63334,1,1,1995,16,16,16,16,16,16,16,16,16,16
63335,0,1,1995,0,0,0,0,0,0,0,0,0,0
63335,1,1,1995,2,2,2,2,2,2,2,2,2,2
63335,2,1,1995,8,8,8,8,8,8,8,8,8,8
63336,0,1,1995,0,0,0,0,0,0,0,0,0,0
63336,1,1,1995,0,0,0,0,0,0,0,0,0,0
63337,1,1,1995,0,0,0,0,0,0,0,0,0,0
63337,2,1,1995,0,0,0,0,0,0,0,0,0,0
63338,1,1,1995,23,23,23,23,23,23,23,23,23,23
63339,1,1,1995,20,20,20,20,20,20,20,20,20,20
63340,0,1,1995,25,25,25,25,25,25,25,25,25,25
63340,1,1,1995,0,0,0,0,0,0,0,0,0,0
63340,2,1,1995,5,0,9,0,0,0,0,0,0,0
63341,1,1,1995,24,24,24,24,24,24,24,24,24,24
63341,2,1,1995,0,0,0,0,0,0,0,0,0,0
63342,1,1,1995,0,0,0,0,0,0,0,0,0,0
63342,2,1,1995,0,0,0,0,0,0,0,0,0,0
63343,1,1,1995,0,0,0,0,12,0,0,5,0,0
63344,1,1,1995,0,0,0,0,0,0,0,0,0,0
63344,2,1,1995,0,0,0,0,0,0,0,0,0,0
63345,1,1,1995,0,0,0,0,0,0,0,0,0,0
63346,1,1,1995,0,0,0,0,0,0,0,0,0,0
63347,1,1,1995,0,0,0,0,0,0,0,0,0,0
63347,2,1,1995,0,0,0,0,0,0,0,0,0,0
63348,1,1,1995,0,0,0,0,0,0,0,0,0,0
63348,2,1,1995,20,0,0,0,0,0,0,0,0,0
63349,0,1,1995,0,0,0,0,0,0,0,0,0,0
63349,1,1,1995,0,0,0,0,0,0,0,0,0,0
63349,2,1,1995,0,24,0,0,0,0,0,0,0,8
63349,3,1,1995,0,0,0,0,0,0,0,0,0,0
63350,0,1,1995,0,0,0,0,0,0,0,0,0,0
63350,1,1,1995,0,0,0,0,0,0,0,0,0,0
63351,1,1,1995,16,16,16,16,16,16,16,16,16,16
63352,1,1,1995,0,0,0,0,0,0,0,0,0,0
63353,0,1,1995,0,0,0,0,0,0,0,0,0,0
63353,1,1,1995,0,0,0,0,0,16,0,0,18,0
63354,0,1,1995,0,0,0,0,0,0,0,0,0,0
63354,1,1,1995,0,0,0,0,0,0,0,0,0,0
63355,0,1,1995,18,18,18,18,18,18,18,18,18,18
63355,1,1,1995,0,0,0,0,0,0,0,0,0,0
63355,2,1,1995,0,0,0,0,0,0,0,0,0,0
63356,1,1,1995,2,2,2,2,2,2,2,2,2,2
63357,0,1,1995,0,0,0,0,0,0,0,0,0,0
63357,1,1,1995,0,0,0,0,0,0,0,0,0,0
63358,1,1,1995,20,20,20,20,20,20,20,20,20,20
63359,0,1,1995,0,0,0,0,0,0,0,0,0,0
63359,1,1,1995,13,0,0,0,0,0,0,0,0,0
63360,1,1,1995,0,0,0,0,0,21,0,0,22,0
63361,1,1,1995,0,0,0,0,0,0,0,0,0,0
63361,2,1,1995,0,0,0,0,0,0,0,0,0,19
63362,1,1,1995,0,0,0,0,0,0,0,0,0,0
63362,2,1,1995,0,0,0,0,0,0,0,0,0,0
63362,3,1,1995,0,0,0,0,0,0,0,0,0,6
63363,1,1,1995,0,0,0,0,0,0,0,0,0,0
63364,1,1,1995,0,0,0,0,0,0,0,0,0,0
63365,1,1,1995,21,21,21,21,21,21,21,21,21,21
63366,1,1,1995,5,17,0,12,11,12,7,2,5,15
63366,2,1,1995,8,0,0,11,0,0,0,0,0,13
63367,1,1,1995,23,23,23,23,23,23,23,23,23,23
63368,1,1,1995,4,4,4,4,4,4,4,4,4,4
63369,0,1,1995,0,0,0,0,0,13,0,0,0,0
63369,1,1,1995,0,0,0,0,0,0,0,0,0,0
63370,1,1,1995,0,0,0,0,0,0,0,0,0,0
63370,2,1,1995,2,2,2,2,2,2,2,2,2,2
63371,1,1,1995,0,0,0,0,0,0,0,0,0,0
63372,0,1,1995,0,0,0,0,0,0,0,0,0,0
63372,1,1,1995,18,13,10,28,7,0,10,27,12,4
63373,1,1,1995,0,20,24,11,0,24,0,24,17,18
63374,0,1,1995,0,0,0,0,0,0,0,0,0,0
63374,1,1,1995,0,0,0,0,0,0,0,0,0,0
63375,1,1,1995,19,19,19,19,19,19,19,19,19,19
63376,0,1,1995,0,0,0,0,0,0,0,0,0,0
63376,1,1,1995,0,0,0,0,0,0,0,0,0,0
63377,1,1,1995,15,15,15,15,15,15,15,15,15,15
63378,0,1,1995,0,0,0,0,0,0,0,0,0,0
63378,1,1,1995,0,0,0,0,0,0,0,0,0,16
63379,1,1,1995,20,20,20,20,20,20,20,20,20,20
63379,2,1,1995,0,0,0,0,0,0,0,0,0,0
63380,1,1,1995,0,0,6,0,0,0,0,12,0,0
63381,1,1,1995,8,8,8,8,8,8,8,8,8,8
63382,1,1,1995,0,0,0,0,0,0,0,0,0,0
63383,1,1,1995,0,0,0,0,0,0,0,0,0,0
63383,2,1,1995,0,0,0,0,0,0,0,0,0,28
63384,1,1,1995,10,10,10,10,10,10,10,10,10,10
63385,1,1,1995,24,43,26,28,32,9,18,18,11,20
63386,0,1,1995,0,0,0,0,0,0,0,0,0,0
63386,1,1,1995,0,0,0,0,0,0,0,0,0,0
63387,1,1,1995,0,0,0,0,0,0,0,0,0,0
63387,2,1,1995,0,0,0,0,0,0,0,0,0,0
63388,1,1,1995,6,6,6,6,6,6,6,6,6,6
63389,0,1,1995,0,0,0,0,0,0,0,0,0,0
63389,1,1,1995,0,0,0,0,0,0,0,0,0,0
63390,1,1,1995,20,20,20,20,20,20,20,20,20,20
63391,1,1,1995,0,0,0,0,0,0,0,0,0,0
63391,2,1,1995,0,0,0,0,0,0,16,0,17,0
63392,1,1,1995,0,0,0,0,0,0,0,0,0,0
63393,1,1,1995,0,0,0,0,0,0,0,0,0,0
63393,2,1,1995,0,0,0,0,0,0,0,0,0,0
63394,1,1,1995,12,12,12,12,12,12,12,12,12,12
63395,1,1,1995,0,0,0,0,0,0,0,0,0,0
63396,1,1,1995,0,0,0,0,0,0,0,0,0,0
63396,2,1,1995,0,0,0,0,0,0,0,0,0,0
63397,1,1,1995,0,0,0,0,0,0,0,0,0,0
63397,2,1,1995,0,0,0,0,0,0,0,0,0,0
63398,1,1,1995,24,24,24,24,24,24,24,24,24,24
63399,1,1,1995,0,0,0,0,0,0,0,0,0,0
63399,2,1,1995,0,0,0,0,0,0,0,0,0,0
63400,1,1,1995,0,0,0,0,0,0,0,0,0,0
63400,2,1,1995,0,0,0,0,0,0,0,0,0,0
63401,0,1,1995,0,0,0,0,0,0,0,0,0,0
63401,1,1,1995,0,0,0,0,0,0,0,0,0,0
63402,1,1,1995,0,0,0,30,0,0,0,0,0,0
63402,2,1,1995,0,0,0,0,0,0,0,0,0,0
63402,3,1,1995,3,0,0,0,0,0,0,0,0,0
63402,4,1,1995,0,0,0,0,0,0,0,0,10,0
63402,5,1,1995,0,0,0,13,0,0,0,0,0,0
63403,1,1,1995,0,0,0,0,0,0,0,0,0,0
63403,2,1,1995,0,0,0,0,0,0,0,0,0,0
63403,3,1,1995,0,0,0,0,0,0,0,0,0,0
63403,4,1,1995,0,0,0,0,0,0,0,0,0,0
63404,1,1,1995,0,0,0,0,0,0,0,0,0,0
63404,2,1,1995,0,0,0,0,0,0,0,0,0,0
63405,1,1,1995,0,0,0,0,0,7,0,0,0,0
63405,2,1,1995,0,0,0,0,0,0,0,0,17,0
63406,1,1,1995,19,19,19,19,19,19,19,19,19,19
63406,2,1,1995,0,0,0,0,0,0,0,0,0,0
63407,1,1,1995,20,20,20,20,20,20,20,20,20,20
63408,1,1,1995,0,0,0,0,0,0,0,0,0,0
63409,1,1,1995,16,16,16,16,16,16,16,16,16,16
63409,2,1,1995,0,0,0,0,0,0,0,0,0,0
63410,0,1,1995,0,0,0,0,0,0,0,0,0,0
63410,1,1,1995,17,0,0,0,0,0,0,0,0,0
63411,1,1,1995,0,0,0,0,0,0,0,0,0,0
63411,2,1,1995,9,9,9,9,9,9,9,9,9,9
63411,3,1,1995,0,0,0,0,0,0,0,0,0,0
63412,1,1,1995,15,15,15,15,15,15,15,15,15,15
63413,1,1,1995,11,12,8,18,4,29,19,27,25,12
63413,2,1,1995,0,0,0,0,0,0,0,0,0,0
63414,1,1,1995,0,0,0,0,0,0,0,0,0,0
63414,2,1,1995,16,16,16,16,16,16,16,16,16,16
63415,1,1,1995,0,0,0,0,0,0,0,0,0,0
63416,1,1,1995,0,0,0,0,0,0,0,0,0,0
63416,2,1,1995,15,15,15,15,15,15,15,15,15,15
63417,1,1,1995,0,0,0,0,0,0,0,0,0,0
63418,0,1,1995,0,0,0,0,0,0,0,0,0,0
63418,1,1,1995,0,0,0,0,0,0,0,0,0,0
63419,0,1,1995,0,0,0,0,0,0,0,0,0,0
63419,1,1,1995,0,0,0,0,0,0,0,0,0,0
63420,1,1,1995,0,0,0,0,0,0,0,0,0,0
63420,2,1,1995,0,0,0,0,0,0,0,0,0,0
63420,3,1,1995,0,0,0,0,0,0,0,0,0,0
63421,0,1,1995,26,26,26,26,26,26,26,26,26,26
63421,1,1,1995,0,0,0,0,0,0,0,0,0,0
63422,1,1,1995,0,0,12,0,0,0,20,0,0,0
63422,2,1,1995,0,0,0,0,0,0,0,0,0,0