ST_CASE,VEH_NO,PER_NO,YEAR,P1,P2,P3,P4,P5,P6,P7,P8,P9,P10
63423,1,1,1995,0,0,0,21,0,0,0,0,0,0
63424,1,1,1995,0,0,0,0,0,0,0,0,0,0
63424,2,1,1995,7,7,7,7,7,7,7,7,7,7
63425,1,1,1995,30,30,30,30,30,30,30,30,30,30
63426,1,1,1995,0,0,0,0,0,0,0,0,0,0
63427,1,1,1995,21,21,21,21,21,21,21,21,21,21
63427,2,1,1995,0,0,0,0,0,0,0,0,0,0
63428,1,1,1995,5,5,5,5,5,5,5,5,5,5
63429,1,1,1995,25,25,25,25,25,25,25,25,25,25
63430,1,1,1995,0,0,0,0,0,0,0,0,0,0
63430,2,1,1995,0,0,0,0,0,0,0,0,0,0
63431,1,1,1995,0,0,0,0,0,0,0,0,0,0
63431,2,1,1995,0,0,0,0,0,0,0,0,0,0
63431,3,1,1995,0,0,0,0,0,0,0,0,0,0
63432,1,1,1995,0,0,0,0,0,0,0,0,0,0
63432,2,1,1995,0,0,0,0,0,0,0,0,0,0
63433,0,1,1995,0,22,0,0,0,0,0,0,25,0
63433,1,1,1995,0,0,0,0,0,0,0,0,0,0
63434,0,1,1995,0,0,0,0,0,0,0,0,0,0
63434,1,1,1995,0,0,0,0,0,0,0,0,0,0
63435,1,1,1995,9,9,9,9,9,9,9,9,9,9
63436,1,1,1995,18,18,18,18,18,18,18,18,18,18
63437,1,1,1995,0,0,0,0,0,0,0,0,0,0
63438,1,1,1995,0,0,0,0,0,0,0,0,0,0
63439,1,1,1995,22,22,22,22,22,22,22,22,22,22
63440,1,1,1995,0,9,0,32,18,25,0,0,17,12
63440,2,1,1995,0,0,0,0,0,0,0,0,0,0
63441,1,1,1995,0,0,0,0,0,0,0,0,0,0
63441,2,1,1995,0,0,0,0,0,0,0,0,0,0
63442,1,1,1995,0,0,0,0,0,0,0,0,0,0
63442,2,1,1995,0,0,0,0,0,0,0,0,0,0
63443,0,1,1995,26,26,26,26,26,26,26,26,26,26
63443,1,1,1995,0,0,0,0,0,8,0,0,0,0
63444,1,1,1995,0,0,15,0,0,0,15,0,0,28
63444,2,1,1995,0,0,0,0,0,0,0,0,0,0
63445,0,1,1995,0,0,0,0,0,0,0,0,0,0
63445,1,1,1995,0,0,0,0,0,0,0,0,0,0
63446,0,1,1995,22,22,22,22,22,22,22,22,22,22
63446,1,1,1995,0,0,0,0,0,0,0,0,0,0
63447,1,1,1995,0,0,0,0,0,0,0,0,0,0
63448,1,1,1995,0,0,0,0,0,0,0,0,0,0
63449,1,1,1995,0,0,0,0,0,0,0,0,0,0
63450,1,1,1995,0,0,0,0,0,0,0,0,0,0
63450,2,1,1995,0,0,0,0,0,0,0,0,0,0
63451,1,1,1995,0,0,0,0,0,0,0,0,0,0
63451,2,1,1995,0,0,0,0,0,0,0,0,0,0
63452,1,1,1995,25,25,25,25,25,25,25,25,25,25
63452,2,1,1995,0,0,0,0,0,0,0,0,0,0
63452,3,1,1995,0,0,0,0,0,0,0,0,0,0
63453,0,1,1995,0,0,0,0,0,0,0,0,0,0
63453,1,1,1995,0,0,0,0,0,0,0,0,0,0
63454,0,1,1995,25,25,25,25,25,25,25,25,25,25
63454,1,1,1995,27,6,0,0,0,0,22,0,18,0
63455,1,1,1995,0,0,0,0,0,0,0,0,0,0
63455,2,1,1995,0,0,0,0,0,0,0,0,0,0
63456,1,1,1995,0,0,0,0,0,0,0,0,0,0
63456,2,1,1995,0,0,0,0,0,0,0,0,0,0
63457,0,1,1995,0,0,0,0,0,0,0,0,0,0
63457,1,1,1995,0,0,21,0,0,0,2,0,23,0
63458,1,1,1995,16,16,16,16,16,16,16,16,16,16
63458,2,1,1995,0,20,0,0,0,0,0,0,0,13
63459,1,1,1995,0,0,0,0,0,0,0,0,0,0
63459,2,1,1995,0,0,0,0,0,0,0,0,0,0
63459,3,1,1995,0,0,0,0,0,3,0,0,19,0
63460,0,1,1995,23,23,23,23,23,23,23,23,23,23
63460,1,1,1995,0,0,25,0,0,0,0,0,0,19
63461,1,1,1995,0,0,0,0,0,0,0,0,0,0
63462,1,1,1995,18,18,18,18,18,18,18,18,18,18
63463,1,1,1995,0,0,0,0,0,0,0,0,0,0
63464,1,1,1995,17,17,17,17,17,17,17,17,17,17
63465,1,1,1995,0,0,0,0,0,0,0,0,0,0
63466,1,1,1995,0,0,0,0,0,0,0,0,0,0
63466,2,1,1995,0,0,0,0,0,0,0,0,0,0
63467,1,1,1995,0,0,0,0,0,0,0,0,0,0
63467,2,1,1995,0,0,0,0,0,0,0,0,0,0
63468,1,1,1995,15,15,15,15,15,15,15,15,15,15
63468,2,1,1995,0,0,0,0,0,0,0,0,0,0
63469,1,1,1995,0,0,0,0,0,0,0,0,0,0
63469,2,1,1995,0,0,0,0,0,0,0,0,0,0
63470,1,1,1995,36,36,36,36,36,36,36,36,36,36
63471,1,1,1995,23,23,23,23,23,23,23,23,23,23
63472,1,1,1995,0,0,0,0,0,0,0,0,0,0
63473,1,1,1995,0,0,0,0,0,0,0,0,0,0
63473,2,1,1995,0,0,0,0,0,0,0,0,0,0
63474,1,1,1995,0,0,0,0,0,0,0,0,0,0
63474,2,1,1995,0,0,0,0,0,0,0,0,0,0
63475,1,1,1995,13,13,13,13,13,13,13,13,13,13
63476,0,1,1995,0,0,0,0,0,0,0,0,0,0
63476,1,1,1995,0,0,0,0,0,0,0,0,12,0
63477,1,1,1995,0,0,0,0,0,0,0,0,0,0
63477,2,1,1995,0,0,0,7,0,0,0,0,0,0
63478,1,1,1995,0,0,0,0,0,0,0,0,0,0
63478,2,1,1995,0,0,0,0,0,0,0,0,0,0
63479,1,1,1995,0,0,0,0,0,0,0,0,0,0
63479,2,1,1995,0,0,0,0,0,0,0,0,0,0
63480,1,1,1995,6,6,6,6,6,6,6,6,6,6
63481,0,1,1995,0,0,0,30,0,24,0,0,0,0
63481,1,1,1995,0,0,0,0,0,0,0,0,0,0
63482,0,1,1995,0,0,0,0,0,0,0,0,0,0
63482,1,1,1995,0,0,0,0,0,0,0,0,0,0
63483,1,1,1995,0,0,0,0,0,0,0,0,0,0
63483,2,1,1995,0,0,0,0,0,0,0,0,0,0
63484,1,1,1995,19,19,19,19,19,19,19,19,19,19
63485,1,1,1995,22,22,22,22,22,22,22,22,22,22
63486,1,1,1995,6,6,6,6,6,6,6,6,6,6
63487,1,1,1995,0,0,0,0,0,0,12,0,0,0
63487,2,1,1995,0,0,0,0,0,0,0,0,0,0
63487,3,1,1995,0,0,0,0,0,0,0,0,0,0
63488,0,1,1995,0,0,0,0,0,0,0,0,0,0
63488,1,1,1995,0,0,0,0,0,0,0,0,0,0
63489,0,1,1995,22,22,22,22,22,22,22,22,22,22
63489,1,1,1995,0,0,0,0,0,0,0,0,0,0
63490,0,1,1995,0,0,0,0,0,0,0,0,0,0
63490,1,1,1995,0,0,0,0,0,0,0,0,0,0
63491,1,1,1995,0,0,0,0,0,0,0,0,0,0
63491,2,1,1995,0,0,0,0,0,0,0,0,0,0
63492,0,1,1995,8,8,8,8,8,8,8,8,8,8
63492,0,2,1995,12,12,12,12,12,12,12,12,12,12
63492,1,1,1995,0,0,0,0,0,0,0,0,0,0
63493,1,1,1995,31,31,31,31,31,31,31,31,31,31
63494,1,1,1995,0,0,0,0,0,0,0,0,0,0
63495,1,1,1995,5,5,5,5,5,5,5,5,5,5
63496,1,1,1995,30,30,30,30,30,30,30,30,30,30
63497,0,1,1995,0,0,0,0,0,0,0,0,0,0
63497,1,1,1995,0,0,0,0,0,0,0,0,16,17
63498,0,1,1995,0,0,0,0,0,0,0,0,0,0
63498,1,1,1995,0,0,0,0,0,0,0,0,0,0
63499,1,1,1995,0,0,0,0,0,0,0,0,0,0
63499,2,1,1995,0,0,0,0,0,0,0,0,0,0
63500,1,1,1995,0,0,0,0,0,0,0,0,0,0
63501,0,1,1995,0,0,0,0,0,0,0,0,0,0
63501,1,1,1995,0,0,0,0,0,0,0,0,0,0
63502,1,1,1995,0,0,0,0,22,0,0,0,0,0
63503,1,1,1995,0,0,0,0,0,0,0,0,0,0
63504,0,1,1995,0,24,0,0,11,0,0,20,24,35
63504,1,1,1995,0,0,0,0,0,0,0,0,0,0
63505,1,1,1995,17,17,17,17,17,17,17,17,17,17
63506,1,1,1995,0,0,0,0,0,0,0,0,0,0
63507,1,1,1995,0,0,0,0,0,0,0,0,0,0
63507,2,1,1995,0,0,0,0,0,0,0,0,0,0
63508,1,1,1995,22,22,22,22,22,22,22,22,22,22
63509,0,1,1995,0,0,0,0,0,0,0,0,0,0
63509,0,2,1995,0,0,0,0,0,0,0,0,0,0
63509,1,1,1995,0,0,0,0,0,0,0,0,0,0
63510,1,1,1995,0,0,0,0,0,0,0,0,0,0
63511,0,1,1995,0,0,0,0,0,0,0,0,0,0
63511,0,2,1995,0,0,22,0,20,0,18,0,0,0
63511,1,1,1995,0,0,0,0,0,0,0,0,0,0
63511,2,1,1995,0,0,0,0,0,0,0,0,0,0
63512,1,1,1995,0,0,0,0,0,0,0,0,0,0
63512,2,1,1995,0,0,0,0,0,0,0,0,0,0
63513,0,1,1995,0,0,0,0,0,0,0,0,0,0
63513,1,1,1995,0,0,0,0,0,0,0,0,0,0
63514,0,1,1995,2,2,2,2,2,2,2,2,2,2
63514,1,1,1995,0,0,0,6,0,0,0,0,0,0
63515,0,1,1995,20,20,20,20,20,20,20,20,20,20
63515,1,1,1995,0,0,0,0,0,0,0,0,0,0
63516,1,1,1995,0,0,0,0,0,0,0,0,0,0
63517,1,1,1995,0,0,0,0,0,0,0,0,0,0
63517,2,1,1995,0,0,0,0,0,20,0,0,0,0
63518,1,1,1995,0,0,0,0,0,0,0,0,0,0
63519,1,1,1995,0,0,0,0,0,0,0,0,0,0
63519,2,1,1995,0,0,0,0,0,0,0,0,0,0
63520,1,1,1995,0,0,0,0,0,0,0,0,0,0
63520,2,1,1995,0,0,0,0,0,0,0,0,0,0
63521,1,1,1995,0,0,0,0,0,0,0,0,0,0
63521,2,1,1995,0,0,0,0,0,0,0,0,0,0
63521,3,1,1995,0,0,0,0,0,0,0,0,0,0
63522,1,1,1995,0,0,0,0,0,0,0,0,0,0
63523,1,1,1995,0,0,0,0,0,0,0,0,0,0
63523,2,1,1995,0,0,0,0,0,0,0,0,0,0
63523,3,1,1995,0,0,0,0,0,0,0,0,0,0
63524,1,1,1995,0,0,0,0,0,0,0,0,0,0
63524,2,1,1995,0,0,0,0,0,0,0,0,0,0
63524,3,1,1995,0,0,0,0,0,0,0,0,0,0
63525,1,1,1995,0,0,0,0,0,0,0,0,0,0
63525,2,1,1995,0,0,0,6,0,0,0,0,7,0
63526,1,1,1995,0,0,0,0,0,0,0,0,0,0
63527,1,1,1995,0,0,0,0,0,0,0,0,0,0
63527,2,1,1995,0,0,0,0,0,0,0,0,0,0
63528,0,1,1995,0,0,0,0,0,0,0,0,0,0
63528,1,1,1995,0,0,0,0,0,0,0,0,0,0
63529,1,1,1995,0,0,0,0,0,0,0,0,0,0
63529,2,1,1995,0,0,0,13,0,0,0,0,0,0
63530,1,1,1995,0,0,0,0,0,0,0,0,0,0
63530,2,1,1995,0,0,0,0,0,0,0,0,0,0
63531,1,1,1995,10,10,10,10,10,10,10,10,10,10
63532,1,1,1995,0,0,0,0,0,0,0,0,0,0
63533,1,1,1995,0,0,0,0,0,0,0,0,0,0
63533,2,1,1995,0,0,0,0,0,0,0,0,0,0
63534,1,1,1995,0,0,0,0,0,0,0,0,0,0
63534,2,1,1995,0,0,0,0,0,0,0,0,0,0
63534,3,1,1995,0,0,0,0,0,0,0,0,0,0
63534,4,1,1995,0,0,0,0,0,0,0,0,0,0
63535,1,1,1995,0,0,0,0,0,0,0,0,0,0
63535,2,1,1995,0,0,0,0,0,8,0,0,0,0
63536,1,1,1995,13,13,13,13,13,13,13,13,13,13
63536,2,1,1995,0,0,0,0,0,0,0,0,0,0
63537,0,1,1995,0,13,0,0,0,40,0,0,0,0
63537,1,1,1995,0,9,0,0,0,0,0,0,0,0
63538,0,1,1995,0,0,14,0,29,37,18,0,0,0
63538,1,1,1995,12,9,13,13,4,19,9,27,10,7
63539,1,1,1995,0,0,0,0,0,0,0,0,0,0
63539,2,1,1995,0,0,0,0,0,0,0,0,0,0
63540,1,1,1995,15,0,0,15,6,12,9,11,0,0
63541,0,1,1995,15,15,15,15,15,15,15,15,15,15
63541,1,1,1995,0,0,0,0,0,0,0,0,0,0
63542,1,1,1995,0,0,0,0,0,0,0,0,0,0
63543,1,1,1995,37,0,0,9,5,9,0,0,0,0
63543,2,1,1995,0,0,0,0,0,0,0,0,0,0
63543,3,1,1995,0,0,0,0,0,0,0,0,0,0
63544,1,1,1995,10,10,10,10,10,10,10,10,10,10
63545,1,1,1995,0,0,0,0,0,0,0,0,0,0
63546,1,1,1995,0,0,0,0,0,16,0,30,0,0
63547,0,1,1995,0,0,0,0,0,0,0,0,0,0
63547,1,1,1995,0,0,0,0,0,0,0,0,0,0
63548,1,1,1995,0,0,0,0,0,0,0,0,0,0
63548,2,1,1995,0,0,0,0,0,0,0,0,0,0
63548,3,1,1995,0,0,0,0,0,0,0,0,0,0
63549,0,1,1995,23,23,23,23,23,23,23,23,23,23
63549,1,1,1995,0,0,0,0,0,0,0,0,0,0
63550,1,1,1995,0,0,0,13,0,0,0,0,0,0
63551,1,1,1995,0,0,0,0,0,0,0,0,0,0
63551,2,1,1995,0,0,0,0,0,0,0,0,0,0
63551,3,1,1995,0,0,0,0,0,0,0,0,0,0
63552,0,1,1995,6,6,6,6,6,6,6,6,6,6
63552,1,1,1995,0,0,0,0,0,17,25,0,20,0
63554,1,1,1995,0,0,0,0,0,0,0,0,0,0
63555,0,1,1995,0,0,0,0,0,0,0,0,0,0
63555,1,1,1995,0,3,0,0,7,0,0,0,0,0
63556,1,1,1995,0,0,0,0,0,0,0,0,0,0
63556,2,1,1995,0,0,0,0,0,0,26,0,0,0
63557,1,1,1995,13,13,13,13,13,13,13,13,13,13
63557,2,1,1995,9,0,0,0,0,0,13,0,12,0
63558,1,1,1995,23,23,23,23,23,23,23,23,23,23
63558,2,1,1995,8,8,8,8,8,8,8,8,8,8
63559,0,1,1995,0,0,0,0,0,0,0,0,0,0
63559,1,1,1995,0,0,0,0,0,0,0,0,0,0
63560,0,1,1995,1,1,1,1,1,1,1,1,1,1
63560,1,1,1995,0,0,0,0,0,0,0,0,0,0
63561,1,1,1995,28,28,28,28,28,28,28,28,28,28
63561,2,1,1995,0,0,0,0,0,0,0,0,0,0
63562,1,1,1995,0,0,0,0,0,0,0,0,0,0
63562,2,1,1995,18,18,18,18,18,18,18,18,18,18
63563,1,1,1995,0,0,0,0,0,0,0,0,0,0
63563,2,1,1995,13,13,13,13,13,13,13,13,13,13
63564,1,1,1995,14,14,14,14,14,14,14,14,14,14
63564,2,1,1995,0,18,0,0,0,0,0,0,0,0
63565,1,1,1995,7,7,7,7,7,7,7,7,7,7
63566,1,1,1995,0,0,0,0,0,0,11,0,0,12
63566,2,1,1995,0,0,0,0,0,0,0,0,0,0
63567,1,1,1995,8,8,8,8,8,8,8,8,8,8
63567,2,1,1995,0,0,0,0,0,0,0,0,0,0
63568,0,1,1995,0,0,0,0,0,0,0,0,0,0
63568,1,1,1995,0,0,11,0,0,0,0,0,0,0
63569,1,1,1995,26,26,26,26,26,26,26,26,26,26
63570,1,1,1995,0,0,0,0,0,0,0,0,0,0
63570,2,1,1995,0,0,0,0,0,0,0,0,0,0
63571,0,1,1995,20,0,13,12,41,0,0,16,0,0
63571,1,1,1995,21,21,21,21,21,21,21,21,21,21
63572,1,1,1995,22,22,22,22,22,22,22,22,22,22
63572,2,1,1995,0,0,0,0,0,0,0,0,0,0
63572,3,1,1995,0,0,0,0,0,0,0,0,0,0
63573,1,1,1995,19,19,19,19,19,19,19,19,19,19
63573,2,1,1995,0,0,0,0,0,0,0,0,0,0
63574,1,1,1995,28,28,28,28,28,28,28,28,28,28
63574,2,1,1995,0,0,0,0,0,0,0,0,0,0
63575,0,1,1995,31,31,31,31,31,31,31,31,31,31
63575,1,1,1995,0,0,0,0,0,11,0,0,0,0
63576,1,1,1995,19,19,19,19,19,19,19,19,19,19
63577,1,1,1995,25,25,25,25,25,25,25,25,25,25
63578,1,1,1995,0,0,0,0,0,0,0,0,0,0
63579,1,1,1995,0,0,0,0,0,0,0,0,0,0
63579,2,1,1995,0,0,0,0,0,0,0,0,0,0
63580,0,1,1995,0,0,0,0,0,0,0,0,0,0
63580,1,1,1995,0,0,0,0,0,0,0,0,0,0
63581,0,1,1995,0,0,0,0,0,0,0,0,0,0
63581,1,1,1995,0,0,0,0,0,0,0,0,0,0
63582,1,1,1995,0,0,0,11,0,0,0,0,0,0
63582,2,1,1995,7,10,0,0,0,21,0,0,0,19
63583,1,1,1995,0,0,0,0,0,0,0,0,0,0
63583,2,1,1995,0,0,0,0,0,0,0,0,0,0
63583,3,1,1995,0,0,0,0,0,0,0,0,0,0
63584,1,1,1995,19,19,19,19,19,19,19,19,19,19
63585,1,1,1995,2,2,2,2,2,2,2,2,2,2
63585,2,1,1995,0,0,0,0,0,0,0,0,0,0
63586,1,1,1995,15,15,15,15,15,15,15,15,15,15
63587,0,1,1995,0,0,0,0,0,0,0,0,0,0
63587,1,1,1995,9,2,4,9,11,2,0,5,0,24
63588,1,1,1995,0,0,0,0,0,0,0,0,0,0
63588,2,1,1995,0,0,0,0,0,0,0,0,0,0
63589,1,1,1995,0,0,0,0,0,0,0,0,0,0
63589,2,1,1995,0,0,0,0,0,0,0,0,0,0
63589,3,1,1995,0,0,0,0,0,0,0,0,0,0
63590,0,1,1995,29,29,29,29,29,29,29,29,29,29
63590,1,1,1995,7,0,0,0,0,0,0,0,0,0
63591,1,1,1995,17,17,17,17,17,17,17,17,17,17
63592,0,1,1995,0,0,0,0,0,0,0,0,0,0
63592,0,2,1995,0,0,0,6,0,20,40,7,0,0
63592,1,1,1995,0,0,0,0,0,0,0,0,0,0
63593,1,1,1995,20,20,20,20,20,20,20,20,20,20
63594,1,1,1995,13,13,13,13,13,13,13,13,13,13
63595,1,1,1995,1,1,1,1,1,1,1,1,1,1
63596,1,1,1995,0,0,0,0,0,0,0,0,0,0
63597,1,1,1995,0,6,0,0,0,0,0,0,0,0
63597,2,1,1995,0,0,0,0,0,0,0,0,0,0
63598,1,1,1995,8,8,8,8,8,8,8,8,8,8
63599,0,1,1995,0,0,0,0,0,0,0,0,0,0
63599,1,1,1995,0,19,0,0,0,0,0,0,0,0
63600,1,1,1995,0,0,0,0,0,0,0,0,0,0
63600,2,1,1995,0,0,0,0,0,0,0,0,0,0
63601,1,1,1995,12,12,12,12,12,12,12,12,12,12
63602,1,1,1995,2,2,2,2,2,2,2,2,2,2
63602,2,1,1995,7,7,7,7,7,7,7,7,7,7
63603,1,1,1995,0,0,0,0,0,0,0,0,0,0
63603,2,1,1995,0,0,0,0,0,0,0,0,0,0
63603,3,1,1995,0,0,0,0,0,0,0,0,0,0
63603,4,1,1995,0,0,0,0,0,0,0,0,0,0
63603,5,1,1995,0,0,0,0,0,0,0,0,0,0
63603,6,1,1995,0,0,0,0,0,7,0,7,9,0
63604,0,1,1995,0,0,0,0,0,0,43,0,0,0
63604,1,1,1995,0,0,0,0,0,26,0,0,0,17
63605,0,1,1995,27,27,0,23,21,9,8,29,27,15
63605,1,1,1995,15,8,0,0,0,0,0,0,0,0
63606,1,1,1995,23,23,23,23,23,23,23,23,23,23
63607,1,1,1995,16,16,16,16,16,16,16,16,16,16
63608,0,1,1995,0,0,0,0,0,0,0,0,0,0
63608,1,1,1995,0,0,0,0,0,0,0,0,0,0
63609,1,2,1995,22,6,0,0,20,7,0,10,17,0
63610,1,1,1995,0,0,0,0,0,0,0,0,0,0
63611,1,1,1995,20,20,20,20,20,20,20,20,20,20
63612,1,1,1995,0,0,0,0,0,0,0,0,0,0
63613,1,1,1995,11,11,11,11,11,11,11,11,11,11
63614,1,1,1995,16,16,16,16,16,16,16,16,16,16
63615,1,1,1995,0,0,0,0,0,0,0,0,0,0
63616,1,1,1995,0,0,0,0,0,0,0,0,0,0
63617,0,1,1995,0,0,0,0,0,0,0,0,0,0
63617,1,1,1995,0,0,0,0,0,0,0,0,0,0
63618,0,1,1995,12,12,12,12,12,12,12,12,12,12
63618,1,1,1995,0,0,0,0,0,0,0,0,0,0
63619,0,1,1995,0,0,0,0,0,0,0,0,0,0
63619,1,1,1995,0,0,0,0,0,0,11,0,0,0
63620,0,1,1995,22,22,22,22,22,22,22,22,22,22
63620,1,1,1995,0,14,0,0,0,0,0,0,0,8
63621,0,1,1995,0,5,0,0,0,27,26,33,0,0
63621,1,1,1995,0,0,0,0,0,0,0,0,0,0
63622,1,1,1995,7,7,7,7,7,7,7,7,7,7
63623,1,1,1995,40,0,0,0,0,0,11,0,17,16
63623,2,1,1995,0,0,0,0,0,0,0,0,0,0
63624,1,1,1995,15,15,15,15,15,15,15,15,15,15
63624,2,1,1995,0,0,9,0,0,0,0,0,0,0
63625,1,1,1995,20,20,20,20,20,20,20,20,20,20
63626,1,1,1995,0,0,0,0,0,0,0,0,0,0
63627,1,1,1995,36,36,36,36,36,36,36,36,36,36
63628,1,1,1995,0,0,0,0,0,0,0,0,0,0
63629,1,1,1995,3,3,3,3,3,3,3,3,3,3
63630,1,1,1995,0,0,0,0,0,0,0,0,12,0
63630,2,1,1995,0,0,0,0,0,0,0,0,0,0
63631,1,1,1995,0,0,0,0,0,0,0,0,0,0
63631,2,1,1995,17,17,17,17,17,17,17,17,17,17
63632,1,1,1995,0,0,0,0,0,0,0,0,0,0
63632,2,1,1995,0,0,0,0,0,0,0,0,0,0
63633,1,1,1995,0,0,0,0,0,0,0,0,0,0
63633,2,1,1995,0,0,0,0,0,0,0,0,0,0
63634,1,1,1995,15,15,15,15,15,15,15,15,15,15
63635,0,1,1995,0,0,0,0,0,0,0,0,0,0
63635,1,1,1995,0,0,0,0,0,0,0,0,0,0
63636,1,1,1995,0,0,0,0,0,0,0,0,0,0
63636,2,1,1995,0,0,0,0,0,0,0,0,0,0
63637,1,1,1995,19,19,19,19,19,19,19,19,19,19
63637,2,1,1995,0,0,0,0,0,0,0,0,0,0
63638,1,1,1995,14,14,14,14,14,14,14,14,14,14
63638,2,1,1995,0,0,0,0,0,0,0,0,0,0
63639,1,1,1995,0,0,0,0,0,0,0,0,0,0
63639,2,1,1995,0,0,10,0,0,0,0,0,0,0
63640,0,1,1995,0,0,0,0,0,0,0,0,0,0
63640,1,1,1995,0,0,0,0,0,0,0,0,0,0
63640,2,1,1995,0,0,0,0,0,0,0,0,0,0
63641,0,1,1995,0,0,0,0,0,0,0,0,0,0
63641,1,1,1995,0,0,0,0,0,0,0,0,0,0
63642,1,1,1995,0,0,0,0,0,0,0,0,0,0
63642,2,1,1995,0,0,0,0,0,0,0,0,0,0
63643,1,1,1995,0,0,0,0,0,0,0,0,0,0
63644,1,1,1995,0,0,0,0,0,0,0,0,0,0
63645,0,1,1995,0,0,0,0,0,0,0,0,0,0
63645,1,1,1995,0,0,0,0,0,0,0,0,0,0
63646,1,1,1995,0,0,0,0,0,0,0,0,11,0
63647,1,1,1995,0,0,0,17,0,0,0,14,0,2
63648,1,1,1995,19,19,19,19,19,19,19,19,19,19
63649,0,1,1995,0,0,0,0,0,0,0,0,0,0
63649,1,1,1995,0,0,0,0,0,0,0,0,13,0
63650,1,1,1995,23,23,23,23,23,23,23,23,23,23
63650,2,1,1995,4,4,4,4,4,4,4,4,4,4
63651,1,1,1995,26,26,26,26,26,26,26,26,26,26
63651,2,1,1995,0,0,0,0,0,0,0,0,0,0
63652,1,1,1995,18,18,18,18,18,18,18,18,18,18
63652,2,1,1995,6,6,6,6,6,6,6,6,6,6
63653,1,1,1995,0,0,0,0,0,0,0,0,0,0
63654,1,1,1995,0,0,0,0,0,0,0,0,0,0
63654,2,1,1995,0,0,0,0,0,0,0,0,0,0
63655,0,1,1995,0,0,28,0,0,0,0,0,26,0
63655,1,1,1995,0,0,0,0,0,0,0,0,0,0
63656,1,1,1995,0,0,0,0,0,0,0,0,0,0
63657,1,1,1995,0,0,0,0,0,0,0,0,0,0
63657,2,1,1995,16,0,0,0,0,0,0,0,0,8
63658,1,1,1995,0,0,0,0,0,0,0,0,0,0
63659,0,1,1995,0,0,0,0,0,0,0,0,0,0
63659,1,1,1995,0,0,0,0,0,0,0,0,0,0
63660,1,1,1995,0,0,0,0,0,0,0,0,36,0
63660,2,1,1995,0,0,0,0,0,0,0,0,0,0
63660,3,1,1995,0,0,0,0,0,0,0,0,0,22
63660,4,1,1995,0,0,0,0,0,0,0,0,0,0
63660,5,1,1995,0,0,0,0,0,0,0,0,0,0
63661,0,1,1995,22,0,0,0,0,26,0,28,10,0
63661,1,1,1995,0,0,0,0,0,0,0,0,0,13
63662,0,1,1995,0,0,0,0,0,0,0,0,0,0
63662,1,1,1995,0,0,0,0,0,0,0,0,0,0
63663,0,1,1995,17,17,17,17,17,17,17,17,17,17
63663,1,1,1995,0,0,0,0,0,0,0,0,0,0
63664,0,1,1995,20,17,17,16,17,16,13,29,18,23
63664,1,1,1995,0,0,0,0,17,26,4,0,0,0
63665,1,1,1995,0,0,0,0,0,0,0,0,0,0
63665,2,1,1995,0,0,0,0,0,0,0,0,0,0
63666,1,1,1995,20,20,20,20,20,20,20,20,20,20
63666,2,1,1995,0,0,0,0,0,0,0,0,0,0
63666,3,1,1995,0,0,0,0,0,0,0,0,0,0
63667,1,1,1995,0,0,0,0,0,0,0,0,0,0
63667,2,1,1995,0,0,0,0,0,0,0,0,0,0
63667,3,1,1995,0,0,0,0,0,0,0,0,0,0
63667,4,1,1995,0,0,0,0,0,0,0,0,18,0
63668,1,1,1995,17,17,17,17,17,17,17,17,17,17
63669,1,1,1995,0,0,0,0,21,0,0,0,0,0
63669,2,1,1995,0,0,0,0,0,0,0,0,0,0
63670,1,1,1995,8,8,8,8,8,8,8,8,8,8
63671,0,1,1995,0,0,0,0,0,0,0,0,0,0
63671,1,1,1995,0,0,0,0,0,0,0,0,0,0
63672,0,1,1995,30,30,30,30,30,30,30,30,30,30
63672,1,1,1995,0,0,0,0,0,0,0,0,0,0
63673,1,1,1995,0,0,0,0,0,0,0,0,0,0
63673,2,1,1995,0,0,0,0,0,0,0,0,0,0
63673,3,1,1995,0,0,0,0,0,0,0,0,0,0
63674,1,1,1995,0,0,0,0,0,0,0,0,0,0
63674,2,1,1995,0,0,0,0,0,0,0,0,0,0
63675,1,1,1995,8,8,8,8,8,8,8,8,8,8
63675,2,1,1995,0,0,0,0,0,0,0,0,0,0
63675,3,1,1995,2,2,2,2,2,2,2,2,2,2
63676,0,1,1995,0,0,0,0,0,0,0,0,0,0
63676,1,1,1995,0,0,0,0,0,0,0,0,0,0
63677,1,1,1995,0,0,0,0,0,0,0,0,0,0
63677,2,1,1995,0,0,16,0,0,0,0,0,0,0
63678,1,1,1995,0,0,0,0,0,0,0,0,0,0
63678,2,1,1995,0,0,0,0,0,0,0,0,0,0
63679,1,1,1995,0,0,0,0,0,0,0,0,0,0
63679,2,1,1995,0,0,0,0,0,0,0,0,0,0
63679,3,1,1995,0,0,0,0,0,0,0,0,0,0
63679,4,1,1995,0,0,0,0,0,0,0,0,0,0
63679,5,1,1995,0,0,0,0,0,0,0,0,0,0
63680,1,1,1995,0,0,0,0,0,0,0,0,0,0
63681,1,1,1995,0,0,0,0,0,0,0,0,27,0
63682,1,1,1995,0,0,0,0,0,0,0,0,0,0
63682,2,1,1995,0,0,0,0,0,0,0,0,0,0
63683,1,1,1995,0,0,0,0,0,26,0,0,0,0
63684,1,1,1995,0,9,0,13,7,15,25,0,0,0
63685,1,1,1995,0,0,0,0,0,0,0,0,0,0
63686,1,1,1995,0,0,0,20,11,23,0,0,0,0
63687,1,1,1995,20,20,20,20,20,20,20,20,20,20
63688,1,1,1995,8,0,0,0,0,0,0,0,0,0